month,month_end_date,中债-新综合财富(3-5年)指数__natural_month_return,中债-新综合净价(3-5年)指数__natural_month_return,中债-新综合全价(3-5年)指数__natural_month_return,中债-综合财富(3-5年)指数__natural_month_return,中债-综合净价(3-5年)指数__natural_month_return,中债-综合全价(3-5年)指数__natural_month_return,中债-新综合财富(5-7年)指数__natural_month_return,中债-新综合净价(5-7年)指数__natural_month_return,中债-新综合全价(5-7年)指数__natural_month_return,中债-综合财富(5-7年)指数__natural_month_return,中债-综合净价(5-7年)指数__natural_month_return,中债-综合全价(5-7年)指数__natural_month_return,roll20_start_date,roll20_end_date,中债-新综合财富(3-5年)指数__roll20_return,中债-新综合净价(3-5年)指数__roll20_return,中债-新综合全价(3-5年)指数__roll20_return,中债-综合财富(3-5年)指数__roll20_return,中债-综合净价(3-5年)指数__roll20_return,中债-综合全价(3-5年)指数__roll20_return,中债-新综合财富(5-7年)指数__roll20_return,中债-新综合净价(5-7年)指数__roll20_return,中债-新综合全价(5-7年)指数__roll20_return,中债-综合财富(5-7年)指数__roll20_return,中债-综合净价(5-7年)指数__roll20_return,中债-综合全价(5-7年)指数__roll20_return
2002-01,2002-01-31,,,,,,,,,,,,,2002-01-21,2002-02-08,0.0035380653918319904,0.0035380653918319904,0.0055121708852630125,0.0055121708852630125,0.0055121708852630125,0.0055121708852630125,0.006879064145336455,0.006879064145336455,0.005181321366332092,0.005181321366332092,0.006879064145336455,0.006879064145336455
2002-02,2002-02-28,-0.0016035901330989644,-0.0016035901330989644,-0.0023828348700388746,-0.0023828348700388746,0.0016575811798649198,0.0016645166659732258,0.008804295878960255,0.008816169507926963,0.005814576634512347,0.005814576634512347,0.007081630209678336,0.007081630209678336,2002-02-25,2002-03-19,0.007772413669229872,0.007772413669229872,0.005955007272723689,0.005955007272723689,0.010029120639960087,0.010036061207876923,0.011730794616522822,0.011730655943447132,0.009672801129467556,0.009672801129467556,0.01173113131209469,0.01173113131209469
2002-03,2002-03-29,0.008891168079820266,0.008891168079820266,0.011900919359179696,0.011900919359179696,0.011900393184796965,0.011901299924232056,0.01039781627222447,0.010397693891342596,0.007618162425419239,0.007618162425419239,0.010397917076046426,0.010397917076046426,2002-03-20,2002-04-19,0.006168532555263173,0.006168532555263173,0.009302963315883428,0.009302963315883428,0.009302777963350772,0.009302704848134669,0.0174314999272549,0.01743228913403927,0.014717605815393275,0.014717605815393275,0.01743199399827655,0.01743199399827655
2002-04,2002-04-30,0.0026668403764764648,0.0026668403764764648,0.0060664651381909795,0.0060664651381909795,0.006066435582978036,0.006066388143270762,0.012499247676533987,0.012501043533297063,0.009476900178218228,0.009476900178218228,0.011322629798431239,0.011322629798431239,2002-04-22,2002-05-17,-0.002998095604954898,-0.002998095604954898,-0.00036552735850425844,-0.00036552735850425844,-0.0003659945440601664,-0.00036599170159934413,0.003888899004583779,0.0038850210111212036,0.0014221609095630416,0.0014221609095630416,0.001920896687245044,0.001920896687245044
2002-05,2002-05-31,0.005311619610862017,0.005311619610862017,0.008311700474410655,0.008311700474410655,0.008311212850219407,0.008311148248187905,0.011278808227662473,0.011278656838908052,0.008395592968460486,0.008395592968460486,0.010475689573443692,0.010475689573443692,2002-05-20,2002-06-19,0.0007794920931620819,0.0007794920931620819,-0.008645233711653266,-0.008645233711653266,0.00374279367148711,0.0037311628500746874,0.001282543956929505,0.0012844400623244212,-0.0016828475210622917,-0.0016828475210622917,0.0004794923697546416,0.0004794923697546416
2002-06,2002-06-28,-0.003456440043004827,-0.003456440043004827,-0.015167654978177736,-0.015167654978177736,-0.0005935827537228988,-0.0006176682013617762,-0.002228896587162077,-0.0022933344457127802,-0.00505890512556828,-0.00505890512556828,-0.00488808874493063,-0.00488808874493063,2002-06-20,2002-07-19,-0.008608750872309612,-0.008608750872309612,-0.010409010820589093,-0.010409010820589093,-0.0056120801422780975,-0.005596716387409217,-0.0057025945042877835,-0.005764446357883313,-0.008571079917330193,-0.008571079917330193,-0.007552708220913362,-0.007552708220913362
2002-07,2002-07-31,-0.009207547614743072,-0.009207547614743072,-0.008377017872019388,-0.008377017872019388,-0.005820758810201054,-0.005801570290406399,-0.0031821563598943836,-0.0031775684949405525,-0.006345391155706204,-0.006345391155706204,-0.003879382473453097,-0.003879382473453097,2002-07-22,2002-08-19,-8.639471860139025e-05,-8.639471860139025e-05,-0.00018369430090914296,-0.00018369430090914296,0.002727446804581257,0.0027323147984346097,-0.002957418534560441,-0.002953738801404371,-0.00564643474813209,-0.00564643474813209,-0.0036554687025782684,-0.0036554687025782684
2002-08,2002-08-30,-0.0029800244153747046,-0.0029800244153747046,-0.0028423473092809015,-0.0028423473092809015,6.78878066711075e-05,6.497814019001957e-05,-0.012893177082439644,-0.012915704272410844,-0.0159740243312696,-0.0159740243312696,-0.015383094243410889,-0.015383094243410889,2002-08-20,2002-09-19,-0.003826677522489441,-0.003826677522489441,-0.0007515579687483731,-0.0007515579687483731,-0.0007500494218611875,-0.0007529544011978251,-0.007235156964413125,-0.007074649619072004,-0.010077643887992371,-0.009902337935032923,-0.020124145402091953,-0.0211051045600118
2002-09,2002-09-27,-0.0022668136100323366,-0.0022668136100323366,0.0006199652660485722,0.0006199652660485722,0.0006196766238386608,0.000620646383813428,0.0028245696031889977,0.0030101865407867745,0.0004479320962629263,0.0006061421081879903,-0.008926560612574908,-0.00992685017007855,2002-09-20,2002-10-18,-0.005750161415031818,-0.005750161415031818,-0.0027459895145904856,-0.0027459895145904856,-0.002745228807841671,-0.002745228807841671,-0.0006844607144649295,-0.0004373127181735992,-0.0030898308911785355,-0.002886544444862582,-0.0006499327876791083,-0.0004373783757367633
2002-10,2002-10-31,-0.009495592151108068,-0.009495592151108068,-0.006910712796336482,-0.006910712796336482,-0.005805264861574844,-0.005805259235353355,-0.002989943966235309,-0.0028413221246658127,-0.0059440562896397875,-0.005805754762942428,-0.00297871126470306,-0.0028409062934198204,2002-10-21,2002-11-19,-0.002695309760227582,-0.002695309760227582,-0.0010492959851723382,-0.0010492959851723382,0.0003283861665870358,0.0003293574033034208,-0.005452496415497388,-0.005457797087245586,-0.007992044675261711,-0.007992642324295307,-0.006446347464042379,-0.006446050092537514
2002-11,2002-11-29,-0.0008293309392777282,-0.0008293309392777282,-0.0009318397235674736,-0.0009318397235674736,0.002123154668600691,0.0021173036936812384,-0.0019162120814080197,-0.0019311543475112325,-0.004425539869132855,-0.004425218577170931,-0.003649660243172592,-0.0036488925931924543,2002-11-20,2002-12-19,-0.0011662851104602412,-0.0011662851104602412,-0.0017607338387292115,-0.0017607338387292115,0.0017522274572001617,0.0017220987446755487,0.0018306981934204103,0.001763400292834838,-0.0006492870827832231,-0.0006500924709106348,-0.002188014750527656,-0.0021879386782353016
2002-12,2002-12-31,0.007697824624174565,0.007697824624174565,0.008126175893679255,0.008126175893679255,0.01073335862491609,0.010745083924689203,0.009644936287488193,0.009615440429545874,0.0070628042288940485,0.007061701277955246,0.004872155433641723,0.004872435553714194,2002-12-20,2003-01-17,0.0010961258175774535,0.0010961258175774535,0.003001143625162239,0.003001143625162239,0.0037563436062832967,0.0037844782218370288,0.004827243374726509,0.004849445233116034,0.0027014862665299955,0.002702681131514506,0.004849358249070068,0.004848616093114044
2003-01,2003-01-29,0.0006267555653294288,0.0006267555653294288,0.0033979907878016746,0.0033979907878016746,0.0033973537213054517,0.0033982932502831797,0.0008319284158186946,0.0008327032960293579,-0.0013913488447738764,-0.0013909364085288312,0.0008327256242977032,0.0008314782064926529,2003-01-20,2003-02-19,-3.007802239007873e-05,-3.007802239007873e-05,0.0028330695031146824,0.0028330695031146824,0.0028333879265496353,0.002832402686736124,0.0033192031215534268,0.0033194309491915153,0.0010381448351794997,0.0010378361117071577,0.003319719051938952,0.0033186465710788315
2003-02,2003-02-28,-0.004877040050268788,-0.004877040050268788,-0.005398784902397424,-0.005398784902397424,-0.0019451856654780775,-0.0020784935861160037,-0.0005391548006324909,-0.000539035557198142,-0.002863041736058003,-0.002863184647611927,-0.0005395904823328745,-0.000539075588843918,2003-02-20,2003-03-19,0.005866583666338743,0.005866583666338743,0.0048467542621175586,0.0048467542621175586,0.008335000654102753,0.008201239131626625,0.007952861920365262,0.00795303444642359,0.005959853209537513,0.005960089651937173,0.007952882101053493,0.007952856949885012
2003-03,2003-03-31,0.004714220462086027,0.004714220462086027,0.007567694459309715,0.007567694459309715,0.007567181076088891,0.00756717271473395,0.004587683392356157,0.0045885841008914685,0.0022647417357841704,0.002265065423054491,0.0038934541302435566,0.003893889777972337,2003-03-20,2003-04-18,0.000282236796672386,0.000282236796672386,0.0009413697870781501,0.0009413697870781501,0.003006822733262915,0.0030205932146647463,0.0019569732909385795,0.001955585049833619,-0.0003802187002078794,-0.0003801058738762686,0.0019566437573839135,0.0019563840287566414
2003-04,2003-04-30,4.9958484499290634e-05,4.9958484499290634e-05,0.0007966955398870379,0.0007966955398870379,0.0028576333911982665,0.002875164077047465,0.008098606326279123,0.008125414209223969,0.005706694012691305,0.00570698576780071,0.0062895674045548855,0.006289153739016395,2003-04-21,2003-05-19,0.002287954240915324,0.002287954240915324,0.0043931156735221855,0.0043931156735221855,0.004988319938417751,0.004987918470638508,0.0025720634340853366,0.002600020921894819,0.00016975248895856332,0.00016870954072301103,0.0002544643818376269,0.00025468622656887874
2003-05,2003-05-30,0.00019582747599367067,0.00019582747599367067,0.002502611613814487,0.002502611613814487,0.0030996294520913015,0.003097111962119259,-0.00039642629734992774,-0.0003934900104615169,-0.003024389761931867,-0.0030244783219380844,-0.0009118410607393823,-0.0009116597771606783,2003-05-20,2003-06-19,-0.0028701900839078753,-0.0028701900839078753,-0.0018921373370606176,-0.0018921373370606176,-0.00015565487517721355,-0.00014143385451859114,-0.001743302905978128,-0.0016879872833244214,-0.004293162821368379,-0.004293867628514136,-0.003353664190460015,-0.0033546327439117896
2003-06,2003-06-30,-0.0022965266408078167,-0.0022965266408078167,-0.0013677359934978206,-0.0013677359934978206,0.00036883400099552155,0.00038499541988201713,-0.00428764514577995,-0.00424209161706679,-0.006974918834064758,-0.006974827214507595,-0.007206702438252943,-0.00720712095203957,2003-06-20,2003-07-18,-0.0014364119929891617,-0.0014364119929891617,-0.0007541961402904862,-0.0007541961402904862,0.000805137707946546,0.0008052140693375343,0.0019085325810392906,0.001898473358374675,-0.0004333862475410788,-0.0004332574801506617,0.0005843843114836655,0.0005848938667460946
2003-07,2003-07-31,-0.0016460114259625458,-0.0016460114259625458,-0.0007252031751286969,-0.0007252031751286969,0.0008340726249780328,0.0008332037870486531,0.005024743487130223,0.005028950676941202,0.002486013057806158,0.0024852739288678816,0.00392594486176101,0.003925431561296433,2003-07-21,2003-08-19,-0.0004763413773185565,-0.0004763413773185565,0.0008782290954338912,0.0008782290954338912,0.0018054082639364921,0.0017989447075672516,0.0024882266246879503,0.002486528149562961,8.168266285490944e-05,8.066250806626485e-05,0.0014421710016765399,0.0014424463890758688
2003-08,2003-08-29,-0.00118238872608889,-0.00118238872608889,-0.0018547515559798056,-0.0018547515559798056,0.001101384164311936,0.001086335752569223,0.00036697941888630403,0.00034984904486479174,-0.0020786523006043334,-0.0020780358182515,-0.0017383673841144809,-0.0017379234901974128,2003-08-20,2003-09-19,-0.009737432273403956,-0.009737432273403956,-0.009759070185956897,-0.009759070185956897,-0.00715718659969522,-0.007179580011068665,-0.007861872797259029,-0.007960529669777672,-0.009675678581882896,-0.009674799337495266,-0.016946963314359964,-0.016946081628735565
2003-09,2003-09-30,-0.010264519983332554,-0.010264519983332554,-0.010023995550598519,-0.010023995550598519,-0.007424035599045364,-0.007444725115658635,-0.012096423452349958,-0.012246105509707728,-0.014126968133765794,-0.01412775616406392,-0.020921261495656762,-0.02092084720299281,2003-09-22,2003-10-17,-0.012363620238928008,-0.012363620238928008,-0.010048880277547134,-0.010048880277547134,-0.010034414535972314,-0.010048851214646826,-0.018498577543803685,-0.018585606574123115,-0.020741880602524687,-0.020741740609405923,-0.01969872997904798,-0.019699004067808
2003-10,2003-10-31,-0.007731310335872266,-0.007731310335872266,-0.006941256770619186,-0.006941256770619186,-0.004945394797661984,-0.004934607161614202,-0.01149325181792249,-0.011507033883789042,-0.014000534278844956,-0.013999419346289121,-0.01286106938764875,-0.012861246168905272,2003-10-20,2003-11-19,0.002226763715514446,0.002226763715514446,0.0015676641402602165,0.0015676641402602165,0.004831265394443118,0.004842452422041621,0.010250617088315428,0.010248379583727152,0.008073733440145503,0.008073390340136433,0.00912705363798949,0.009126853478020225
2003-11,2003-11-28,-0.00014824493334597566,-0.00014824493334597566,2.311167561641625e-05,2.311167561641625e-05,0.0023159366709128992,0.002318132007080642,0.0029190649310413264,0.00293323833384318,0.0008138241318866868,0.0008135819973693614,0.0016383491449929455,0.0016377453570122213,2003-11-20,2003-12-19,0.004035318214830719,0.004035318214830719,0.004151656203183585,0.004151656203183585,0.006550880700897599,0.006567887571198305,0.010535123048571515,0.010548392469140966,0.007595306289875925,0.007596133587531417,0.0054963413581405884,0.005496046952728095
2003-12,2003-12-31,0.006727227735933594,0.006727227735933594,0.006508298407039481,0.006508298407039481,0.00957774957763502,0.00959799840208575,0.0060074526006874684,0.005990243412759222,0.0026866146092359156,0.0026868410396774234,-0.0002513296147360622,-0.00025053454130885555,2003-12-22,2004-01-16,0.003066818954775119,0.003066818954775119,0.005292787036730973,0.005292787036730973,0.005285007473316172,0.005294127709071006,0.007060738046235526,0.007032014954158505,0.005207234263356675,0.005207728227925257,0.004130580420201202,0.004130140838812579
2004-01,2004-01-30,-0.003176086415552337,-0.003176086415552337,-0.00041530726747773805,-0.00041530726747773805,-0.0004164651385550888,-0.0004155595333994455,0.004493797638045471,0.004481762078017759,0.0022672768644695918,0.0022676246989110638,0.0038236033508227685,0.003823891969218174,2004-01-29,2004-02-19,-0.0009172425307343302,-0.0009172425307343302,0.0009929733414102415,0.0009929733414102415,0.000993468653225582,0.000993566420861347,-0.0007846487908189648,-0.0007807445646512701,-0.002391592373851781,-0.0023929206285064897,-0.0035601605507136203,-0.0035602301763126842
2004-02,2004-02-27,0.00045953915660801314,0.00045953915660801314,0.002085389092855605,0.002085389092855605,0.0029865416245686838,0.003010507894178449,0.0020281127183587877,0.002040319229722254,-7.448660363540416e-05,-7.548447773930711e-05,-0.0007462565991703807,-0.000746906754907406,2004-02-20,2004-03-19,-0.006083433143905581,-0.006083433143905581,-0.004428780993239623,-0.004428780993239623,-0.003533268221103003,-0.003509030718911621,-0.0030549062634165347,-0.003053599689393227,-0.005142017879688154,-0.005142531799008698,-0.0030531371262081386,-0.003052761352203115
2004-03,2004-03-31,-0.0027355991481551323,-0.0027355991481551323,-0.0013285626009129636,-0.0013285626009129636,0.0002190280629705832,0.00026153121332561646,-0.00291159671620711,-0.002911258103907244,-0.0053797620128799295,-0.0053802052516679355,-0.0029114626335347005,-0.002911978152578043,2004-03-22,2004-04-19,-0.011908505797521562,-0.011908505797521562,-0.010123260580633953,-0.010123260580633953,-0.009134769352048266,-0.009094682103052865,-0.020171882600940494,-0.020191452085000283,-0.02257293170949226,-0.02257337266309145,-0.021964578023086934,-0.021964488466746146
2004-04,2004-04-30,-0.011532062954524358,-0.011532062954524358,-0.01046898873959956,-0.01046898873959956,-0.008554382103284963,-0.00854992901803242,-0.01929139316635675,-0.01931591230017493,-0.021849867189495775,-0.02184954450627996,-0.022186050660007117,-0.022185117407658383,2004-04-20,2004-05-19,0.0007082875833164248,0.0007082875833164248,0.0011633191496207562,0.0011633191496207562,0.0035812402350343664,0.003587058440903901,0.00638621624688307,0.0063574258049814425,0.004118662513603821,0.004118481372521465,0.003893967902828921,0.003893236467988226
2004-05,2004-05-31,-0.0020942440832697473,-0.0020942440832697473,0.0005607569007892721,0.0005607569007892721,0.0010396098987617286,0.0010415417102227487,0.004228418442807191,0.004201709345050153,0.0017967275015733364,0.0017972428993699996,0.00231040480282263,0.0023103433251101535,2004-05-20,2004-06-18,0.0008544738992837253,0.0008544738992837253,0.0024762919466636557,0.0024762919466636557,0.003620950777492471,0.0036286449163338563,-0.00583617419928284,-0.005836736157620925,-0.008169403900885164,-0.008169069672015583,-0.00752666424514592,-0.007525995513527617
2004-06,2004-06-30,-0.0005580495804792251,-0.0005580495804792251,-0.00043645981696915914,-0.00043645981696915914,0.0023300357779372227,0.002336750803644483,-0.005564962097676207,-0.005561687747492217,-0.008031510407669029,-0.008031216342525571,-0.006701172188067095,-0.006701837079634454,2004-06-21,2004-07-19,0.0005354016084964108,0.0005354016084964108,0.0012319475611795028,0.0012319475611795028,0.0032118452547469367,0.003225307492681573,0.014776736393962597,0.01477967231433519,0.01268873984217711,0.012688141077221493,0.014594305283470943,0.014595531151780916
2004-07,2004-07-30,-0.0026146634553129156,-0.0026146634553129156,-0.0024615787987576354,-0.0024615787987576354,0.0003121631674030123,0.00033968519342608694,0.010185651635679083,0.010187884266571912,0.007875943857249101,0.007875710649936085,0.009252328178112723,0.00925310364518106,2004-07-20,2004-08-19,0.00032444669319953157,0.00032444669319953157,7.400903924104085e-05,7.400903924104085e-05,0.0031915309527010827,0.0032182855835107826,0.0011541062731417195,0.001156952418020829,-0.0012876278144466902,-0.0012872453160913677,0.0004528642103283076,0.00045325920396876995
2004-08,2004-08-31,-0.0023525110588792364,-0.0023525110588792364,-0.00214719181883527,-0.00214719181883527,0.0007673592502832616,0.0007768371629792714,0.008155853242963973,0.00818137013307041,0.005682246592327633,0.005681604040251642,0.004809150383432215,0.004809211219152676,2004-08-20,2004-09-17,-0.004572632342231708,-0.004572632342231708,-0.007958778234242292,-0.007958778234242292,-0.0018619268711842496,-0.0018087389149465949,0.00646982289064324,0.006517494656963052,0.004244772109841977,0.004244553084584046,0.003622819022786272,0.0036228859198059737
2004-09,2004-09-30,-0.004517269524515588,-0.004517269524515588,-0.007001494314008427,-0.007001494314008427,-0.0016709728417153569,-0.0016150219790843634,0.006678770960431457,0.0067289332627851195,0.0042402090947903925,0.004241033088177915,0.0007196652376024737,0.0007192647880840397,2004-09-20,2004-10-19,0.007373969518110757,0.006214825848692707,0.010042248977273793,0.008881664727206084,0.009969501668776637,0.008881894113551336,0.011344515429064117,0.010678124857733229,0.00903367412989331,0.008323812976632539,0.008170747703050596,0.007349562662471332
2004-10,2004-10-29,-0.0031457952702215186,-0.0026960971431617686,-0.0003713664243942816,7.243685750535356e-05,-0.0003702610150279062,7.309733337135249e-05,0.002453045976519075,0.004215082511644486,-5.18455996567635e-06,0.0018057633081749458,0.0006770862720759663,0.0021572702368581886,2004-10-20,2004-11-19,-0.002393949000934259,-0.0009384350966348265,0.00021394493057491637,0.0016633080964656433,0.00045600543035151375,0.0019063741598526196,-0.0003248704579049688,0.0018647051739595355,-0.0029131941114913795,-0.0007046613976896543,-0.005771273007067035,-0.0037813617853473813
2004-11,2004-11-30,-0.0014404278689745809,-0.0014397783601208802,0.0008726270667482883,0.0008732599835754584,0.0015984105170283591,0.0016013790655047266,-0.004241478333312787,-0.0042210935211144385,-0.0070707395398368345,-0.007071379125876631,-0.009411282261578391,-0.009410696739913238,2004-11-22,2004-12-17,0.005210860907910897,0.005210613151958032,0.005476822890851052,0.005475410706879513,0.007514993857937746,0.007546255381018829,0.00799115381770199,0.00815449820685421,0.005922719805427912,0.005922844643585723,0.0045589411921589384,0.004559302163351875
2004-12,2004-12-31,0.010495726064701616,0.010495187168021891,0.007579627901759478,0.007579317311034339,0.013313053999415958,0.01338856697695312,0.010302089037371287,0.010453691546116195,0.007716342689577216,0.00771678110706886,0.007298356007017004,0.007297027818690349,2004-12-20,2005-01-19,0.0036847093975784784,0.0036945477969703155,0.00293390778014202,0.0029478471875039602,0.006486260287348333,0.006524010071428776,0.0077666097323583205,0.007775163695115994,0.005190701170295409,0.005191175312755147,0.007775009941545674,0.007774413315446038
2005-01,2005-01-31,0.0013256311563869527,0.0013323079481208921,0.0034055671154795686,0.0034161939936896424,0.004253989167580574,0.004265483067594111,0.007412422464644575,0.007413096124308627,0.0047120782368723635,0.004712503179931549,0.007411920513471282,0.0074125642913398515,2005-01-20,2005-02-18,0.007052283234041168,0.007032353201711139,0.009752586412274944,0.009735959718581322,0.009748719245502135,0.009735309286311278,0.007259948115121206,0.0072598793728735345,0.004702775523320213,0.004703159318494077,0.0072602940816675066,0.007259968193066513
2005-02,2005-02-28,0.011680222120465489,0.0116582703871837,0.012214396446427633,0.012197753008355683,0.014171768279614971,0.014152920075765296,0.011473610508368814,0.011472298584693341,0.009062272437530439,0.009061724506694846,0.011473609169096566,0.011472766449292848,2005-02-21,2005-03-18,0.0158277863736902,0.0157977555146831,0.017837942519159267,0.017809614066217616,0.01789052342591857,0.0178884458448354,0.014488065425894758,0.014487752478168137,0.012462160572392467,0.01246149881582026,0.01448888376425761,0.01448818292733467
2005-03,2005-03-31,0.0028758223599807398,0.002868413088417121,0.005287161842355559,0.00528484476640001,0.005691846464394024,0.0056903327701463,0.011850352693481003,0.011852645090173253,0.009247674537463002,0.0092465749931403,0.011031891756179135,0.01103226443576033,2005-03-21,2005-04-19,0.008746236460202228,0.008736359976046382,0.011255142666564799,0.011249279273388701,0.011256123863037315,0.011248623707471817,0.00857693028957196,0.008584725323478981,0.006119957225996897,0.006119178232790956,0.005796945654629848,0.005797412849804395
2005-04,2005-04-29,0.006055476639798885,0.006049812234860452,0.0040015106024666736,0.004005710837810872,0.008599535535550151,0.008620052098312847,0.013036764867498496,0.013051794998807376,0.010648738488089782,0.010649587438398722,0.010634266212693255,0.010634798815919222,2005-04-20,2005-05-19,0.003784440545920198,0.003780847166093837,0.0038696131768121145,0.003872899467340707,0.00644399545855201,0.006461044316474318,0.0136728121949663,0.013712821848021806,0.01117535237529288,0.011175026674438593,0.012830236757185087,0.012829414643657389
2005-05,2005-05-31,0.006032252715785225,0.006014448912772696,0.008146856667844649,0.008133402805737822,0.00893382016599542,0.008932919819168994,0.006757691337588856,0.006821175324323692,0.003863263520670568,0.003863135209732471,0.0026466278191963344,0.0026469950097633976,2005-05-20,2005-06-17,0.013581112740439716,0.013566471766443433,0.01474365389105703,0.014731451580478172,0.015897243098752734,0.01589567318409646,0.011516619282024187,0.011566566790393917,0.009163764210752712,0.009163348988008746,0.006762371498791664,0.0067621830318407294
2005-06,2005-06-30,0.007931412092673229,0.007924154521013138,0.007504225594863856,0.007502980636143075,0.01050930539470496,0.010510109048886385,0.017578675708633584,0.017590170794277382,0.015155992317183786,0.015155982897468556,0.0165258103217667,0.016525617116372793,2005-06-20,2005-07-19,0.0031311542341130316,0.0031289167726145095,0.003022339154888032,0.003024942217213056,0.005672740949560939,0.005671960673933052,0.007656970550657727,0.007658975613115349,0.005200621434362729,0.005200489180229972,0.00746712745664313,0.007467450569493828
2005-07,2005-07-29,0.00708350429313942,0.0070736647881111114,0.007367656764393438,0.007363549893661503,0.00954711187871804,0.009554632145330588,0.009151975206451057,0.009153332182745944,0.006725354952020757,0.006725924937343031,0.008961715196381226,0.008961116244865508,2005-07-20,2005-08-19,0.004488789492523404,0.004491031392369393,0.005741060314449875,0.005748296988587365,0.007080563447825483,0.0070991278944276814,0.005664009184594976,0.005664027774493485,0.0031146696137966945,0.0031149602172844126,0.0056636377121215276,0.005664053475441522
2005-08,2005-08-31,0.0012272334253757844,0.0012307398180178009,0.0016229239454612632,0.001633813575505405,0.004134391484104105,0.0041503191233935866,0.004601383912995249,0.004692652221069515,0.0017651017790702994,0.0017643113921879117,0.0011879926379001482,0.001189190640686233,2005-08-22,2005-09-19,0.004482626090039021,0.004470897364439841,0.0007374083902615958,0.0007380507559238136,0.00683264924914595,0.0068256721063264525,0.00798794299116512,0.008069132627055442,0.005628103374125004,0.005628942381127544,0.001990220419067379,0.0019890120729297855
2005-09,2005-09-30,0.0052760079433618046,0.005264989905620077,0.0019208483329367088,0.001921943666637116,0.007752712485320057,0.007774099181950378,0.007095908797725814,0.007092950040167523,0.004533203841083466,0.00453437072470142,0.002847607472980851,0.00284683600806912,2005-09-20,2005-10-19,0.005084428083655501,0.005071562965297982,0.0065753656969029795,0.006566717970154068,0.007544829859769564,0.0075610000566530555,0.011318642663935785,0.011331297826064457,0.0088120545484065,0.008811944584578457,0.00882715270046397,0.008827538478891395
2005-10,2005-10-31,0.0018289442300669645,0.0018510017768034182,0.001402780755655586,0.001431965309919514,0.004501394075483667,0.004493245357269471,0.008171252300163356,0.008173564495098207,0.005449464323675102,0.005448649025636243,0.003694914379486658,0.003694583633414794,2005-10-20,2005-11-18,-0.010635800983799348,-0.01061205900561113,-0.009599871235260182,-0.009648359204343038,-0.008097222029980533,-0.008104904699288595,-0.012936484528282666,-0.012943965212080522,-0.01569184131966872,-0.015691460774227117,-0.01741965453982952,-0.017418552053312775
2005-11,2005-11-30,-0.010731358426185889,-0.01062927395265012,-0.009988132911392444,-0.009958561176486413,-0.008117453737613078,-0.008016189848293664,-0.01245673791212032,-0.012460331716663609,-0.015325248815657666,-0.0153257590865431,-0.016938226133127232,-0.016938426312754218,2005-11-21,2005-12-19,0.0037805827119552493,0.0038995888249637733,0.0032424354464977156,0.003365983730272415,0.00605810727295375,0.006194450518004491,0.011936698068084839,0.011947031570283873,0.00949610602942097,0.009495634661993657,0.007394213902393698,0.007393580100487185
2005-12,2005-12-30,0.003155569580309381,0.0031789250741831587,0.0013276657812328896,0.0013599692140966457,0.005590634617768098,0.005632692292596442,0.014806750892216058,0.014818497656567509,0.012227273752295487,0.01222796974414031,0.013438837018503902,0.0134394055412983,2005-12-20,2006-01-19,0.004758085967120129,0.004762556642779581,0.00430258733934008,0.004313880863624497,0.00714508445214368,0.007149033106254921,0.010172375241908727,0.010174191248810915,0.007570045453223928,0.0075705556834293475,0.009677018158161577,0.009675923491363925
2006-01,2006-01-25,0.0076620304928307625,0.007654990170093079,0.00890845732017942,0.00890571940788587,0.009676486952627128,0.009671468430908048,0.010311703621072699,0.010311442961870476,0.008084044618192232,0.008083465673543122,0.010311061834829882,0.010311494044264569,2006-01-20,2006-02-17,0.0017147315614440828,0.0018601047074882082,0.003998108132530875,0.004062298830695976,0.004034122165202714,0.0041023444180072755,0.005054808469220573,0.00555432426899638,0.0025061740742735594,0.003110290060219345,0.0050546625378082854,0.005553346587143793
2006-02,2006-02-28,-0.00044356149253999,-0.0003574284896177282,0.0006527791110684245,0.0009652250336773527,0.002385621280257766,0.0023992165823405465,0.001288719806742833,0.001624578015226863,-0.0018429017535430692,-0.0014142657707412187,0.0012894461247081601,0.0016243021315418549,2006-02-20,2006-03-17,-0.0017618970021084923,-0.0018081219416387073,0.00011415382755863845,7.379960627429405e-05,0.0002769976202217084,0.00023649352084853525,0.0015850100194974015,0.0018278032084910745,-0.0006247461066476445,-0.0003841687883989753,0.0015855891971925384,0.0018282485662184378
2006-03,2006-03-31,-0.001744395203852167,-0.0017393829487134527,0.00030219305819367825,0.00031056793673611693,0.0007761617984312075,0.0007841134333628208,0.0007407789510536222,0.0007405439371128697,-0.0020195758313182877,-0.002019263175380148,-0.0009051347025621492,-0.0009052268117043516,2006-03-20,2006-04-19,-0.00629271310157109,-0.0062938307995134,-0.005376607200604178,-0.005373065638842545,-0.0037873786058124637,-0.0037920685279730915,-0.008192660031619337,-0.008170567435595188,-0.010986398388327934,-0.010986426103971159,-0.010503961755725655,-0.0105044493037737
2006-04,2006-04-28,-0.0025790879038301018,-0.0025874002020447318,-0.005514556030286832,-0.005510869377734484,-0.0003059390744185597,-0.00030569308414352125,-0.0017339648390461981,-0.0017016535285079293,-0.0042431327611518466,-0.004242971195902112,-0.003987902951256284,-0.003987929451156447,2006-04-20,2006-05-19,0.003043571761388808,0.0030257953782244495,0.0025108453630575678,0.0025009901563963766,0.00524790771941408,0.005258366579586005,0.004335597092190557,0.0043402953971896086,0.001450682140609505,0.0014508776358819198,0.003163808088286313,0.0031636795910383597
2006-05,2006-05-31,-0.003703439006910614,-0.0037150861265092816,-0.003161209128738851,-0.0031662431840497884,-0.0010938311693877711,-0.0010963775855881153,0.0025250494555864034,0.0025243272541228823,-0.0007284457080308782,-0.0007285333869265775,-0.0020850126895239907,-0.0020858964374711464,2006-05-22,2006-06-19,-0.007849399509524124,-0.007847742682912218,-0.007765532028119804,-0.007758068477910052,-0.005517251999565431,-0.00551453302992444,-0.008781100257433838,-0.008777377760497918,-0.01134720332043393,-0.01134647691505597,-0.013834487943109264,-0.01383470993079805
2006-06,2006-06-30,-0.0014546019720815817,-0.0014577215930985377,-0.0011667200365300667,-0.0011647722604410937,0.0009723101849705706,0.000980962972935151,-0.008056767194721814,-0.00804403333490522,-0.010779549488504458,-0.010779325508943005,-0.009543925749380455,-0.009542557964457132,2006-06-20,2006-07-19,0.0032154662426051583,0.0032215535224684455,0.004257497489018602,0.004267481923618144,0.005500894454382843,0.0055179395338325055,0.0032574288539215512,0.0032870792305006447,0.0007963936006394334,0.0007963308202501018,0.00198149325639152,0.001980587555116209
2006-07,2006-07-31,-0.004091789382100863,-0.00409236540515312,-0.0029938176841546316,-0.0029874232095783437,-0.001548355236930088,-0.0015505270507004676,-0.0030396559766565634,-0.0030214481217613054,-0.005769929923965966,-0.005769978906294271,-0.0037089194662076608,-0.003709266448173376,2006-07-20,2006-08-18,-0.0006811955081049703,-0.0006857827356441248,0.0011749434582697393,0.0011739442492713081,0.0016588948812468196,0.001653264748388672,0.004121984170967874,0.0041195134355400675,0.0016837049756182054,0.0016833582556530224,0.004119415956223671,0.004119380392940242
2006-08,2006-08-31,0.0035195110955268394,0.0035164342235558532,0.00298629258672789,0.002990550791316604,0.0059651740994493,0.0059818023482778315,0.00784984712691661,0.00785198317711977,0.005318483108690986,0.005318777644617079,0.003585812178262815,0.003585327322467524,2006-08-21,2006-09-19,0.0036208423612535956,0.003577697651041989,0.002782001507928289,0.0027408443002654437,0.005943731080635617,0.005924384523700477,0.007786347122187509,0.007791932599316986,0.00533545349389164,0.005335667708378233,0.00019578430328159868,0.00019655897152670576
2006-09,2006-09-29,0.002898180326117439,0.002917432858635216,0.003003552735063586,0.003014537522524341,0.005261450740051465,0.005286109166086073,0.00938389243892268,0.009409635561443697,0.006978629784572199,0.0069775788437069775,0.0042685773906627755,0.0042684015426524,2006-09-20,2006-10-19,0.0026225781039659335,0.002612170862484886,0.0037880876978586553,0.0036892912906236752,0.005046730562979773,0.0050019221806032466,0.006798412047281266,0.006576145259891364,0.004433312338572248,0.0042409159755130155,0.004458671982824791,0.00416242954894086
2006-10,2006-10-31,0.0024717141531767073,0.0025527893152934578,-0.00028777117363332216,-0.0005161895370793257,0.005137963359214348,0.005186200109442041,0.004590836455437897,0.004392694132723252,0.001942382792533115,0.0017888774939400776,0.0015296970740596993,0.002049147032989973,2006-10-20,2006-11-17,-0.0003806869461154827,-0.0004231858143347589,-0.000918743328977567,-0.001212253305969968,0.0019254206303529475,0.0018875599482104377,-0.0004895658152732629,-0.0002916839246323022,-0.002797995772909956,-0.0026025397766290537,-0.004091390262796035,-0.0031212805058035142
2006-11,2006-11-30,-0.002708904929154321,-0.002470872972321403,-0.0035054436284287505,-0.003341036734993308,-0.0001757120350073249,5.232871208904477e-05,-0.003122039409377275,-0.0029267666645277357,-0.00562830633845246,-0.005427817491939213,-0.005760795641243099,-0.005569263844232286,2006-11-20,2006-12-19,-0.002047797199385859,-0.001972453292246379,-0.003950893548486989,-0.0038620046638083716,0.00045149627896057254,0.0005219669539173744,-9.796615562385202e-05,-0.00011440252654226768,-0.0024681674685772537,-0.0024870514720406467,-0.002910707320088579,-0.002934535086208445
2006-12,2006-12-29,-0.00305778730107209,-0.0030579427426583594,-0.0033917593527836853,-0.0033929168139708032,-0.0005415923490997843,-0.0005426709877793812,0.004988950225311539,0.0049981319690717285,0.002680564296408061,0.0026804712560881683,0.0032203736671043703,0.0032208127036987833,2006-12-20,2007-01-19,0.00024241408515623952,9.667671307145298e-05,0.0007005645325843801,0.0004815562032400855,0.002830955612306285,0.0026851155460678733,0.007118540188521649,0.0073407411551627,0.004551193099084694,0.004956917152572071,0.006425738320793073,0.006854572529513936
2007-01,2007-01-31,-0.0009448189762796266,-0.0012802129763503922,0.0003734976204117224,-3.20717785842195e-05,0.0019105491053388324,0.0015824535122614947,0.0011149192371517902,0.0010204361678505247,-0.0017611484988329096,-0.001672031099778426,0.0008944432473845243,0.001020123294376729,2007-01-22,2007-02-16,-0.0042506634804974075,-0.004226142478812034,-0.002105581976451165,-0.0020785138722849705,-0.0020513727769774226,-0.002024448264193457,-0.004432933496857361,-0.0047202132339965175,-0.006534001331324757,-0.0068253623244657335,-0.004440949120447679,-0.0047196094773186426
2007-02,2007-02-28,-0.0016524976407172876,-0.0015046548385743153,0.0006300419152884817,0.000726011726984499,0.0008336384945231146,0.0009299298295017966,-0.0007613323148917273,-0.0006987057742506853,-0.0030149537017147843,-0.003003011775428499,-0.003466458213534973,-0.003502324217612096,2007-02-26,2007-03-19,-0.001248290732617563,-0.0013704138649872633,-6.897931980553995e-05,-0.000194213788596298,0.0005622433763599055,0.00044299474554332363,-2.9187657456963834e-05,-3.576112566039402e-05,-0.001755320816224315,-0.0017651328147665346,-0.0016852536944655938,-0.0018141366719831575
2007-03,2007-03-30,-0.001919589526270915,-0.0020462523064115334,-0.00045474376452037113,-0.0005856324830817439,0.0006660180718525144,0.0005416041252883641,-0.0008994567414657428,-0.0008338785829551387,-0.0033795561823061204,-0.0033138487232452496,-0.001165586211134273,-0.0011194687890567767,2007-03-20,2007-04-19,-0.00743540628611572,-0.007432866291550599,-0.006644650614185621,-0.0066442052837020205,-0.004759830735364345,-0.004759539703517945,-0.009377263969814087,-0.009389936787949749,-0.01198790222502133,-0.011987254553796789,-0.011010806226522507,-0.011012221207010842
2007-04,2007-04-30,-0.005733726350259927,-0.0058816274842256044,-0.005612030139508506,-0.005756749166466624,-0.0029908740429203107,-0.0031350575027128125,-0.007166254774582881,-0.007293998219352393,-0.009861558884885269,-0.009973620567334085,-0.009227912127206861,-0.009344798999025183,2007-04-20,2007-05-18,-0.0026856704627780115,-0.0028233754483472095,-0.002918943778774885,-0.0031027649039335747,-0.0002337337010970275,-0.0003647167437141885,-0.002021082298842125,-0.0019693709444238428,-0.00444734834810645,-0.0043845468772624185,-0.0041228550503759065,-0.004130052980016674
2007-05,2007-05-31,-0.007418626686269469,-0.007404105188521748,-0.008240216636849818,-0.00827559379120324,-0.004618073101604336,-0.0046084350322135315,-0.009534054094937239,-0.009372663539651493,-0.01233758049646061,-0.012162555403567699,-0.014236622484045114,-0.014127629074672243,2007-05-21,2007-06-19,-0.008205383291797208,-0.008202493217013052,-0.009325214649021585,-0.009320607063138975,-0.0055406362822584265,-0.005552375743545945,-0.010603823918728605,-0.010603307670855489,-0.013262423934328527,-0.013263129898684278,-0.014163267626172815,-0.014163499493741516
2007-06,2007-06-29,-0.011156214450621982,-0.011151913963110771,-0.010536422071975693,-0.010530600337846474,-0.00843429442691368,-0.008446765693031821,-0.013117257763448187,-0.013121667335103337,-0.01582261628321746,-0.015822233088115922,-0.014115474859455523,-0.01411590406922758,2007-06-20,2007-07-19,-0.006375064594856039,-0.006373035849988606,-0.005257451445451866,-0.005256497228933399,-0.0036846643756924813,-0.0036857749034870935,-0.0053120099216902306,-0.005313587957347821,-0.007971358393045636,-0.007971244339007866,-0.0064874515628138285,-0.006487810299522945
2007-07,2007-07-31,0.0019893224275284727,0.0019883657483190653,0.003684030157642182,0.003681359234325221,0.00483050426628906,0.004836059963036599,0.004425090702752987,0.004424900158956913,0.0016069849735673714,0.0016075582727148596,0.0024478240122352,0.00244845245248837,2007-07-20,2007-08-17,0.004862468663289876,0.004863219381226358,0.006522918470001082,0.006522725346600922,0.007302563259631301,0.007309992804653609,0.009428600950609711,0.009430956860434936,0.007027918045870107,0.007028598632283778,0.008190652290500866,0.008190057270473616
2007-08,2007-08-31,0.0025260920063860937,0.0025300073018450497,0.0003335020694994473,0.00033244911791818765,0.005281024099465181,0.00528537805737872,0.010355332208609624,0.010357528499421731,0.007694832464874457,0.007694543887360794,0.008934848898281,0.008935849566776843,2007-08-20,2007-09-19,-0.009128003131474771,-0.009120545860316853,-0.011317814704238094,-0.011313791210207147,-0.006066680823954007,-0.006283574081997201,-0.006452729430379778,-0.006461288380903096,-0.009243552192661375,-0.009242920251670284,-0.009753968686923686,-0.009753446032780166
2007-09,2007-09-28,-0.003990420534444095,-0.00398951269636838,-0.0048103541682791295,-0.004808493583384199,-0.0011628754553607568,-0.001362890581655285,-0.004499379439758977,-0.004498799897604822,-0.0070999608536138625,-0.00710017510873695,-0.006398981374552193,-0.006399411983206926,2007-09-20,2007-10-19,0.0028978078352424053,0.0028943290982335057,0.0026217847571818886,0.0026202999121558435,0.0055628856294969165,0.005581074540380815,0.008550922233941272,0.008558191081626143,0.005957406645580976,0.005957027153936423,0.008558310119125778,0.008558067964948401
2007-10,2007-10-31,-0.0037330801456241236,-0.00373332456917852,-0.0046601221562188044,-0.0046592720410782995,-0.0005829632181605371,-0.0005835602262993511,-0.0021666720563982,-0.0021819126148665546,-0.005311854992675058,-0.005312161894457712,-0.004071933855661403,-0.004072618950817231,2007-10-22,2007-11-19,-0.014301510634417092,-0.014300767260265967,-0.015797680995531582,-0.015797789887496805,-0.011388442424813516,-0.011396262860896567,-0.011746728573144294,-0.011761068366412664,-0.014591117579246027,-0.014591874899998025,-0.01451850408301858,-0.014518472642385816
2007-11,2007-11-30,-0.012282916545477418,-0.012283150589467384,-0.01355098246626285,-0.013551503424681477,-0.009078983676848229,-0.009081866649919057,-0.007253558123985093,-0.007247270472624745,-0.010245154471078322,-0.01024495565387562,-0.010714698947082879,-0.010714552415279743,2007-11-20,2007-12-19,0.0014230432632336143,0.0014244448531870457,0.00048010215112137544,0.00048001445117495933,0.004385294405614859,0.0043971779766800445,0.00632381155955164,0.006333982862403387,0.003558818526186336,0.0035591568904491666,0.002422482575479279,0.002422200042501821
2007-12,2007-12-28,0.002292071520985317,0.002292005222765958,0.0034576390976222005,0.003458022490344881,0.005083618803134682,0.00509514971552294,0.004929455861267362,0.004933894889790569,0.002217597771433155,0.0022175557355650355,0.0035531142179014985,0.003552830488720682,2007-12-20,2008-01-18,0.0018072968435471903,0.0017500688756981742,0.003922694415308348,0.003875324295981031,0.004700764451345263,0.004705560612081827,0.0019295958725662476,0.0019319726961524175,-0.0008744538539537938,-0.0009946525827982944,0.00046196861028979797,0.00034560880900591506
2008-01,2008-01-31,0.00411316838986342,0.00405494481463764,0.007080686635343003,0.0070328482883801335,0.0075403980341257615,0.007543053863130922,0.010323476334054504,0.010339380268049814,0.007117162138721156,0.006995224631757058,0.008933720474616491,0.008816532678637357,2008-01-21,2008-02-19,0.006747954770465414,0.006774240593358183,0.008949720952549312,0.008966689526102689,0.009712429732267935,0.009731969071980817,0.014491056854986972,0.01455765836630718,0.011741361062630018,0.011801607527935687,0.011631286702920018,0.011687251558049283
2008-02,2008-02-29,0.002463187077709872,0.0024891023985613714,0.004746889501174634,0.004763325707591415,0.005473575550403398,0.005492302825990336,0.0060989798085522295,0.00615634379332386,0.0032120254624528055,0.003270867500725805,0.002160876778242171,0.002214942911536344,2008-02-20,2008-03-19,0.0010383742971822318,0.001038939536616379,0.0032227222441920667,0.003223232902601403,0.003950517847258528,0.003952915338221175,0.004049513898305657,0.004062449345363595,0.001130902472443296,0.0011318734545084919,0.0015755216616832879,0.0015757939004470423
2008-03,2008-03-31,0.002927033242734689,0.002927779036481226,0.005007490734091791,0.00500772958260276,0.006129615619916873,0.006133524438208804,0.008574948803451443,0.008593484650897487,0.005342707939460345,0.0053433099578386045,0.005557476609511891,0.0055578535555682596,2008-03-20,2008-04-18,0.003455624385416911,0.003456127132561715,0.00548807558200437,0.005488235505352712,0.006448998630835812,0.006451894227172961,0.008530173277264685,0.008538593338626832,0.005447191231420456,0.0054464656499115804,0.004455555511481357,0.0044558268276215784
2008-04,2008-04-30,1.547997201223339e-05,1.547296203052717e-05,0.0005562692741334363,0.0005561845935873055,0.003180795123505664,0.003180991298881164,0.0028609762341347267,0.0028553325872107127,-0.00046454514219962384,-0.0004652954474033688,-0.00163737604806391,-0.0016375233544371204,2008-04-21,2008-05-19,-0.0017595924590072531,-0.0016866725052805398,-0.00043606614696312107,-0.00047076069565332723,0.0012754155729075567,0.0012389942399682052,-0.0008480531324805973,-0.0009624248467946517,-0.004065535704862011,-0.0040594207709560015,-0.004622658823111525,-0.004729967327568585
2008-05,2008-05-30,-0.0006996839038645453,-0.0006271610235928371,0.00036202047205868837,0.0003271610278623438,0.002559578995110945,0.002525056813778237,0.0018483842643712833,0.0017419840543373422,-0.0015915777569636136,-0.0015861892007290601,-0.0013470872825458446,-0.0014544505990715662,2008-05-20,2008-06-19,-0.002721511404527144,-0.0027221460048868495,-0.0021427109069550587,-0.002143453374672033,0.0005420320456672734,0.000545129208106232,-0.0013898309593158853,-0.0013868659730402744,-0.004911706471530053,-0.00491139070707558,-0.003354168029545135,-0.0033537188774097615
2008-06,2008-06-30,-0.00552910110282534,-0.005528260600305535,-0.0044182328659259085,-0.0044187086833341604,-0.002121438420073063,-0.002123851727718007,-0.0072246959278610134,-0.007227298197231002,-0.010966288289316006,-0.010966562953617642,-0.008523569155383659,-0.008524689440071787,2008-06-20,2008-07-18,-0.0033310132246197055,-0.003331331911633706,-0.0031552307810291946,-0.003153867296577073,-0.00024631997130697414,-0.0002487094557838132,0.0003652407545307046,0.0003634110744743513,-0.002956020853234209,-0.0029560642291670547,-0.0005937934634897557,-0.0005928383928509584
2008-07,2008-07-31,-0.0008764487625353423,-0.0008770254617616047,0.0003015814050097987,0.0003015461730095925,0.0025059690733248985,0.0025073972383644616,0.0034902482047167727,0.0034907229473140067,-0.00015345479263007,-0.0001530322466674061,0.0023331437362488217,0.0023333822365538825,2008-07-21,2008-08-19,0.0026407462680362315,0.002640397035941433,0.004530104110465061,0.004530573629563772,0.005764921352260144,0.0057657837498388265,0.0062727426500670536,0.006283867611656779,0.0029070455464577094,0.0029072482120884313,0.003476796444479957,0.0034761741788111866
2008-08,2008-08-29,0.006537557697324559,0.00653723773917303,0.005927981710908581,0.005928287584335168,0.009603954305361428,0.00961479337043758,0.012178795616333282,0.012213663085343551,0.008929555499932462,0.008929616991028233,0.0074947566622554085,0.007494645614880557,2008-08-20,2008-09-19,0.020133595496538925,0.020132324163137705,0.01868707970235972,0.018687888978740963,0.023082087466700152,0.02311183765762581,0.03234688506572825,0.032432316439576114,0.02931891745535542,0.02931896261643052,0.02715384729996173,0.027153777192453488
2008-09,2008-09-26,0.017370508548433916,0.017370672038904855,0.01657655404573899,0.016576597674413884,0.020129354176015468,0.020157543564803815,0.029183923409690893,0.02925260577189026,0.026343301105677508,0.02634405591557698,0.025350024153250272,0.025349757472495682,2008-09-22,2008-10-17,0.014837889280033822,0.014837192871325566,0.015410572469452877,0.015410734764609302,0.01731925642098875,0.017325751096185504,0.026330029219959306,0.02634359951653442,0.023836316319828077,0.023837260156330586,0.025545665162785003,0.025545124986473322
2008-10,2008-10-31,0.01977680678409932,0.019777573311231977,0.01939216913282915,0.019391849878618084,0.023276311562607566,0.023302549936628836,0.03251330329595459,0.03252968716731264,0.028946784668748338,0.028946402531570214,0.03068085825308331,0.0306816232190259,2008-10-20,2008-11-19,0.013708137948716947,0.01370794097597261,0.013135765768454322,0.01313616097211634,0.0167402316203491,0.0167641291476488,0.016427058188248855,0.016443582428697257,0.01325963513350259,0.013259060827860436,0.014293725677535951,0.014293335746347058
2008-11,2008-11-28,0.013042309874294666,0.01304141519747648,0.012293680778015625,0.012294159723532205,0.015868683841045117,0.015882939597368306,0.015237418073608566,0.015264310290897809,0.012312534984285417,0.012312364425162814,0.010919769015694136,0.010919962668073158,2008-11-20,2008-12-19,0.02332384551112754,0.023324429598305274,0.02198185226903626,0.021982133581251118,0.02606772045705208,0.026105606026064265,0.032142876312034385,0.03217805506495086,0.029431340618280677,0.029430611585171018,0.027728320018417518,0.027729120442197885
2008-12,2008-12-31,0.01765120835028111,0.017651754913984963,0.018357060145766768,0.018356798807366292,0.020854135964183174,0.0208800427767315,0.02531029447554145,0.025318188975838707,0.022062229200031647,0.022062415894539278,0.021435924329843647,0.02143564818969046,2008-12-22,2009-01-19,-0.005934288609060756,-0.005934062754666458,-0.00513654096228866,-0.005136868618385693,-0.0030298879961042635,-0.003041205713725126,-0.01399181724233478,-0.014000317060992806,-0.017288718808075698,-0.017288508314303064,-0.016081344916123674,-0.016080766038087058
2009-01,2009-01-23,-0.006485808071056254,-0.0064862569897090605,-0.005687286564180272,-0.005687549811343895,-0.004088971641886374,-0.00410123941811813,-0.015231255399208443,-0.015237073490667497,-0.018022277433563327,-0.018022954061128194,-0.016221001852325556,-0.01622025494147228,2009-01-20,2009-02-19,-0.0012544691071142422,-0.0012547845969345106,0.0004227580698983324,0.00042364620667934005,0.0017570248427833945,0.0017699074379000646,0.005228202644739222,0.005251866732365551,0.0019344933273859333,0.0019348932754106318,0.002546708205688697,0.002547242077845402
2009-02,2009-02-27,-0.0037023288717517033,-0.0037023259969910516,-0.0022600844238233053,-0.002259820503550336,-0.00017412821335283102,-0.00016487781866647566,-0.00011258223603438644,-9.417657278631975e-05,-0.004051599373134485,-0.004050880347679198,-0.00422769235308651,-0.00422825001265803,2009-02-20,2009-03-19,0.0019731549390382686,0.001974070684025664,0.0034453219164087834,0.0034467958293582512,0.004591532635383588,0.004594466451524282,0.004544959391907355,0.004566523475656892,0.001661018439407247,0.0016612087271119513,-0.0014126138543609779,-0.001412190337732766
2009-03,2009-03-31,-0.0005754570494463929,-0.0005751546824903642,0.0012772791332480438,0.0012771296417668498,0.0025734215736599175,0.0025743504002382345,0.0013307358417566917,0.0013434611567930688,-0.002126714340990876,-0.0021265730161513785,-0.005592949919948631,-0.005593192760836807,2009-03-20,2009-04-17,-0.006991222251121032,-0.006991441058578629,-0.005884895807560131,-0.005885142628821449,-0.004146231162665326,-0.0041478367863129195,-0.00470310783597494,-0.004704474362569266,-0.007765239090641529,-0.007765763757291988,-0.007936773469243597,-0.0079379144672318
2009-04,2009-04-30,-0.004795634157719109,-0.004796039097911486,-0.004673329848053687,-0.004672783583820284,-0.0017919713284588745,-0.0017879756354051146,-0.0011704874163169787,-0.0011700949319463083,-0.004355364834809139,-0.004355779953864158,-0.005668173026871393,-0.005667418479726183,2009-04-20,2009-05-19,0.0038982550527759674,0.003898167361449323,0.0038747647497783255,0.0038752523512899373,0.006684061935306351,0.00669044711675415,0.009203015665480319,0.00921474721686577,0.006340731334237626,0.0063405353910093165,0.00404904898348013,0.004049070927876208
2009-05,2009-05-27,0.003848914655097957,0.0038488528909030872,0.004164388092405824,0.0041638990329646575,0.006431994651071804,0.0064354256603824656,0.008411545418416155,0.008424005779732902,0.0057678068294371165,0.005768223847362197,0.005299661735674421,0.005298608916473269,2009-05-20,2009-06-19,-0.002343199057641354,-0.0023429446127892772,-0.0017808148747119334,-0.0017806068083674464,0.0006070479787956273,0.000610514037651555,0.0005342973165982645,0.0005394621816090517,-0.002516987756202016,-0.002516726559231741,-0.00014811199129582953,-0.0001488035727736925
2009-06,2009-06-30,-0.0032519515128069942,-0.0032521960378079084,-0.0018312070620776222,-0.0018309928996397273,8.721397607769354e-05,9.095698113781303e-05,0.00030344556823380664,0.00030778908080875134,-0.0031513287975615256,-0.0031512294562245913,-0.001447651199901645,-0.001447182040805739,2009-06-22,2009-07-17,-0.012580408283154765,-0.012580647370991183,-0.012207797558627775,-0.012208241382183793,-0.009982940975776122,-0.009989664035693901,-0.013083095783420484,-0.013088895759308383,-0.01579078503526532,-0.01579029856594305,-0.014378048052974601,-0.014378178670972352
2009-07,2009-07-31,-0.011802650818727445,-0.011802331276324907,-0.010592114082477622,-0.010592747703076832,-0.008635705624659207,-0.00864467476362818,-0.01173416344837297,-0.01173943663549637,-0.015029560373369999,-0.015029287646390332,-0.01250292702085709,-0.01250236346176592,2009-07-20,2009-08-19,-0.0010934427172945016,-0.001093859708277578,0.0001403522081764308,0.00014033583883388268,0.0018256297579948289,0.0018246554364471645,0.0011333301472644663,0.0011254838899990016,-0.0018838295382525017,-0.0018825260995398718,-0.0016884115035087355,-0.0016885259517660511
2009-08,2009-08-31,-0.0011960476871948345,-0.0011954193433916238,-0.0021033921461991456,-0.002103147046925713,0.001815159681272327,0.0018195454347376128,0.0020766857913765424,0.0020736477458904723,-0.001009794126639929,-0.0010099254306020766,-0.001534236429234781,-0.0015355390515500167,2009-08-20,2009-09-18,-0.00020358771204165294,-0.00020348081225562975,-0.002458307409824223,-0.0024580206674776894,0.0025984589662888524,0.0026008935031913705,0.002434840561490015,0.0024368105645968807,-0.00042509006351976186,-0.00042489144363921927,0.0009468513405521684,0.0009472185617025453
2009-09,2009-09-30,-0.003293566275946569,-0.003294811168615852,-0.004144441131845422,-0.004144906540237359,-0.0003481724003128184,-0.0003525643716150162,-0.001525545512990334,-0.0015271308943480832,-0.004545255164951967,-0.004546342658341973,-0.003928533243509391,-0.003927881154672241,2009-09-21,2009-10-19,-0.007140755876588689,-0.007140976930144816,-0.006120905722832859,-0.0061211407615093805,-0.004332761580660871,-0.00433806243882795,-0.0051157993124486545,-0.005115974659148592,-0.008009313109353822,-0.008008679721960621,-0.007079870679161715,-0.007079823448912448
2009-10,2009-10-30,-0.004247866602643202,-0.004246633310930226,-0.0037641118440810972,-0.003763674062775446,-0.0012885338058721274,-0.0012878481942261155,-0.0012998690283477776,-0.0012998577784893994,-0.004343730477203267,-0.004343487015434633,-0.0022398884425365306,-0.0022400770844477336,2009-10-20,2009-11-19,-0.00046419403310593577,-0.00046395035731183754,-0.00022858367070943686,-0.00022855700202073503,0.0024480385072325195,0.0024505640964433972,0.0034296116652381414,0.0034347704218844477,0.0004783083238444341,0.00047797253277348517,0.0024278765235019595,0.0024268239738598485
2009-11,2009-11-30,0.0010054685483436021,0.0010049397036178132,0.0015388958804867237,0.001539673137631814,0.0039990730777259564,0.004003821899484228,0.00558548623083599,0.005597948981675316,0.002594398538167564,0.0025941189508971174,0.0025838440249321692,0.0025834881081605587,2009-11-20,2009-12-18,0.00166433479650685,0.0016644610557123851,0.0013390542833477959,0.0013388980486517266,0.004366382140512215,0.004370920861761274,0.0049815763390257395,0.004990418999049284,0.0023013523025319227,0.0023018772848437674,0.0014021272409083796,0.0014017684870675229
2009-12,2009-12-31,0.00059767785163789,0.0005973638075451593,0.0005303326380081685,0.0005302703136524922,0.003615223243463195,0.0036186093820420595,0.003852069082299403,0.003858846392192916,0.0008710630500545768,0.0008715990761636316,0.0009733288892559422,0.0009736590619502383,2009-12-21,2010-01-19,-0.000430651172550367,-0.00043042495226375266,0.0006354636495680133,0.0006353889679275859,0.0024327072589067633,0.0024351950244847487,0.0026683994196381455,0.00267259642742923,-0.00011970407582573284,-0.00011937447773657794,0.0013684255509076593,0.0013690681613907074
2010-01,2010-01-29,0.002169533240705457,0.0021693923006040894,0.0038507527686835186,0.003850300470496837,0.005004068224736091,0.0050081889426896176,0.004617217977771482,0.004618659083025722,0.0018582186974436254,0.001857987587352783,0.004231049452050772,0.004230870866092529,2010-01-20,2010-02-12,0.004999226048703953,0.0049995957603745644,0.006499992844569702,0.00650019031229343,0.007196985187978955,0.007200648535232279,0.008479670629449876,0.008480987368312487,0.006375167838553297,0.006375214324768175,0.007756508386375094,0.007757278659203282
2010-02,2010-02-26,0.00551973519623572,0.005519825947664758,0.006312434592331773,0.0063126472689429836,0.008200156934298208,0.008220596704666239,0.010010224130593492,0.01002261053209308,0.00745332743771443,0.007453287690075916,0.008594597249879987,0.008594915673059367,2010-02-22,2010-03-19,0.007560981913685927,0.0075609821527040655,0.008042742950750137,0.008042753133451042,0.009904375434443669,0.009931255553143892,0.012622798115582645,0.01264212374622864,0.01043394807603959,0.010433414158980359,0.01004449269949026,0.01004429899378545
2010-03,2010-03-31,0.0039698784850428215,0.003970766126035974,0.004855658553418296,0.004856034688933031,0.00719262250567243,0.0072020327400517115,0.005619005092501128,0.005618690970520035,0.0025401831534199726,0.0025409343162670073,0.001414294679067618,0.0014138888395358595,2010-03-22,2010-04-19,-0.0005703983018314762,-0.0005710847651548834,-0.0005709158355311494,-0.0005699088145897369,0.002226188819799857,0.0022316050601884907,0.0017056600109885967,0.0017028229313489351,-0.000950141264644766,-0.0009504154935076059,-0.0018213135652889179,-0.0018221058590432992
2010-04,2010-04-30,0.004139795350159625,0.004139591566877376,0.003318370714790353,0.0033179805003968887,0.007064654342133325,0.007079177673682713,0.010175956642280326,0.010192963675957456,0.007454988701774301,0.007454735998222661,0.00685291531828125,0.006853095004869747,2010-04-20,2010-05-19,0.008070062908597464,0.008070759941493755,0.008615355100090927,0.008616231200480051,0.01082907685402601,0.010842083566269256,0.01484889548546331,0.014869450656203265,0.012296742170603725,0.012295650966644756,0.0114301184180432,0.011431303597342346
2010-05,2010-05-31,0.002636068217237275,0.002635665009139476,0.0032258125015238726,0.003225434425699225,0.0056717476072314366,0.0056728354877710885,0.007434627182495657,0.007440942335240619,0.004597369635440662,0.004597169984075222,0.004588915817546946,0.004589878709974293,2010-05-20,2010-06-18,-0.006448877517348683,-0.006449403014288535,-0.005924264574857063,-0.005923573771348223,-0.0034801566474221834,-0.003485429934495188,-0.0036939848047826684,-0.003701747014133061,-0.006467812318833088,-0.006467140923667736,-0.005612678136306504,-0.005612857507507951
2010-06,2010-06-30,-0.0032606798296797024,-0.003260927095197097,-0.001897483544237577,-0.0018972618679338193,-0.00023719304429559163,-0.00023558526425193627,0.001091877631558713,0.0010987354082094836,-0.001707271791161702,-0.0017073412812026456,-0.0013898045858927732,-0.0013903365149822156,2010-06-21,2010-07-19,0.007253548895899131,0.007253680784840011,0.007787710283662985,0.007787742493072347,0.009922708794167345,0.009931595592435727,0.010782500199487899,0.010797553644219526,0.008293565492922594,0.008293730951789646,0.008757016006889717,0.008756820563471823
2010-07,2010-07-30,0.0041430498395809146,0.004142840987870544,0.004867916329527544,0.004867346547021256,0.007046231298253325,0.00705087124690662,0.005668101641306711,0.005669247986901604,0.0029171036410591267,0.0029176732416287265,0.003480736038165011,0.003480680604797115,2010-07-20,2010-08-19,0.0004023270360831166,0.0004021156566813566,0.0008253146162660041,0.0008252177606236089,0.003331303088767834,0.003335148528926135,0.0036944628278323677,0.0036934778377015753,0.0009212652042136504,0.0009215809726341728,0.0005005658971077853,0.0004997602253331568
2010-08,2010-08-31,0.0012345533856157331,0.0012348846592267204,0.0005200343707303379,0.0005209056489841046,0.004336885407321356,0.00434377569526645,0.005583689216558385,0.005633705928002941,0.00264863061687004,0.0026804157122690686,0.003233358217149762,-0.002261734764383516,2010-08-20,2010-09-17,-0.0031578617743133197,-0.003158159328111143,-0.003890065392939346,-0.0038896128071481684,-0.00039548162246327845,-0.0003930646253462733,-0.0020454475560834906,-0.0034490799007133033,-0.0046933368910574425,-0.006181943971915738,-0.003853062756978276,-0.010281876481505359
2010-09,2010-09-30,-0.0040924890788670565,-0.004092295744657859,-0.0038712177382996815,-0.0038707634419617998,-0.0011554304504943769,-0.0011111861095204345,-0.00250224601774085,-0.0035250332943562723,-0.005351906437922049,-0.006491092809888355,-0.006447714188742237,-0.006359216801554934,2010-09-20,2010-10-19,-0.0027835160864646546,-0.0027830360411017496,-0.0012028824315608588,-0.0012027419151351415,5.308430733341751e-05,9.738365015721229e-05,-0.0015523053813253362,-0.002494921793109728,-0.004299310137426571,-0.005364902309806019,-0.003578224424016785,-0.0039651578818310496
2010-10,2010-10-29,-0.011079994890389022,-0.01107908369957522,-0.009179845297585087,-0.009180633808742789,-0.008063196850336518,-0.008067422522807899,-0.013326483439162873,-0.016475454147609758,-0.016205367668623905,-0.019471329808865345,-0.014713982727224684,-0.01748151672508702,2010-10-20,2010-11-19,-0.01833548301520349,-0.01833475470884227,-0.016372840987976756,-0.016372797154323493,-0.015061236065104011,-0.015068322046761451,-0.01635197287040946,-0.01657193335602114,-0.019391607700019575,-0.019716228458131813,-0.01947660880510671,-0.01885728540565479
2010-11,2010-11-30,-0.021835944253557726,-0.021837361362697427,-0.020250266376366066,-0.02025072779001902,-0.018282702787886684,-0.01829804720720396,-0.021211392817798602,-0.020543054986025933,-0.02455648107555164,-0.023964454888428688,-0.024245914932119916,-0.022753325464203167,2010-11-22,2010-12-17,-0.00034775857467517213,-0.0003485862553954666,0.00047555083839800893,0.00047549521964351804,0.0022110664881747066,0.002206688443686211,0.004995758109615833,0.006425339433413724,0.0025720981965520195,0.003926491932635834,0.0026122861717368107,0.004674846283001077
2010-12,2010-12-31,0.004286709777558295,0.004287505520556678,0.004354929132462715,0.004355384756153269,0.00738864764453262,0.00739072655953299,0.010874484543348828,0.011324656738044503,0.007920147336713201,0.008247606154559772,0.007681285857074283,0.008966947627799593,2010-12-20,2011-01-19,-0.0015690968796000515,-0.0015692828791540325,-0.00029715089801884975,-0.00029711615228822374,0.0015344942287740526,0.001535754469030648,-0.001094244464928451,-0.002472001954708647,-0.0041134056841406474,-0.005609405185209471,-0.0025766112408959208,-0.0035637645616186653
2011-01,2011-01-31,-0.002564081815956465,-0.0025647557871282256,-0.0005706585591590541,-0.0005705917947941286,0.0006707439996205267,0.0006747658318135841,-0.002071940291715646,-0.002865520898704843,-0.005224074341986684,-0.006129402688171082,-0.003692395900523171,-0.004065212219809267,2011-01-20,2011-02-18,-0.0033620170076124056,-0.003362275291478256,-0.0023969153742122717,-0.0023966349289160638,-0.0002814666784192177,-0.0002753678974329876,-0.0009812431873424954,-0.0007048595578367234,-0.003949621444893192,-0.0037614357208887172,-0.002528810721391106,-0.00185322033115487
2011-02,2011-02-28,-0.002015975694715677,-0.0020149172799428516,-0.001662092393912129,-0.0016618978259075323,0.0009606318691290916,0.0009644643373951656,0.000911251864425644,0.0014523360674745245,-0.00193644399552928,-0.0014766966296394513,-0.0006224756884398719,-0.0050179819044445795,2011-02-21,2011-03-18,0.004933427225842779,0.004932867236709493,0.004873076708368007,0.004873471626752224,0.007517241379310313,0.007526564563487437,0.008207089776279375,0.010015351514284454,0.005751879210536437,0.007480634792163876,0.005729529290030788,0.0027814061886046737
2011-03,2011-03-31,0.0018625493453643394,0.0018615695072274896,0.0024290416099537193,0.002428756787928421,0.00516260312997141,0.005166707091262879,0.005405218725452965,0.006375719050860207,0.002267560117290346,0.003138624061585382,0.0017447853184664464,0.0036154864789519348,2011-03-21,2011-04-19,0.0003291929303539387,0.0003290199659438109,0.0009713536876954088,0.000971240179842292,0.003482712659277798,0.003483415895291664,0.004461789350036494,0.004177836653232125,0.0014833931598761119,0.001116266853440795,0.0025742981688030575,0.002750619491535211
2011-04,2011-04-29,0.0016623257549941428,0.0016624665732711819,0.0018171270214937252,0.0018169144669537562,0.004805558193410331,0.004810567800020316,0.006020041468635773,0.006086997169042263,0.003050098085100039,0.003036165028718063,0.003925156642204275,0.004498495839566408,2011-04-20,2011-05-19,0.0008596702268557355,0.0008582057831734158,0.001283260956522314,0.001284067988625015,0.004017330697158927,0.004022807390415384,0.004700062652948533,0.004803011098918786,0.0016859285074912744,0.0017213021074025114,0.0011453758789568003,0.0021097735548147867
2011-05,2011-05-31,0.000879904658432018,0.0008794425002478512,0.0005360134003351558,0.0005359508150279968,0.004378898938060205,0.004383389538144433,0.004165637486378548,0.0043448843614652954,0.0008061209598400065,0.0009186192705468166,0.0009915285858932421,0.0019357533450796716,2011-05-20,2011-06-17,-0.006714559881187521,-0.0067150739810853954,-0.005959328468158942,-0.0059595895822930345,-0.00351509636388736,-0.0035164674755951975,-0.005134715675077506,-0.0050886792084180454,-0.008228273084243565,-0.008211993856630961,-0.008481096288471712,-0.007622383790043652
2011-06,2011-06-30,-0.006143801164621099,-0.006142599305355434,-0.0053103863925535455,-0.00530976668018579,-0.002713482506790932,-0.002713903012410479,-0.003076179575961735,-0.0023029100079727804,-0.006381279727806222,-0.005631673101021861,-0.006507670776306096,-0.004901909109117586,2011-06-20,2011-07-19,-0.003907996573755512,-0.003907979750577439,-0.003406917360365358,-0.003406520779199562,-0.0005941779354111665,-0.0005923290098439615,-0.0005483397088127395,-0.00035951289271329845,-0.0037527145968105913,-0.003594174978466813,-0.0022882042207857944,-0.0016794887254309998
2011-07,2011-07-29,-0.010394919396622404,-0.010395556098156455,-0.009141541453355884,-0.009141430606002143,-0.006953566820654067,-0.006961469247176111,-0.007570490761127591,-0.0077317589679202214,-0.010903768898401833,-0.011083671341405643,-0.010133481753015539,-0.009675872244201411,2011-07-20,2011-08-19,-0.001160281870595803,-0.0011606965408579306,-0.0005100826004725834,-0.0005109906540970988,0.002293151625007761,0.0022953412502781934,0.004116304771526469,0.0040462035760302495,0.0007750354050264363,0.0006905409976003529,0.0013667667996406507,0.0019541194097880688
2011-08,2011-08-31,-0.0047830107458308735,-0.004783582227650407,-0.005472436894202848,-0.00547276477010783,-0.0009147789836525533,-0.0009259681814367537,-0.001686227194617973,-0.002266340247472187,-0.005486752460257316,-0.006038824038656521,-0.003933962172694927,-0.008855314890757526,2011-08-22,2011-09-19,-0.009472365341260613,-0.009472519335282703,-0.009426743942786864,-0.009427576168714369,-0.006066099823175852,-0.006085593766477104,-0.005700598628279763,-0.00534447540270544,-0.009040277828079812,-0.008635773210086795,-0.0089253827577086,-0.01267510576305797
2011-09,2011-09-30,0.0012185530122237331,0.0012189465615892736,0.0019656144350663762,0.001965384255066649,0.004695299466332736,0.00470338608434262,0.008692951589605702,0.010220965162952345,0.00533839973856054,0.006840915966062511,0.0038083762866529813,0.006439345253104634,2011-09-20,2011-10-19,0.011932204935127588,0.011932153545060054,0.013232475355969386,0.013231900496734061,0.01514307031279949,0.0151585815740789,0.018614556627133183,0.019083136588053717,0.015482396310370738,0.015894131124552402,0.015434290306085119,0.016602279871206882
2011-10,2011-10-31,0.01037967627384595,0.010379384025859695,0.01144229177016065,0.011441928414901437,0.013834427134085558,0.013844646638859981,0.01518758096654449,0.014274827740077267,0.011750762689107574,0.010808183973036067,0.013180335180364322,0.012712450987847124,2011-10-20,2011-11-18,0.011147807509349628,0.011148071746956534,0.011653452040341072,0.01165304609816431,0.014309690532569475,0.014313449560889202,0.01422721200140753,0.013455349069096512,0.011047565908773871,0.010259598323475227,0.011966446142386733,0.01169018367126995
2011-11,2011-11-30,0.010246481571351884,0.010246209239560544,0.011006599722451549,0.011007243153092316,0.013532741882019472,0.013534801502115057,0.0157293099489495,0.015276629114298501,0.012461410437291764,0.011996277533237398,0.0113782190838283,0.01187324678525159,2011-11-21,2011-12-19,0.0052903686371739145,0.005289609666423001,0.005221427190098771,0.005222725475908074,0.00842286874976339,0.008423822404053372,0.012450715476840069,0.012828189855517147,0.009370662073088676,0.009764857569911856,0.008537803111395181,0.009756236852875855
2011-12,2011-12-30,0.006548314934001098,0.0065489228492616736,0.0059944408776477776,0.005993738624230804,0.00988728805813266,0.009892977719926366,0.01326885523201482,0.01325297136682857,0.009975332683553884,0.00996857837861298,0.011071381599800922,0.011512262876495871,2011-12-20,2012-01-19,0.004144991209118265,0.004131753683141781,0.005609078421874303,0.0056027373888647425,0.0074968181573373815,0.007503972941506509,0.008357834599038494,0.008190685392210684,0.005026254951505882,0.004870826349763213,0.006819858092220299,0.006970883207793488
2012-01,2012-01-31,0.0040481111326573505,0.004035942888244826,0.006170823000495318,0.006164423766973126,0.007624643799098996,0.007640125498176831,0.007971594158983075,0.0074360875529710935,0.004385138926157994,0.0038645381779287558,0.005690783009068223,0.005636539599206625,2012-01-20,2012-02-17,-0.004404810052577424,-0.004403554061355508,-0.003592536794530199,-0.003592140814180911,-0.0011394028854095906,-0.0011260074711263446,-0.00401684076199138,-0.003959536694880472,-0.0073279686241278785,-0.007262260836768841,-0.005661648774876182,-0.005253218016966321
2012-02,2012-02-29,-0.004874373066161786,-0.004874872602195879,-0.004975456797187361,-0.0049758500018349805,-0.0014841969862728899,-0.001482497552546591,-0.0049719753242195575,-0.004393161415431779,-0.008404585944687737,-0.007806257060142263,-0.006443952501789085,-0.009760258278356249,2012-02-20,2012-03-19,-0.0005271444235147582,-0.0005248669517473603,-0.000636346727771131,-0.0006353330117333522,0.0026940014737979467,0.002692884144907426,0.0004927015128428636,0.0010668093688401825,-0.0027688620788064444,-0.00216255956326461,-0.0033494248986062347,-0.006199607655412609
2012-03,2012-03-30,0.001584816333261907,0.0015950598373581926,0.0014924399122695498,0.0014951132210185847,0.005002466796635963,0.005013842672513924,0.0034196787788662864,0.004132912128376853,-4.212927220215157e-05,0.000697606972934528,-0.0012343990874063016,0.0004240657802527803,2012-03-20,2012-04-19,0.0007467006484134231,0.000746313632528528,0.0011662689317863961,0.0011519605063712302,0.004184241156927726,0.004187007042771418,0.0019313956634596785,0.0022789998935819344,-0.001586770764582357,-0.0012049385814667524,3.0961930898687484e-05,0.0007543174750215265
2012-04,2012-04-27,0.001051191098911497,0.00104662761130081,0.0015619879743924425,0.0015655895133830366,0.004258693609022535,0.004257171748088817,0.002124231640692864,0.002123091027528057,-0.0011747703612982052,-0.0011416329855563623,0.0010418151401716536,0.0012508886029414246,2012-04-20,2012-05-18,0.01084427797482479,0.010848685167444971,0.011458876831934361,0.011473768918935479,0.013883629674105169,0.013902023107087214,0.015451718729289077,0.015803679899337064,0.012334938452957855,0.012696743098967067,0.013657971166713745,0.014347752204369124
2012-05,2012-05-31,0.015220749002066158,0.015217872906051477,0.016115056088239932,0.01610281667301483,0.018878132951188675,0.01890210000911563,0.020531599878439444,0.02019198029983582,0.01677512639465739,0.01643144627702231,0.018228246991388364,0.018310873754917134,2012-05-21,2012-06-19,0.004882194833035314,0.004871711916987431,0.0054727668032137355,0.005453498776345045,0.008114428500408888,0.008114249512657157,0.0070324692626850815,0.004694185992874411,0.0036728718734264643,0.0013365394773443562,0.004622979586699216,0.0027402744930073997
2012-06,2012-06-29,0.0005986746173816115,0.0005963912405531069,0.0013306707545666097,0.0013193983098340745,0.0039016769214681446,0.0039009652020518537,0.003071057711981018,0.0021818426996595974,-0.0003569612754901197,-0.001209326277965661,0.00033579336472322474,-3.425951303337449e-05,2012-06-20,2012-07-19,0.002095313021974965,0.0020972085295041243,0.0032960688508034686,0.0033115440909636806,0.005374114205725311,0.005382629567242336,0.00805177229482612,0.009269090692949344,0.004713997496958333,0.005979934535453424,0.004485077852877328,0.006355741300335227
2012-07,2012-07-31,-0.0017515071452407494,-0.0017535688135138505,-0.001062009886144466,-0.0010480121128332298,0.0019258968797613019,0.001922494753276549,0.0040687431797725715,0.004446355119060552,0.0003011126692189503,0.0007357435209671692,0.0005251332836095912,0.0015565463375788458,2012-07-20,2012-08-17,-0.009205616096609637,-0.00920583525922658,-0.008114658298762567,-0.008116563174009217,-0.005883083387108856,-0.005888419735021189,-0.004819636956845064,-0.005615267855768935,-0.00826112229617626,-0.00901154929550363,-0.006518064100106358,-0.006997613946510439
2012-08,2012-08-31,-0.011031898942504448,-0.011088539272527842,-0.0096610200938827,-0.009687817411913047,-0.0073334216632523486,-0.007399556352530645,-0.006061621907925807,-0.006285352596626215,-0.009918289886142295,-0.010066100695740987,-0.008712085697950345,-0.012071528684326371,2012-08-20,2012-09-19,-0.010623045877999004,-0.01088068909370099,-0.009744761805093538,-0.009742807812184728,-0.0070226120181091645,-0.007310608336565272,-0.008448391741385675,-0.008095585260460836,-0.012258840491286227,-0.011854722058045941,-0.01135661910167629,-0.014357467073442987
2012-09,2012-09-28,-0.004295369401768556,-0.0042144490827374925,-0.003866884740980625,-0.003462871776330423,-0.0010198759447541672,-0.0009535581605493171,-0.0019292075274169873,-0.0019142484114770264,-0.005371330232539995,-0.00536736269219984,-0.006523335645323369,-0.006524552700361785,2012-09-20,2012-10-19,0.004249093402468818,0.0040431022499956,0.0052784960956111515,0.005321677582928341,0.0075062844751792035,0.00731056779980932,0.006899539125451826,0.006918692137874549,0.0034654069001325283,0.0034669664486164375,0.0016428775135231,0.0016438816367474463
2012-10,2012-10-31,-0.0003013200832848728,-0.0005440936724515621,0.0006676709943032044,0.000731262113291109,0.0034916737011738697,0.0032413579194507935,0.0016686784526234177,0.0016525175060828623,-0.002361177924064095,-0.0023615666299856564,-0.002148588623680725,-0.0021486293892185593,2012-10-22,2012-11-19,-0.00042446397625417465,-7.022908728226973e-06,-0.00043468056142326184,0.0003190879340650987,0.0028057825061167385,0.0032067314746255793,0.003297784328545994,0.0032850966698310113,-0.00011665214233125276,-0.00011667124200942514,0.00012509020030315732,0.00012435994667603367
2012-11,2012-11-30,-0.000762569588242501,-0.0009150169242977402,-0.0005685513124606967,-0.0003709993124773048,0.0027106969427164174,0.0025497651226800144,0.0036765822157056594,0.003679836679436388,1.3748849761352488e-05,1.3751118506100113e-05,-0.0008661499075388601,-0.0008665887554916152,2012-11-20,2012-12-19,-0.0027897965125034396,-0.0032676853310324994,-0.0020266507389574695,-0.0022270189746895763,0.0006275895727556602,0.00013807438604507283,0.0004736894089094612,0.0004719818673024623,-0.003127150528674738,-0.003126685164668186,-0.003633876237304934,-0.0036344354993651518
2012-12,2012-12-31,-0.0004987129987129579,-0.0002885294948522521,6.958137400636666e-05,0.000588181682368738,0.003124876577929925,0.0033179733541008893,0.0027044796347237554,0.002707775231144849,-0.0011205158497508139,-0.0011197185381190966,-1.6851202941925436e-05,-1.606185894287293e-05,2012-12-20,2013-01-18,0.0035289403312068757,0.0033211353672224497,0.0052127496383824745,0.005169430967693511,0.006884982493328362,0.0066403925475806425,0.0055648033576909395,0.005570594991096023,0.0020196435668498047,0.0020199754218284127,0.00355166068945878,0.0035513331209089394
2013-01,2013-01-31,0.003926306555714687,0.003117420143763372,0.006014609191436149,0.005357194839439083,0.007505123455072038,0.006664889001067431,0.006783524576700284,0.0067883382338260745,0.003000570226320942,0.0030000796481322034,0.005715462643530289,0.005715279135971585,2013-01-21,2013-02-19,0.003425502343500808,0.0027048277715708835,0.004341487970148439,0.0038693634107236363,0.006740323062975673,0.006020139587851858,0.006543031577935787,0.006549302490282072,0.00300824470981631,0.003007756380565052,0.005375737368556122,0.0053754433258283996
2013-02,2013-02-28,0.0024750317395263455,0.001982933538644094,0.0029262393291800137,0.0005706930885425177,0.005692694229754824,0.0051965873720905,0.006839038858659663,0.006846370871150809,0.0034473902951601687,0.0034479580872608384,0.004376035596596717,0.004376009920709523,2013-02-20,2013-03-19,-0.0015273748731348125,-0.0015336840610834512,-0.0019404765341077823,-0.0037249771726474146,0.0016513007679486158,0.0016337589870156766,0.0029974946906254907,0.0029997848786220693,-0.00032938816880712096,-0.00032944226499864726,-0.001743293740824714,-0.0017434752962457445
2013-03,2013-03-29,-0.00026888249834822187,-0.0002611331779207582,-0.001242189720484066,-0.0008000082147868737,0.0031173122377115003,0.00312261964789573,0.003275255747075212,0.003282601813856978,-0.00029891307002294365,-0.0002989621324402947,-0.0016237843629195448,-0.001623798753715766,2013-03-20,2013-04-19,0.00405284509725834,0.003917020460447729,0.0039691353761672765,0.004185746593649009,0.007489721957538942,0.007357323372676694,0.008920399843105553,0.00892989694394819,0.005312690035724321,0.005312584949533905,0.006694550567119206,0.0066953951351542695
2013-04,2013-04-26,0.002824525479719453,0.0030113217290530514,0.0035324677263448567,0.003964939619687025,0.006054959476652799,0.006231814405163405,0.008560249720646285,0.008567969351081839,0.005202251703385619,0.0052021285432966025,0.006139941274163174,0.006140372244842984,2013-04-22,2013-05-17,0.00381837172008459,0.003735627876298331,0.003932154276764743,0.004123430761501901,0.006672808239907013,0.0065919319226435125,0.00831869198090951,0.008297037343218516,0.005324840615358317,0.005324737856810202,0.006017014008274035,0.0060184265340599286
2013-05,2013-05-31,0.0024925398282940048,0.0021102771996273084,0.0030058815982028086,0.0029759190639349065,0.0065436276140156124,0.0061606689713264995,0.008258164039009586,0.008219564588404449,0.004006893957289037,0.004007552320822061,0.006134765547511023,0.006134558010123747,2013-05-20,2013-06-19,-0.007250457693226187,-0.00756798639176659,-0.006514836257109136,-0.006554394043485567,-0.003611267471637203,-0.003946929045866798,-0.0017154041209999082,-0.0017329176409458524,-0.0054766869970129806,-0.005476614815949743,-0.004588888347770603,-0.004588564015012064
2013-06,2013-06-28,-0.00822183744690419,-0.007997188239593056,-0.007526017551128916,-0.007048460602101958,-0.004787601701085831,-0.004589239616275886,-0.0021912280860983957,-0.002191505019148998,-0.005700736506497939,-0.005701669442615409,-0.004826350424403381,-0.004826451359735806,2013-06-20,2013-07-19,0.0025542436169139204,0.0027238152414392758,0.0023273804656076535,0.0028483594409425272,0.005936564068368844,0.006094797564220045,0.0059692843414123065,0.005983199354385738,0.002469940548648797,0.002470347969523168,0.003281616811989574,0.0032818775453544724
2013-07,2013-07-31,-0.008564758640468684,-0.009014163106067175,-0.008622622054186513,-0.008668254491804084,-0.0044965071715479255,-0.004979839873076375,-0.006794080307497508,-0.006807093400333031,-0.011058842546114223,-0.011058714910127776,-0.010298477067551048,-0.01029862669477688,2013-07-22,2013-08-19,-0.010079111593550794,-0.01038333171709338,-0.008910186708869672,-0.008986239028128451,-0.006560846701529455,-0.006885370069506069,-0.01170116835382451,-0.0117139124976674,-0.015460506940490393,-0.01546107827937937,-0.013683160629941682,-0.013682863850865257
2013-08,2013-08-30,-0.008937123553002246,-0.009077926550124515,-0.008544995477841488,-0.010460436401338313,-0.00518185764004464,-0.005352723122897252,-0.009601112596055339,-0.00960897360473778,-0.013572219093268667,-0.013572481601517472,-0.01241023320512491,-0.01241008630774787,2013-08-20,2013-09-18,-0.003229607423502312,-0.003071308983092935,-0.003192492368051858,-0.004817585995716911,0.0003271064684633451,0.00045319106938324083,9.072733521886533e-05,9.46311700515956e-05,-0.00357161778391768,-0.003571203621592467,-0.004494356571793201,-0.004493911121906113
2013-09,2013-09-30,-0.0024932413055480662,-0.0021045057273423318,-0.0023147752216425843,-0.0015907004034854122,0.0012854829427588754,0.0016560097202609203,0.00030515191545577025,0.0003161465758487747,-0.003601445369427636,-0.003601040278339296,-0.004827925604127148,-0.004827746315917758,2013-09-23,2013-10-18,-0.0021144851443600787,-0.001820175663349466,-0.0014745314695306933,-0.0009621093101256362,0.0009467808781042919,0.001220794239888301,-0.001182796196286029,-0.001182572408624738,-0.004360181218466819,-0.004359895771241629,-0.003571746631473527,-0.003572190079523252
2013-10,2013-10-31,-0.011054771507439054,-0.010705528321714786,-0.009915861377953306,-0.009328532640323961,-0.007060076816095107,-0.0067977508544022625,-0.009440316099050383,-0.009456986973467307,-0.01354221347769824,-0.013541432876975845,-0.012709564288170605,-0.012710171005053894,2013-10-21,2013-11-19,-0.023802756054587593,-0.02350727180462797,-0.023312045145081117,-0.02272538322386819,-0.019810869805020115,-0.019598748699908852,-0.02590817177657656,-0.02596479817678632,-0.03010540615330426,-0.03010531273776884,-0.02937577546741965,-0.029375245881190115
2013-11,2013-11-29,-0.01348332972964017,-0.012980061416387079,-0.01416611272670254,-0.013256882677647575,-0.0096692752485803,-0.009210806412063177,-0.013703159319141567,-0.013733075950564388,-0.01769889935350466,-0.017699762222292192,-0.017151761665836762,-0.01715118531143467,2013-11-20,2013-12-19,-0.0004843696034908529,-0.00018440793986840287,-0.00096871728132919,-0.00028597199629021297,0.003106101333909095,0.0033926395720431657,0.0017408014622732892,0.0017538769105944763,-0.002000288872886502,-0.0020006173333485533,-0.000993755916673611,-0.0009940131498830107
2013-12,2013-12-31,-0.006842721232256155,-0.00677940144483169,-0.005538657900052368,-0.005227211951928434,-0.0027559330719445496,-0.002727806148986267,-0.004803975106920211,-0.004808026750431682,-0.00906782622360347,-0.009068283033831892,-0.0073533718900469225,-0.007353223723038815,2013-12-20,2014-01-17,0.0008120820941170948,0.001034944407344085,0.0018442044331499208,0.002285545079459883,0.004328458421237524,0.004481999031582529,0.002133846017975616,0.002137786410087106,-0.0014955098229462171,-0.0014947137789886877,-0.0002633854862803542,-0.00026283998103582285
2014-01,2014-01-30,0.008021811047650429,0.00822714090483756,0.008878239188477188,0.009335002482139254,0.011647116231268573,0.011796692998956138,0.009411205432937164,0.009427022184821388,0.005664087971246401,0.0056650218033948985,0.006435146937330272,0.006434956613920573,2014-01-20,2014-02-19,0.011098263215091553,0.011079018384213102,0.01254678861724945,0.012716474570964476,0.014609467515854346,0.014582892085784005,0.01465307721399034,0.014669876972153606,0.011010061151927708,0.011009777768497209,0.012105647500292305,0.012105245407961762
2014-02,2014-02-28,0.014884144808514188,0.01421978178527139,0.015942904327985064,0.013357348437058159,0.018184378128355938,0.01752208453779125,0.021133535796894032,0.021162132308203407,0.017769035733107508,0.017768836003760224,0.01802985039621685,0.018029506415016883,2014-02-20,2014-03-19,0.0038653616077568564,0.00374914401319959,0.0027626685116666216,0.0009406556389119913,0.007126176581293775,0.0069878248121286735,0.009289504081549493,0.009312160421217852,0.005949329088577704,0.005949273313701875,0.004845887204820487,0.004845552303864853
2014-03,2014-03-31,-0.006906132947445909,-0.006558352294028902,-0.008331729788877862,-0.007492285660296583,-0.002918488102744532,-0.0026144414114804837,-0.0030926952041480105,-0.003095665410053905,-0.007240187064498027,-0.007240355962079392,-0.007174445381966765,-0.0071747575637213235,2014-03-20,2014-04-18,0.004728770914319114,0.004297045897853957,0.004844681797094408,0.004741927134639834,0.008283614158391739,0.007851435475542123,0.00804037446362793,0.008050272075804665,0.004339240376477926,0.0043389267081510585,0.0041957312491185395,0.004196425873377985
2014-04,2014-04-30,0.006811771039683778,0.006084952296593782,0.0072712669111016925,0.006853975150957536,0.010520986232139817,0.009747524443506128,0.0118308663940212,0.0118551363231707,0.008074344755218066,0.008074644507177542,0.0074747722809802575,0.007474454150176113,2014-04-21,2014-05-19,0.008108267332002761,0.007422754632239403,0.0087013743202502,0.008284469309806974,0.011558562946775375,0.010819808024185695,0.017292572067680645,0.017305104665224613,0.013888775426844191,0.013889016554678113,0.014414140666243025,0.014413190417732258
2014-05,2014-05-30,0.009503340518131287,0.00900040713667205,0.010311580521185748,0.010070837572709213,0.013128733559533146,0.012625533680473477,0.018985262352079646,0.018979249380118413,0.015316562318893778,0.015316018303838774,0.016507519121697456,0.016507761863622017,2014-05-20,2014-06-19,0.007587093121876665,0.007517383757356555,0.007500903608727905,0.007764629197978934,0.011244291457345401,0.011159273444254492,0.012934653929857154,0.012928622438761694,0.009147271985535221,0.009147766655382972,0.010795660876301127,0.010794781453759894
2014-06,2014-06-30,0.005368548283189556,0.005084777007181129,0.006000100555044741,0.005997270771406216,0.00918957037559398,0.008888914862779984,0.009587556240437056,0.009592461309253064,0.005612674311406662,0.005612594525663539,0.007912493355903605,0.007912128118544803,2014-06-20,2014-07-18,-0.007146686087967535,-0.00716033005983574,-0.0068801951699953845,-0.0066081043538082085,-0.003466945685803746,-0.0035201443368719776,-0.007112222698334114,-0.0071150729644378075,-0.01101911336339334,-0.0110199186651182,-0.00964708904478817,-0.009647144980617695
2014-07,2014-07-31,-0.003691129084754552,-0.0037446161590122262,-0.0034475149791508564,-0.003187159168089093,0.00031085141174069797,0.0002278436529130623,-0.0025009523809523815,-0.0024933352451018687,-0.0067355249060797595,-0.00673463829006038,-0.005781234778829414,-0.005780691073818844,2014-07-21,2014-08-19,0.0052405761255363,0.004679667337583071,0.007129798208959759,0.006707346050393026,0.008837880017559696,0.008268530240008287,0.011333922368869764,0.011341950769502285,0.0076304706633207875,0.007630716482629918,0.008602777262628702,0.008603846807600402
2014-08,2014-08-29,0.003863041696144709,0.0034232214487783796,0.004573162077103232,0.002437339433631225,0.007511406114165231,0.007044813844590658,0.010213479934897629,0.010218969745692696,0.0064969759785638015,0.0064970352505346884,0.006561964161218015,0.006562601916675348,2014-08-20,2014-09-19,0.006255540723682174,0.006064418233486801,0.0056755948478128815,0.0036730104133200214,0.009998523330420506,0.009811234664738988,0.014779382027912069,0.014804120034226154,0.011020191168829019,0.011019998217574045,0.00964175434315373,0.009641669745105386
2014-09,2014-09-30,0.005368530991342713,0.005369587220627192,0.005054391697459915,0.005053785092184793,0.00943603639313606,0.009458791986448611,0.013667635515437704,0.01368977277520722,0.00960522390070273,0.00960480000479036,0.008677583455402482,0.008676398213143699,2014-09-22,2014-10-17,0.00810792479036726,0.008107172970949206,0.008392022796297027,0.008391357005799627,0.011219254259243527,0.011235855296744646,0.013332519298542733,0.013341882230639701,0.010228103733713079,0.010227804703760945,0.010111267610868113,0.010111722152679192
2014-10,2014-10-31,0.015635210125004795,0.015634425543088692,0.01579918595486296,0.015799963693380326,0.01933265320037081,0.019366350973096802,0.02294693122012137,0.022977697423052224,0.019251049378872453,0.019251242804879,0.018381561463027163,0.01838258706654039,2014-10-20,2014-11-19,0.01046791248440715,0.010468761288561668,0.010140878492995054,0.010140383846089396,0.014120653918681114,0.01413737864411413,0.018769076691206532,0.018789399446312638,0.015161729998273143,0.015161288119120098,0.015154041505271554,0.015154232922131694
2014-11,2014-11-28,0.0076519407724047195,0.007652455154376625,0.007344020297543441,0.007343756510627575,0.011073145686279151,0.011079255612125527,0.016738611036169138,0.01674722341794177,0.013369961416393572,0.013370213112623652,0.014472443312542937,0.014471696187259298,2014-11-20,2014-12-19,-0.012518880039060098,-0.012518637213156047,-0.011339041759986901,-0.011338596331028294,-0.008602906458859083,-0.008593452484188635,-0.010950336419838336,-0.010940699413839572,-0.014967251019707195,-0.014967774966581526,-0.013045163423671124,-0.013045155184188584
2014-12,2014-12-31,-0.010392965795627762,-0.0103929322909031,-0.00800762019902268,-0.008008118423084465,-0.005876854357656169,-0.0058658464758553075,-0.009812563834854404,-0.009804957773593803,-0.01432747558740921,-0.014327906255622636,-0.01246241067482945,-0.012462267828167839,2014-12-22,2015-01-19,0.012870420028643359,0.012870637310956834,0.013538178592493733,0.013538734035611233,0.016450043514859125,0.016471398949422733,0.016788896554404742,0.016803377665803865,0.013461320780493002,0.013460600027327185,0.01367160886944463,0.01367129636893405
2015-01,2015-01-30,0.007049350447001723,0.007048436100085764,0.0073456363817661074,0.007346291271923988,0.010868734718826545,0.010879181164004326,0.012874477017751795,0.012886531105513521,0.009207034003118064,0.009206602887816828,0.009376310286837386,0.009376531775565411,2015-01-20,2015-02-17,0.0055900867410161315,0.005590938447016747,0.007217325979808287,0.007217720469179456,0.009194712308359776,0.009199046822169654,0.01208373358710757,0.012091343027882173,0.008673613771515543,0.008673107878097053,0.010544557045611747,0.010544428259286143
2015-02,2015-02-27,0.0051731405307029465,0.005173034217175854,0.007147256582661798,0.00714645777068057,0.008839103447561225,0.00884191021439884,0.01109717401343735,0.011099587285635204,0.0076801280534377625,0.007680429480611206,0.0076591618894521485,0.007658891070416729,2015-02-25,2015-03-19,-0.00874133457416193,-0.00874549435608829,-0.009710918123168044,-0.009714141804936127,-0.0051551091860218,-0.0051636424839003325,-0.006086473143201765,-0.006090651391400637,-0.009083575377655806,-0.009084111721699095,-0.0095614158037437,-0.009561325106677399
2015-03,2015-03-31,-0.01808286326308517,-0.01808562189103924,-0.019055445440034458,-0.019057778881905962,-0.012397797773121222,-0.012445737312253957,-0.01607557293207562,-0.01610476636311986,-0.020660588993365425,-0.020661117571688425,-0.020433128674162693,-0.020433027483193533,2015-03-20,2015-04-17,-0.0030968308931498267,-0.00309694082431633,-0.003238408553510874,-0.0032390901804715266,0.0014535933057053807,0.0014208804957995813,-0.0025169597398886356,-0.0025301755512547874,-0.0063370478893169935,-0.0063371283030515535,-0.0074672155650881145,-0.0074670403367391724
2015-04,2015-04-30,0.012484248985604518,0.012484615802969445,0.011264422626441783,0.01126427470752267,0.017170041840697037,0.0172025756017129,0.018178866872593957,0.018226051151920775,0.014624132596814388,0.01462459224480317,0.011909456725748502,0.011909697462175961,2015-04-20,2015-05-19,0.009286919604791555,0.009286254291767548,0.009512295206122845,0.009512683424344859,0.013628415551128148,0.013647283156775769,0.012079048492551925,0.012092796300028574,0.008512951249428857,0.008512427547666457,0.008000259877604776,0.008000298702102837
2015-05,2015-05-29,0.0025655072757191366,0.0025654084659474385,0.00401449843080437,0.00401431526922158,0.006608332260714667,0.006603287170627192,0.003107882892290137,0.003095760506747869,-0.0006263749987990286,-0.000626477916172985,-0.00020568743809079582,-0.00020576412693651402,2015-05-20,2015-06-19,-0.005673324444041783,-0.0056734732553180844,-0.004496875653747789,-0.004496741095065149,-0.0011197041742763147,-0.001127996576619883,-0.0015176612507791232,-0.0015250704573230855,-0.005443274172842849,-0.00544321330962072,-0.005634385604776138,-0.005633942856109853
2015-06,2015-06-30,-0.001547244410171289,-0.0015468157324752818,-0.0005829545194965258,-0.0005832331474507901,0.003047350448289299,0.0030493375628661834,0.00362665190358169,0.003629383356400284,-0.00048353389255362256,-0.0004836133900337769,1.4437175727355367e-05,1.4570369877953127e-05,2015-06-23,2015-07-17,0.0038211257204878724,0.0038219205573029047,0.0033754502733640557,0.0033757558518299202,0.007130615687712005,0.007133738471027495,0.005960487678388304,0.005962901521388897,0.002980949390124943,0.0029814390053672923,0.004001723264613011,0.004001346213320156
2015-07,2015-07-31,0.0067666712934504325,0.006765257105606937,0.006354070765149045,0.006354161218604215,0.011089036954520903,0.011104308952072817,0.012681889842918181,0.01270010859284687,0.008937682434804417,0.008937228737649017,0.009809919279306634,0.009810269229193036,2015-07-20,2015-08-19,0.0016731784072130385,0.0016730481928903806,0.0030314402620448266,0.003031455464299171,0.0058058448817361885,0.005818049414577642,0.006506072585710232,0.006516622689458185,0.0027450263738766356,0.00274547819072124,0.0029948417684904083,0.0029953155762745265
2015-08,2015-08-31,0.0005721629433401709,0.0005734725986699107,0.0014354019170792487,0.0014351336023676886,0.004910151416956499,0.004916424330600133,0.007657637643887272,0.007675087759350552,0.003733861558289142,0.0037344774162793026,0.0033856414490438524,0.0033853123974216803,2015-08-20,2015-09-18,0.00043059659799138394,0.00042960629299160225,4.358904970436228e-05,4.283560787365914e-05,0.004981123113046104,0.004991129369743108,0.009336442600493378,0.00935582645531885,0.00577919413779604,0.005779188432461835,0.005612074723934324,0.0056124106562702725
2015-09,2015-09-30,0.000944857710334146,0.0009440597726955158,0.0003429140619257698,0.0003432465110859706,0.005637200008911547,0.005655353217102865,0.007344621121540662,0.00735345440148838,0.003704776512039931,0.0037053852992803282,0.004740290330538022,0.0047399839304298474,2015-09-21,2015-10-19,0.00453913228497238,0.004538655582487117,0.0041465439110464075,0.0041469912439242584,0.008731121800026331,0.008746111243358445,0.01161212435179948,0.011619316886315012,0.008332977588046964,0.008333404494136776,0.010369636693736917,0.01037019356737523
2015-10,2015-10-30,0.007491745215765011,0.00749213532755677,0.006745292215889265,0.006746074725610729,0.012131183285925218,0.012153087282804176,0.016063549306535307,0.016072228763036378,0.012573022502379683,0.012573188239157318,0.01322401949922436,0.013224370625867676,2015-10-20,2015-11-19,-0.00255583289478456,-0.0025567685117702244,-0.0027130812632005785,-0.002712937473639321,0.002082667111587,0.0020978996609208878,0.0016917681736956514,0.001699794179175651,-0.00201437686322814,-0.0020147081210403206,-0.001868270250652393,-0.0018677680526522078
2015-11,2015-11-30,-0.004423167952527951,-0.004423506210712302,-0.0037599098486397198,-0.0037608769352468485,0.00028743295871036523,0.0002950971712829542,0.0012498629290877972,0.0012660435384828084,-0.002513656912930373,-0.002514068033110939,-0.0020696834241625828,-0.002069355180450705,2015-11-20,2015-12-18,0.008957781126766706,0.008957592980445295,0.010131503820045573,0.010130925245086964,0.013270950253443381,0.013286343326435635,0.01738898347465012,0.01738199521030981,0.0142382342368792,0.014218932789472616,0.014710632795742029,0.014772623299882381
2015-12,2015-12-31,0.012307942666848426,0.012307613702463582,0.013762716339394077,0.013763595032510123,0.017036018418064236,0.017054009366426648,0.02021144035359268,0.020140087969483522,0.016773399383960497,0.01668713909728292,0.017630548279985003,0.017803810413526078,2015-12-21,2016-01-19,0.004612226139964148,0.004613042923599986,0.005327372453249879,0.005327813251610358,0.008744439778922475,0.00875580321517666,0.009264901205394915,0.008584446065718732,0.005987087942580294,0.005298580416986942,0.0069894202958720175,0.0065844583746352825
2016-01,2016-01-29,-0.003429114840968861,-0.0034282275520008954,-0.0031038727055423543,-0.0031043779965125307,0.0009331083606054502,0.0009269539826666229,0.0019416135712491123,0.001729251715570923,-0.001464939573545987,-0.0016523837917092887,-0.0006977242989809618,-0.0005797474317710272,2016-01-20,2016-02-19,-0.0033761148827897713,-0.0033751065031450977,-0.0023691169825045266,-0.002368756742637479,0.000886375171558873,0.0008829572275144137,0.0007482284831099584,0.0008509705155081981,-0.0027881425725445608,-0.002653631156318448,-0.001105663991636141,-0.0007687915741831919
2016-02,2016-02-29,5.053022727907752e-05,5.0645831750628645e-05,0.0013393576093765347,0.0013388239181657546,0.004202992666541672,0.004207411372997516,0.0027802285625573298,0.0027543784894075163,-0.0008276595136093023,-0.0008317132924585691,0.00015946804906796785,0.00046006640958595746,2016-02-22,2016-03-18,0.00310809445342608,0.003107413679436899,0.0033756887861546847,0.0033753669949367904,0.007060797742709957,0.007069069415378548,0.006228603487560047,0.006093454032621848,0.003349987910511887,0.0032308671078522533,0.003823556760144786,0.003985212672072969
2016-03,2016-03-31,0.0028266346917180663,0.0028262838555108694,0.0028475773255287606,0.002848034578152747,0.007613149483612691,0.007623948459849483,0.008886674458360888,0.008884920423059217,0.005320986035412867,0.00533996055081043,0.006531976433518327,0.0068126321865358275,2016-03-21,2016-04-19,-0.007335934646134024,-0.007335238766732033,-0.007662429063955978,-0.007662478977358611,-0.003277945111914815,-0.003282851102019646,-0.0015625719587684106,-0.0011432377837109486,-0.004987496756885146,-0.004536658743470756,-0.005384507167905284,-0.004503475592979256
2016-04,2016-04-29,-0.014668891369393755,-0.014669435132058983,-0.014809548247302184,-0.014809568902230175,-0.010154673727157615,-0.010178025776859112,-0.010882168912442203,-0.010642095026111131,-0.014472132304040652,-0.014184169052137263,-0.015472599285366262,-0.014666724227249128,2016-04-20,2016-05-19,-0.002860561788525673,-0.002860247652960557,-0.001648075985923536,-0.0016486342594681513,0.0012627185853053557,0.0012518199319053736,0.0013217335659381213,0.0009620336597575552,-0.001994727095182114,-0.0023444320434782284,-0.0024053410507214323,-0.0023130186419014764
2016-05,2016-05-31,0.0022204543376054264,0.0022206079912319154,0.003361482850740005,0.0033618662351182493,0.006233024524884279,0.006234726025380555,0.006374433653775657,0.005783810896618835,0.0029099002785937245,0.0023043579585178,0.0033588420952843645,0.0031264978579808034,2016-05-20,2016-06-17,0.0001461082259912594,0.00014742550834778712,6.935999639678947e-05,6.961137865779676e-05,0.0037807247081875772,0.003785273983210935,0.004617458327968338,0.004632994087365283,0.0015980006410583059,0.0015954479526942844,0.0013886625497994132,-0.0005739831020074027
2016-06,2016-06-30,0.0033919858080175835,0.003392864167420573,0.0034773078174530347,0.0034772445821833475,0.0072350492954385,0.007248941666896602,0.009925292968484989,0.009986542072303983,0.006780599826581524,0.006799526051364246,0.0060858326911759075,0.004211285826721367,2016-06-20,2016-07-19,0.004922046355479548,0.004922496960906075,0.005241605684246142,0.005241613238011533,0.008359032851563919,0.008370716289023639,0.010721957769486812,0.010576114518189517,0.007740678909293308,0.007551856358791076,0.007575705115332232,0.0077726593299010105
2016-07,2016-07-29,0.004387731952310903,0.004386988013211912,0.004580823236809639,0.00458029580363406,0.007804424085884776,0.007812984470680684,0.008958113416047242,0.008736378958974056,0.005985376259915354,0.005724536803958902,0.005901692450313911,0.0060142553683797395,2016-07-20,2016-08-19,0.004453604709433456,0.004454025234916115,0.005437887892818294,0.0054387246905156506,0.007984577377234015,0.007992513721417183,0.010327555621317375,0.009971672780019647,0.007283554867516084,0.006889907775713633,0.00805768582233446,0.007945047405189642
2016-08,2016-08-31,0.000544244974496344,0.0005445145525904138,0.0014350383615706619,0.0014357527561965622,0.00462925076029852,0.004629829807190289,0.006144741012617194,0.0056885881488810686,0.0027445629483084932,0.002258594876599185,0.0034011857470530593,0.003242497293595603,2016-08-22,2016-09-19,-0.002925288159816075,-0.0029251688102659434,-0.0031004851190078453,-0.003100991458860891,0.0009891387180454014,0.0009888727016562626,0.0014378954410629863,0.0012038775638549826,-0.0014362283584841151,-0.0016937338243395716,-0.000827386140771269,-0.0008240906001253379
2016-09,2016-09-30,-0.0001936419278560919,-0.0001940849916708398,-0.00039552088225258686,-0.000396058057451798,0.0037971854924288007,0.0038039933653586377,0.005402514890800791,0.00542178661030035,0.002394805185297777,0.002382721966588841,0.0033606343976337882,0.003586246602072185,2016-09-20,2016-10-19,0.0023932482746802375,0.0023928674593447496,0.002969268119639379,0.0029683702660772138,0.006264415789820399,0.006270274198556525,0.007650012583819699,0.007720575235366844,0.0047790096393447445,0.004820476593969003,0.006469740290277803,0.006658175529183907
2016-10,2016-10-31,0.00025791482192683013,0.00025850506035851595,0.00046981106628352087,0.00046972092839814295,0.004706182958277072,0.004706464379947262,0.006600475840910391,0.006768473840578215,0.003521091401398113,0.003665240736558717,0.004238405638049336,0.00465035592613372,2016-10-20,2016-11-18,-0.009359850320069918,-0.00935985519375615,-0.00939933318610231,-0.009399435336764794,-0.0053407940442319335,-0.00534873407096037,-0.0072212838721694705,-0.007496712404322259,-0.010266402978129419,-0.01056517786536093,-0.010438695924340546,-0.010379015914263268
2016-11,2016-11-30,-0.012915768251768878,-0.0129160612059801,-0.01211382658185467,-0.012113826965808983,-0.008970973949356975,-0.008988041112573675,-0.011780351223758645,-0.011826022167120365,-0.015024707620426958,-0.01507927687971744,-0.015352957920204968,-0.015020831873022167,2016-11-21,2016-12-19,-0.02888862735867559,-0.028887892799849046,-0.026914659453682988,-0.02691469145108949,-0.024790514094184313,-0.02481227321273216,-0.02949615825612506,-0.0285774102928249,-0.03286428975041,-0.031910400212018186,-0.032011475376182874,-0.032834524972640056
2016-12,2016-12-30,-0.015108500860554708,-0.015108492253093964,-0.013295305434157911,-0.013295421564359367,-0.010933875796017012,-0.010930617986522617,-0.01400233989952182,-0.012700895421863923,-0.017343960692317584,-0.016041707514677483,-0.01610598287362741,-0.016709625348225732,2016-12-20,2017-01-19,0.009244207304412555,0.009245056427633846,0.009986003096003948,0.009985915152282088,0.012954320607449166,0.012970320432566407,0.008342292424743825,0.008764294308482468,0.005357054486069268,0.00574599922307617,0.00641649962104851,0.006842952715321982
2017-01,2017-01-26,-0.004274697613435574,-0.004274447411556803,-0.0038064045779433453,-0.0038064125320226294,-0.0006035429754334132,-0.000608416804583789,-0.007243412151278994,-0.007250270832662942,-0.010179884413056506,-0.010179537719275933,-0.009061885428316763,-0.0090625375105029,2017-01-20,2017-02-17,-0.006954920400565001,-0.006954748893151397,-0.005158247094988688,-0.005158525930270108,-0.003511257447510574,-0.0035145541592797036,-0.0037985219943372783,-0.003802869006725218,-0.006782870579689071,-0.006783261962936549,-0.004834629306995519,-0.0048344667580504375
2017-02,2017-02-28,-0.005699271458209476,-0.005700221540953843,-0.004306381977184692,-0.004306303978740655,-0.001156560780444571,-0.0011550201206961264,0.0012720189894264156,0.001273296270706048,-0.0022817695821029105,-0.0022819017557254018,-0.0016484030433684405,-0.00164863353130007,2017-02-20,2017-03-17,-0.006149670250440109,-0.006150579381136612,-0.0057370282746948,-0.005736528830755261,-0.001835877055387125,-0.0018360469383553735,-0.003441429230747528,-0.0034413531346544346,-0.006331943781167415,-0.006332311246036393,-0.007447248655357841,-0.00744724423470744
2017-03,2017-03-31,-0.005362952059959847,-0.005362055251865616,-0.0049639705855195615,-0.004963427619306238,-0.0006285902010205735,-0.0006234703309202505,-0.0018208029573600903,-0.001814446294439831,-0.005329643189905697,-0.0053299526205281555,-0.005538515932293375,-0.005537529318037193,2017-03-20,2017-04-19,-0.0051591194425102405,-0.005158699025624491,-0.006102931281699031,-0.006102695170748684,-0.0006641505721031171,-0.000668072683169374,-0.0035985547188647216,-0.00360157068800504,-0.006997073933480369,-0.006997482899140595,-0.00784628015516442,-0.007846728434963701
2017-04,2017-04-28,-0.01005601241603482,-0.01005559047433735,-0.011518817254191571,-0.01151864935268132,-0.00469757904735757,-0.004715033386263556,-0.009161205837630693,-0.00917682605487824,-0.012409018234147529,-0.012408785665211641,-0.013049692289642367,-0.01305026509612528,2017-04-20,2017-05-19,-0.015345728799417535,-0.015344977602051446,-0.014898496226549152,-0.014899028740138265,-0.01004235341001758,-0.010054345538868081,-0.013353558895959017,-0.013361543516621555,-0.016856070851719918,-0.01685704790574194,-0.016145509779771028,-0.016145648811524693
2017-05,2017-05-31,-0.01160067556814981,-0.011601486768501146,-0.010641983073839567,-0.010641916242136285,-0.006336925248281777,-0.006336169459224661,-0.009212049719291349,-0.009212723465005346,-0.013014480341188017,-0.013014268024935549,-0.011911001601221827,-0.011911178819480783,2017-05-22,2017-06-19,0.008064080341517954,0.008063785354574193,0.007611871443948814,0.007611829106338952,0.012231136124831288,0.012250961004206973,0.01584248542366362,0.015864186039317385,0.012994258556816796,0.01299402894603241,0.01159504225846164,0.01159529328457709
2017-06,2017-06-30,0.010709507466531543,0.010710069151627533,0.010511643177252727,0.010511640132028655,0.014657550325723356,0.014685182545016717,0.01596726292186368,0.015994128493708848,0.01284743183881809,0.012847194271723872,0.011459419455037256,0.011458650517598645,2017-06-20,2017-07-19,0.0026691408393995086,0.002670087791908582,0.002758520732669023,0.002759072777746896,0.006505601099909164,0.00652035036254639,0.005125647707842962,0.005133979983399151,0.0020670801473936518,0.0020672005155384365,0.002311759021228932,0.002312371414754155
2017-07,2017-07-31,-0.0002764628378447709,-0.00027709534036901573,-0.00042443028216154755,-0.0004250258219677949,0.0038247415226664305,0.0038293390487202927,0.00449494894692859,0.0044979672439600105,0.0012269665142812247,0.0012270378666212611,0.001776077293153655,0.0017771795233265664,2017-07-20,2017-08-18,-0.002943649694392425,-0.0029431831863971913,-0.0023036826079001482,-0.002303557234827225,0.0010207847740142384,0.0010222358520335373,0.0018326090859341893,0.0018348435548758424,-0.0013087332778347616,-0.0013088092933204454,-3.4198587598344155e-05,-3.451749537419779e-05
2017-08,2017-08-31,-0.005382749910818663,-0.005382703633943109,-0.004636896961498493,-0.004636731245893033,-0.0008731751829872403,-0.0008770326857141519,-0.000366196498448601,-0.00036631854715585277,-0.0037712507949537732,-0.003771469837437702,-0.003293994890799734,-0.0032947508236877976,2017-08-21,2017-09-19,-0.0021449897695733355,-0.002144735021447408,-0.0017576263388022761,-0.0017573862633019077,0.0020244640733744212,0.0020217727667262153,0.0030094928899178086,0.003011994577978294,-0.00018818781920382222,-0.00018819877282749697,-0.0001531371496311662,-0.00015365591984439764
2017-09,2017-09-29,0.0012485775208501693,0.0012483269311254208,0.0016393458094752233,0.0016396035777646034,0.005185404121595072,0.005190097898054802,0.005932071059500776,0.005939341539932919,0.0027769599769913444,0.002777121879503186,0.0031947786126718114,0.0031954236577946826,2017-09-20,2017-10-19,-0.0017730166892812038,-0.0017739671867820217,-0.00044212123925913005,-0.00044277719697438656,0.0016442043454287791,0.001646671762320917,0.0008225388566169833,0.0008259001424353318,-0.0023400709006556886,-0.0023392368906680616,-0.0005334501156559757,-0.0005329680773950018
2017-10,2017-10-31,-0.00673680124784648,-0.006736699648317579,-0.006311092182650357,-0.006312211931451817,-0.0030921033032822454,-0.0030998602988918655,-0.007619647152219966,-0.00762807526567888,-0.011264087376373522,-0.011263773267143451,-0.009219160164016138,-0.009219778304011106,2017-10-20,2017-11-17,-0.007318024267913281,-0.007318180687218567,-0.007778339489102559,-0.007778134326874797,-0.00409737299384505,-0.004106544598135864,-0.007230928258650571,-0.0072403625230929025,-0.010475368976687216,-0.01047500770721721,-0.009849023707073412,-0.009848971517691485
2017-11,2017-11-30,-0.005978072778255239,-0.0059771705004030284,-0.005458900368667918,-0.0054577516727746245,-0.0025461006918907625,-0.002551398276100292,-0.002710572749217932,-0.0027139741556134744,-0.00612201298294035,-0.006122366975480187,-0.006292277659236456,-0.006291388907726958,2017-11-20,2017-12-19,-0.0033813539800224834,-0.0033817772665586388,-0.0020445677736178336,-0.002044341792569071,-8.8044449711e-05,-9.10417676314168e-05,-0.0008969285481246203,-0.0008986151042041923,-0.004179845473571531,-0.004179104477611828,-0.0036095985073281156,-0.0036092385472193955
2017-12,2017-12-29,-0.0013205343616006227,-0.0013214594109708377,0.00028888755409495204,0.0002880206379705097,0.0019445473892578669,0.0019461139458336607,0.0014240963175387034,0.0014257323548003686,-0.0018152793074921458,-0.0018153849187958482,-0.0006460042762375107,-0.0006464946800219806,2017-12-20,2018-01-19,-0.0017305545412409362,-0.0017303197106485202,-0.0001944470127124287,-0.00019419519008179176,0.0016656880449352762,0.0016659993413747909,0.00025268518679189,0.00025131479886697505,-0.003119103546536217,-0.003118297832002903,-0.002054693057935597,-0.002055393168932662
2018-01,2018-01-31,0.00024603001775602706,0.00024659308049312934,0.001749028264677932,0.00174867151664726,0.003938579641757256,0.003941844334618638,0.001593868618835259,0.0015953047048227198,-0.002091219446661463,-0.0020913413331832276,-0.0010496355076697883,-0.0010492724306205847,2018-01-22,2018-02-14,0.0028181349603786376,0.0028182827165976754,0.004666364914119647,0.004667020518632103,0.005335814833520969,0.005339286802466203,0.006380511384243892,0.006386265927080803,0.003915914844706103,0.003916143787481952,0.0061083568593400805,0.0061070129312459365
2018-02,2018-02-28,0.004897409784143436,0.004898124466284015,0.0058678064185258005,0.005868068254848868,0.007935054663464669,0.00794065053507187,0.009340757746855166,0.0093501232000337,0.006371936159871527,0.006372308325875764,0.008190817022328156,0.008190519653644257,2018-02-22,2018-03-19,0.0029938055593277113,0.0029943755993986354,0.0030019039239037593,0.0030032687668613,0.005722346749722496,0.005727384428384497,0.0067136167672470215,0.006721011872533156,0.0040254795680754185,0.004025714026227201,0.004201653877374145,0.004202217704301958
2018-03,2018-03-30,0.004157978172697696,0.004157049184092765,0.004445890672710506,0.00444681574195549,0.007412936167325412,0.007424969951774774,0.008273292591401304,0.008284146603317888,0.00504304341325601,0.005042352415774554,0.00443026597937024,0.004430345530298974,2018-03-20,2018-04-19,0.016500918279381827,0.016501112909436344,0.014923073724086189,0.014924042287790318,0.019500971173687542,0.019534056160342983,0.022582656250751176,0.022635140363056472,0.019641436219853592,0.01964060984918814,0.01791956417066487,0.017919182008881318
2018-04,2018-04-27,0.011202459562232647,0.011202102564475735,0.009298812645029075,0.009298483396375623,0.01407963376982857,0.014098488486951277,0.015584584064613827,0.015619108514328683,0.012730787110665442,0.012731534723479765,0.011855631899666763,0.011855803651251717,2018-04-20,2018-05-18,-0.006872943723165381,-0.00687225266407554,-0.006270453455732072,-0.006269820950359106,-0.003654929686751629,-0.003660229033882967,-0.005948209322656162,-0.005959313925182341,-0.009235019099961272,-0.009234598487132595,-0.007528633117614758,-0.0075287316028755935
2018-05,2018-05-31,-0.004305171745271563,-0.004304743339830885,-0.0032610825487763284,-0.003260727061599855,-0.0004740354449960238,-0.00047252660512719924,0.0001816616016061534,0.0001840595056015193,-0.003672267518890493,-0.0036724804609543638,-0.002295645152213699,-0.0022963157970659065,2018-05-21,2018-06-19,-0.00038759010696864937,-0.0003874435236491669,-0.0009815573981610815,-0.000982294263401462,0.0028197653040573645,0.002825688744815036,0.005021262169397245,0.0050283786532143715,0.001796190211589055,0.00179726640637079,0.0005540374809045456,0.00055377499000131
2018-06,2018-06-29,0.0018409831488743755,0.001841065360401739,0.0014163550155164017,0.0014158503839800662,0.005002507952567514,0.005016522075007135,0.007760828100824346,0.007782925035171306,0.004576215126728567,0.004575511459148807,0.0030314940538489488,0.0030317516114370946,2018-06-20,2018-07-19,0.009599955449771658,0.009599174762449536,0.00868993671948326,0.008690374246002941,0.012615578124790972,0.012638239124241002,0.013933269474038168,0.013959864866838867,0.01084887815382829,0.010849509618462871,0.009948063542830177,0.009947642557996295
2018-07,2018-07-31,0.010697568239030009,0.01069730913048672,0.00983035256901621,0.00983032878781498,0.014022082767453758,0.014050771146047136,0.010493326041035145,0.010509092870956804,0.00700491744238918,0.007005330037464841,0.006682870269126839,0.006683027380772089,2018-07-20,2018-08-17,2.8592143287431426e-05,2.8657576756296876e-05,0.0007573758182446433,0.0007573221015875209,0.003081395440992951,0.0030942517996395136,0.0011958463651575713,0.0011974668021874635,-0.001980456426120547,-0.0019815300290561,-0.0014324511422333375,-0.0014323721480207219
2018-08,2018-08-31,-0.0028091288037954687,-0.0028094384896131253,-0.0025336399250552866,-0.0025335319032705472,0.000625231372417101,0.0006267550062648564,0.0003197085409467615,0.00032188147163991765,-0.003229282922769472,-0.0032285129375441146,-0.0037523917951010066,-0.0037515862802198763,2018-08-20,2018-09-19,3.065704171856254e-06,3.0727189672674626e-06,-0.00041346771188821574,-0.00041403349754809415,0.003278216852385052,0.0032856908164939913,0.0025902292370900692,0.002601970975008694,-0.0008310958909387711,-0.0008311439159880418,-0.0011589971381138486,-0.0011590234014910994
2018-09,2018-09-28,-0.0001428416926332332,-0.00014316860762386696,0.00017911384123081575,0.0001788315592994305,0.0029129453435179364,0.002919512691082815,0.002841516352335649,0.002857510896569826,-0.0003472529502070998,-0.0003482349681778185,-9.078109118865196e-05,-9.162757522895859e-05,2018-09-20,2018-10-19,0.005148068298796549,0.005148576124131443,0.0069267893508402345,0.006926692966074954,0.00822608116386081,0.008232942830735723,0.010451967672609808,0.010468817380947515,0.007265519885418348,0.007264975813958019,0.008203542767333039,0.008203517825455586
2018-10,2018-10-31,0.0058604074018893115,0.005860525626759205,0.0069415061425972535,0.006941521360962932,0.009362155659003113,0.00936966200302125,0.012212592881803097,0.012222400194051852,0.008592925318529954,0.008593429731149849,0.010110549364474641,0.010110502201060134,2018-10-22,2018-11-19,0.007579849318454235,0.007579858679218621,0.007303619384060989,0.007303195252227779,0.010496570953443696,0.010509516219665782,0.015609120401878895,0.015626135103404604,0.012656178914350003,0.012655960552253154,0.013147346906272395,0.013147601067382997
2018-11,2018-11-30,0.005628435978569657,0.005630133671188808,0.005179685606629514,0.005179962304005636,0.008788373535725258,0.008800286421716486,0.013129780729928209,0.01314508941097614,0.009916453355747201,0.009917030501022772,0.0107380870766689,0.01073772139379603,2018-11-20,2018-12-19,0.00217040615870423,0.002170312352972825,0.0032763217876317086,0.0032753051382155007,0.005267371422886136,0.005272336896281926,0.007753075561935274,0.007758235184071927,0.004588735416032108,0.004588054220394877,0.005877604648968582,0.005877747092869479
2018-12,2018-12-28,0.004402490978626217,0.004401437823244869,0.006084402404792133,0.006085291609124521,0.0073517000613414485,0.0073570338288404535,0.01070275655563191,0.010711566156121455,0.007711484850517536,0.007710984515677977,0.00862492099126011,0.008625279054439883,2018-12-20,2019-01-18,0.009690224746801368,0.009689193427848242,0.011008131878369909,0.011007687413945089,0.012636935132175342,0.012644774114642487,0.0153854100598938,0.01539851972223838,0.012383997078810882,0.012383778548901159,0.012334299350867495,0.01233456094920049
2019-01,2019-01-31,0.006864057708706461,0.006864663743219923,0.007694137093048559,0.007692750871744591,0.010390751515956476,0.010396786177902184,0.01136010851919167,0.011367249445560335,0.007738719094340096,0.00773823140068175,0.008641926221218732,0.008642252115415028,2019-01-21,2019-02-19,-0.00022331932270447385,-0.00022283109403076207,0.0015652761736408838,0.0015645988867312166,0.0028747202674102024,0.002877057268347194,0.0023142905361610566,0.002315704826778786,-0.0008732333067364983,-0.0008742136727017957,0.0012304879763747056,0.0012315771890785143
2019-02,2019-02-28,-0.002630542019342541,-0.002631560529391619,-0.0009765775117709374,-0.0009764871690857158,0.00040498521121423714,0.00040342240048496514,-0.0015485021370111873,-0.0015538259363473417,-0.004691298074642192,-0.004690642716665416,-0.0031596104603929254,-0.0031596656099850406,2019-02-20,2019-03-19,-0.005518294932621681,-0.005517932029791339,-0.005215687300554772,-0.005215577190542442,-0.0025332568766853747,-0.0025352867426999826,-0.0048346985863788605,-0.004840639935133284,-0.007918575196219413,-0.007919032107957191,-0.007098750633587669,-0.0070984072225039885
2019-03,2019-03-29,-0.0008231498132660331,-0.0008230287659078961,-0.0009530938439913372,-0.0009529147472868704,0.0022793307157249476,0.002286827085678622,0.0013487183504024003,0.0013533407421568722,-0.0018421834781096047,-0.0018422902350205828,-0.001084051377673756,-0.001084615638248576,2019-03-20,2019-04-19,-0.006179636683093626,-0.006179701870596022,-0.006845853976283567,-0.0068460784144122044,-0.0028755799701469797,-0.002870315273442836,-0.004940759426642405,-0.004943714807982946,-0.008335764793519718,-0.008335311452984384,-0.01028760613460844,-0.010287772039131227
2019-04,2019-04-30,-0.008889934384056053,-0.008890213240708933,-0.008974695815251343,-0.008974489536127006,-0.005312226289242328,-0.00531280390289679,-0.007661450987198282,-0.00766914525186313,-0.01131601986975106,-0.011315740434668986,-0.013082115858612298,-0.013081637758505682,2019-04-22,2019-05-17,0.004494595279463498,0.004494759486856736,0.005768408277556203,0.005768216567227924,0.007091720189721151,0.007094978457314882,0.009028994677889202,0.009037657893025797,0.006437812962398093,0.006437237643488025,0.007742556928384436,0.007741663907343099
2019-05,2019-05-31,0.004941855180312649,0.004942030848719359,0.006097650164919921,0.006097728811631065,0.0081693133924019,0.008173108926850192,0.01013566109163433,0.010142838164310497,0.006915624082510119,0.006915076495843442,0.00813068391399474,0.008130811179997366,2019-05-20,2019-06-19,0.0010774129225226137,0.001076855662054621,0.00050059962931992,0.0005005904048944743,0.004254528648971911,0.004259656896016706,0.00656460273576398,0.006569818162656338,0.003426446217216439,0.0034266461500818135,0.002607899347029763,0.0026077567002311675
2019-06,2019-06-28,0.0023145565810089863,0.002314817146569892,0.0016046755484155906,0.0016041073903845238,0.005249049524297167,0.005258061865896169,0.007253929475983689,0.007261625029712837,0.004356773880425768,0.004357027965121052,0.003936541327629106,0.0039357086108904316,2019-06-20,2019-07-19,0.0031805294191444844,0.00318076332284134,0.0022642119244258296,0.0022651294886875117,0.006195450322650453,0.0062026943471549245,0.008259972269469396,0.008268190746409498,0.005288564756089409,0.005288872179182169,0.005623790263775463,0.0056231007010585365
2019-07,2019-07-31,0.0025017296527660715,0.0025014245758683273,0.002049351356255169,0.002050406120626125,0.005951440090437021,0.005957582932091476,0.008444177589688406,0.00845160192118355,0.00505710785874558,0.005056464951270989,0.00534790228166826,0.005348207437400054,2019-07-22,2019-08-19,0.0035304051012303717,0.0035304616371878428,0.0036291016456395653,0.0036295281613389907,0.006426815201932001,0.006433610261840306,0.008675982215246236,0.00868053888016962,0.005866163461968776,0.005865570193840597,0.00673340601408956,0.006732995226213845
2019-08,2019-08-30,0.002566500467590993,0.002566359438689103,0.001972733009282468,0.0019717037792199577,0.005686999708613971,0.005691528997191497,0.0067030018020317605,0.006703849534542838,0.003674045195507958,0.003675192728634924,0.002703863139103646,0.0027048581917326064,2019-08-20,2019-09-19,-0.0003269948179296378,-0.0003267438328351524,-0.0012606551075030614,-0.001259790318724252,0.0028356186946063566,0.0028388710158011587,0.0010227132941285078,0.0010189966692142338,-0.0020562568893413014,-0.0020563769937956833,-0.004762407998936458,-0.004762089091323474
2019-09,2019-09-30,-3.890774972536981e-05,-3.899680226226998e-05,-0.0007517587721755925,-0.0007517631066588093,0.0032212369253132866,0.003224904769409731,0.0016955951252712875,0.001693858429446582,-0.0014668378596420784,-0.0014669222948978655,-0.0022042659683214616,-0.0022049784548759943,2019-09-20,2019-10-18,-0.00048668643331650774,-0.0004868004118311342,0.00020785924856170368,0.00020679840692650053,0.002463463555781642,0.002464845304509078,0.0017096662080260394,0.0017098146020828597,-0.0011394852535563382,-0.0011395519248398323,7.875619991071225e-05,7.862660914526032e-05
2019-10,2019-10-31,-0.0037761939157884283,-0.0037748376819796148,-0.0027615366948003928,-0.0027606560233484068,-0.00045341862860570625,-0.00045646738703541967,-0.0022536335257626883,-0.0022602067140455873,-0.005465954236230752,-0.0054662693339408985,-0.004488511039253074,-0.004488003603544399,2019-10-21,2019-11-19,0.00014279409092088358,0.00014211994923707394,0.0007106292413987525,0.0007104824747656835,0.0032026782994059033,0.003202854349063866,0.006210799027998926,0.006214109857975991,0.003338464659927043,0.0033377265484220153,0.003293329038183357,0.0032937746017032143
2019-11,2019-11-29,0.003984789899724284,0.003983867794609575,0.004427611320467317,0.004427275291890798,0.006975952980853961,0.006982593434444517,0.010870794600251532,0.010881957074606596,0.008084600369453465,0.008084134080510452,0.008250837861442095,0.00825048113332083,2019-11-20,2019-12-19,0.0013404785598289948,0.001340544260969967,0.0023059664284528214,0.0023061651845204256,0.004354971361649529,0.004358388743106678,0.005273486507009872,0.005279811610583218,0.0024306824273065963,0.00242989475402422,0.0029715474333258385,0.002971678558839397
2019-12,2019-12-31,0.003190939686352312,0.0031912436752488116,0.004885645032431052,0.004885230603360435,0.006479592686134739,0.006484592222121277,0.009933859249082966,0.00994962715418879,0.006867989198171998,0.006868390472542618,0.0074587761803897035,0.007458559728773295,2019-12-20,2020-01-17,0.0036959222322174856,0.0036953903973768742,0.004640697257557003,0.004641243788245708,0.006538773462729575,0.006543450753171864,0.006533894401109075,0.006545474327643186,0.0038404693968661086,0.0038406930440473275,0.0053291482719608485,0.005328186587839845
2020-01,2020-01-23,0.0037525168410847964,0.00375213393274465,0.004031812509937893,0.00403290155230196,0.006067163514702711,0.006071712626733783,0.005821661029182357,0.005829828573722828,0.0036242495915235207,0.0036244599002099864,0.004857206267778302,0.0048571870722387,2020-01-20,2020-02-19,0.007811957640683653,0.007811940868209799,0.008857683975896924,0.008857419021287116,0.010736707325813777,0.010757140360755812,0.014095007718916808,0.014120085920005687,0.011371470807794104,0.011371209750170141,0.012448550361236155,0.012448550713504147
2020-02,2020-02-28,0.008704317686297758,0.008704380685349733,0.009274047430511745,0.00927352729885067,0.012220243892295812,0.012249964616491305,0.015387789967588494,0.015425315897566794,0.012105422065437743,0.012104286472090164,0.01161224297111585,0.011612472857716494,2020-02-20,2020-03-19,0.002005917357779774,0.002005573778578018,0.0016039475226736766,0.0016035211506133518,0.004808482479346621,0.004826435166840781,0.007416867210576328,0.00744588951352565,0.004825143183847969,0.004825424341443396,0.0043770275813725945,0.00437736956433743
2020-03,2020-03-31,0.004309201933444973,0.004310204820854313,0.0040000000000000036,0.00400025980335017,0.007453541961167209,0.00749527983639009,0.009230525591171101,0.009280970468185101,0.006301751433535285,0.006303029643553781,0.007689852611158177,0.007689228015637539,2020-03-20,2020-04-17,0.016777791747538462,0.01677778346597769,0.015716101044872977,0.015716097452441957,0.019266997732761526,0.019320709342014908,0.023549921845585242,0.023602181018720136,0.021245853285574823,0.021245273241518925,0.019074960870382407,0.019074880068496336
2020-04,2020-04-30,0.016356140862092916,0.01635533253621335,0.015601600689440831,0.015601418971431968,0.019056967472561803,0.019094748468893474,0.02351718811437542,0.023552668226066276,0.021017860586150183,0.02101727049418156,0.018566864943671657,0.018567238527040786,2020-04-20,2020-05-19,-0.002279975152135294,-0.002280350447742663,-0.0010589308552196863,-0.0010583883409062134,0.0006262267895049689,0.0006435811800549196,-0.003382299329921068,-0.0033667723275909722,-0.006143059222181058,-0.006143413812823906,-0.005613719266663431,-0.005613309041145653
2020-05,2020-05-29,-0.012539914816322106,-0.012539680702931766,-0.011079125807155643,-0.011079135937341889,-0.009446618300502196,-0.009453831481058272,-0.01531213139800014,-0.015326606262847764,-0.018258050168381112,-0.01825823111912861,-0.017185149342008543,-0.0171847945175172,2020-05-20,2020-06-19,-0.019848808809894924,-0.019848598722527422,-0.020179244779895855,-0.020179543358641805,-0.01650561611771073,-0.01651458006853268,-0.01631468384253254,-0.016324226748331006,-0.01940713048904008,-0.019407364231590396,-0.019764073612977273,-0.01976343267303171
2020-06,2020-06-30,-0.014657525037340524,-0.014656883041803681,-0.014869381891584377,-0.014869442378263709,-0.011186993886472707,-0.011187703601657217,-0.010149481546213202,-0.010150160729226365,-0.013356045862529364,-0.013355028362355026,-0.013621238856176054,-0.013621522288702503,2020-06-22,2020-07-17,-0.007446593636385224,-0.0074457717979610205,-0.007217860674012644,-0.007218895094542654,-0.004797417763823475,-0.004794419234935066,-0.005685193196732441,-0.00567796691183331,-0.008167431431372885,-0.008167908683036518,-0.007325973501583594,-0.007325659720309852
2020-07,2020-07-31,-0.006362952291206647,-0.006363631858792962,-0.006412172865397858,-0.006412122395495157,-0.003128402761545912,-0.0031235462534823233,-0.003710007519118319,-0.003704673808487269,-0.006746556340806342,-0.006747854736163128,-0.006380820855460545,-0.0063811532398152515,2020-07-20,2020-08-19,-0.0001365621816455942,-0.00013687462284550644,-0.0004958009885426273,-0.0004957916410793795,0.002891191328528553,0.002897708032686186,0.003824599733881273,0.003828244025172234,0.000982400497455238,0.0009815375274822014,0.0017993519627141907,0.0017990630875439617
2020-08,2020-08-31,-0.006726122712182869,-0.006726551325860752,-0.007676900138322562,-0.007677676414380108,-0.0034823046785457112,-0.0034934756452589255,-0.0029841688473761785,-0.0029921648748002516,-0.0060264613939562395,-0.00602589787621266,-0.006028178701109499,-0.006028247520557861,2020-08-20,2020-09-18,-0.0050425401945949355,-0.005042077335862261,-0.005709696840784595,-0.005709582002876523,-0.0020220599634512837,-0.0020270874339224365,-0.003934304918908893,-0.003937302382268637,-0.006808397882772321,-0.006808792543452125,-0.008026623578565872,-0.008026414666246984
2020-09,2020-09-30,-0.00240349694277997,-0.002402972335191045,-0.0031372392837391017,-0.003136801044328452,0.0006657050926439645,0.0006686468839856019,-0.00169563277308038,-0.001692742549122106,-0.004633534572018649,-0.004633803973756789,-0.004998829790481607,-0.004998373816737622,2020-09-21,2020-10-19,-0.002539218546219635,-0.00253899931074264,-0.0018870335777776415,-0.0018875047187617566,0.00034093236885435196,0.00033739321863546223,-0.0007241680198059042,-0.0007263266896700982,-0.003468786933372159,-0.003468989198745054,-0.0019659557736547706,-0.001965390909208109
2020-10,2020-10-30,0.001832826167736279,0.0018329932749983069,0.002839302041991232,0.002839568050303054,0.004852782057801264,0.004858940325660033,0.004470229035629769,0.004473414723357383,0.0016002210270527062,0.001600314499813571,0.0028890871762881076,0.002888502761195344,2020-10-20,2020-11-19,-0.0019048786393379702,-0.0019052088126984001,-0.0008269143839533255,-0.0008262678474310059,0.0011642071200808068,0.001164919844811152,0.0033378142974829217,0.0033375882436370574,0.0004586316992489792,0.00045865852594206835,0.0005276316159592565,0.0005273898589726045
2020-11,2020-11-30,-0.0025221666975755452,-0.0025229131961119755,-0.001234999375256951,-0.0012358400895620125,0.0006539640685980785,0.0006549587623854158,0.0044891288324293566,0.004494053275107879,0.0015365717972428694,0.0015366614086926855,0.0021575990570807946,0.002157993237830391,2020-11-20,2020-12-18,0.002398006663255625,0.0023984470660916024,0.0036469909143383994,0.0036474341605290395,0.00519359775721262,0.005201486521292598,0.006489642103705506,0.006499921099750949,0.0038604913656430373,0.0038607171335451884,0.004378957486023349,0.004378507385667252
2020-12,2020-12-31,0.003540564741683516,0.0035406092265355404,0.00488446092340622,0.004884879165430789,0.006610939395998994,0.006620090548090207,0.006688151748347471,0.006700258700400141,0.0037754612578524416,0.003774756822105818,0.004501784942042342,0.004501828975003841,2020-12-21,2021-01-19,0.003673295602890425,0.0036726407887570645,0.004506620966741703,0.004506599988369997,0.0065263639797408235,0.006533423770547886,0.007288179079417478,0.007297528879828041,0.0045900718446028055,0.004590339036453894,0.004637505732248748,0.004637119715544147
2021-01,2021-01-29,-0.001214746805906941,-0.0012145155688851883,-0.0006612670707041302,-0.0006609475089975891,0.0017168387125408024,0.0017150053026033785,0.0008859794541227206,0.0008819836474733833,-0.0019105547330195982,-0.0019097465212043474,-0.0022564216849468854,-0.0022561631253653625,2021-01-20,2021-02-19,-0.004409582064832551,-0.004408646882220424,-0.002708515605501005,-0.002708385142314529,-0.0013215243274838917,-0.001324953751614344,-0.002897401831391977,-0.002904405306727975,-0.005862176775664918,-0.005862516403550733,-0.0046643270512408685,-0.004664398328377839
2021-02,2021-02-26,-0.0014598701156767202,-0.00146019584512469,-9.117621835352807e-05,-9.150664329160563e-05,0.0013806386290338146,0.0013818438473933714,-0.00019525701324407674,-0.00019632396877011793,-0.0029354324781341035,-0.002935603090225114,-0.0033520989960623693,-0.0033526155695945414,2021-02-22,2021-03-19,0.0008065941836823409,0.000806426443538566,0.000547413606209135,0.0005484911507072088,0.003302668278980514,0.0033062931463465617,0.0026139421676008023,0.0026141977421691998,0.00019516400250840782,0.00019517537571256405,0.0006163884722638624,0.0006170018672648769
2021-03,2021-03-31,0.0016949612056718077,0.0016948146120392416,0.0017767441524534355,0.0017768410828129522,0.0049750260189764806,0.004982869910391541,0.004936502015869815,0.0049392379602979375,0.001764409265230249,0.0017645121174887368,0.0031630310768229197,0.0031633964527462144,2021-03-22,2021-04-19,0.0025744441769002258,0.0025732946517906807,0.0015430093555093283,0.001543167949923152,0.005323139681155942,0.0053345748070190435,0.006607401638743626,0.006613959130931768,0.00394578338314866,0.0039460132137818515,0.003974699525086445,0.003974135195854656
2021-04,2021-04-30,0.0015206785213430773,0.0015211448172065545,0.00012076293334950527,0.0001212006096209528,0.004487161472238599,0.004497179639324278,0.006488482125144968,0.00649606740314157,0.0036260462057666754,0.003625333553778143,0.0032613754643693316,0.003261040389753278,2021-04-20,2021-05-19,0.0013865795902687772,0.0013857401125638713,0.0023661827716312533,0.0023657181495873036,0.004250155473579653,0.004253530425577523,0.0044429149699989345,0.004448455675892582,0.0016481635537757278,0.0016482591125905888,0.0017305517440875384,0.0017296649455138535
2021-05,2021-05-31,0.0025172705780613924,0.0025170116480757176,0.00386484835268619,0.003864383909765401,0.005561980079829887,0.005564995672500794,0.005837081655376775,0.005846797085284239,0.0028647731372073437,0.0028658621882893254,0.003743366026633721,0.0037433701398761343,2021-05-20,2021-06-18,-0.0018492944821725255,-0.0018495221567349507,-0.0018914100704563452,-0.001892855372329083,0.0010441912508936113,0.001045579738367719,0.0011968112861746594,0.00120037479008972,-0.0016491316348623553,-0.0016492270396100128,-0.0013587951063184223,-0.001358727958884809
2021-06,2021-06-30,-0.0002336231658334187,-0.00023315714791760644,-0.0007773543919176173,-0.0007774690724063893,0.0027150626388832144,0.002722948052527485,0.0023775862290631444,0.0023829381100108904,-0.0005579204981642771,-0.0005588704393327815,-0.0004756294527236138,-0.00047497597554546633,2021-06-21,2021-07-19,0.007675984648030543,0.007676510119582813,0.007268320594204791,0.007268478639701925,0.010300213948555959,0.010308660584841922,0.011562614655727055,0.011578757808880846,0.008956480420279078,0.0089570072841747,0.009471374540702682,0.009471314536874553
2021-07,2021-07-30,0.009566807372633157,0.009566676976017208,0.00926094779858233,0.009261154272329541,0.012349567113080662,0.01236019579425185,0.015409913790815688,0.015434831667593407,0.012670396170235021,0.012671140742400278,0.013344139575395264,0.013343833027704921,2021-07-20,2021-08-19,0.0017646288625434714,0.0017656848689953097,0.0028032085131837192,0.002802613741946347,0.004636965875452592,0.004644911069804802,0.007196369909956868,0.00720967174536713,0.004353409867668301,0.004353663476285963,0.004799218658202209,0.004799394398183221
2021-08,2021-08-31,-0.0012611787421645815,-0.001261090307747681,-0.00027414867046804403,-0.00027424891975402765,0.0018396133111806545,0.0018418314113062273,0.0030759795701293946,0.003080490703946115,-2.719970841913444e-05,-2.7201286802225333e-05,-0.0011175566743105714,-0.001117929410503704,2021-08-20,2021-09-17,-0.001690406965229263,-0.0016903041257118057,-0.002041632201695065,-0.002040989576119312,0.0010159526472959257,0.0010172739893012928,0.0011818312562215105,0.0011835233420478541,-0.0015633000584538426,-0.0015633907362075927,-0.002530261966289693,-0.0025304207127867517
2021-09,2021-09-30,-0.0019659616275983227,-0.0019664892756350305,-0.002468904974313735,-0.002468917375709756,0.0009288332267858301,0.0009304187524161733,0.0014850737065530417,0.0014858705718716614,-0.0014597573901351524,-0.0014598421013021223,-0.0009011919821323433,-0.0009003744853655071,2021-09-22,2021-10-19,-0.0056917979198507496,-0.005691899828129787,-0.0046064533163966415,-0.004606137219021256,-0.0030318370225848046,-0.0030330221311980488,-0.004030404532231913,-0.00403082286982126,-0.006754935758237934,-0.006755328078987599,-0.005005364374404242,-0.005005070496254316
2021-10,2021-10-29,-0.003084254325944502,-0.0030833560440740593,-0.002885584306277167,-0.002885293245583065,-0.00027014579217177204,-0.00026663038545438056,-0.0016064441607813729,-0.001605320590054915,-0.004499175075568851,-0.004499436548863978,-0.0025156375220720673,-0.0025156008367436256,2021-10-20,2021-11-19,0.004157946114214939,0.004157463946992346,0.0036906682528179413,0.003690557746215406,0.006955665285675261,0.0069627195994512725,0.00755642295951553,0.00756110977382729,0.004685339844656022,0.00468561367749909,0.005831726394697423,0.005832186050273691
2021-11,2021-11-30,0.0038343962866480563,0.0038341890336006657,0.004915124368490398,0.0049149695004178096,0.0068156196485971154,0.006822352142791255,0.008815133644947792,0.008822645570833343,0.005770925190494269,0.005771262088454465,0.007153394174271854,0.0071528014367852055,2021-11-22,2021-12-17,0.0022795779206596922,0.0022798174951861316,0.0028640844699705514,0.0028637181771780096,0.004596065477720845,0.004602045333282456,0.0049462213355273565,0.004953823503552224,0.0025496250070418114,0.0025497732828103636,0.0029971737141312182,0.0029966541966555127
2021-12,2021-12-31,0.002873737038186608,0.002873354728611721,0.0037794335748737584,0.003779721276844894,0.005735299109516978,0.005744214622437127,0.007037236178979223,0.007051065203440343,0.004080947868158269,0.00408027781078002,0.004837669941155198,0.004837680452496773,2021-12-20,2022-01-19,0.007283386150269688,0.0072831685607075425,0.007779646387798822,0.007781055233614831,0.009969577529897578,0.00998457681708742,0.013897275517277263,0.013931032235157126,0.01117063707893684,0.011170378643381884,0.010022289213922564,0.010022254982327894
2022-01,2022-01-28,0.006602125297006545,0.006602367417485322,0.006896808761751139,0.006895974364751867,0.00910155808774138,0.009114168159086056,0.012162737530757362,0.012197053090217347,0.0096226014622669,0.009623166413758266,0.00808216233666248,0.008081891177497358,2022-01-20,2022-02-18,-0.0011664021117189227,-0.0011661146597270466,0.00044839645307814813,0.00044913561326498375,0.0015240673967535923,0.0015282687173736598,0.00015410316614272723,0.00015893587360205075,-0.0026613451710921776,-0.0026606040619689963,-0.0032756908867530576,-0.003275671058186269
2022-02,2022-02-28,-0.004071637240205983,-0.004071108030568205,-0.0029145037764283233,-0.002913569414420225,-0.0011527971273276316,-0.001151718460478235,-0.003391859200043257,-0.003399204785958787,-0.006464258269750833,-0.006464634174707995,-0.007020708393888464,-0.007021041686765095,2022-02-21,2022-03-18,-0.004333630391406884,-0.004333666641635592,-0.005420714760717593,-0.005420861275232003,-0.0019558225238415217,-0.001955582763663477,-0.0005511012911455504,-0.0005498205570245718,-0.0030072034268258108,-0.0030064792327897383,-0.002127797823839428,-0.0021277160964255915
2022-03,2022-03-31,-0.004172120176787475,-0.0041727669864041195,-0.004970995162472236,-0.004971267069879826,-0.0012461006336763614,-0.001243876258473886,0.0003818286839369911,0.00038419616683937896,-0.002645385926510868,-0.0026455407600571856,-0.0015861798323156817,-0.0015851953219715442,2022-03-21,2022-04-19,0.00230671482804623,0.00230702949106365,0.0011459271616716116,0.0011465139645578937,0.004946802632149971,0.0049539290872493424,0.005436615166281689,0.0054387343074751016,0.0026883201205003537,0.0026875724158983427,0.0039046497231629562,0.00390445280670515
2022-04,2022-04-29,0.001648107301293722,0.001647907653637537,3.286729872553629e-05,3.298641138149705e-05,0.00430175109834785,0.004306573561410509,0.0034592929418730822,0.0034593982787176625,0.0006897329993003076,0.0006897734762236762,0.0020081231341224637,0.0020077198241124083,2022-04-20,2022-05-19,0.0024863006318069925,0.0024860438708962374,0.0024660868669776903,0.0024661154138450048,0.005132122194658306,0.005137850708189617,0.004924382785087111,0.004931032128822066,0.0021843190403412205,0.0021844469897616126,0.0013283692685834847,0.0013274893950097066
2022-05,2022-05-31,0.003033697976974281,0.0030337027427209673,0.003860448259689342,0.003860174322976251,0.005942707686528159,0.005948392841052197,0.006841120516860366,0.006851950905029991,0.003845949123046033,0.0038461746666738073,0.0022080446839165546,0.0022087148367369025,2022-05-20,2022-06-17,-0.0007861301780284213,-0.0007859513421973885,-0.001075262150506573,-0.0010756033601494464,0.0017881714783325453,0.0017924672850293533,0.0016170430456858842,0.0016216406625451096,-0.0010513128820451856,-0.001050474962181136,-0.0010485887128205418,-0.0010476016960381251
2022-06,2022-06-30,-0.003135921133702979,-0.003135192711096968,-0.0036296966168254396,-0.0036295303634592546,-0.0003464647760811346,-0.0003463234945236815,-0.0008062997883830914,-0.0008067085328998802,-0.003706293329211241,-0.0037065098500229654,-0.0023492380771859,-0.002350439030207818,2022-06-20,2022-07-19,0.0007663433079763138,0.0007661166595729352,0.0011328484351700308,0.0011325028312569874,0.003408093414411395,0.0034092133447491957,0.0046091066553151094,0.004614849926303233,0.0018652666808971485,0.0018653758854005886,0.0024696977290448174,0.0024695084533812306
2022-07,2022-07-29,0.004753786118192993,0.00475276691320925,0.004968828262375435,0.004969009424628634,0.007328299959233009,0.007338302719736456,0.009060253138210461,0.00907368551595611,0.006382951853636021,0.006383326131493172,0.0068233223394718046,0.006823864598587415,2022-07-20,2022-08-19,0.0061780944480012145,0.006177398512401844,0.006150908065006178,0.006150976742036018,0.008806825443977262,0.008818678673426117,0.012650417181738094,0.012667128198335265,0.00994720461177967,0.009947785582135493,0.010084454852161029,0.01008507707862627
2022-08,2022-08-31,0.0026289344203400677,0.0026300187139740583,0.0023479717041572368,0.002348498353479167,0.005574882576811158,0.0055806584146491645,0.009109898916135784,0.009119562008579107,0.006087908975363376,0.006087367301040203,0.00542101058224409,0.005421267529452045,2022-08-22,2022-09-19,-0.001228628916806196,-0.001228491569599477,-0.0015978603637311073,-0.00159834881466836,0.0013096581390359407,0.0013093915903874542,0.00020965215453627728,0.00020849568512626426,-0.002421695257854517,-0.0024218353098605094,-0.00282286120216102,-0.002822176677427235
2022-09,2022-09-30,-0.002388403725634869,-0.002388947869182312,-0.0024350420357727165,-0.0024359016331070293,0.0003412820143067208,0.00033675607124328266,-0.0017852558145476927,-0.0017914650719857983,-0.004622939544530413,-0.004622320426237114,-0.004051961305272633,-0.0040520226900149225,2022-09-20,2022-10-19,-0.00029445713881892654,-0.0002941471601517476,0.0007916309272042454,0.0007918454954607412,0.0023141161960220646,0.00231031771457757,0.0015281608812216518,0.0015228505658708702,-0.0011704142803022899,-0.0011704820995578347,-0.00034787132012292776,-0.00034701371319434404
2022-10,2022-10-31,0.0029865021909216694,0.00298643185501013,0.004251840460976819,0.004252171321525777,0.0057255534767219896,0.005728616950069654,0.007524117428250543,0.007530319749025072,0.004722279654546746,0.004721659302966863,0.005575248312292169,0.005575363333196082,2022-10-20,2022-11-18,-0.008850339521567108,-0.008849923290167871,-0.007911676725823713,-0.007912056825364555,-0.006144039681072133,-0.0061471594568278665,-0.004684609883018331,-0.004681691745399341,-0.007442813003005866,-0.007441465973260564,-0.0059909558201574065,-0.005990181913706039
2022-11,2022-11-30,-0.011149112015022555,-0.011149056932170498,-0.009750765848734577,-0.009750772377757677,-0.008316401122694494,-0.008323731929083644,-0.00834154224900796,-0.008346670332295858,-0.01124332202260414,-0.011242201329749513,-0.010036434911638747,-0.010036676408283207,2022-11-21,2022-12-19,-0.005815766727754967,-0.005815182389325435,-0.005731681023965707,-0.005731973047170991,-0.003234020513479985,-0.0032396338293173566,-0.001688597531668945,-0.001691266786008172,-0.0043311753851905666,-0.004331428427617023,-0.0031945460564767325,-0.0031946351251451732
2022-12,2022-12-30,-0.0020378803663024803,-0.002037571262787141,-0.0017916161959971033,-0.001791865341631782,0.0006622368626791886,0.0006662909452903598,0.0019582005380816003,0.0019604558885049084,-0.0008243896813442397,-0.0008253382445164714,0.0009465366592420477,0.0009470918902465542,2022-12-20,2023-01-19,0.0008584340648942757,0.0008584016561163921,0.0015428683609366445,0.0015421899096716984,0.0035329161060777547,0.00353786549514723,0.002707587568821168,0.002707415868320906,-6.320193650732886e-05,-6.410852580196469e-05,0.0006594417874481451,0.0006589682180291323
2023-01,2023-01-31,-0.0004960948684502586,-0.0004962334090636844,-0.000663268712858045,-0.0006629919163236853,0.002379323521031207,0.0023813471520772733,0.001563828707968895,0.0015638137291151821,-0.00140757819903925,-0.0014067589356244747,-0.0013517352727583365,-0.0013519443289820021,2023-01-20,2023-02-17,0.001949174212793503,0.0019496462713388674,0.002648895654723704,0.002648657110271291,0.00442994031035826,0.004435488464575199,0.0035292910131687893,0.0035335659961148735,0.0009707799742992851,0.0009708369608014689,0.0006123427643955903,0.0006122614455656983
2023-02,2023-02-28,0.0002606039446682029,0.0002602032576251023,0.0005683842919250726,0.0005677616867261204,0.002772781676410707,0.002773899006271119,0.002677663354758497,0.002680396435565946,0.0001173882734533116,0.00011739505784880144,-0.00017872632081206152,-0.00017873796104672657,2023-02-20,2023-03-17,0.0008138006277889076,0.0008146671964990304,0.0004081737913299577,0.0004078681969905684,0.0030563289391982718,0.003059371709517311,0.0027403809425234904,0.002742169623305424,0.00046923149806654685,0.00047016144315192854,0.0006709726891995782,0.0006706142777170854
2023-03,2023-03-31,0.0023269250083779447,0.0023272664934421705,0.00218409819805232,0.0021848655391747407,0.005081714580079222,0.0050890873942319725,0.003931645061235445,0.003934815801255986,0.0011322124370014564,0.001132277864960951,0.0017515030454504643,0.001751283046570462,2023-03-20,2023-04-19,0.000818582314653149,0.0008184657000218643,0.000769349677423925,0.000770354889301661,0.003495830159906177,0.003500679794288253,0.003952184138382053,0.003953646508449982,0.001263910224510889,0.0012630815945300355,0.0024696025314654424,0.0024695069575673134
2023-04,2023-04-28,0.001995120833287789,0.0019957082825374783,0.0021775614332635307,0.002177427336610638,0.004470268038450076,0.004476752667555761,0.005897278465504918,0.005900531448060242,0.003427066611352503,0.0034272644296851063,0.0047083476581046835,0.00470846590265972,2023-04-20,2023-05-19,0.004134963790565216,0.004134485544204924,0.004095734009860186,0.004096323287036574,0.006636605957517361,0.006644236270115789,0.007673732071186157,0.007676948723208232,0.005160709462501023,0.00516101149342485,0.005342024223161879,0.00534158901563675
2023-05,2023-05-31,0.00431695990970038,0.004315918484814052,0.004571719345899172,0.004571381797572549,0.007173736670552877,0.00718205799503191,0.008003321534998165,0.008014888911715312,0.005155398968201164,0.005154796702368181,0.0029101882660427236,0.0029101895282515056,2023-05-22,2023-06-19,0.001722063831823828,0.0017210580352640115,0.000621993843674673,0.0006215878065931602,0.004188864416188931,0.0041943051860029446,0.005573022769547631,0.005581459930381172,0.0031669881110352183,0.0031671724412121183,0.002651462777854663,0.0026515617945246372
2023-06,2023-06-30,0.0019106208038803807,0.0019110407563531773,0.0008886504250431582,0.0008892140286798078,0.004550147767387047,0.004558058055265768,0.005112988823153364,0.005116035157335608,0.0025322884662843936,0.0025324356540472603,0.0021486875540217554,0.002149045884302536,2023-06-20,2023-07-19,0.002463942307692202,0.0024636549184722245,0.0030179123428024646,0.003018216522918893,0.004997308681424784,0.005005306258216935,0.00492878411531561,0.004936509376477716,0.0024655541024873884,0.002464804449324731,0.0013320818362285713,0.0013322219201681307
2023-07,2023-07-31,0.000259773996622803,0.00025938213793996745,0.0006277629947821772,0.000627383104546464,0.003000365773491609,0.00300156358137027,0.003439751567254401,0.003443820918106466,0.0008009361498697576,0.0008000906234195693,-4.053082409694042e-06,-4.909051636747819e-06,2023-07-20,2023-08-18,0.0015978679370993731,0.001597584121865614,0.001451418411625438,0.0014513788098695635,0.0041395495711060715,0.004143156976585738,0.006211127947555628,0.006214662866221188,0.003786033880194939,0.0037871468527856944,0.004370933897220208,0.004370808072052368
2023-08,2023-08-31,0.00211208304313093,0.002111986559010015,0.0012362344457386154,0.0012362928899893877,0.004822012689820188,0.004826633887127008,0.006576323714644783,0.0065796672467870465,0.0039961286389813555,0.003996363701181949,0.004299527246551582,0.004299532165082276,2023-08-21,2023-09-19,-0.0056421265707581325,-0.005642259144834072,-0.006331738100759821,-0.006331758768983509,-0.0030098569006764553,-0.0030115196454502113,-0.004547144007586046,-0.004549680360771191,-0.007055428674233477,-0.007054955086702397,-0.006283271846396987,-0.006283302520072032
2023-09,2023-09-28,-0.005059493716862762,-0.005058281915830465,-0.0047205801983805085,-0.004720905707305656,-0.002521893137210407,-0.0025221076511844354,-0.0035716698390999557,-0.003572230549315658,-0.005992525985957342,-0.0059919893759809995,-0.005892190668061348,-0.005891740890490271,2023-09-20,2023-10-19,-0.003404886584332689,-0.003405755479608419,-0.002759971746093104,-0.0027602128318399144,-0.000805197725252893,-0.0008064656695173644,-0.0013469348357951771,-0.0013479391265115437,-0.0038359621901576935,-0.003835292185536354,-0.0027644347797863844,-0.002764824487696771
2023-10,2023-10-31,-0.0020482967859697387,-0.002049026316934488,-0.0010018241511241532,-0.001001017878995647,0.0008812048504431846,0.0008830573672822251,-0.00017427841954598122,-0.0001739961378431909,-0.00299155488520908,-0.0029908354870801235,-0.0013283231625134118,-0.0013284173967772483,2023-10-20,2023-11-17,0.002613475833763035,0.002613502301449744,0.0036229860108052403,0.0036227660276917373,0.005036618565211315,0.005041684964476767,0.005091467008148776,0.005093598715850023,0.0027491612234706864,0.002749321409746708,0.004118006653604622,0.004117792527997599
2023-11,2023-11-30,-0.00030649098471602354,-0.0003062013199358615,0.00102053099475663,0.0010197872482176074,0.0023264849401305465,0.0023271256834684895,0.003275968321270639,0.003276236473627403,0.0007443108586087099,0.0007434577953340238,0.0008016312301217798,0.000801721279996892,2023-11-20,2023-12-19,0.00038907470333060523,0.00038996503181576436,0.0011784608453293544,0.0011782990822744033,0.0029170271585576835,0.0029210330466205026,0.003962194409446562,0.003962914390811534,0.0015224305966532459,0.001523414450980809,0.0016420707444622096,0.0016418318456450365
2023-12,2023-12-29,0.005216889072620079,0.005216929297374939,0.005949828331227591,0.0059500937550194255,0.0076695985634720465,0.0076818905202462595,0.009826824922135158,0.009834718616780647,0.007458158059608033,0.007458591970355366,0.008422571321339722,0.008422399055431962,2023-12-20,2024-01-19,0.004012310340607339,0.004011598515659021,0.004699810313644193,0.004700019568657288,0.006548519012984144,0.006557595677675998,0.00867982590484595,0.008688268940446164,0.0062340768238868804,0.006234438445406276,0.006476074860900294,0.0064760183922842884
2024-01,2024-01-31,0.004012144657590255,0.004011462448254122,0.004759661277364824,0.004760148838456768,0.00680748101389006,0.0068174882150522365,0.009328831976692653,0.009344696018304344,0.00665048021868575,0.00665086427474848,0.006644400513635906,0.006644566895714021,2024-01-22,2024-02-19,0.002675255264758869,0.0026754666798010085,0.0030302099289412077,0.0030297370586440664,0.005055958461683829,0.005064823114635741,0.0059844200409653325,0.005996968634131683,0.003709065313767912,0.0037092823372024686,0.004757461112035566,0.004756392086363137
2024-02,2024-02-29,0.002958376939750762,0.0029592540283374102,0.0030697199984952572,0.0030685511697368106,0.0054214949859920925,0.005431505991399188,0.006390058002784915,0.006395131257518338,0.004041940872935745,0.004041290176814094,0.005126465075856679,0.005126614536258289,2024-02-20,2024-03-19,0.0022014239205723207,0.002200568946741477,0.002907416623880499,0.0029074182178896457,0.004502824245554482,0.0045109185063505475,0.006970515230791952,0.006976550670786397,0.004797223524136474,0.004797503003404646,0.004277555901604169,0.004277910907785287
2024-03,2024-03-29,0.0004914456219815566,0.0004906113056037942,0.0007230008459719883,0.0007238708446355435,0.002889658396212802,0.0028939719921314833,0.003835581608432781,0.0038420268752275,0.0015417083077333693,0.0015417977502409919,0.0005421974522292761,0.0005416282276702322,2024-03-20,2024-04-19,0.0056150119455860015,0.005615126254610026,0.005492492633936807,0.005492264083884368,0.008086765496632786,0.00809518436910972,0.010395672170053105,0.010404386793746001,0.008022348724435968,0.008021935350106313,0.007915684900974274,0.007915580001832012
2024-04,2024-04-30,0.0021142289070268383,0.002114173182104828,0.002450674937839903,0.002449934225257522,0.004803184713112474,0.004803985626965268,0.005298561978850591,0.00529711568928426,0.002704806604572507,0.0027040856179683104,0.003755925330294785,0.0037556121342574578,2024-04-22,2024-05-17,-0.0012602853666974223,-0.0012602468096958308,-0.0013638862347202796,-0.0013636082798086369,0.0008695398824991596,0.0008663947001481542,-0.0011141275039182608,-0.001119533492073721,-0.0031859698874457942,-0.0031852848029600977,-0.0020196439775700403,-0.002018563776737592
2024-05,2024-05-31,0.002781191195688093,0.0027816955059210002,0.0024803282066263588,0.002480592829402717,0.005355545640163051,0.005362470535876129,0.006090247193289988,0.006098196921453525,0.003621770886668596,0.0036219832853088274,0.0022855539198081143,0.0022860645283122594,2024-05-20,2024-06-19,0.0030473215084678706,0.0030464948736022013,0.00238400641520764,0.0023839366048805655,0.005526754581690607,0.005534444711808861,0.007531764046818434,0.007540695651044427,0.005167915776161269,0.0051682182093875095,0.004235353691198318,0.004235718027675972
2024-06,2024-06-28,0.003639339068814973,0.0036388996029936838,0.003387378762019555,0.0033874701899141435,0.005937723441818088,0.005945830069603142,0.007901041714384993,0.00790887415926278,0.005706073135061329,0.005706406559881971,0.005486109133707284,0.005486175587955611,2024-06-20,2024-07-19,0.0017518007581118766,0.0017519209915697331,0.0020349322828894234,0.0020344890192320886,0.0041452495440224,0.004152939879735085,0.004965170155219578,0.004972827590703055,0.0026755039372472478,0.0026756596630406193,0.0019478038963955946,0.0019476828536335589
2024-07,2024-07-31,0.004460784408653273,0.004461287630286748,0.00454706528033455,0.004547063232110293,0.00714656330614849,0.007160788509815275,0.008911740476664098,0.008927491076290206,0.006352669404517286,0.006353038505865216,0.006392284577020568,0.006392346017189743,2024-07-22,2024-08-19,0.0014385637565077491,0.0014379789225622552,0.0014478572920064714,0.0014479086293448518,0.0037019643183477946,0.0037103355868202126,0.00429434758573044,0.004304095874460234,0.0021226151933924076,0.0021227400473853297,0.003264300839974643,0.0032646393844955046
2024-08,2024-08-30,-0.00229905001518238,-0.0022994791389899794,-0.002070085203880856,-0.002069815918499196,0.00016271001401402252,0.00016263629386670253,0.00027029522996491195,0.0002694650051533465,-0.002097295918631059,-0.002097417005967328,-0.0011240117997789456,-0.001124237293751773,2024-08-20,2024-09-19,0.0034794630582202224,0.003479684583429732,0.004085733191800278,0.004085839819514048,0.005854898789739993,0.005856287347636213,0.008534562274261415,0.008537424501134261,0.0062604210896963775,0.006260788510667581,0.006201060468943309,0.0062020497711337
2024-09,2024-09-30,-0.000835748792270552,-0.0008357244607736236,-6.46626978140219e-05,-6.489702572609612e-05,0.0016563041689776625,0.0016503686025461928,0.001405155389018642,0.0013878018066151299,-0.0010214936776190564,-0.001021552777492385,-0.0015353217915531348,-0.0015354225294822443,2024-09-20,2024-10-18,-0.0036936129751868885,-0.003693382681324353,-0.003649487810006957,-0.0036497922280186446,-0.00142108749322567,-0.0014271934249343587,-0.0026425375209432334,-0.0026611192308508835,-0.004872860457436512,-0.004873144692338127,-0.004244538957665189,-0.004244866043740858
2024-10,2024-10-31,-0.0016545228621021035,-0.0016544320752414077,-0.0015399339535605572,-0.0015403227062604774,0.0008306113113865088,0.0008290745500767471,0.0016782736642959595,0.0016758503565532656,-0.0007364349460855513,-0.0007364775970776227,-0.0010980088499042973,-0.00109717384786856,2024-10-21,2024-11-19,0.0012398902556995939,0.0012398211170594475,0.0020655708886350155,0.0020652722907570364,0.0035251944647169964,0.00352391881045766,0.0034231389411447655,0.0034200353406135253,0.0011803789801148046,0.0011795849033826578,0.0009515975422667022,0.0009517901705171639
2024-11,2024-11-29,0.00590648803204874,0.0059064119130114445,0.00665109965077848,0.006651805911137121,0.008128886358273357,0.008134178641234113,0.010272773259659695,0.010283316001482357,0.008105024509698078,0.0081046292147271,0.007598005562769572,0.0075975830911410025,2024-11-20,2024-12-19,0.010901573127404918,0.010901362452647057,0.011214545029295975,0.011215495264741193,0.013039632116268907,0.013049363971470829,0.018846136251979173,0.018858558214362775,0.016768993636496754,0.016769114448151212,0.0171564741360255,0.017156429936366013
2024-12,2024-12-31,0.009715730624868746,0.009716730476542423,0.010668213082887013,0.01066812914712667,0.012088020505257813,0.012096217400509923,0.0168546067036226,0.01685928327248809,0.014536961481599553,0.014536951625013561,0.015396786710158539,0.015396537468837623,2024-12-20,2025-01-17,-0.0021572309657493793,-0.00215643466920179,-0.001659764423819876,-0.001658964029365384,2.9218257620478028e-05,2.769494571208675e-05,0.0025210895332885563,0.0025212214321279625,0.0004091213780290648,0.00040914524148871756,0.0005954757636765784,0.0005948402826767563
2025-01,2025-01-27,-0.0021266207138579407,-0.002127661608133713,-0.002222991795556073,-0.002222528895431286,-1.9338420785053323e-05,-1.977309190648313e-05,0.002606293127122017,0.0026062791402041707,0.0005776460290005669,0.000577679740441539,0.001072084245269389,0.00107201959202885,2025-01-20,2025-02-19,-0.0036176510787482297,-0.0036182631761970674,-0.002727338463043516,-0.0027269777846080645,-0.001276010915797543,-0.0012766221827549273,-0.0015118853308224711,-0.001512613886071379,-0.003798459311762814,-0.0037986809031950175,-0.002387178056660777,-0.0023870077473329143
2025-02,2025-02-28,-0.008717657604966456,-0.008717491400804356,-0.007879046177743931,-0.00787942070164327,-0.006165128837813394,-0.006172490418758891,-0.007607840402089727,-0.007612833455849954,-0.010108463756943742,-0.0101090533466216,-0.008619580205300847,-0.008619549862797005,2025-02-20,2025-03-19,-0.008315858604479698,-0.00831564218391223,-0.008297653451948439,-0.008297738343622685,-0.006152562657514404,-0.00615871479955421,-0.009734302025762531,-0.009743807110384917,-0.011890774115222325,-0.011890621574914717,-0.012086067379614374,-0.01208623355334637
2025-03,2025-03-31,-0.0021836376607601293,-0.0021838027542970817,-0.002316805586399462,-0.0023174562196118798,0.00019895589850627005,0.00020294218415917165,-0.0013254632807138123,-0.001322147579881472,-0.0036905189867040278,-0.0036898824976090427,-0.0046857082806603945,-0.004685729349215517,2025-03-20,2025-04-18,0.005783746501844211,0.005784376366469335,0.005475483749441956,0.005476339691895538,0.007903032791320097,0.007907960382461887,0.011643450701404268,0.011652627886462819,0.00957572603685497,0.00957455944488328,0.009342103217178988,0.009342120131582199
2025-04,2025-04-30,0.004399055067898949,0.004399437553746166,0.004819695434438609,0.004819913107006801,0.0066003691664611175,0.006601841784160234,0.010470799273088138,0.010474455319175346,0.008327141114873537,0.008327626446470893,0.008872092192745207,0.008872551977263443,2025-04-21,2025-05-19,6.927479869434094e-05,6.94333276114456e-05,0.000824889059267031,0.0008253021670838745,0.0021472002703444293,0.002148397246602096,0.0025389546207736924,0.002541584619603743,0.0004867372605881215,0.0004867654267195487,0.001009409857388066,0.0010087120994120014
2025-05,2025-05-30,-0.0005531250120245357,-0.000553426374526933,-0.0010486098222067808,-0.0010489765611252366,0.00166569964315455,0.0016663142480539683,0.0006859349954169147,0.0006851438222623685,-0.0015282578964949112,-0.0015283462324735542,-0.0019284162054677978,-0.0019285347019741828,2025-05-20,2025-06-19,0.000985045394816586,0.0009844066515423133,0.0005883670931756679,0.0005887830814983452,0.0031705208515901973,0.003172220222647404,0.003581314835006788,0.0035825282020542915,0.001409066325610775,0.001409147809995348,0.0004332859001994205,0.00043344249662879974
2025-06,2025-06-30,0.0012416107059567416,0.0012415577449760296,0.0018108791454363171,0.0018114276335521318,0.0034877026683268753,0.0034892562237827107,0.0038039490892851635,0.0038051557598803853,0.0015680532559239069,0.0015681440308794592,0.0006414773717315914,0.0006412336588528245,2025-06-20,2025-07-18,-0.0005371198843894254,-0.0005373858777303342,-0.0006306565750220372,-0.0006303693964663237,0.0014817559534205937,0.0014824003794693397,0.0010483228458935123,0.0010476396753793527,-0.000983181483585227,-0.0009832390850272876,-0.0015528224990828399,-0.0015533290224117868
2025-07,2025-07-31,-0.0022455859720090787,-0.0022449435777269766,-0.0026126954607300634,-0.002612728603030856,-4.316516837743478e-06,-5.504888734408908e-06,-0.0009403417441677941,-0.0009427258873968558,-0.0032068417156305706,-0.0032070270697565073,-0.0026397747638765567,-0.002640283019674894,2025-07-21,2025-08-19,-0.0045904426848655255,-0.0045893801300372905,-0.004282083764948985,-0.00428129305867353,-0.0024813944417548806,-0.0024848536269592714,-0.0047913035729683084,-0.004794771671193798,-0.0069538107767483925,-0.006954212924613512,-0.005962382116553311,-0.00596197529327569
2025-08,2025-08-29,-0.002993466785236265,-0.0029945208283843616,-0.002820053830380309,-0.0028199538177736683,-0.0009123586334633949,-0.0009134233518666157,-0.002810306650540939,-0.0028120823193528155,-0.004954066171316884,-0.004954353435558501,-0.0039021578909960164,-0.003901900422004223,2025-08-20,2025-09-19,-0.0008253193280315374,-0.0008252703196178768,-0.0003505702781706477,-0.0003509782548706264,0.0012891870614357703,0.0012898362479039083,0.0009862905611992545,0.0009875316884366825,-0.0011839348099107472,-0.0011840037833289463,-0.0016085774250039764,-0.0016079221872126181
2025-09,2025-09-30,-0.002802419744496687,-0.0028020537417053903,-0.0025771069718520945,-0.0025769594982690824,-0.0005314187072739118,-0.000532891067856256,-6.415770180578928e-05,-6.441193531436795e-05,-0.0023848207828176538,-0.002384959756482119,-0.002744770471574731,-0.00274453441549094,2025-09-22,2025-10-17,-0.0006626257779807077,-0.0006622028570708594,-0.0008039393889889279,-0.0008042636327864061,0.0010946986988040752,0.0010937743355940999,0.0014081298492742977,0.0014064880679915959,-0.0003876810071471448,-0.0003877036194533945,0.0004373216341380104,0.00043826397289836727
2025-10,2025-10-31,0.0035923327389721926,0.0035927829644393228,0.0036339857793814545,0.0036333200175009406,0.005723746415044584,0.0057306488710586745,0.00637521976329003,0.006384068237622831,0.004203813668149481,0.004204059227927326,0.004089990683002753,0.004090453097550739,2025-10-20,2025-11-19,0.002741017865510953,0.002740497054741997,0.003068295172577562,0.003067320383384864,0.004803098449402965,0.004810104401620663,0.00595270392966718,0.005962217381506818,0.0038756296288666725,0.0038758558645177743,0.003230895977118786,0.003230429738153129
2025-11,2025-11-28,-0.0011220255941570834,-0.0011216892504618547,-0.0009305304109185064,-0.0009304569577504029,0.0008377529621248492,0.0008370998913103112,0.0007153567941065031,0.0007137910178118823,-0.0012616812437182823,-0.0012617546344888542,-0.0018589073807143697,-0.0018590426633874335,2025-11-20,2025-12-19,-0.0016007754782050299,-0.001601534376378888,-0.0012405745078238883,-0.0012407652964577798,0.00042800001872733695,0.00042730247815891964,-0.0006758935726475235,-0.0006783420459010037,-0.0027264449773650723,-0.002726603493369839,-0.0021285165448012844,-0.0021280388269361294
2025-12,2025-12-31,-0.0007975136906516189,-0.0007974002619891563,0.0002818249540532669,0.0002828464006070508,0.0014964641982750937,0.0014975389191900224,0.0001976083273373952,0.00019691610691108252,-0.002126584446728308,-0.0021267083043547963,-0.0015899978349956934,-0.0015907266354682204,2025-12-22,2026-01-19,0.0006218316083872466,0.0006213154828715872,0.0008030900500148874,0.000802552305980031,0.002546989857271642,0.002549410705180666,0.0026884960215798337,0.002688275348353253,0.0007425712859860933,0.0007426145864597444,0.0007692833167212143,0.0007694055519427145
2026-01,2026-01-30,0.0019726403776942902,0.0019723043476995716,0.0019258339195873386,0.0019259151976607214,0.004016444696016475,0.004021840437308688,0.005120247361064534,0.005123840516422451,0.0030632116774538254,0.003063390466838678,0.003605537558525107,0.003606214267335206,2026-01-20,2026-02-13,0.0019034588843218625,0.0019039410417442948,0.0026899457806461857,0.002690223054281571,0.0035264755889741206,0.0035289282117512144,0.003914243111254878,0.003916595840961934,0.0022798669421006945,0.002279143227150282,0.0031734414045327952,0.0031732964171877764
2026-02,2026-02-27,0.00033697699769907885,0.00033678016868021743,0.0015277607502659496,0.0015272732278897028,0.0022446065959051964,0.002244469361378787,0.0022133906194057307,0.002212872548763789,0.0002866467126327876,0.0002866633921436712,0.0009990156984860388,0.000998951804092929,2026-02-24,2026-03-19,0.00026232619683908,0.00026195976839282764,9.152120212663206e-05,9.185290486968256e-05,0.0018243420347066053,0.0018260847300211047,0.0015188042602192198,0.001519447069505464,-6.152452649610396e-05,-6.152810167858735e-05,-1.2366117456474868e-05,-1.2481433867339575e-05
2026-03,2026-03-31,0.001858057890327336,0.0018574719226673864,0.001358506071332144,0.00135827426143309,0.004008463991619582,0.0040146159659979475,0.004307687031425589,0.004314686052914629,0.0021359753160976602,0.002136099569443717,0.0013763373643487231,0.0013758971247497254,2026-03-20,2026-04-17,0.001977435446518516,0.0019771286989023196,0.0017497857666985972,0.0017492601264823548,0.0038417739396960915,0.0038468105932685237,0.005413178005890806,0.0054186186169091766,0.0035351571679433924,0.003535362598991343,0.003405243270857339,0.0034057968753413714
2026-04,2026-04-30,0.0016243510062594613,0.0016251715217419083,0.0019165964256586676,0.0019158205769254089,0.0036235812527611877,0.0036262352455838087,0.004627851055050369,0.004629600036931691,0.0026119957183756704,0.0026121473387681338,0.0029729437396666114,0.002973375307338433,2026-04-20,2026-05-19,0.001139996363555884,0.0011397121214458128,0.001619818798773931,0.0016205511929723304,0.003069007259264067,0.0030713248298068763,0.0035238286201342284,0.0035256359247763935,0.001584150662006456,0.0015833910788682903,0.0013404526433711261,0.0013405190334276895
2026-05,2026-05-26,0.0013706680876728328,0.0013699475351549584,0.0008301877777248112,0.0008314844008903144,0.00309070343779716,0.0030926786572811338,0.003941931486235228,0.003944437826589597,0.0022169664339022344,0.002216243369575377,0.002528139221745773,0.0025283899629449103,,,,,,,,,,,,,,
