指标名称,逆回购利率:7天,利率:中期借贷便利(MLF):1年,银行间质押式回购加权利率:7天,贷款市场报价利率(LPR):1年
频率,日,日,日,日
单位,%,%,%,%
指标ID,M0041371,M0329545,M0041653,M0096870
来源,中国人民银行,中国人民银行,中国货币网,全国银行间同业拆借中心
1999-01-04,,,4.02,
1999-01-05,,,4.05,
1999-01-06,,,4.05,
1999-01-07,,,4.05,
1999-01-08,,,4.05,
1999-01-12,,,4.05,
1999-01-13,,,4.136,
1999-01-14,,,4.05,
1999-01-15,,,4.05,
1999-01-20,,,4.02,
1999-01-21,,,4.02,
1999-01-22,,,4.02,
1999-01-25,,,4.02,
1999-01-26,,,4.019,
1999-01-27,,,4.02,
1999-01-28,,,4.017,
1999-02-01,,,4.02,
1999-02-02,,,4.017,
1999-02-03,,,4.03,
1999-02-04,,,4.02,
1999-02-05,,,4.02,
1999-02-08,,,4.02,
1999-02-09,,,4.061,
1999-02-12,,,4.075,
1999-02-23,,,4,
1999-02-25,,,4.02,
1999-02-26,,,4.06,
1999-03-01,,,4.02,
1999-03-02,,,4.027,
1999-03-03,,,4.02,
1999-03-04,,,4.035,
1999-03-05,,,4.02,
1999-03-08,,,4.025,
1999-03-09,,,4.026,
1999-03-10,,,4.046,
1999-03-11,,,4.103,
1999-03-12,,,4.08,
1999-03-16,,,4.106,
1999-03-18,,,4.08,
1999-03-22,,,4.04,
1999-03-23,,,4.05,
1999-03-25,,,4.04,
1999-03-26,,,4.05,
1999-03-29,,,4.058,
1999-03-30,,,4.05,
1999-03-31,,,4.05,
1999-04-01,,,4.05,
1999-04-02,,,4.066,
1999-04-05,,,4.05,
1999-04-06,,,4.05,
1999-04-07,,,4.042,
1999-04-08,,,4.05,
1999-04-12,,,4.05,
1999-04-13,,,4.021,
1999-04-14,,,4.028,
1999-04-15,,,4.053,
1999-04-16,,,4.035,
1999-04-19,,,4.05,
1999-04-20,,,4.042,
1999-04-21,,,4.05,
1999-04-23,,,4.02,
1999-04-26,,,4.02,
1999-04-27,,,4.02,
1999-04-28,,,4.02,
1999-04-29,,,4.039,
1999-04-30,,,4.02,
1999-05-04,,,4.02,
1999-05-05,,,4.02,
1999-05-06,,,4,
1999-05-07,,,4.006,
1999-05-10,,,4.067,
1999-05-11,,,4.018,
1999-05-12,,,4.02,
1999-05-13,,,4.013,
1999-05-14,,,4.006,
1999-05-17,,,4,
1999-05-18,,,4.02,
1999-05-20,,,4.01,
1999-05-24,,,4.01,
1999-05-25,,,4.006,
1999-05-26,,,4.006,
1999-05-27,,,4,
1999-05-28,,,3.85,
1999-05-31,,,3.991,
1999-06-01,,,4.005,
1999-06-02,,,4.001,
1999-06-03,,,3.959,
1999-06-04,,,3.9,
1999-06-07,,,3.968,
1999-06-08,,,4,
1999-06-09,,,3.966,
1999-06-10,,,2.73,
1999-06-11,,,2.728,
1999-06-14,,,2.7,
1999-06-15,,,2.7,
1999-06-16,,,2.706,
1999-06-17,,,2.7,
1999-06-18,,,2.7,
1999-06-21,,,2.7,
1999-06-22,,,2.7,
1999-06-23,,,2.698,
1999-06-24,,,2.7,
1999-06-25,,,2.687,
1999-06-28,,,2.7,
1999-06-29,,,2.694,
1999-06-30,,,2.685,
1999-07-01,,,2.71,
1999-07-02,,,2.694,
1999-07-05,,,2.564,
1999-07-06,,,2.682,
1999-07-07,,,2.672,
1999-07-09,,,2.65,
1999-07-12,,,2.659,
1999-07-13,,,2.636,
1999-07-14,,,2.631,
1999-07-15,,,2.639,
1999-07-16,,,2.664,
1999-07-19,,,2.639,
1999-07-20,,,2.628,
1999-07-21,,,2.628,
1999-07-22,,,2.62,
1999-07-23,,,2.615,
1999-07-26,,,2.614,
1999-07-27,,,2.619,
1999-07-28,,,2.609,
1999-07-29,,,2.621,
1999-07-30,,,2.615,
1999-08-02,,,2.623,
1999-08-03,,,2.615,
1999-08-04,,,2.609,
1999-08-05,,,2.611,
1999-08-06,,,2.619,
1999-08-09,,,2.617,
1999-08-10,,,2.61,
1999-08-11,,,2.61,
1999-08-12,,,2.607,
1999-08-13,,,2.609,
1999-08-16,,,2.596,
1999-08-17,,,2.59,
1999-08-18,,,2.59,
1999-08-19,,,2.592,
1999-08-20,,,2.552,
1999-08-23,,,2.582,
1999-08-24,,,2.58,
1999-08-25,,,2.581,
1999-08-26,,,2.58,
1999-08-27,,,2.58,
1999-08-30,,,2.581,
1999-08-31,,,2.58,
1999-09-01,,,2.58,
1999-09-02,,,2.58,
1999-09-03,,,2.58,
1999-09-06,,,2.579,
1999-09-07,,,2.578,
1999-09-08,,,2.574,
1999-09-09,,,2.58,
1999-09-10,,,2.58,
1999-09-13,,,2.589,
1999-09-14,,,2.583,
1999-09-15,,,2.58,
1999-09-16,,,2.583,
1999-09-17,,,2.58,
1999-09-20,,,2.58,
1999-09-21,,,2.591,
1999-09-22,,,2.58,
1999-09-23,,,2.586,
1999-09-24,,,2.585,
1999-09-27,,,2.583,
1999-09-28,,,2.576,
1999-09-30,,,2.52,
1999-10-08,,,2.58,
1999-10-10,,,2.58,
1999-10-11,,,2.577,
1999-10-12,,,2.58,
1999-10-13,,,2.635,
1999-10-14,,,2.586,
1999-10-15,,,2.59,
1999-10-18,,,2.59,
1999-10-19,,,2.593,
1999-10-20,,,2.596,
1999-10-21,,,2.585,
1999-10-22,,,2.591,
1999-10-25,,,2.592,
1999-10-27,,,2.582,
1999-10-28,,,2.576,
1999-10-29,,,2.561,
1999-11-01,,,2.579,
1999-11-02,2.57,,2.575,
1999-11-03,,,2.58,
1999-11-04,,,2.577,
1999-11-05,,,2.578,
1999-11-08,,,2.57,
1999-11-09,,,2.572,
1999-11-10,,,2.58,
1999-11-11,,,2.579,
1999-11-12,,,2.579,
1999-11-15,,,2.581,
1999-11-16,,,2.576,
1999-11-17,,,2.58,
1999-11-18,,,2.573,
1999-11-19,,,2.577,
1999-11-22,,,2.58,
1999-11-23,,,2.577,
1999-11-24,,,2.582,
1999-11-25,,,2.575,
1999-11-26,,,2.573,
1999-11-29,,,2.578,
1999-11-30,,,2.57,
1999-12-01,,,2.57,
1999-12-02,,,2.578,
1999-12-03,,,2.564,
1999-12-06,,,2.565,
1999-12-07,,,2.566,
1999-12-08,,,2.571,
1999-12-09,,,2.57,
1999-12-10,,,2.566,
1999-12-13,,,2.568,
1999-12-14,,,2.575,
1999-12-15,,,2.572,
1999-12-16,,,2.562,
1999-12-17,,,2.56,
1999-12-21,2.57,,2.564,
1999-12-22,,,2.567,
1999-12-23,,,2.575,
1999-12-24,,,2.569,
1999-12-27,,,2.573,
1999-12-28,2.57,,2.58,
1999-12-29,,,2.571,
1999-12-30,,,2.572,
2000-01-04,2.57,,2.572,
2000-01-05,,,2.565,
2000-01-06,,,2.566,
2000-01-07,,,2.58,
2000-01-10,,,2.56,
2000-01-11,,,2.556,
2000-01-12,,,2.56,
2000-01-13,,,2.555,
2000-01-14,,,2.56,
2000-01-17,,,2.558,
2000-01-18,2.57,,2.55,
2000-01-19,,,2.55,
2000-01-20,,,2.55,
2000-01-21,,,2.536,
2000-01-24,,,2.542,
2000-01-25,2.57,,2.502,
2000-01-26,,,2.508,
2000-01-27,,,2.528,
2000-01-28,,,2.518,
2000-01-31,,,2.513,
2000-02-01,,,2.5,
2000-02-02,,,2.5,
2000-02-12,,,2.555,
2000-02-13,,,2.562,
2000-02-14,,,2.521,
2000-02-15,2.53,,2.482,
2000-02-16,,,2.504,
2000-02-17,,,2.511,
2000-02-18,,,2.511,
2000-02-21,,,2.515,
2000-02-22,2.52,,2.506,
2000-02-23,,,2.511,
2000-02-24,,,2.494,
2000-02-25,,,2.491,
2000-02-28,,,2.492,
2000-02-29,,,2.485,
2000-03-01,,,2.482,
2000-03-02,,,2.481,
2000-03-03,,,2.478,
2000-03-06,,,2.477,
2000-03-07,2.5,,2.481,
2000-03-08,,,2.474,
2000-03-09,,,2.472,
2000-03-10,,,2.467,
2000-03-13,,,2.467,
2000-03-14,2.5,,2.453,
2000-03-15,,,2.451,
2000-03-16,,,2.45,
2000-03-17,,,2.451,
2000-03-20,,,2.448,
2000-03-21,2.48,,2.448,
2000-03-22,,,2.44,
2000-03-23,,,2.442,
2000-03-24,,,2.442,
2000-03-27,,,2.434,
2000-03-28,2.48,,2.438,
2000-03-29,,,2.436,
2000-03-30,,,2.44,
2000-03-31,,,2.421,
2000-04-03,,,2.43,
2000-04-04,2.48,,2.432,
2000-04-05,,,2.425,
2000-04-06,,,2.422,
2000-04-07,,,2.425,
2000-04-10,,,2.424,
2000-04-11,2.48,,2.421,
2000-04-12,,,2.42,
2000-04-13,,,2.428,
2000-04-14,,,2.418,
2000-04-17,,,2.417,
2000-04-18,2.48,,2.426,
2000-04-19,,,2.419,
2000-04-20,,,2.418,
2000-04-21,,,2.417,
2000-04-24,,,2.413,
2000-04-25,,,2.401,
2000-04-26,,,2.394,
2000-04-27,,,2.405,
2000-04-28,,,2.4,
2000-04-29,,,2.381,
2000-05-08,,,2.401,
2000-05-09,2.48,,2.397,
2000-05-10,,,2.401,
2000-05-11,,,2.401,
2000-05-12,,,2.398,
2000-05-15,,,2.398,
2000-05-16,2.48,,2.391,
2000-05-17,,,2.392,
2000-05-18,,,2.392,
2000-05-19,,,2.394,
2000-05-22,,,2.391,
2000-05-23,2.48,,2.373,
2000-05-24,,,2.391,
2000-05-25,,,2.387,
2000-05-26,,,2.387,
2000-05-29,,,2.376,
2000-05-30,2.48,,2.376,
2000-05-31,,,2.367,
2000-06-01,,,2.374,
2000-06-02,,,2.376,
2000-06-05,,,2.377,
2000-06-06,2.48,,2.372,
2000-06-07,,,2.38,
2000-06-08,,,2.375,
2000-06-09,,,2.373,
2000-06-12,,,2.373,
2000-06-13,2.48,,2.369,
2000-06-14,,,2.3683,
2000-06-15,,,2.3716,
2000-06-16,,,2.3766,
2000-06-19,,,2.371,
2000-06-20,2.48,,2.369,
2000-06-21,,,2.365,
2000-06-22,,,2.364,
2000-06-23,,,2.373,
2000-06-26,,,2.367,
2000-06-27,2.48,,2.367,
2000-06-28,,,2.313,
2000-06-29,,,2.369,
2000-06-30,,,2.365,
2000-07-03,,,2.366,
2000-07-04,2.48,,2.37,
2000-07-05,,,2.364,
2000-07-06,,,2.364,
2000-07-07,,,2.363,
2000-07-10,,,2.361,
2000-07-11,2.48,,2.355,
2000-07-12,,,2.357,
2000-07-13,,,2.356,
2000-07-14,,,2.359,
2000-07-17,,,2.359,
2000-07-18,2.48,,2.354,
2000-07-19,,,2.356,
2000-07-20,,,2.354,
2000-07-21,,,2.358,
2000-07-24,,,2.35,
2000-07-25,2.48,,2.346,
2000-07-26,,,2.349,
2000-07-27,,,2.351,
2000-07-28,,,2.356,
2000-07-31,,,2.343,
2000-08-01,2.48,,2.338,
2000-08-02,,,2.338,
2000-08-03,,,2.342,
2000-08-04,,,2.34,
2000-08-07,,,2.331,
2000-08-08,2.48,,2.331,
2000-08-09,,,2.333,
2000-08-10,,,2.323,
2000-08-11,,,2.328,
2000-08-14,,,2.335,
2000-08-15,2.48,,2.318,
2000-08-16,,,2.321,
2000-08-17,,,2.318,
2000-08-18,,,2.33,
2000-08-21,,,2.318,
2000-08-22,2.48,,2.314,
2000-08-23,,,2.31,
2000-08-24,,,2.316,
2000-08-25,,,2.318,
2000-08-28,,,2.327,
2000-08-29,2.48,,2.316,
2000-08-30,,,2.311,
2000-08-31,,,2.308,
2000-09-01,,,2.323,
2000-09-04,,,2.311,
2000-09-05,2.48,,2.311,
2000-09-06,,,2.312,
2000-09-07,,,2.31,
2000-09-08,,,2.306,
2000-09-11,,,2.305,
2000-09-12,2.48,,2.305,
2000-09-13,,,2.305,
2000-09-14,,,2.309,
2000-09-15,,,2.312,
2000-09-18,,,2.304,
2000-09-19,2.48,,2.302,
2000-09-20,,,2.303,
2000-09-21,,,2.277,
2000-09-22,,,2.307,
2000-09-25,,,2.31,
2000-09-26,,,2.301,
2000-09-27,,,2.305,
2000-09-28,,,2.288,
2000-09-29,,,2.301,
2000-09-30,,,2.29,
2000-10-08,,,2.301,
2000-10-09,,,2.301,
2000-10-10,2.4,,2.3,
2000-10-11,,,2.3,
2000-10-12,,,2.306,
2000-10-13,,,2.302,
2000-10-16,,,2.301,
2000-10-17,2.4,,2.301,
2000-10-18,,,2.302,
2000-10-19,,,2.301,
2000-10-20,,,2.3,
2000-10-23,,,2.301,
2000-10-24,2.4,,2.3,
2000-10-25,,,2.301,
2000-10-26,,,2.301,
2000-10-27,,,2.303,
2000-10-30,,,2.301,
2000-10-31,2.4,,2.302,
2000-11-01,,,2.301,
2000-11-02,,,2.301,
2000-11-03,,,2.308,
2000-11-06,,,2.301,
2000-11-07,2.4,,2.302,
2000-11-08,,,2.301,
2000-11-09,,,2.301,
2000-11-10,,,2.308,
2000-11-13,,,2.302,
2000-11-14,2.4,,2.301,
2000-11-15,,,2.301,
2000-11-16,,,2.308,
2000-11-17,,,2.301,
2000-11-20,,,2.303,
2000-11-21,2.4,,2.301,
2000-11-22,,,2.303,
2000-11-23,,,2.309,
2000-11-24,,,2.309,
2000-11-27,,,2.314,
2000-11-28,2.4,,2.317,
2000-11-29,,,2.319,
2000-11-30,,,2.323,
2000-12-01,,,2.329,
2000-12-04,,,2.329,
2000-12-05,2.4,,2.337,
2000-12-06,,,2.358,
2000-12-07,,,2.358,
2000-12-08,,,2.359,
2000-12-11,,,2.385,
2000-12-12,2.4,,2.387,
2000-12-13,,,2.393,
2000-12-14,,,2.402,
2000-12-15,,,2.412,
2000-12-18,,,2.415,
2000-12-19,,,2.44,
2000-12-20,,,2.475,
2000-12-21,,,2.51,
2000-12-22,,,2.557,
2000-12-25,,,2.597,
2000-12-26,2.5,,2.615,
2000-12-27,,,2.644,
2000-12-28,,,2.622,
2000-12-29,,,2.554,
2001-01-02,,,2.488,
2001-01-03,,,2.467,
2001-01-04,,,2.519,
2001-01-05,,,2.472,
2001-01-08,,,2.461,
2001-01-09,,,2.452,
2001-01-10,,,2.459,
2001-01-11,,,2.463,
2001-01-12,,,2.513,
2001-01-15,,,2.48,
2001-01-16,,,2.492,
2001-01-17,,,2.53,
2001-01-18,,,2.545,
2001-01-19,,,2.578,
2001-01-20,,,2.561,
2001-01-21,,,2.52,
2001-01-22,,,2.4,
2001-01-31,,,2.458,
2001-02-01,,,2.47,
2001-02-02,,,2.47,
2001-02-05,,,2.499,
2001-02-06,2.5,,2.527,
2001-02-07,,,2.52,
2001-02-08,,,2.532,
2001-02-09,,,2.525,
2001-02-12,,,2.516,
2001-02-13,2.5,,2.523,
2001-02-14,,,2.533,
2001-02-15,,,2.527,
2001-02-16,,,2.525,
2001-02-19,,,2.53,
2001-02-20,2.5,,2.517,
2001-02-21,,,2.527,
2001-02-22,,,2.526,
2001-02-23,,,2.523,
2001-02-26,,,2.529,
2001-02-27,2.5,,2.53,
2001-02-28,,,2.52,
2001-03-01,,,2.516,
2001-03-02,,,2.505,
2001-03-05,,,2.502,
2001-03-06,,,2.5,
2001-03-07,,,2.494,
2001-03-08,,,2.499,
2001-03-09,,,2.499,
2001-03-12,,,2.496,
2001-03-13,,,2.495,
2001-03-14,,,2.493,
2001-03-15,,,2.496,
2001-03-16,,,2.497,
2001-03-19,,,2.494,
2001-03-20,,,2.493,
2001-03-21,,,2.494,
2001-03-22,,,2.492,
2001-03-23,,,2.487,
2001-03-26,,,2.488,
2001-03-27,,,2.486,
2001-03-28,,,2.483,
2001-03-29,,,2.475,
2001-03-30,,,2.466,
2001-04-02,,,2.464,
2001-04-03,,,2.458,
2001-04-04,,,2.456,
2001-04-05,,,2.452,
2001-04-06,,,2.449,
2001-04-09,,,2.4491,
2001-04-10,,,2.439,
2001-04-11,,,2.442,
2001-04-12,,,2.437,
2001-04-13,,,2.424,
2001-04-16,,,2.425,
2001-04-17,,,2.422,
2001-04-18,,,2.415,
2001-04-19,,,2.411,
2001-04-20,,,2.409,
2001-04-23,,,2.41,
2001-04-24,,,2.403,
2001-04-25,,,2.399,
2001-04-26,,,2.398,
2001-04-27,,,2.396,
2001-04-28,,,2.383,
2001-04-29,,,2.346,
2001-04-30,,,2.3144,
2001-05-08,,,2.388,
2001-05-09,,,2.389,
2001-05-10,,,2.391,
2001-05-11,,,2.388,
2001-05-14,,,2.391,
2001-05-15,,,2.386,
2001-05-16,,,2.385,
2001-05-17,,,2.378,
2001-05-18,,,2.374,
2001-05-20,,,2.374,
2001-05-21,,,2.374,
2001-05-22,,,2.368,
2001-05-23,,,2.373,
2001-05-24,,,2.379,
2001-05-25,,,2.3787,
2001-05-28,,,2.38,
2001-05-29,,,2.386,
2001-05-30,,,2.386,
2001-05-31,,,2.387,
2001-06-01,,,2.383,
2001-06-04,,,2.3808,
2001-06-05,,,2.38,
2001-06-06,,,2.375,
2001-06-07,,,2.368,
2001-06-08,,,2.361,
2001-06-11,,,2.354,
2001-06-12,,,2.349,
2001-06-13,,,2.34,
2001-06-14,,,2.34,
2001-06-15,,,2.342,
2001-06-18,,,2.344,
2001-06-19,,,2.346,
2001-06-20,,,2.352,
2001-06-21,,,2.356,
2001-06-22,,,2.347,
2001-06-25,,,2.344,
2001-06-26,,,2.337,
2001-06-27,,,2.333,
2001-06-28,,,2.333,
2001-06-29,,,2.327,
2001-06-30,,,2.327,
2001-07-02,,,2.3168,
2001-07-03,,,2.3134,
2001-07-04,,,2.3066,
2001-07-05,,,2.3003,
2001-07-06,,,2.298,
2001-07-09,,,2.2952,
2001-07-10,,,2.2942,
2001-07-11,,,2.2932,
2001-07-12,,,2.295,
2001-07-13,,,2.2957,
2001-07-16,,,2.3032,
2001-07-17,,,2.3016,
2001-07-18,,,2.3065,
2001-07-19,,,2.3049,
2001-07-20,,,2.2999,
2001-07-23,,,2.2993,
2001-07-24,,,2.297,
2001-07-25,,,2.2973,
2001-07-26,,,2.3016,
2001-07-27,,,2.3026,
2001-07-30,,,2.3021,
2001-07-31,,,2.3027,
2001-08-01,,,2.3009,
2001-08-02,,,2.3035,
2001-08-03,,,2.3027,
2001-08-06,,,2.3029,
2001-08-07,,,2.3042,
2001-08-08,,,2.3019,
2001-08-09,,,2.3038,
2001-08-10,,,2.3023,
2001-08-13,,,2.3012,
2001-08-14,,,2.301,
2001-08-15,,,2.2989,
2001-08-16,,,2.2984,
2001-08-17,,,2.2974,
2001-08-20,,,2.2973,
2001-08-21,,,2.2959,
2001-08-22,,,2.2947,
2001-08-23,,,2.293,
2001-08-24,,,2.2924,
2001-08-27,,,2.2916,
2001-08-28,,,2.2901,
2001-08-29,,,2.2888,
2001-08-30,,,2.2873,
2001-08-31,,,2.2859,
2001-09-03,,,2.2845,
2001-09-04,,,2.2836,
2001-09-05,,,2.2819,
2001-09-06,,,2.2804,
2001-09-07,,,2.2782,
2001-09-10,,,2.2775,
2001-09-11,,,2.2749,
2001-09-12,,,2.2746,
2001-09-13,,,2.2725,
2001-09-14,,,2.2685,
2001-09-17,,,2.2647,
2001-09-18,,,2.2629,
2001-09-19,,,2.259,
2001-09-20,,,2.2572,
2001-09-21,,,2.254,
2001-09-24,,,2.2508,
2001-09-25,,,2.2466,
2001-09-26,,,2.2439,
2001-09-27,,,2.2386,
2001-09-28,,,2.2214,
2001-09-29,,,2.2116,
2001-09-30,,,2.2097,
2001-10-08,,,2.2512,
2001-10-09,,,2.2406,
2001-10-10,,,2.2387,
2001-10-11,,,2.2292,
2001-10-12,,,2.2197,
2001-10-15,,,2.2105,
2001-10-16,,,2.1887,
2001-10-17,,,2.1806,
2001-10-18,,,2.1683,
2001-10-19,,,2.161,
2001-10-22,,,2.1559,
2001-10-23,,,2.1555,
2001-10-24,,,2.1504,
2001-10-25,,,2.1442,
2001-10-26,,,2.145,
2001-10-29,,,2.1415,
2001-10-30,,,2.146,
2001-10-31,,,2.14,
2001-11-01,,,2.1394,
2001-11-02,,,2.1385,
2001-11-05,,,2.138,
2001-11-06,,,2.1399,
2001-11-07,,,2.1387,
2001-11-08,,,2.1394,
2001-11-09,,,2.1389,
2001-11-12,,,2.1376,
2001-11-13,,,2.1375,
2001-11-14,,,2.1384,
2001-11-15,,,2.1392,
2001-11-16,,,2.1389,
2001-11-19,,,2.1379,
2001-11-20,,,2.1378,
2001-11-21,,,2.1386,
2001-11-22,,,2.1406,
2001-11-23,,,2.14,
2001-11-26,,,2.138,
2001-11-27,,,2.1388,
2001-11-28,,,2.1421,
2001-11-29,,,2.1401,
2001-11-30,,,2.1383,
2001-12-03,,,2.1389,
2001-12-04,,,2.1457,
2001-12-05,,,2.1386,
2001-12-06,,,2.1408,
2001-12-07,,,2.1382,
2001-12-10,,,2.1433,
2001-12-11,,,2.139,
2001-12-12,,,2.1384,
2001-12-13,,,2.1431,
2001-12-14,,,2.1389,
2001-12-17,,,2.1395,
2001-12-18,,,2.1398,
2001-12-19,,,2.1382,
2001-12-20,,,2.1394,
2001-12-21,,,2.1393,
2001-12-24,,,2.1395,
2001-12-25,2.15,,2.1411,
2001-12-26,,,2.1411,
2001-12-27,,,2.1381,
2001-12-28,,,2.139,
2001-12-29,,,2.1429,
2001-12-30,,,2.1418,
2001-12-31,,,2.1365,
2002-01-04,,,2.1389,
2002-01-07,,,2.1379,
2002-01-08,2.15,,2.1388,
2002-01-09,,,2.1382,
2002-01-10,,,2.1374,
2002-01-11,,,2.1376,
2002-01-14,,,2.1372,
2002-01-15,2.15,,2.1374,
2002-01-16,,,2.1368,
2002-01-17,,,2.1368,
2002-01-18,,,2.1361,
2002-01-21,,,2.1364,
2002-01-22,2.15,,2.136,
2002-01-23,,,2.1363,
2002-01-24,,,2.1364,
2002-01-25,,,2.1354,
2002-01-28,,,2.1352,
2002-01-29,2.15,,2.1344,
2002-01-30,,,2.1346,
2002-01-31,,,2.1347,
2002-02-01,,,2.1357,
2002-02-04,,,2.1352,
2002-02-05,2.15,,2.1365,
2002-02-06,,,2.1351,
2002-02-07,,,2.1336,
2002-02-08,,,2.1367,
2002-02-09,,,2.1516,
2002-02-10,,,2.1358,
2002-02-11,,,2.133,
2002-02-19,2.15,,2.1367,
2002-02-20,,,2.1326,
2002-02-21,,,1.9887,
2002-02-22,,,1.9697,
2002-02-25,,,1.9651,
2002-02-26,1.97,,1.961,
2002-02-27,,,1.9582,
2002-02-28,,,1.9595,
2002-03-01,,,1.9584,
2002-03-04,,,1.9604,
2002-03-05,1.97,,1.9577,
2002-03-06,,,1.9571,
2002-03-07,,,1.9584,
2002-03-08,,,1.957,
2002-03-11,,,1.9575,
2002-03-12,1.97,,1.9561,
2002-03-13,,,1.9547,
2002-03-14,,,1.9545,
2002-03-15,,,1.9549,
2002-03-18,,,1.954,
2002-03-19,1.97,,1.9531,
2002-03-20,,,1.9535,
2002-03-21,,,1.9543,
2002-03-22,,,1.9537,
2002-03-25,,,1.9539,
2002-03-26,1.97,,1.9534,
2002-03-27,,,1.9526,
2002-03-28,,,1.951,
2002-03-29,,,1.9528,
2002-04-01,,,1.9512,
2002-04-02,1.97,,1.9501,
2002-04-03,,,1.9519,
2002-04-04,,,1.9516,
2002-04-05,,,1.9521,
2002-04-08,,,1.9525,
2002-04-09,1.97,,1.9481,
2002-04-10,,,1.9526,
2002-04-11,,,1.953,
2002-04-12,,,1.9507,
2002-04-15,,,1.9512,
2002-04-16,1.97,,1.9498,
2002-04-17,,,1.9517,
2002-04-18,,,1.9503,
2002-04-19,,,1.9505,
2002-04-22,,,1.9508,
2002-04-23,1.97,,1.9498,
2002-04-24,,,1.9512,
2002-04-25,,,1.9489,
2002-04-26,,,1.9505,
2002-04-27,,,1.9527,
2002-04-28,,,1.9506,
2002-04-29,,,1.9487,
2002-04-30,,,1.9508,
2002-05-08,,,1.951,
2002-05-09,,,1.9521,
2002-05-10,,,1.9509,
2002-05-13,,,1.9508,
2002-05-14,1.97,,1.9497,
2002-05-15,,,1.9513,
2002-05-16,,,1.9498,
2002-05-17,,,1.9523,
2002-05-20,,,1.9493,
2002-05-21,1.97,,1.9496,
2002-05-22,,,1.951,
2002-05-23,,,1.9499,
2002-05-24,,,1.9514,
2002-05-27,,,1.9515,
2002-05-28,1.97,,1.9505,
2002-05-29,,,1.9497,
2002-05-30,,,1.9513,
2002-05-31,,,1.9517,
2002-06-03,,,1.9509,
2002-06-04,1.97,,1.9515,
2002-06-05,,,1.9517,
2002-06-06,,,1.9512,
2002-06-07,,,1.9518,
2002-06-10,,,1.9519,
2002-06-11,1.97,,1.9514,
2002-06-12,,,1.9507,
2002-06-13,,,1.9508,
2002-06-14,,,1.9512,
2002-06-17,,,1.9517,
2002-06-18,1.97,,1.9509,
2002-06-19,,,1.9507,
2002-06-20,,,1.9501,
2002-06-21,,,1.9512,
2002-06-24,,,1.9499,
2002-06-25,,,1.9498,
2002-06-26,,,1.9504,
2002-06-27,,,1.95,
2002-06-28,,,1.9504,
2002-07-01,,,1.9506,
2002-07-02,,,1.9498,
2002-07-03,,,1.9492,
2002-07-04,,,1.9498,
2002-07-05,,,1.9493,
2002-07-08,,,1.9498,
2002-07-09,,,1.9493,
2002-07-10,,,1.9494,
2002-07-11,,,1.9491,
2002-07-12,,,1.9495,
2002-07-15,,,1.9495,
2002-07-16,,,1.9494,
2002-07-17,,,1.9488,
2002-07-18,,,1.9486,
2002-07-19,,,1.9495,
2002-07-22,,,1.949,
2002-07-23,,,1.9487,
2002-07-24,,,1.9491,
2002-07-25,,,1.9496,
2002-07-26,,,1.9493,
2002-07-29,,,1.9496,
2002-07-30,,,1.9494,
2002-07-31,,,1.9505,
2002-08-01,,,1.9499,
2002-08-02,,,1.9501,
2002-08-05,,,1.9506,
2002-08-06,,,1.9499,
2002-08-07,,,1.9504,
2002-08-08,,,1.9498,
2002-08-09,,,1.9505,
2002-08-12,,,1.9504,
2002-08-13,,,1.9505,
2002-08-14,,,1.9503,
2002-08-15,,,1.9504,
2002-08-16,,,1.9504,
2002-08-19,,,1.9567,
2002-08-20,,,1.9598,
2002-08-21,,,1.9658,
2002-08-22,,,1.9687,
2002-08-23,,,1.9693,
2002-08-26,,,1.9884,
2002-08-27,,,2.0106,
2002-08-28,,,2.0203,
2002-08-29,,,2.0222,
2002-08-30,,,2.0282,
2002-09-02,,,2.0511,
2002-09-03,,,2.0559,
2002-09-04,,,2.0593,
2002-09-05,,,2.0659,
2002-09-06,,,2.0638,
2002-09-09,,,2.0811,
2002-09-10,,,2.0872,
2002-09-11,,,2.0893,
2002-09-12,,,2.0873,
2002-09-13,,,2.0983,
2002-09-16,,,2.1098,
2002-09-17,,,2.1191,
2002-09-18,,,2.1307,
2002-09-19,,,2.1887,
2002-09-20,,,2.2832,
2002-09-23,,,2.2719,
2002-09-24,,,2.3159,
2002-09-25,,,2.3366,
2002-09-26,,,2.2894,
2002-09-27,,,2.2949,
2002-09-28,,,2.3044,
2002-09-29,,,2.2724,
2002-09-30,,,2.2485,
2002-10-08,,,2.2571,
2002-10-09,,,2.2549,
2002-10-10,,,2.255,
2002-10-11,,,2.2497,
2002-10-14,,,2.2482,
2002-10-15,,,2.2451,
2002-10-16,,,2.2424,
2002-10-17,,,2.242,
2002-10-18,,,2.2401,
2002-10-21,,,2.2395,
2002-10-22,,,2.2388,
2002-10-23,,,2.2394,
2002-10-24,,,2.2363,
2002-10-25,,,2.2365,
2002-10-28,,,2.237,
2002-10-29,,,2.236,
2002-10-30,,,2.2351,
2002-10-31,,,2.2356,
2002-11-01,,,2.2312,
2002-11-04,,,2.2326,
2002-11-05,,,2.233,
2002-11-06,,,2.2339,
2002-11-07,,,2.2292,
2002-11-08,,,2.2318,
2002-11-11,,,2.2311,
2002-11-12,,,2.2297,
2002-11-13,,,2.2305,
2002-11-14,,,2.2297,
2002-11-15,,,2.2299,
2002-11-18,,,2.229,
2002-11-19,,,2.2295,
2002-11-20,,,2.2294,
2002-11-21,,,2.229,
2002-11-22,,,2.2285,
2002-11-25,,,2.2291,
2002-11-26,,,2.2291,
2002-11-27,,,2.2283,
2002-11-28,,,2.229,
2002-11-29,,,2.2287,
2002-12-02,,,2.2283,
2002-12-03,,,2.2278,
2002-12-04,,,2.2277,
2002-12-05,,,2.2339,
2002-12-06,,,2.2413,
2002-12-09,,,2.2484,
2002-12-10,,,2.2551,
2002-12-11,,,2.2603,
2002-12-12,,,2.2717,
2002-12-13,,,2.2961,
2002-12-16,,,2.3118,
2002-12-17,,,2.3218,
2002-12-18,,,2.328,
2002-12-19,,,2.3388,
2002-12-20,,,2.3496,
2002-12-23,,,2.3536,
2002-12-24,,,2.3479,
2002-12-25,,,2.3466,
2002-12-26,,,2.3452,
2002-12-27,,,2.3581,
2002-12-30,,,2.343,
2002-12-31,,,2.2981,
2003-01-02,,,2.3133,
2003-01-03,,,2.3038,
2003-01-06,,,2.3021,
2003-01-07,2.3,,2.298,
2003-01-08,,,2.2918,
2003-01-09,,,2.2871,
2003-01-10,,,2.2746,
2003-01-13,,,2.2715,
2003-01-14,2.3,,2.2654,
2003-01-15,,,2.2618,
2003-01-16,,,2.2553,
2003-01-17,,,2.2509,
2003-01-20,,,2.2472,
2003-01-21,2.3,,2.2453,
2003-01-22,,,2.2413,
2003-01-23,,,2.2598,
2003-01-24,,,2.2612,
2003-01-27,,,2.2901,
2003-01-28,,,2.2997,
2003-01-29,,,2.3098,
2003-01-30,,,2.2709,
2003-01-31,,,2.3,
2003-02-08,,,2.2883,
2003-02-09,,,2.2838,
2003-02-10,,,2.278,
2003-02-11,,,2.2765,
2003-02-12,,,2.2713,
2003-02-13,,,2.2673,
2003-02-14,,,2.2633,
2003-02-17,,,2.258,
2003-02-18,,,2.2532,
2003-02-19,,,2.2487,
2003-02-20,,,2.2441,
2003-02-21,,,2.239,
2003-02-24,,,2.2303,
2003-02-25,,,2.2254,
2003-02-26,,,2.2045,
2003-02-27,,,2.1796,
2003-02-28,,,2.1471,
2003-03-03,,,2.128,
2003-03-04,,,2.1026,
2003-03-05,,,2.0892,
2003-03-06,,,2.0723,
2003-03-07,,,2.0759,
2003-03-10,,,2.0817,
2003-03-11,,,2.0772,
2003-03-12,,,2.0729,
2003-03-13,,,2.0658,
2003-03-14,,,2.054,
2003-03-17,,,2.0475,
2003-03-18,,,2.0372,
2003-03-19,,,2.0268,
2003-03-20,,,2.0192,
2003-03-21,,,2.012,
2003-03-24,,,2.0029,
2003-03-25,,,1.9932,
2003-03-26,,,1.9897,
2003-03-27,,,1.9844,
2003-03-28,,,1.9784,
2003-03-31,,,1.974,
2003-04-01,,,1.9749,
2003-04-03,,,1.9722,
2003-04-04,,,1.9704,
2003-04-07,,,1.9677,
2003-04-08,,,1.9618,
2003-04-09,,,1.9582,
2003-04-10,,,1.9552,
2003-04-11,,,1.953,
2003-04-14,,,1.952,
2003-04-15,,,1.951,
2003-04-16,,,1.95,
2003-04-17,,,1.949,
2003-04-18,,,1.9498,
2003-04-21,,,1.946,
2003-04-22,,,1.945,
2003-04-23,,,1.9452,
2003-04-24,,,1.946,
2003-04-25,,,1.9605,
2003-04-28,,,1.9767,
2003-04-29,,,1.978,
2003-04-30,,,1.979,
2003-05-06,,,1.9814,
2003-05-07,,,1.982,
2003-05-08,,,1.9893,
2003-05-09,,,1.9926,
2003-05-12,,,1.999,
2003-05-13,,,2.0001,
2003-05-14,,,2.0054,
2003-05-15,,,2.014,
2003-05-16,,,2.0134,
2003-05-19,,,2.018,
2003-05-20,,,2.0225,
2003-05-21,,,2.0292,
2003-05-22,,,2.0355,
2003-05-23,,,2.04,
2003-05-26,,,2.0536,
2003-05-27,,,2.0634,
2003-05-28,,,2.0804,
2003-05-29,,,2.092,
2003-05-30,,,2.1038,
2003-06-02,,,2.113,
2003-06-03,,,2.1182,
2003-06-04,,,2.1207,
2003-06-05,,,2.125,
2003-06-06,,,2.133,
2003-06-09,,,2.1359,
2003-06-10,,,2.1366,
2003-06-11,,,2.1392,
2003-06-12,,,2.139,
2003-06-13,,,2.149,
2003-06-16,,,2.1566,
2003-06-17,,,2.1555,
2003-06-18,,,2.1606,
2003-06-19,,,2.162,
2003-06-20,,,2.17,
2003-06-23,,,2.1776,
2003-06-24,,,2.1792,
2003-06-25,,,2.2047,
2003-06-26,,,2.2229,
2003-06-27,,,2.2444,
2003-06-30,,,2.2544,
2003-07-01,,,2.2565,
2003-07-02,,,2.2706,
2003-07-03,,,2.2756,
2003-07-04,,,2.2745,
2003-07-07,,,2.2765,
2003-07-08,,,2.2744,
2003-07-09,,,2.2706,
2003-07-10,,,2.2603,
2003-07-11,,,2.24,
2003-07-14,,,2.2265,
2003-07-15,,,2.2164,
2003-07-16,,,2.2039,
2003-07-17,,,2.1902,
2003-07-18,,,2.177,
2003-07-21,,,2.168,
2003-07-22,,,2.156,
2003-07-23,,,2.149,
2003-07-24,,,2.157,
2003-07-25,,,2.144,
2003-07-28,,,2.142,
2003-07-29,,,2.137,
2003-07-30,,,2.132,
2003-07-31,,,2.126,
2003-08-01,,,2.119,
2003-08-04,,,2.118,
2003-08-05,,,2.11,
2003-08-06,,,2.115,
2003-08-07,,,2.098,
2003-08-08,,,2.099,
2003-08-11,,,2.083,
2003-08-12,,,2.087,
2003-08-13,,,2.093,
2003-08-14,,,2.091,
2003-08-15,,,2.088,
2003-08-18,,,2.083,
2003-08-19,,,2.079,
2003-08-20,,,2.092,
2003-08-21,,,2.118,
2003-08-22,,,2.149,
2003-08-25,,,2.269,
2003-08-26,2.24,,2.346,
2003-08-27,,,2.675,
2003-08-28,,,2.771,
2003-08-29,,,2.861,
2003-09-01,,,2.892,
2003-09-02,2.9337,,2.91,
2003-09-03,,,2.872,
2003-09-04,,,2.877,
2003-09-05,,,2.83,
2003-09-08,,,2.82,
2003-09-09,,,2.827,
2003-09-10,,,2.83,
2003-09-11,,,2.821,
2003-09-12,,,2.815,
2003-09-15,,,2.813,
2003-09-16,,,2.806,
2003-09-17,,,2.806,
2003-09-18,,,2.802,
2003-09-19,,,2.806,
2003-09-22,,,2.816,
2003-09-23,2.6,,2.856,
2003-09-24,,,2.91,
2003-09-25,,,2.956,
2003-09-26,,,3.042,
2003-09-27,,,3.12,
2003-09-28,,,3.167,
2003-09-29,,,3.112,
2003-09-30,,,3.236,
2003-10-08,,,3.22,
2003-10-09,,,3.226,
2003-10-10,,,3.22,
2003-10-13,,,3.215,
2003-10-14,,,3.18,
2003-10-15,,,3.148,
2003-10-16,,,3.079,
2003-10-17,,,3.049,
2003-10-20,,,3.026,
2003-10-21,,,3.001,
2003-10-22,,,2.981,
2003-10-23,,,2.958,
2003-10-24,,,2.911,
2003-10-27,,,2.879,
2003-10-28,,,2.924,
2003-10-29,,,2.99,
2003-10-30,,,3.191,
2003-10-31,,,3.276,
2003-11-03,,,3.398,
2003-11-04,3.7561,,3.64,
2003-11-05,,,3.323,
2003-11-06,,,3.139,
2003-11-07,,,3.069,
2003-11-10,,,3.043,
2003-11-11,,,2.968,
2003-11-12,,,2.894,
2003-11-13,,,2.753,
2003-11-14,,,2.655,
2003-11-17,,,2.591,
2003-11-18,,,2.499,
2003-11-19,,,2.377,
2003-11-20,,,2.334,
2003-11-21,,,2.213,
2003-11-24,,,2.188,
2003-11-25,,,2.19,
2003-11-26,,,2.202,
2003-11-27,,,2.188,
2003-11-28,,,2.176,
2003-12-01,,,2.169,
2003-12-02,,,2.163,
2003-12-03,,,2.15,
2003-12-04,,,2.143,
2003-12-05,,,2.155,
2003-12-08,,,2.142,
2003-12-09,,,2.14,
2003-12-10,,,2.14,
2003-12-11,,,2.136,
2003-12-12,,,2.136,
2003-12-15,,,2.135,
2003-12-16,,,2.139,
2003-12-17,,,2.145,
2003-12-18,,,2.145,
2003-12-19,,,2.13,
2003-12-22,,,2.138,
2003-12-23,,,2.14,
2003-12-24,,,2.142,
2003-12-25,,,2.147,
2003-12-26,,,2.137,
2003-12-29,,,2.14,
2003-12-30,,,2.144,
2003-12-31,,,2.129,
2004-01-02,,,2.129,
2004-01-05,,,2.124,
2004-01-06,,,2.121,
2004-01-07,,,2.115,
2004-01-08,,,2.11,
2004-01-09,,,2.103,
2004-01-12,,,2.098,
2004-01-13,,,2.093,
2004-01-14,,,2.089,
2004-01-15,,,2.1,
2004-01-16,,,2.844,
2004-01-17,,,3.19,
2004-01-18,,,3.289,
2004-01-19,,,3.206,
2004-01-20,,,3.292,
2004-01-21,,,3.075,
2004-01-29,,,2.719,
2004-01-30,,,2.725,
2004-02-02,,,2.707,
2004-02-03,,,2.399,
2004-02-04,,,2.33,
2004-02-05,,,2.311,
2004-02-06,,,2.292,
2004-02-09,,,2.276,
2004-02-10,,,2.256,
2004-02-11,,,2.223,
2004-02-12,,,2.2,
2004-02-13,,,2.179,
2004-02-16,,,2.161,
2004-02-17,,,2.147,
2004-02-18,,,2.136,
2004-02-19,,,2.123,
2004-02-20,,,2.112,
2004-02-23,,,2.099,
2004-02-24,,,2.087,
2004-02-25,,,2.07,
2004-02-26,,,2.056,
2004-02-27,,,2.042,
2004-03-01,,,2.03,
2004-03-02,,,2.011,
2004-03-03,,,1.994,
2004-03-04,,,1.98,
2004-03-05,,,1.966,
2004-03-08,,,1.949,
2004-03-09,,,1.944,
2004-03-10,,,1.934,
2004-03-11,,,1.923,
2004-03-12,,,1.912,
2004-03-15,,,1.905,
2004-03-16,,,1.893,
2004-03-17,,,1.875,
2004-03-18,,,1.866,
2004-03-19,,,1.852,
2004-03-22,,,1.842,
2004-03-23,,,1.836,
2004-03-24,,,1.852,
2004-03-25,,,1.882,
2004-03-26,,,1.881,
2004-03-29,,,1.881,
2004-03-30,,,1.885,
2004-03-31,,,1.884,
2004-04-01,,,1.88,
2004-04-02,,,1.863,
2004-04-05,,,1.859,
2004-04-06,,,1.8539,
2004-04-07,,,1.8508,
2004-04-08,,,1.8431,
2004-04-09,,,1.832,
2004-04-12,,,1.856,
2004-04-13,,,1.9541,
2004-04-14,,,2.0148,
2004-04-15,,,2.0646,
2004-04-16,,,2.1059,
2004-04-19,,,2.1506,
2004-04-20,,,2.1965,
2004-04-21,,,2.3059,
2004-04-22,,,2.3841,
2004-04-23,,,2.4432,
2004-04-26,,,2.4453,
2004-04-27,,,2.3961,
2004-04-28,,,2.391,
2004-04-29,,,2.4618,
2004-04-30,,,2.2754,
2004-05-08,,,2.27,
2004-05-09,,,2.2567,
2004-05-10,,,2.244,
2004-05-11,,,2.2349,
2004-05-12,,,2.2211,
2004-05-13,,,2.2113,
2004-05-14,,,2.1816,
2004-05-17,,,2.1683,
2004-05-18,,,2.1664,
2004-05-19,,,2.1704,
2004-05-20,,,2.1794,
2004-05-21,,,2.1116,
2004-05-24,,,2.1044,
2004-05-25,,,2.1007,
2004-05-26,,,2.1143,
2004-05-27,,,2.124,
2004-05-28,,,2.1443,
2004-05-31,,,2.217,
2004-06-01,,,2.272,
2004-06-02,,,2.3522,
2004-06-03,,,2.4811,
2004-06-04,,,2.4884,
2004-06-07,,,2.4875,
2004-06-08,,,2.4835,
2004-06-09,,,2.4731,
2004-06-10,,,2.4746,
2004-06-11,,,2.389,
2004-06-14,,,2.344,
2004-06-15,,,2.3226,
2004-06-16,,,2.3227,
2004-06-17,,,2.3464,
2004-06-18,,,2.418,
2004-06-21,,,2.4273,
2004-06-22,,,2.4321,
2004-06-23,,,2.4315,
2004-06-24,,,2.4549,
2004-06-25,,,2.442,
2004-06-28,,,2.4256,
2004-06-29,,,2.4412,
2004-06-30,,,2.4397,
2004-07-01,,,2.4297,
2004-07-02,,,2.3927,
2004-07-05,,,2.392,
2004-07-06,,,2.3769,
2004-07-07,,,2.367,
2004-07-08,,,2.3416,
2004-07-09,,,2.2997,
2004-07-12,,,2.2855,
2004-07-13,,,2.2731,
2004-07-14,,,2.2619,
2004-07-15,,,2.2525,
2004-07-16,,,2.2078,
2004-07-19,,,2.199,
2004-07-20,,,2.2041,
2004-07-21,,,2.2164,
2004-07-22,,,2.4222,
2004-07-23,,,2.4232,
2004-07-26,,,2.4327,
2004-07-27,,,2.4127,
2004-07-28,,,2.4281,
2004-07-29,,,2.414,
2004-07-30,,,2.407,
2004-08-02,,,2.4054,
2004-08-03,,,2.4004,
2004-08-04,,,2.3923,
2004-08-05,,,2.3915,
2004-08-06,,,2.2977,
2004-08-09,,,2.2941,
2004-08-10,,,2.292,
2004-08-11,,,2.283,
2004-08-12,,,2.2892,
2004-08-13,,,2.2424,
2004-08-16,,,2.2601,
2004-08-17,,,2.2598,
2004-08-18,,,2.2537,
2004-08-19,,,2.2583,
2004-08-20,,,2.2369,
2004-08-23,,,2.245,
2004-08-24,,,2.2489,
2004-08-25,,,2.2435,
2004-08-26,,,2.2455,
2004-08-27,,,2.2231,
2004-08-30,,,2.2184,
2004-08-31,,,2.2012,
2004-09-01,,,2.1844,
2004-09-02,,,2.1663,
2004-09-03,,,2.139,
2004-09-06,,,2.1394,
2004-09-07,,,2.1357,
2004-09-08,,,2.1306,
2004-09-09,,,2.1126,
2004-09-10,,,2.1055,
2004-09-13,,,2.1011,
2004-09-14,,,2.0949,
2004-09-15,,,2.0941,
2004-09-16,,,2.0898,
2004-09-17,,,2.091,
2004-09-20,,,2.0867,
2004-09-21,,,2.0824,
2004-09-22,,,2.0802,
2004-09-23,,,2.0873,
2004-09-24,,,2.1335,
2004-09-27,,,2.1625,
2004-09-28,,,2.2939,
2004-09-29,,,2.2618,
2004-09-30,,,2.2207,
2004-10-08,,,2.2092,
2004-10-09,,,2.2088,
2004-10-10,,,2.1982,
2004-10-11,,,2.2008,
2004-10-12,,,2.1823,
2004-10-13,,,2.1715,
2004-10-14,,,2.1602,
2004-10-15,,,2.1578,
2004-10-18,,,2.1318,
2004-10-19,,,2.1306,
2004-10-20,,,2.0939,
2004-10-21,,,2.0978,
2004-10-22,,,2.0871,
2004-10-25,,,2.0782,
2004-10-26,,,2.0752,
2004-10-27,,,2.0676,
2004-10-28,,,2.0636,
2004-10-29,,,2.2185,
2004-11-01,,,2.236,
2004-11-02,,,2.2405,
2004-11-03,,,2.2482,
2004-11-04,,,2.2395,
2004-11-05,,,2.1711,
2004-11-08,,,2.1425,
2004-11-09,,,2.1682,
2004-11-10,,,1.1076,
2004-11-11,,,2.1409,
2004-11-12,,,2.1385,
2004-11-15,,,2.1202,
2004-11-16,,,2.0973,
2004-11-17,,,2.0691,
2004-11-18,,,2.0567,
2004-11-19,,,1.9916,
2004-11-22,,,1.9913,
2004-11-23,,,1.9805,
2004-11-24,,,1.9751,
2004-11-25,,,1.9687,
2004-11-26,,,1.9455,
2004-11-29,,,1.9425,
2004-11-30,,,1.946,
2004-12-01,,,1.9393,
2004-12-02,,,1.9311,
2004-12-03,,,1.9082,
2004-12-06,,,1.6399,
2004-12-07,,,1.6301,
2004-12-08,,,1.8712,
2004-12-09,,,1.8633,
2004-12-10,,,1.8407,
2004-12-13,,,1.8674,
2004-12-14,,,1.8642,
2004-12-15,,,1.8507,
2004-12-16,,,1.8505,
2004-12-17,,,1.8386,
2004-12-20,,,1.5464,
2004-12-21,,,1.8285,
2004-12-22,,,1.8276,
2004-12-23,,,1.8279,
2004-12-24,,,1.8324,
2004-12-27,,,1.8526,
2004-12-28,,,1.9013,
2004-12-29,,,1.9051,
2004-12-30,,,1.9159,
2004-12-31,,,1.9089,
2005-01-04,,,1.893,
2005-01-05,,,1.8781,
2005-01-06,,,1.8756,
2005-01-07,,,1.8482,
2005-01-10,,,1.8413,
2005-01-11,,,1.8344,
2005-01-12,,,1.8321,
2005-01-13,,,1.8288,
2005-01-14,,,1.825,
2005-01-17,,,1.8246,
2005-01-18,,,1.8297,
2005-01-19,,,1.8318,
2005-01-20,,,1.8322,
2005-01-21,,,1.8351,
2005-01-24,,,1.8368,
2005-01-25,,,1.8352,
2005-01-26,,,1.8313,
2005-01-27,,,1.8307,
2005-01-28,,,1.8422,
2005-01-31,,,1.8396,
2005-02-01,,,1.8438,
2005-02-02,,,1.9021,
2005-02-03,,,2.002,
2005-02-04,,,2.3631,
2005-02-05,,,2.4356,
2005-02-06,,,2.4558,
2005-02-07,,,2.3518,
2005-02-08,,,2,
2005-02-15,,,2.3631,
2005-02-16,,,1.9862,
2005-02-17,,,1.9837,
2005-02-18,,,1.9767,
2005-02-21,,,1.9656,
2005-02-22,,,1.943,
2005-02-23,,,1.9162,
2005-02-24,,,1.8721,
2005-02-25,,,1.865,
2005-02-28,,,1.8542,
2005-03-01,,,1.8495,
2005-03-02,,,1.8464,
2005-03-03,,,1.8427,
2005-03-04,,,1.8396,
2005-03-07,,,1.8593,
2005-03-08,,,1.8462,
2005-03-09,,,1.8427,
2005-03-10,,,1.8399,
2005-03-11,,,1.8291,
2005-03-14,,,1.8256,
2005-03-15,,,1.8356,
2005-03-16,,,1.825,
2005-03-17,,,1.7919,
2005-03-18,,,1.6904,
2005-03-21,,,1.61,
2005-03-22,,,1.5745,
2005-03-23,,,1.5313,
2005-03-24,,,1.5231,
2005-03-25,,,1.5094,
2005-03-28,,,1.5144,
2005-03-29,,,1.4899,
2005-03-30,,,1.4696,
2005-03-31,,,1.4537,
2005-04-01,,,1.4134,
2005-04-04,,,1.4249,
2005-04-05,,,1.386,
2005-04-06,,,1.3145,
2005-04-07,,,1.3448,
2005-04-08,,,1.3092,
2005-04-11,,,1.3301,
2005-04-12,,,1.3076,
2005-04-13,,,1.2916,
2005-04-14,,,1.3014,
2005-04-15,,,1.2704,
2005-04-18,,,1.2641,
2005-04-19,,,1.254,
2005-04-20,,,1.2514,
2005-04-21,,,1.2545,
2005-04-22,,,1.2244,
2005-04-25,,,1.2167,
2005-04-26,,,1.2175,
2005-04-27,,,1.2322,
2005-04-28,,,1.2369,
2005-04-29,,,1.2191,
2005-04-30,,,1.2092,
2005-05-08,,,1.1883,
2005-05-09,,,1.185,
2005-05-10,,,1.1831,
2005-05-11,,,1.1786,
2005-05-12,,,1.173,
2005-05-13,,,1.1574,
2005-05-16,,,1.1454,
2005-05-17,,,1.1393,
2005-05-18,,,1.1379,
2005-05-19,,,1.1366,
2005-05-20,,,1.1323,
2005-05-23,,,1.1325,
2005-05-24,,,1.1289,
2005-05-25,,,1.1289,
2005-05-26,,,1.1282,
2005-05-27,,,1.1242,
2005-05-30,,,1.1234,
2005-05-31,,,1.1172,
2005-06-01,,,1.0991,
2005-06-02,,,1.0958,
2005-06-03,,,1.0972,
2005-06-06,,,1.0969,
2005-06-07,,,1.0972,
2005-06-08,,,1.0962,
2005-06-09,,,1.0952,
2005-06-10,,,1.093,
2005-06-13,,,1.0928,
2005-06-14,,,1.1452,
2005-06-15,,,1.0921,
2005-06-16,,,1.0914,
2005-06-17,,,1.0882,
2005-06-20,,,1.0928,
2005-06-21,,,1.0873,
2005-06-22,,,1.0867,
2005-06-23,,,1.0856,
2005-06-24,,,1.0894,
2005-06-27,,,1.0877,
2005-06-28,,,1.0952,
2005-06-29,,,1.1027,
2005-06-30,,,1.1112,
2005-07-01,,,1.1289,
2005-07-04,,,1.1412,
2005-07-05,,,1.1491,
2005-07-06,,,1.1512,
2005-07-07,,,1.1524,
2005-07-08,,,1.156,
2005-07-11,,,1.1564,
2005-07-12,,,1.1605,
2005-07-13,,,1.1715,
2005-07-14,,,1.1752,
2005-07-15,,,1.1911,
2005-07-18,,,1.1897,
2005-07-19,,,1.2171,
2005-07-20,,,1.2123,
2005-07-21,,,1.2171,
2005-07-22,,,1.255,
2005-07-25,,,1.2537,
2005-07-26,,,1.2536,
2005-07-27,,,1.2472,
2005-07-28,,,1.2471,
2005-07-29,,,1.229,
2005-08-01,,,1.2293,
2005-08-02,,,1.2255,
2005-08-03,,,1.229,
2005-08-04,,,1.224,
2005-08-05,,,1.2489,
2005-08-08,,,1.2491,
2005-08-09,,,1.2487,
2005-08-10,,,1.2469,
2005-08-11,,,1.2403,
2005-08-12,,,1.247,
2005-08-15,,,1.2456,
2005-08-16,,,1.2396,
2005-08-17,,,1.2402,
2005-08-18,,,1.2316,
2005-08-19,,,1.2357,
2005-08-22,,,1.2298,
2005-08-23,,,1.2232,
2005-08-24,,,1.2228,
2005-08-25,,,1.2178,
2005-08-26,,,1.2286,
2005-08-29,,,1.2296,
2005-08-30,,,1.2176,
2005-08-31,,,1.2105,
2005-09-01,,,1.2108,
2005-09-02,,,1.2076,
2005-09-05,,,1.2187,
2005-09-06,,,1.2146,
2005-09-07,,,1.2159,
2005-09-08,,,1.2131,
2005-09-09,,,1.2182,
2005-09-12,,,1.2185,
2005-09-13,,,1.2089,
2005-09-14,,,1.2049,
2005-09-15,,,1.1935,
2005-09-16,,,1.2017,
2005-09-19,,,1.1914,
2005-09-20,,,1.1864,
2005-09-21,,,1.1793,
2005-09-22,,,1.1869,
2005-09-23,,,1.1751,
2005-09-26,,,1.167,
2005-09-27,,,1.1705,
2005-09-28,,,1.1248,
2005-09-29,,,1.1404,
2005-09-30,,,1.1453,
2005-10-08,,,1.1464,
2005-10-09,,,1.1339,
2005-10-10,,,1.1261,
2005-10-11,,,1.1202,
2005-10-12,,,1.1159,
2005-10-13,,,1.1134,
2005-10-14,,,1.1196,
2005-10-17,,,1.1188,
2005-10-18,,,1.1164,
2005-10-19,,,1.1156,
2005-10-20,,,1.1139,
2005-10-21,,,1.1106,
2005-10-24,,,1.1178,
2005-10-25,,,1.1158,
2005-10-26,,,1.1211,
2005-10-27,,,1.1211,
2005-10-28,,,1.1195,
2005-10-31,,,1.1083,
2005-11-01,,,1.1106,
2005-11-02,,,1.1094,
2005-11-03,,,1.1053,
2005-11-04,,,1.1058,
2005-11-07,,,1.1063,
2005-11-08,,,1.1017,
2005-11-09,,,1.1019,
2005-11-10,,,1.1076,
2005-11-11,,,1.1185,
2005-11-14,,,1.1178,
2005-11-15,,,1.1182,
2005-11-16,,,1.118,
2005-11-17,,,1.1197,
2005-11-18,,,1.1682,
2005-11-21,,,1.1964,
2005-11-22,,,1.2434,
2005-11-23,,,1.2756,
2005-11-24,,,1.2848,
2005-11-25,,,1.3152,
2005-11-28,,,1.3455,
2005-11-29,,,1.3773,
2005-11-30,,,1.4377,
2005-12-01,,,1.5299,
2005-12-02,,,1.5561,
2005-12-05,,,1.6333,
2005-12-06,,,1.6399,
2005-12-07,,,1.6301,
2005-12-08,,,1.6306,
2005-12-09,,,1.6231,
2005-12-12,,,1.6157,
2005-12-13,,,1.599,
2005-12-14,,,1.5941,
2005-12-15,,,1.5561,
2005-12-16,,,1.5573,
2005-12-19,,,1.5562,
2005-12-20,,,1.5464,
2005-12-21,,,1.5408,
2005-12-22,,,1.5376,
2005-12-23,,,1.5066,
2005-12-26,,,1.5301,
2005-12-27,,,1.5327,
2005-12-28,,,1.5132,
2005-12-29,,,1.5173,
2005-12-30,,,1.5067,
2005-12-31,,,1.5077,
2006-01-04,,,1.5017,
2006-01-05,,,1.4949,
2006-01-06,,,1.4855,
2006-01-09,,,1.4764,
2006-01-10,,,1.4693,
2006-01-11,,,1.4658,
2006-01-12,,,1.4635,
2006-01-13,,,1.4562,
2006-01-16,,,1.4531,
2006-01-17,,,1.447,
2006-01-18,,,1.4423,
2006-01-19,,,1.4706,
2006-01-20,,,1.4913,
2006-01-23,,,1.5551,
2006-01-24,,,1.9389,
2006-01-25,,,3.0712,
2006-01-26,,,2.4364,
2006-01-27,,,2.0216,
2006-02-05,,,1.5579,
2006-02-06,,,1.5018,
2006-02-07,,,1.4891,
2006-02-08,,,1.4771,
2006-02-09,,,1.4616,
2006-02-10,,,1.4198,
2006-02-13,,,1.4064,
2006-02-14,,,1.3958,
2006-02-15,,,1.3741,
2006-02-16,,,1.3507,
2006-02-17,,,1.3374,
2006-02-20,,,1.3243,
2006-02-21,,,1.3054,
2006-02-22,,,1.3102,
2006-02-23,,,1.3192,
2006-02-24,,,1.3157,
2006-02-27,,,1.3471,
2006-02-28,,,1.3775,
2006-03-01,,,1.3805,
2006-03-02,,,1.394,
2006-03-03,,,1.4123,
2006-03-06,,,1.4114,
2006-03-07,,,1.4436,
2006-03-08,,,1.4372,
2006-03-09,,,1.4336,
2006-03-10,,,1.4224,
2006-03-13,,,1.4084,
2006-03-14,,,1.3997,
2006-03-15,,,1.4074,
2006-03-16,,,1.4241,
2006-03-17,,,1.4124,
2006-03-20,,,1.4121,
2006-03-21,,,1.4235,
2006-03-22,,,1.5124,
2006-03-23,,,1.622,
2006-03-24,,,1.6277,
2006-03-27,,,1.6329,
2006-03-28,,,1.6245,
2006-03-29,,,1.623,
2006-03-30,,,1.6211,
2006-03-31,,,1.618,
2006-04-03,,,1.6109,
2006-04-04,,,1.5963,
2006-04-05,,,1.5961,
2006-04-06,,,1.5912,
2006-04-07,,,1.567,
2006-04-10,,,1.5399,
2006-04-11,,,1.5216,
2006-04-12,,,1.5117,
2006-04-13,,,1.5144,
2006-04-14,,,1.553,
2006-04-17,,,1.6082,
2006-04-18,,,1.6572,
2006-04-19,,,1.6814,
2006-04-20,,,1.721,
2006-04-21,,,1.7339,
2006-04-24,,,1.7696,
2006-04-25,,,1.811,
2006-04-26,,,1.87,
2006-04-27,,,1.9458,
2006-04-28,,,2.1103,
2006-04-29,,,1.8798,
2006-04-30,,,1.7923,
2006-05-08,,,1.7924,
2006-05-09,,,1.7803,
2006-05-10,,,1.764,
2006-05-11,,,1.7682,
2006-05-12,,,1.7483,
2006-05-15,,,1.7175,
2006-05-16,,,1.6947,
2006-05-17,,,1.6377,
2006-05-18,,,1.6829,
2006-05-19,,,1.655,
2006-05-22,,,1.6368,
2006-05-23,,,1.6152,
2006-05-24,,,1.6394,
2006-05-25,,,1.6384,
2006-05-26,,,1.6153,
2006-05-29,,,1.6141,
2006-05-30,,,1.6148,
2006-05-31,,,1.6669,
2006-06-01,,,1.7361,
2006-06-02,,,1.7354,
2006-06-05,,,1.7452,
2006-06-06,,,1.7548,
2006-06-07,,,1.7972,
2006-06-08,,,1.8123,
2006-06-09,,,1.8111,
2006-06-12,,,1.837,
2006-06-13,,,1.8772,
2006-06-14,,,1.985,
2006-06-15,,,2.0387,
2006-06-16,,,2.0565,
2006-06-19,,,2.2674,
2006-06-20,,,2.1825,
2006-06-21,,,2.1269,
2006-06-22,,,2.0933,
2006-06-23,,,2.0911,
2006-06-26,,,2.0793,
2006-06-27,,,2.0566,
2006-06-28,,,2.0291,
2006-06-29,,,2.0948,
2006-06-30,,,2.0809,
2006-07-03,,,2.0886,
2006-07-04,,,2.0953,
2006-07-05,,,2.066,
2006-07-06,,,2.0406,
2006-07-07,,,2.0307,
2006-07-10,,,2.0108,
2006-07-11,,,1.9996,
2006-07-12,,,1.9492,
2006-07-13,,,1.9408,
2006-07-14,,,1.9956,
2006-07-17,,,2.1023,
2006-07-18,,,2.2067,
2006-07-19,,,2.3988,
2006-07-20,,,2.5863,
2006-07-21,,,2.6539,
2006-07-24,,,2.6689,
2006-07-25,,,2.6729,
2006-07-26,,,2.6669,
2006-07-27,,,2.6924,
2006-07-28,,,2.6853,
2006-07-31,,,2.661,
2006-08-01,,,2.6619,
2006-08-02,,,2.6655,
2006-08-03,,,2.6638,
2006-08-04,,,2.6076,
2006-08-07,,,2.6165,
2006-08-08,,,2.6008,
2006-08-09,,,2.5936,
2006-08-10,,,2.5803,
2006-08-11,,,2.5313,
2006-08-14,,,2.5031,
2006-08-15,,,2.4474,
2006-08-16,,,2.456,
2006-08-17,,,2.4468,
2006-08-18,,,2.3963,
2006-08-21,,,2.4874,
2006-08-22,,,2.4203,
2006-08-23,,,2.3745,
2006-08-24,,,2.323,
2006-08-25,,,2.223,
2006-08-28,,,2.1406,
2006-08-29,,,2.1428,
2006-08-30,,,2.1768,
2006-08-31,,,2.215,
2006-09-01,,,2.2279,
2006-09-04,,,2.2218,
2006-09-05,,,2.1813,
2006-09-06,,,2.1794,
2006-09-07,,,2.1321,
2006-09-08,,,2.1175,
2006-09-11,,,2.0899,
2006-09-12,,,2.0697,
2006-09-13,,,2.0889,
2006-09-14,,,2.0912,
2006-09-15,,,2.0827,
2006-09-18,,,2.0454,
2006-09-19,,,2.0218,
2006-09-20,,,2.0036,
2006-09-21,,,2.0436,
2006-09-22,,,2.1926,
2006-09-25,,,2.287,
2006-09-26,,,2.3069,
2006-09-27,,,2.2878,
2006-09-28,,,2.3729,
2006-09-29,,,2.3963,
2006-09-30,,,2.3023,
2006-10-08,,,2.2443,
2006-10-09,,,2.2596,
2006-10-10,,,2.2491,
2006-10-11,,,2.2455,
2006-10-12,,,2.2468,
2006-10-13,,,2.2478,
2006-10-16,,,2.2992,
2006-10-17,,,2.3913,
2006-10-18,,,2.476,
2006-10-19,,,2.4958,
2006-10-20,,,2.4822,
2006-10-23,,,2.4531,
2006-10-24,,,2.4625,
2006-10-25,,,2.3677,
2006-10-26,,,2.3116,
2006-10-27,,,2.2972,
2006-10-30,,,2.3728,
2006-10-31,,,2.4099,
2006-11-01,,,2.4721,
2006-11-02,,,2.4837,
2006-11-03,,,2.419,
2006-11-06,,,2.5652,
2006-11-07,,,2.6959,
2006-11-08,,,2.8472,
2006-11-09,,,2.9489,
2006-11-10,,,3.185,
2006-11-13,,,3.3418,
2006-11-14,,,3.6357,
2006-11-15,,,3.683,
2006-11-16,,,3.5374,
2006-11-17,,,3.8231,
2006-11-20,,,3.938,
2006-11-21,,,3.9986,
2006-11-22,,,3.7241,
2006-11-23,,,3.7258,
2006-11-24,,,3.8807,
2006-11-27,,,3.1618,
2006-11-28,,,3.0298,
2006-11-29,,,2.4678,
2006-11-30,,,2.4166,
2006-12-01,,,2.3696,
2006-12-04,,,2.3498,
2006-12-05,,,2.306,
2006-12-06,,,2.2897,
2006-12-07,,,2.2532,
2006-12-08,,,2.2372,
2006-12-11,,,2.2357,
2006-12-12,,,2.197,
2006-12-13,,,2.22,
2006-12-14,,,2.0535,
2006-12-15,,,2.0344,
2006-12-18,,,2.0204,
2006-12-19,,,1.9794,
2006-12-20,,,1.9599,
2006-12-21,,,1.8898,
2006-12-22,,,2.1039,
2006-12-25,,,2.2861,
2006-12-26,,,2.279,
2006-12-27,,,2.2693,
2006-12-28,,,2.073,
2006-12-29,,,1.9503,
2006-12-30,,,1.8866,
2006-12-31,,,1.5147,
2007-01-04,,,1.5083,
2007-01-05,,,1.4816,
2007-01-08,,,1.4403,
2007-01-09,,,1.4291,
2007-01-10,,,1.4124,
2007-01-11,,,1.3989,
2007-01-12,,,1.389,
2007-01-15,,,1.3617,
2007-01-16,,,1.3454,
2007-01-17,,,1.4828,
2007-01-18,,,1.5043,
2007-01-19,,,1.5967,
2007-01-22,,,1.7921,
2007-01-23,,,1.9457,
2007-01-24,,,1.9932,
2007-01-25,,,2.0067,
2007-01-26,,,2.0645,
2007-01-29,,,2.0919,
2007-01-30,,,2.0941,
2007-01-31,,,2.077,
2007-02-01,,,2.0686,
2007-02-02,,,1.9716,
2007-02-05,,,2.0632,
2007-02-06,,,2.1727,
2007-02-07,,,2.5686,
2007-02-08,,,3.5948,
2007-02-09,,,4.2001,
2007-02-12,,,4.6007,
2007-02-13,,,3.3135,
2007-02-14,,,4.1057,
2007-02-15,,,2.359,
2007-02-16,,,2.0656,
2007-02-17,,,1.4767,
2007-02-25,,,2.8125,
2007-02-26,,,2.632,
2007-02-27,,,2.4728,
2007-02-28,,,1.9663,
2007-03-01,,,1.7635,
2007-03-02,,,1.6796,
2007-03-05,,,1.6512,
2007-03-06,,,1.6009,
2007-03-07,,,1.5397,
2007-03-08,,,1.5067,
2007-03-09,,,1.4785,
2007-03-12,,,1.4624,
2007-03-13,,,1.4449,
2007-03-14,,,1.4291,
2007-03-15,,,1.4468,
2007-03-16,,,1.5106,
2007-03-19,,,1.6542,
2007-03-20,,,1.6943,
2007-03-21,,,1.7481,
2007-03-22,,,1.799,
2007-03-23,,,1.856,
2007-03-26,,,1.9375,
2007-03-27,,,1.9524,
2007-03-28,,,1.958,
2007-03-29,,,1.9632,
2007-03-30,,,1.9567,
2007-04-02,,,1.9327,
2007-04-03,,,1.942,
2007-04-04,,,1.9522,
2007-04-05,,,1.9908,
2007-04-06,,,2.1796,
2007-04-09,,,2.2921,
2007-04-10,,,2.3629,
2007-04-11,,,2.3675,
2007-04-12,,,2.3879,
2007-04-13,,,2.4817,
2007-04-16,,,2.9564,
2007-04-17,,,2.9766,
2007-04-18,,,3.447,
2007-04-19,,,4.1229,
2007-04-20,,,4.2089,
2007-04-23,,,4.5373,
2007-04-24,,,4.7729,
2007-04-25,,,4.7451,
2007-04-26,,,4.1207,
2007-04-27,,,3.2861,
2007-04-28,,,2.1957,
2007-04-29,,,2.0613,
2007-04-30,,,1.797,
2007-05-08,,,1.7898,
2007-05-09,,,1.7969,
2007-05-10,,,1.8651,
2007-05-11,,,3.0164,
2007-05-14,,,3.2043,
2007-05-15,,,3.0559,
2007-05-16,,,2.9719,
2007-05-17,,,2.8536,
2007-05-18,,,2.5321,
2007-05-21,,,2.5067,
2007-05-22,,,2.4664,
2007-05-23,,,2.3874,
2007-05-24,,,2.3632,
2007-05-25,,,2.343,
2007-05-28,,,2.3277,
2007-05-29,,,2.302,
2007-05-30,,,2.3229,
2007-05-31,,,2.4669,
2007-06-01,,,2.8151,
2007-06-04,,,2.8416,
2007-06-05,,,2.7938,
2007-06-06,,,2.7463,
2007-06-07,,,2.483,
2007-06-08,,,2.2961,
2007-06-11,,,2.2875,
2007-06-12,,,2.2727,
2007-06-13,,,2.2731,
2007-06-14,,,3.3356,
2007-06-15,,,4.316,
2007-06-18,,,4.2808,
2007-06-19,,,3.994,
2007-06-20,,,2.9929,
2007-06-21,,,2.2818,
2007-06-22,,,2.1871,
2007-06-25,,,2.0145,
2007-06-26,,,1.9582,
2007-06-27,,,1.8475,
2007-06-28,,,1.8415,
2007-06-29,,,2.9026,
2007-07-02,,,3.6512,
2007-07-03,,,3.9433,
2007-07-04,,,2.4,
2007-07-05,,,2.3807,
2007-07-06,,,2.366,
2007-07-09,,,2.8959,
2007-07-10,,,3.8177,
2007-07-11,,,3.9112,
2007-07-12,,,3.223,
2007-07-13,,,3.0985,
2007-07-16,,,2.8608,
2007-07-17,,,2.6853,
2007-07-18,,,2.2201,
2007-07-19,,,2.1516,
2007-07-20,,,2.1121,
2007-07-23,,,2.1517,
2007-07-24,,,2.1485,
2007-07-25,,,2.144,
2007-07-26,,,2.1142,
2007-07-27,,,2.1174,
2007-07-30,,,2.0931,
2007-07-31,,,2.6897,
2007-08-01,,,2.7137,
2007-08-02,,,2.1856,
2007-08-03,,,2.0258,
2007-08-06,,,2.0163,
2007-08-07,,,2.0642,
2007-08-08,,,2.1409,
2007-08-09,,,2.1513,
2007-08-10,,,2.2559,
2007-08-13,,,2.1657,
2007-08-14,,,2.1135,
2007-08-15,,,2.0796,
2007-08-16,,,1.9794,
2007-08-17,,,1.9716,
2007-08-20,,,1.9833,
2007-08-21,,,1.9566,
2007-08-22,,,2.1926,
2007-08-23,,,2.3771,
2007-08-24,,,2.4296,
2007-08-27,,,2.3287,
2007-08-28,,,2.4351,
2007-08-29,,,2.4189,
2007-08-30,,,2.6604,
2007-08-31,,,2.448,
2007-09-03,,,2.4612,
2007-09-04,,,2.178,
2007-09-05,,,2.3618,
2007-09-06,,,2.4748,
2007-09-07,,,2.8528,
2007-09-10,,,3.6843,
2007-09-11,,,3.806,
2007-09-12,,,3.8437,
2007-09-13,,,4.0301,
2007-09-14,,,5.7243,
2007-09-17,,,5.93,
2007-09-18,,,5.908,
2007-09-19,,,6.518700000000001,
2007-09-20,,,6.7564,
2007-09-21,,,6.8408999999999995,
2007-09-24,,,6.9544999999999995,
2007-09-25,,,7.101699999999999,
2007-09-26,,,4.8691,
2007-09-27,,,3.2895,
2007-09-28,,,2.0226,
2007-09-29,,,1.9642,
2007-09-30,,,1.9867,
2007-10-08,,,2.0062,
2007-10-09,,,2.0523,
2007-10-10,,,2.0843,
2007-10-11,,,2.11,
2007-10-12,,,2.2243,
2007-10-15,,,2.3079,
2007-10-16,,,2.3007,
2007-10-17,,,2.3611,
2007-10-18,,,2.3805,
2007-10-19,,,2.5194,
2007-10-22,,,2.9517,
2007-10-23,,,5.8847,
2007-10-24,,,7.9983,
2007-10-25,,,8.8992,
2007-10-26,,,10.1213,
2007-10-29,,,2.9816,
2007-10-30,,,2.882,
2007-10-31,,,3.0779,
2007-11-01,,,3.0032,
2007-11-02,,,3.0752,
2007-11-05,,,3.0404,
2007-11-06,,,3.0262,
2007-11-07,,,2.9744,
2007-11-08,,,2.6551,
2007-11-09,,,2.7303,
2007-11-12,,,2.4327,
2007-11-13,,,2.2892,
2007-11-14,,,2.1447,
2007-11-15,,,2.184,
2007-11-16,,,2.0921,
2007-11-19,,,3.1764,
2007-11-20,,,4.0422,
2007-11-21,,,4.259,
2007-11-22,,,2.3169,
2007-11-23,,,2.7465,
2007-11-26,,,2.7703,
2007-11-27,,,2.7059,
2007-11-28,,,2.0979,
2007-11-29,,,2.9263,
2007-11-30,,,3.0816,
2007-12-03,,,4.2315,
2007-12-04,,,4.3537,
2007-12-05,,,4.1204,
2007-12-06,,,3.9235,
2007-12-07,,,2.4543,
2007-12-10,,,2.5041,
2007-12-11,,,4.113,
2007-12-12,,,4.457,
2007-12-13,,,4.8415,
2007-12-14,,,3.3444,
2007-12-17,,,3.1818,
2007-12-18,,,2.8266,
2007-12-19,,,2.4698,
2007-12-20,,,2.3319,
2007-12-21,,,2.1546,
2007-12-24,,,2.0749,
2007-12-25,,,2.1943,
2007-12-26,,,2.3532,
2007-12-27,,,2.2821,
2007-12-28,,,2.4818,
2007-12-29,,,2.7812,
2008-01-02,,,2.8744,
2008-01-03,,,2.929,
2008-01-04,,,2.7776,
2008-01-07,,,2.743,
2008-01-08,,,2.498,
2008-01-09,,,2.4409,
2008-01-10,,,2.445,
2008-01-11,,,2.0276,
2008-01-14,,,2.0742,
2008-01-15,,,2.4215,
2008-01-16,,,2.5569,
2008-01-17,,,2.7249,
2008-01-18,,,2.6356,
2008-01-21,,,2.7194,
2008-01-22,,,3.8077,
2008-01-23,,,4.885,
2008-01-24,,,5.1038,
2008-01-25,,,3.54,
2008-01-28,,,3.0029,
2008-01-29,,,2.9632,
2008-01-30,,,3.2136,
2008-01-31,,,3.2041,
2008-02-01,,,2.9455,
2008-02-02,,,2.8274,
2008-02-03,,,2.9003,
2008-02-04,,,2.8747,
2008-02-05,,,2.5734,
2008-02-13,,,2.5928,
2008-02-14,,,2.6096,
2008-02-15,,,2.587,
2008-02-18,,,2.5702,
2008-02-19,,,2.5849,
2008-02-20,,,2.6406,
2008-02-21,,,3.8684,
2008-02-22,,,3.8216,
2008-02-25,,,4.4669,
2008-02-26,,,4.1904,
2008-02-27,,,2.8299,
2008-02-28,,,2.8259,
2008-02-29,,,2.8142,
2008-03-03,,,2.8111,
2008-03-04,,,2.6069,
2008-03-05,,,2.5855,
2008-03-06,,,2.5614,
2008-03-07,,,2.3685,
2008-03-10,,,2.3318,
2008-03-11,,,2.4969,
2008-03-12,,,2.6897,
2008-03-13,,,2.5465,
2008-03-14,,,2.5495,
2008-03-17,,,2.5429,
2008-03-18,,,2.476,
2008-03-19,,,2.4404,
2008-03-20,,,2.4331,
2008-03-21,,,2.4161,
2008-03-24,,,2.3657,
2008-03-25,,,2.3832,
2008-03-26,,,2.4618,
2008-03-27,,,2.3848,
2008-03-28,,,2.3908,
2008-03-31,,,2.8904,
2008-04-01,,,3.0938,
2008-04-02,,,3.1501,
2008-04-03,,,2.783,
2008-04-07,,,3.2303,
2008-04-08,,,3.5846,
2008-04-09,,,3.9462,
2008-04-10,,,3.4556,
2008-04-11,,,2.8012,
2008-04-14,,,3.0604,
2008-04-15,,,3.2327,
2008-04-16,,,3.3346,
2008-04-17,,,3.2994,
2008-04-18,,,2.8391,
2008-04-21,,,2.809,
2008-04-22,,,2.7928,
2008-04-23,,,2.6892,
2008-04-24,,,2.6932,
2008-04-25,,,2.8906,
2008-04-28,,,2.8479,
2008-04-29,,,2.9341,
2008-04-30,,,2.8145,
2008-05-04,,,2.8061,
2008-05-05,,,2.9738,
2008-05-06,,,2.979,
2008-05-07,,,3.0476,
2008-05-08,,,3.0141,
2008-05-09,,,2.9529,
2008-05-12,,,3.2033,
2008-05-13,,,3.295,
2008-05-14,,,3.3717,
2008-05-15,,,3.483,
2008-05-16,,,3.9169,
2008-05-19,,,3.9341,
2008-05-20,,,3.9258,
2008-05-21,,,3.7318,
2008-05-22,,,3.8178,
2008-05-23,,,3.4857,
2008-05-26,,,3.4776,
2008-05-27,,,3.388,
2008-05-28,,,3.0827,
2008-05-29,,,3.1965,
2008-05-30,,,3.1318,
2008-06-02,,,3.1361,
2008-06-03,,,3.1153,
2008-06-04,,,3.2763,
2008-06-05,,,3.3118,
2008-06-06,,,3.3363,
2008-06-10,,,4.9391,
2008-06-11,,,4.0606,
2008-06-12,,,3.5515,
2008-06-13,,,3.341,
2008-06-16,,,3.2442,
2008-06-17,,,3.2148,
2008-06-18,,,3.1791,
2008-06-19,,,3.3733,
2008-06-20,,,3.1518,
2008-06-23,,,3.0387,
2008-06-24,,,3.072,
2008-06-25,,,3.1365,
2008-06-26,,,3.2643,
2008-06-27,,,3.2529,
2008-06-30,,,3.2855,
2008-07-01,,,3.0015,
2008-07-02,,,3.1599,
2008-07-03,,,2.9004,
2008-07-04,,,2.9281,
2008-07-07,,,3.0167,
2008-07-08,,,3.1914,
2008-07-09,,,3.1147,
2008-07-10,,,2.9191,
2008-07-11,,,2.7666,
2008-07-14,,,3.0198,
2008-07-15,,,3.0827,
2008-07-16,,,2.9168,
2008-07-17,,,3.0285,
2008-07-18,,,3.1621,
2008-07-21,,,3.032,
2008-07-22,,,3.0386,
2008-07-23,,,2.9807,
2008-07-24,,,3.079,
2008-07-25,,,3.0276,
2008-07-28,,,3.1333,
2008-07-29,,,3.4135,
2008-07-30,,,3.4095,
2008-07-31,,,3.7608,
2008-08-01,,,3.7886,
2008-08-04,,,3.8649,
2008-08-05,,,3.8833,
2008-08-06,,,3.7689,
2008-08-07,,,3.229,
2008-08-08,,,3.1584,
2008-08-11,,,3.1423,
2008-08-12,,,3.1352,
2008-08-13,,,3.1495,
2008-08-14,,,3.2112,
2008-08-15,,,2.7902,
2008-08-18,,,3.2739,
2008-08-19,,,3.1305,
2008-08-20,,,3.1084,
2008-08-21,,,3.0137,
2008-08-22,,,3.1008,
2008-08-25,,,2.9961,
2008-08-26,,,3.041,
2008-08-27,,,3.0203,
2008-08-28,,,3.2085,
2008-08-29,,,2.9994,
2008-09-01,,,3.0314,
2008-09-02,,,3.0707,
2008-09-03,,,3.0465,
2008-09-04,,,3.1498,
2008-09-05,,,2.9663,
2008-09-08,,,2.9131,
2008-09-09,,,3.0642,
2008-09-10,,,2.9915,
2008-09-11,,,3.0194,
2008-09-12,,,3.0081,
2008-09-16,,,2.9695,
2008-09-17,,,3.1063,
2008-09-18,,,3.2227,
2008-09-19,,,3.3747,
2008-09-22,,,3.4601,
2008-09-23,,,3.4226,
2008-09-24,,,3.3482,
2008-09-25,,,3.3882,
2008-09-26,,,3.4285,
2008-09-27,,,3.4213,
2008-09-28,,,3.2497,
2008-10-06,,,3.5575,
2008-10-07,,,3.7281,
2008-10-08,,,3.3585,
2008-10-09,,,3.3061,
2008-10-10,,,3.4315,
2008-10-13,,,3.3292,
2008-10-14,,,3.1519,
2008-10-15,,,3.2306,
2008-10-16,,,3.1991,
2008-10-17,,,3.0695,
2008-10-20,,,3.006,
2008-10-21,,,2.9995,
2008-10-22,,,2.9218,
2008-10-23,,,2.9977,
2008-10-24,,,2.9991,
2008-10-27,,,2.9119,
2008-10-28,,,2.8947,
2008-10-29,,,2.9455,
2008-10-30,,,2.8908,
2008-10-31,,,2.7993,
2008-11-03,,,2.8805,
2008-11-04,,,2.9386,
2008-11-05,,,2.8657,
2008-11-06,,,2.8509,
2008-11-07,,,2.7927,
2008-11-10,,,2.7896,
2008-11-11,,,2.7861,
2008-11-12,,,2.7839,
2008-11-13,,,2.6909,
2008-11-14,,,2.7106,
2008-11-17,,,2.6914,
2008-11-18,,,2.6381,
2008-11-19,,,2.627,
2008-11-20,,,2.6004,
2008-11-21,,,2.5191,
2008-11-24,,,2.5933,
2008-11-25,,,2.5757,
2008-11-26,,,2.5351,
2008-11-27,,,1.9927,
2008-11-28,,,2.0995,
2008-12-01,,,1.9823,
2008-12-02,,,1.9709,
2008-12-03,,,1.9826,
2008-12-04,,,1.9754,
2008-12-05,,,1.8543,
2008-12-08,,,1.8507,
2008-12-09,,,1.7459,
2008-12-10,,,1.5725,
2008-12-11,,,1.4858,
2008-12-12,,,1.5398,
2008-12-15,,,1.5133,
2008-12-16,,,1.5144,
2008-12-17,,,1.428,
2008-12-18,,,1.3668,
2008-12-19,,,1.4031,
2008-12-22,,,1.3732,
2008-12-23,,,1.3716,
2008-12-24,,,1.216,
2008-12-25,,,1.2214,
2008-12-26,,,1.176,
2008-12-29,,,1.1543,
2008-12-30,,,1.0738,
2008-12-31,,,1.0009,
2009-01-04,,,0.9884,
2009-01-05,,,0.9957,
2009-01-06,,,0.9875,
2009-01-07,,,1.0064,
2009-01-08,,,0.9851,
2009-01-09,,,0.9367,
2009-01-12,,,0.9401,
2009-01-13,,,0.9248,
2009-01-14,,,0.9323,
2009-01-15,,,0.9143,
2009-01-16,,,0.9164,
2009-01-19,,,0.9081,
2009-01-20,,,0.8721,
2009-01-21,,,0.9448,
2009-01-22,,,1.0254,
2009-01-23,,,1.021,
2009-01-24,,,0.88,
2009-02-01,,,0.9161,
2009-02-02,,,0.9131,
2009-02-03,,,0.942,
2009-02-04,,,0.9666,
2009-02-05,,,0.9419,
2009-02-06,,,0.9422,
2009-02-09,,,0.9474,
2009-02-10,,,0.9425,
2009-02-11,,,0.9287,
2009-02-12,,,0.9366,
2009-02-13,,,0.9682,
2009-02-16,,,0.9631,
2009-02-17,,,0.9743,
2009-02-18,,,0.9691,
2009-02-19,,,0.9521,
2009-02-20,,,0.9937,
2009-02-23,,,1.0131,
2009-02-24,,,0.967,
2009-02-25,,,0.957,
2009-02-26,,,0.9478,
2009-02-27,,,0.9448,
2009-03-02,,,0.9579,
2009-03-03,,,0.9588,
2009-03-04,,,0.962,
2009-03-05,,,0.9521,
2009-03-06,,,0.9353,
2009-03-09,,,0.9689,
2009-03-10,,,0.9519,
2009-03-11,,,0.9669,
2009-03-12,,,0.9459,
2009-03-13,,,0.9499,
2009-03-16,,,0.9845,
2009-03-17,,,0.9424,
2009-03-18,,,0.9111,
2009-03-19,,,0.9768,
2009-03-20,,,0.9844,
2009-03-23,,,0.9768,
2009-03-24,,,0.9433,
2009-03-25,,,0.9403,
2009-03-26,,,0.9331,
2009-03-27,,,0.9762,
2009-03-30,,,0.9424,
2009-03-31,,,0.9385,
2009-04-01,,,0.953,
2009-04-02,,,0.9631,
2009-04-03,,,0.957,
2009-04-07,,,0.9565,
2009-04-08,,,0.9588,
2009-04-09,,,0.9541,
2009-04-10,,,0.9504,
2009-04-13,,,0.9229,
2009-04-14,,,0.9137,
2009-04-15,,,0.9235,
2009-04-16,,,0.9275,
2009-04-17,,,0.9225,
2009-04-20,,,0.9177,
2009-04-21,,,0.9229,
2009-04-22,,,0.9556,
2009-04-23,,,0.9646,
2009-04-24,,,0.973,
2009-04-27,,,0.9512,
2009-04-28,,,0.9504,
2009-04-29,,,0.9428,
2009-04-30,,,0.9608,
2009-05-04,,,0.9501,
2009-05-05,,,0.9329,
2009-05-06,,,0.9346,
2009-05-07,,,0.942,
2009-05-08,,,0.9398,
2009-05-11,,,0.9327,
2009-05-12,,,0.9604,
2009-05-13,,,0.9446,
2009-05-14,,,0.943,
2009-05-15,,,0.9561,
2009-05-18,,,0.9547,
2009-05-19,,,0.9674,
2009-05-20,,,0.9734,
2009-05-21,,,0.9598,
2009-05-22,,,0.97,
2009-05-25,,,0.9546,
2009-05-26,,,0.9609,
2009-05-27,,,0.9586,
2009-05-31,,,0.9536,
2009-06-01,,,0.935,
2009-06-02,,,0.9513,
2009-06-03,,,0.953,
2009-06-04,,,0.9487,
2009-06-05,,,0.9451,
2009-06-08,,,0.9536,
2009-06-09,,,0.9407,
2009-06-10,,,0.9453,
2009-06-11,,,0.9404,
2009-06-12,,,0.9404,
2009-06-15,,,0.9428,
2009-06-16,,,0.9465,
2009-06-17,,,0.9502,
2009-06-18,,,0.9517,
2009-06-19,,,0.9933,
2009-06-22,,,1.0989,
2009-06-23,,,1.1159,
2009-06-24,,,1.1895,
2009-06-25,,,1.1368,
2009-06-26,,,1.1693,
2009-06-29,,,1.2034,
2009-06-30,,,1.2116,
2009-07-01,,,1.1685,
2009-07-02,,,1.2816,
2009-07-03,,,1.2442,
2009-07-06,,,1.2237,
2009-07-07,,,1.218,
2009-07-08,,,1.2247,
2009-07-09,,,1.2314,
2009-07-10,,,1.2282,
2009-07-13,,,1.2666,
2009-07-14,,,1.3787,
2009-07-15,,,1.439,
2009-07-16,,,1.5183,
2009-07-17,,,1.5625,
2009-07-20,,,1.737,
2009-07-21,,,2.1137,
2009-07-22,,,2.0589,
2009-07-23,,,1.9339,
2009-07-24,,,1.7152,
2009-07-27,,,1.6045,
2009-07-28,,,1.5643,
2009-07-29,,,1.5329,
2009-07-30,,,1.6443,
2009-07-31,,,1.9364,
2009-08-03,,,2.1452,
2009-08-04,,,1.5011,
2009-08-05,,,1.8098,
2009-08-06,,,1.6217,
2009-08-07,,,1.603,
2009-08-10,,,1.6287,
2009-08-11,,,1.5489,
2009-08-12,,,1.5022,
2009-08-13,,,1.4412,
2009-08-14,,,1.4121,
2009-08-17,,,1.4236,
2009-08-18,,,1.291,
2009-08-19,,,1.2837,
2009-08-20,,,1.2885,
2009-08-21,,,1.2644,
2009-08-24,,,1.2909,
2009-08-25,,,1.3443,
2009-08-26,,,1.3747,
2009-08-27,,,1.3687,
2009-08-28,,,1.3955,
2009-08-31,,,1.4843,
2009-09-01,,,1.3494,
2009-09-02,,,1.5618,
2009-09-03,,,1.6754,
2009-09-04,,,1.7332,
2009-09-07,,,1.7176,
2009-09-08,,,1.6987,
2009-09-09,,,1.6715,
2009-09-10,,,1.5398,
2009-09-11,,,1.4396,
2009-09-14,,,1.4574,
2009-09-15,,,1.4618,
2009-09-16,,,1.4814,
2009-09-17,,,1.4667,
2009-09-18,,,1.5444,
2009-09-21,,,1.6119,
2009-09-22,,,1.5925,
2009-09-23,,,1.5777,
2009-09-24,,,1.7719,
2009-09-25,,,1.6269,
2009-09-27,,,1.6097,
2009-09-28,,,1.5834,
2009-09-29,,,1.6399,
2009-09-30,,,1.8388,
2009-10-09,,,1.6991,
2009-10-10,,,1.6692,
2009-10-12,,,1.584,
2009-10-13,,,1.5819,
2009-10-14,,,1.5522,
2009-10-15,,,1.5258,
2009-10-16,,,1.528,
2009-10-19,,,1.5438,
2009-10-20,,,1.5039,
2009-10-21,,,1.5374,
2009-10-22,,,1.4768,
2009-10-23,,,1.422,
2009-10-26,,,1.4764,
2009-10-27,,,1.4278,
2009-10-28,,,1.4705,
2009-10-29,,,1.3958,
2009-10-30,,,1.3398,
2009-11-02,,,1.3353,
2009-11-03,,,1.4606,
2009-11-04,,,1.3622,
2009-11-05,,,1.4421,
2009-11-06,,,1.4416,
2009-11-09,,,1.4713,
2009-11-10,,,1.4786,
2009-11-11,,,1.4632,
2009-11-12,,,1.4703,
2009-11-13,,,1.4834,
2009-11-16,,,1.3619,
2009-11-17,,,1.4292,
2009-11-18,,,1.393,
2009-11-19,,,1.3965,
2009-11-20,,,1.4484,
2009-11-23,,,1.4659,
2009-11-24,,,1.3993,
2009-11-25,,,1.4243,
2009-11-26,,,1.4308,
2009-11-27,,,1.4611,
2009-11-30,,,1.453,
2009-12-01,,,1.4519,
2009-12-02,,,1.4676,
2009-12-03,,,1.4905,
2009-12-04,,,1.5018,
2009-12-07,,,1.4988,
2009-12-08,,,1.4222,
2009-12-09,,,1.4715,
2009-12-10,,,1.4613,
2009-12-11,,,1.4815,
2009-12-14,,,1.4787,
2009-12-15,,,1.4512,
2009-12-16,,,1.4279,
2009-12-17,,,1.4598,
2009-12-18,,,1.456,
2009-12-21,,,1.4424,
2009-12-22,,,1.4425,
2009-12-23,,,1.3988,
2009-12-24,,,1.3897,
2009-12-25,,,1.4627,
2009-12-28,,,1.5268,
2009-12-29,,,1.595,
2009-12-30,,,1.586,
2009-12-31,,,1.5574,
2010-01-04,,,1.4034,
2010-01-05,,,1.398,
2010-01-06,,,1.3899,
2010-01-07,,,1.3695,
2010-01-08,,,1.3898,
2010-01-11,,,1.3668,
2010-01-12,,,1.3974,
2010-01-13,,,1.3746,
2010-01-14,,,1.447,
2010-01-15,,,1.4226,
2010-01-18,,,1.3867,
2010-01-19,,,1.3544,
2010-01-20,,,1.4661,
2010-01-21,,,1.3956,
2010-01-22,,,1.4806,
2010-01-25,,,1.3457,
2010-01-26,,,1.5364,
2010-01-27,,,1.5761,
2010-01-28,,,1.8399,
2010-01-29,,,1.8639,
2010-02-01,,,1.8061,
2010-02-02,,,1.7887,
2010-02-03,,,1.7591,
2010-02-04,,,1.7787,
2010-02-05,,,1.7266,
2010-02-08,,,1.8261,
2010-02-09,,,1.8862,
2010-02-10,,,2.0377,
2010-02-11,,,2.8513,
2010-02-12,,,2.5566,
2010-02-20,,,1.9451,
2010-02-21,,,1.4994,
2010-02-22,,,1.4832,
2010-02-23,,,1.5933,
2010-02-24,,,1.6566,
2010-02-25,,,1.691,
2010-02-26,,,1.6761,
2010-03-01,,,1.6516,
2010-03-02,,,1.7164,
2010-03-03,,,1.7655,
2010-03-04,,,1.6865,
2010-03-05,,,1.6933,
2010-03-08,,,1.6379,
2010-03-09,,,1.6867,
2010-03-10,,,1.7549,
2010-03-11,,,1.6867,
2010-03-12,,,1.675,
2010-03-15,,,1.6314,
2010-03-16,,,1.6372,
2010-03-17,,,1.6543,
2010-03-18,,,1.6453,
2010-03-19,,,1.6383,
2010-03-22,,,1.5982,
2010-03-23,,,1.5816,
2010-03-24,,,1.5673,
2010-03-25,,,1.5725,
2010-03-26,,,1.5561,
2010-03-29,,,1.5353,
2010-03-30,,,1.621,
2010-03-31,,,1.6022,
2010-04-01,,,1.5701,
2010-04-02,,,1.5878,
2010-04-06,,,1.6156,
2010-04-07,,,1.6843,
2010-04-08,,,1.6959,
2010-04-09,,,1.6929,
2010-04-12,,,1.6418,
2010-04-13,,,1.6894,
2010-04-14,,,1.6629,
2010-04-15,,,1.683,
2010-04-16,,,1.6785,
2010-04-19,,,1.5835,
2010-04-20,,,1.6488,
2010-04-21,,,1.6869,
2010-04-22,,,1.6493,
2010-04-23,,,1.6998,
2010-04-26,,,1.6421,
2010-04-27,,,1.6477,
2010-04-28,,,1.6132,
2010-04-29,,,1.6016,
2010-04-30,,,1.6005,
2010-05-04,,,1.6182,
2010-05-05,,,1.6555,
2010-05-06,,,1.7016,
2010-05-07,,,1.7088,
2010-05-10,,,1.7019,
2010-05-11,,,1.708,
2010-05-12,,,1.7332,
2010-05-13,,,1.7408,
2010-05-14,,,1.7486,
2010-05-17,,,1.7358,
2010-05-18,,,1.7426,
2010-05-19,,,1.7777,
2010-05-20,,,1.7894,
2010-05-21,,,1.8253,
2010-05-24,,,1.8825,
2010-05-25,,,1.9472,
2010-05-26,,,2.2066,
2010-05-27,,,2.4345,
2010-05-28,,,2.3058,
2010-05-31,,,2.5135,
2010-06-01,,,3.1902,
2010-06-02,,,3.2759,
2010-06-03,,,3.152,
2010-06-04,,,2.2068,
2010-06-07,,,1.9159,
2010-06-08,,,2.1871,
2010-06-09,,,2.2309,
2010-06-10,,,2.5011,
2010-06-11,,,2.7274,
2010-06-12,,,2.7712,
2010-06-13,,,2.6343,
2010-06-17,,,2.6244,
2010-06-18,,,2.7328,
2010-06-21,,,2.6683,
2010-06-22,,,2.8163,
2010-06-23,,,2.6959,
2010-06-24,,,2.8985,
2010-06-25,,,3.1349,
2010-06-28,,,2.8286,
2010-06-29,,,2.8713,
2010-06-30,,,2.6468,
2010-07-01,,,2.6495,
2010-07-02,,,2.5973,
2010-07-05,,,2.5485,
2010-07-06,,,2.6697,
2010-07-07,,,2.4534,
2010-07-08,,,2.3945,
2010-07-09,,,2.2852,
2010-07-12,,,2.0547,
2010-07-13,,,1.9865,
2010-07-14,,,1.8076,
2010-07-15,,,1.8678,
2010-07-16,,,1.8612,
2010-07-19,,,1.8483,
2010-07-20,,,1.8091,
2010-07-21,,,1.8397,
2010-07-22,,,1.7211,
2010-07-23,,,1.7793,
2010-07-26,,,1.7314,
2010-07-27,,,1.7409,
2010-07-28,,,1.6891,
2010-07-29,,,1.6773,
2010-07-30,,,1.6733,
2010-08-02,,,1.6407,
2010-08-03,,,1.6902,
2010-08-04,,,1.6378,
2010-08-05,,,1.6977,
2010-08-06,,,1.6937,
2010-08-09,,,1.6826,
2010-08-10,,,1.747,
2010-08-11,,,1.703,
2010-08-12,,,1.7369,
2010-08-13,,,1.7409,
2010-08-16,,,1.7787,
2010-08-17,,,1.7942,
2010-08-18,,,1.7688,
2010-08-19,,,1.7445,
2010-08-20,,,1.748,
2010-08-23,,,1.72,
2010-08-24,,,1.7634,
2010-08-25,,,1.7799,
2010-08-26,,,1.8418,
2010-08-27,,,2.2614,
2010-08-30,,,2.5056,
2010-08-31,,,2.9289,
2010-09-01,,,3.192,
2010-09-02,,,2.4913,
2010-09-03,,,2.3429,
2010-09-06,,,2.2379,
2010-09-07,,,2.2512,
2010-09-08,,,2.2187,
2010-09-09,,,2.2827,
2010-09-10,,,2.2895,
2010-09-13,,,2.398,
2010-09-14,,,2.367,
2010-09-15,,,2.2662,
2010-09-16,,,2.5323,
2010-09-17,,,1.9974,
2010-09-19,,,1.9937,
2010-09-20,,,2.2523,
2010-09-21,,,2.2532,
2010-09-25,,,2.2401,
2010-09-26,,,3.0156,
2010-09-27,,,2.4617,
2010-09-28,,,2.5611,
2010-09-29,,,2.7662,
2010-09-30,,,2.8483,
2010-10-08,,,2.683,
2010-10-09,,,1.8923,
2010-10-11,,,1.9548,
2010-10-12,,,1.9037,
2010-10-13,,,1.9171,
2010-10-14,,,1.934,
2010-10-15,,,1.9348,
2010-10-18,,,1.9487,
2010-10-19,,,1.9105,
2010-10-20,,,1.951,
2010-10-21,,,1.938,
2010-10-22,,,1.9388,
2010-10-25,,,1.9386,
2010-10-26,,,1.9461,
2010-10-27,,,2.0365,
2010-10-28,,,2.023,
2010-10-29,,,2.0165,
2010-11-01,,,1.9881,
2010-11-02,,,1.8192,
2010-11-03,,,1.8299,
2010-11-04,,,1.8234,
2010-11-05,,,1.6143,
2010-11-08,,,1.634,
2010-11-09,,,1.6441,
2010-11-10,,,1.6339,
2010-11-11,,,1.683,
2010-11-12,,,1.6978,
2010-11-15,,,1.7816,
2010-11-16,,,1.7529,
2010-11-17,,,1.9298,
2010-11-18,,,2.0061,
2010-11-19,,,2.0925,
2010-11-22,,,2.1621,
2010-11-23,,,2.2276,
2010-11-24,,,2.3452,
2010-11-25,,,2.536,
2010-11-26,,,2.7207,
2010-11-29,,,2.7173,
2010-11-30,,,3.3337,
2010-12-01,,,3.3459,
2010-12-02,,,3.3451,
2010-12-03,,,3.3328,
2010-12-06,,,3.0526,
2010-12-07,,,2.1975,
2010-12-08,,,2.5069,
2010-12-09,,,2.4933,
2010-12-10,,,2.486,
2010-12-13,,,2.5807,
2010-12-14,,,3.2932,
2010-12-15,,,3.6436,
2010-12-16,,,3.4114,
2010-12-17,,,3.7205,
2010-12-20,,,3.5288,
2010-12-21,,,4.0533,
2010-12-22,,,4.1868,
2010-12-23,,,5.7125,
2010-12-24,,,5.4218,
2010-12-27,,,5.0586,
2010-12-28,,,5.8155,
2010-12-29,,,6.119,
2010-12-30,,,6.367900000000001,
2010-12-31,,,5.1712,
2011-01-04,,,4.1937,
2011-01-05,,,3.1877,
2011-01-06,,,3.0859,
2011-01-07,,,2.8052,
2011-01-10,,,2.3842,
2011-01-11,,,2.4584,
2011-01-12,,,2.4913,
2011-01-13,,,2.3259,
2011-01-14,,,2.5296,
2011-01-17,,,2.6021,
2011-01-18,,,2.7997,
2011-01-19,,,4.0808,
2011-01-20,,,6.1146,
2011-01-21,,,7.496300000000001,
2011-01-24,,,5.2747,
2011-01-25,,,7.6941,
2011-01-26,,,7.8158,
2011-01-27,,,8.2635,
2011-01-28,,,8.0154,
2011-01-30,,,8.6208,
2011-01-31,,,8.1348,
2011-02-01,,,3.2739,
2011-02-09,,,4.1409,
2011-02-10,,,3.9618,
2011-02-11,,,3.9156,
2011-02-12,,,2.6818,
2011-02-14,,,2.727,
2011-02-15,,,2.6483,
2011-02-16,,,2.6007,
2011-02-17,,,2.9408,
2011-02-18,,,2.8428,
2011-02-21,,,6.113,
2011-02-22,,,6.2204999999999995,
2011-02-23,,,6.2504,
2011-02-24,,,3.5596,
2011-02-25,,,3.1456,
2011-02-28,,,3.0045,
2011-03-01,,,2.9842,
2011-03-02,,,2.9875,
2011-03-03,,,2.4723,
2011-03-04,,,2.2092,
2011-03-07,,,2.1777,
2011-03-08,,,2.2151,
2011-03-09,,,2.1492,
2011-03-10,,,2.2751,
2011-03-11,,,2.0527,
2011-03-14,,,2.0058,
2011-03-15,,,1.9938,
2011-03-16,,,1.9953,
2011-03-17,,,2.0103,
2011-03-18,,,2.0245,
2011-03-21,,,2.9629,
2011-03-22,,,2.8374,
2011-03-23,,,2.7202,
2011-03-24,,,2.6366,
2011-03-25,,,2.2819,
2011-03-28,,,2.2989,
2011-03-29,,,2.1346,
2011-03-30,,,2.6352,
2011-03-31,,,2.8287,
2011-04-01,,,2.7838,
2011-04-02,,,2.2805,
2011-04-06,,,2.4125,
2011-04-07,,,2.0696,
2011-04-08,,,2.4815,
2011-04-11,,,2.0085,
2011-04-12,,,2.0078,
2011-04-13,,,2.0071,
2011-04-14,,,2.3853,
2011-04-15,,,2.3622,
2011-04-18,,,2.6983,
2011-04-19,,,2.9638,
2011-04-20,,,2.9943,
2011-04-21,,,3.9548,
2011-04-22,,,3.5436,
2011-04-25,,,4.1057,
2011-04-26,,,4.3956,
2011-04-27,,,3.699,
2011-04-28,,,3.0428,
2011-04-29,,,2.9446,
2011-05-03,,,2.9702,
2011-05-04,,,3.0003,
2011-05-05,,,2.9721,
2011-05-06,,,2.7677,
2011-05-09,,,2.7605,
2011-05-10,,,2.7888,
2011-05-11,,,2.7832,
2011-05-12,,,2.7563,
2011-05-13,,,3.6075,
2011-05-16,,,4.6631,
2011-05-17,,,4.5939,
2011-05-18,,,3.2761,
2011-05-19,,,3.6231,
2011-05-20,,,4.0784,
2011-05-23,,,4.722,
2011-05-24,,,4.7737,
2011-05-25,,,5.3184,
2011-05-26,,,5.0163,
2011-05-27,,,4.3943,
2011-05-30,,,3.4668,
2011-05-31,,,3.8532,
2011-06-01,,,3.906,
2011-06-02,,,3.5222,
2011-06-03,,,3.4711,
2011-06-07,,,3.2357,
2011-06-08,,,3.8207,
2011-06-09,,,4.1384,
2011-06-10,,,4.6078,
2011-06-13,,,4.5061,
2011-06-14,,,4.1757,
2011-06-15,,,6.2338,
2011-06-16,,,6.6222,
2011-06-17,,,6.7066,
2011-06-20,,,7.5068,
2011-06-21,,,8.3409,
2011-06-22,,,8.811900000000001,
2011-06-23,,,9.0447,
2011-06-24,,,8.4146,
2011-06-27,,,7.245500000000001,
2011-06-28,,,6.633900000000001,
2011-06-29,,,6.384,
2011-06-30,,,6.5586,
2011-07-01,,,5.8963,
2011-07-04,,,4.8039,
2011-07-05,,,6.881500000000001,
2011-07-06,,,7.418,
2011-07-07,,,5.6017,
2011-07-08,,,6.1469,
2011-07-11,,,5.3162,
2011-07-12,,,4.834,
2011-07-13,,,3.7858,
2011-07-14,,,4.9842,
2011-07-15,,,4.1331,
2011-07-18,,,4.5333,
2011-07-19,,,4.638,
2011-07-20,,,5.4945,
2011-07-21,,,5.919500000000001,
2011-07-22,,,5.407,
2011-07-25,,,5.2741,
2011-07-26,,,5.0283,
2011-07-27,,,4.9715,
2011-07-28,,,5.0691,
2011-07-29,,,5.0979,
2011-08-01,,,5.0104,
2011-08-02,,,4.8653,
2011-08-03,,,4.1036,
2011-08-04,,,3.2726,
2011-08-05,,,3.0151,
2011-08-08,,,3.0047,
2011-08-09,,,3.1104,
2011-08-10,,,3.1181,
2011-08-11,,,3.1047,
2011-08-12,,,3.0851,
2011-08-15,,,3.2407,
2011-08-16,,,3.2294,
2011-08-17,,,3.2456,
2011-08-18,,,3.8492,
2011-08-19,,,4.5171,
2011-08-22,,,5.0078,
2011-08-23,,,5.1985,
2011-08-24,,,4.4481,
2011-08-25,,,4.4938,
2011-08-26,,,4.0747,
2011-08-29,,,4.4087,
2011-08-30,,,4.9607,
2011-08-31,,,4.9401,
2011-09-01,,,4.7539,
2011-09-02,,,4.214,
2011-09-05,,,4.8898,
2011-09-06,,,4.4865,
2011-09-07,,,4.3457,
2011-09-08,,,3.9947,
2011-09-09,,,3.6305,
2011-09-13,,,3.2844,
2011-09-14,,,3.2965,
2011-09-15,,,3.3322,
2011-09-16,,,3.3186,
2011-09-19,,,3.5726,
2011-09-20,,,3.9929,
2011-09-21,,,4.085,
2011-09-22,,,3.925,
2011-09-23,,,4.1226,
2011-09-26,,,3.7867,
2011-09-27,,,4.685,
2011-09-28,,,4.8541,
2011-09-29,,,5.0797,
2011-09-30,,,5.0228,
2011-10-08,,,4.968,
2011-10-09,,,4.8058,
2011-10-10,,,4.4388,
2011-10-11,,,4.2033,
2011-10-12,,,3.3425,
2011-10-13,,,3.136,
2011-10-14,,,3.1441,
2011-10-17,,,3.3475,
2011-10-18,,,3.4752,
2011-10-19,,,3.3667,
2011-10-20,,,3.4671,
2011-10-21,,,3.4455,
2011-10-24,,,3.412,
2011-10-25,,,4.003,
2011-10-26,,,4.1079,
2011-10-27,,,4.5618,
2011-10-28,,,5.0437,
2011-10-31,,,4.9696,
2011-11-01,,,4.4016,
2011-11-02,,,3.7106,
2011-11-03,,,3.4022,
2011-11-04,,,3.5003,
2011-11-07,,,3.5814,
2011-11-08,,,3.564,
2011-11-09,,,3.5294,
2011-11-10,,,3.4808,
2011-11-11,,,3.5049,
2011-11-14,,,3.3026,
2011-11-15,,,3.3152,
2011-11-16,,,3.3636,
2011-11-17,,,3.5623,
2011-11-18,,,3.7072,
2011-11-21,,,4.2217,
2011-11-22,,,4.4138,
2011-11-23,,,4.3513,
2011-11-24,,,4.1374,
2011-11-25,,,4.0404,
2011-11-28,,,3.9886,
2011-11-29,,,3.6663,
2011-11-30,,,3.9738,
2011-12-01,,,3.9827,
2011-12-02,,,3.7,
2011-12-05,,,3.2917,
2011-12-06,,,3.3778,
2011-12-07,,,3.4439,
2011-12-08,,,3.4676,
2011-12-09,,,3.5239,
2011-12-12,,,3.538,
2011-12-13,,,3.4847,
2011-12-14,,,3.2292,
2011-12-15,,,3.4546,
2011-12-16,,,3.0762,
2011-12-19,,,3.0249,
2011-12-20,,,3.237,
2011-12-21,,,3.599,
2011-12-22,,,3.7678,
2011-12-23,,,3.7359,
2011-12-26,,,4.1842,
2011-12-27,,,4.4523,
2011-12-28,,,4.7996,
2011-12-29,,,5.3891,
2011-12-30,,,5.6014,
2011-12-31,,,6.3298,
2012-01-04,,,4.076,
2012-01-05,,,4.4785,
2012-01-06,,,4.3063,
2012-01-09,,,4.519,
2012-01-10,,,4.0835,
2012-01-11,,,3.9949,
2012-01-12,,,4.1816,
2012-01-13,,,4.8975,
2012-01-16,,,6.1644,
2012-01-17,,,7.1468,
2012-01-18,,,7.724899999999999,
2012-01-19,,,5.9792,
2012-01-20,,,5.0065,
2012-01-21,,,4.1273,
2012-01-29,,,4.217,
2012-01-30,,,4.3558,
2012-01-31,,,4.3269,
2012-02-01,,,4.3512,
2012-02-02,,,4.3312,
2012-02-03,,,3.3506,
2012-02-06,,,3.4476,
2012-02-07,,,3.5005,
2012-02-08,,,3.7167,
2012-02-09,,,3.6694,
2012-02-10,,,3.6344,
2012-02-13,,,3.657,
2012-02-14,,,3.7896,
2012-02-15,,,3.9072,
2012-02-16,,,4.365,
2012-02-17,,,5.3142,
2012-02-20,,,5.3755,
2012-02-21,,,5.2509,
2012-02-22,,,5.1028,
2012-02-23,,,5.5056,
2012-02-24,,,4.481,
2012-02-27,,,3.664,
2012-02-28,,,3.655,
2012-02-29,,,3.48,
2012-03-01,,,3.2816,
2012-03-02,,,3.2776,
2012-03-05,,,3.1529,
2012-03-06,,,3.1402,
2012-03-07,,,3.0978,
2012-03-08,,,2.9437,
2012-03-09,,,2.9906,
2012-03-12,,,2.8037,
2012-03-13,,,3.0015,
2012-03-14,,,3.0039,
2012-03-15,,,2.8841,
2012-03-16,,,2.901,
2012-03-19,,,2.8913,
2012-03-20,,,3.0122,
2012-03-21,,,3.0848,
2012-03-22,,,3.1765,
2012-03-23,,,2.9686,
2012-03-26,,,3.2994,
2012-03-27,,,3.307,
2012-03-28,,,3.5321,
2012-03-29,,,3.5124,
2012-03-30,,,3.7118,
2012-03-31,,,3.4545,
2012-04-01,,,3.4498,
2012-04-05,,,3.9886,
2012-04-06,,,4.2296,
2012-04-09,,,3.7516,
2012-04-10,,,3.7021,
2012-04-11,,,3.7809,
2012-04-12,,,3.7969,
2012-04-13,,,3.8044,
2012-04-16,,,3.8061,
2012-04-17,,,3.7622,
2012-04-18,,,3.7591,
2012-04-19,,,3.8087,
2012-04-20,,,3.9465,
2012-04-23,,,3.7874,
2012-04-24,,,3.7356,
2012-04-25,,,3.9271,
2012-04-26,,,3.9913,
2012-04-27,,,3.883,
2012-04-28,,,3.7772,
2012-05-02,,,3.8069,
2012-05-03,3.53,,3.8473,
2012-05-04,,,3.8412,
2012-05-07,,,3.7551,
2012-05-08,,,3.7014,
2012-05-09,,,3.3314,
2012-05-10,3.3,,3.2327,
2012-05-11,,,3.1902,
2012-05-14,,,3.1156,
2012-05-15,,,2.8349,
2012-05-16,,,2.7901,
2012-05-17,,,2.6851,
2012-05-18,,,2.6918,
2012-05-21,,,2.6733,
2012-05-22,,,2.6942,
2012-05-23,,,2.4379,
2012-05-24,,,2.2332,
2012-05-25,,,2.4968,
2012-05-28,,,2.4962,
2012-05-29,,,2.5856,
2012-05-30,,,2.3462,
2012-05-31,,,2.17,
2012-06-01,,,2.3766,
2012-06-04,,,2.5343,
2012-06-05,,,2.5972,
2012-06-06,,,2.594,
2012-06-07,,,2.6881,
2012-06-08,,,2.4648,
2012-06-11,,,2.4249,
2012-06-12,,,2.5528,
2012-06-13,,,2.699,
2012-06-14,,,2.7047,
2012-06-15,,,2.7321,
2012-06-18,,,2.5684,
2012-06-19,,,2.978,
2012-06-20,,,3.4545,
2012-06-21,,,4.3392,
2012-06-25,,,4.1999,
2012-06-26,,,4.2983,
2012-06-27,,,4.2454,
2012-06-28,,,3.9832,
2012-06-29,,,4.1388,
2012-07-02,,,4.1658,
2012-07-03,3.95,,4.1727,
2012-07-04,,,3.8655,
2012-07-05,3.8,,4.0175,
2012-07-06,,,3.4813,
2012-07-09,,,3.3554,
2012-07-10,3.3,,3.3266,
2012-07-11,,,3.2822,
2012-07-12,3.3,,3.1904,
2012-07-13,,,3.3409,
2012-07-16,,,3.2757,
2012-07-17,3.3,,3.2803,
2012-07-18,,,3.4673,
2012-07-19,3.35,,3.5321,
2012-07-20,,,3.5814,
2012-07-23,,,3.57,
2012-07-24,3.35,,3.3943,
2012-07-25,,,3.3425,
2012-07-26,3.35,,3.3847,
2012-07-27,,,3.1526,
2012-07-30,,,3.1389,
2012-07-31,3.35,,3.3551,
2012-08-01,,,3.4118,
2012-08-02,3.35,,3.4862,
2012-08-03,,,3.3929,
2012-08-06,,,3.4076,
2012-08-07,3.35,,3.2524,
2012-08-08,,,3.2616,
2012-08-09,3.35,,3.2927,
2012-08-10,,,3.2955,
2012-08-13,,,3.3421,
2012-08-14,3.35,,3.3531,
2012-08-15,,,3.4294,
2012-08-16,3.35,,3.5504,
2012-08-17,,,3.89,
2012-08-20,,,3.6236,
2012-08-21,3.4,,3.7453,
2012-08-22,,,3.7987,
2012-08-23,3.4,,3.8047,
2012-08-24,,,3.6145,
2012-08-27,,,3.451,
2012-08-28,3.4,,3.0963,
2012-08-29,,,3.5245,
2012-08-30,3.4,,3.6013,
2012-08-31,,,3.5178,
2012-09-03,,,3.3745,
2012-09-04,3.4,,2.4985,
2012-09-05,,,3.4275,
2012-09-06,3.35,,3.4028,
2012-09-07,,,3.4,
2012-09-10,,,3.0017,
2012-09-11,3.35,,2.9965,
2012-09-12,,,3.432,
2012-09-13,3.35,,3.436,
2012-09-14,,,3.3616,
2012-09-17,,,3.2418,
2012-09-18,3.35,,3.1481,
2012-09-19,,,3.3319,
2012-09-20,3.35,,3.9214,
2012-09-21,,,4.4277,
2012-09-24,,,4.5104,
2012-09-25,,,4.6976,
2012-09-26,,,3.848,
2012-09-27,,,3.8065,
2012-09-28,,,3.0355,
2012-09-29,,,3.1321,
2012-10-08,,,3.8268,
2012-10-09,3.35,,3.7611,
2012-10-10,,,3.1646,
2012-10-11,3.35,,3.1855,
2012-10-12,,,3.1839,
2012-10-15,,,2.8086,
2012-10-16,3.35,,2.8024,
2012-10-17,,,2.8683,
2012-10-18,3.35,,2.6906,
2012-10-19,,,2.6783,
2012-10-22,,,2.7176,
2012-10-23,3.35,,2.9201,
2012-10-24,,,3.1677,
2012-10-25,3.35,,3.6225,
2012-10-26,,,3.7184,
2012-10-29,,,4.3169,
2012-10-30,3.35,,3.2794,
2012-10-31,,,3.2288,
2012-11-01,3.35,,3.4379,
2012-11-02,,,3.3734,
2012-11-05,,,3.3291,
2012-11-06,3.35,,3.2042,
2012-11-07,,,3.1187,
2012-11-08,3.35,,3.2827,
2012-11-09,,,3.1103,
2012-11-12,,,3.1002,
2012-11-13,3.35,,3.1627,
2012-11-14,,,3.3454,
2012-11-15,3.35,,3.3242,
2012-11-16,,,2.9044,
2012-11-19,,,3.196,
2012-11-20,3.35,,3.3464,
2012-11-21,,,3.2033,
2012-11-22,3.35,,3.2325,
2012-11-23,,,2.8359,
2012-11-26,,,2.8766,
2012-11-27,3.35,,2.8881,
2012-11-28,,,3.3554,
2012-11-29,3.35,,3.3353,
2012-11-30,,,3.381,
2012-12-03,,,3.3526,
2012-12-04,3.35,,2.8781,
2012-12-05,,,2.7993,
2012-12-06,3.35,,2.886,
2012-12-07,,,3.0402,
2012-12-10,,,3.0423,
2012-12-11,3.35,,3.0205,
2012-12-12,,,3.0055,
2012-12-13,3.35,,2.6789,
2012-12-14,,,3.0013,
2012-12-17,,,3.031,
2012-12-18,3.35,,3.0058,
2012-12-19,,,3.0455,
2012-12-20,3.35,,3.4716,
2012-12-21,,,3.4195,
2012-12-24,,,3.1606,
2012-12-25,,,3.7184,
2012-12-26,,,3.8108,
2012-12-27,3.35,,4.1681,
2012-12-28,,,4.12,
2012-12-31,,,4.5826,
2013-01-04,,,4.0393,
2013-01-05,,,3.6895,
2013-01-06,,,3.504,
2013-01-07,,,3.1695,
2013-01-08,3.35,,3.1081,
2013-01-09,,,2.9946,
2013-01-10,3.35,,2.9216,
2013-01-11,,,2.7347,
2013-01-14,,,2.7492,
2013-01-15,,,2.8124,
2013-01-16,,,2.7833,
2013-01-17,,,2.7545,
2013-01-18,,,2.8369,
2013-01-21,,,2.9364,
2013-01-22,3.35,,2.9803,
2013-01-23,,,2.9777,
2013-01-24,3.35,,2.8355,
2013-01-25,,,2.6993,
2013-01-28,,,2.9842,
2013-01-29,3.35,,3.1064,
2013-01-30,,,3.2243,
2013-01-31,3.35,,3.2525,
2013-02-01,,,3.3321,
2013-02-04,,,3.4695,
2013-02-05,,,3.3768,
2013-02-06,,,3.7255,
2013-02-07,,,4.094,
2013-02-08,,,3.529,
2013-02-16,,,2.7386,
2013-02-17,,,2.916,
2013-02-18,,,2.9139,
2013-02-19,,,2.9148,
2013-02-20,,,2.9488,
2013-02-21,,,2.9989,
2013-02-22,,,3.0995,
2013-02-25,,,3.2916,
2013-02-26,,,3.8247,
2013-02-27,,,4.2684,
2013-02-28,,,4.3009,
2013-03-01,,,4.4329,
2013-03-04,,,4.2868,
2013-03-05,,,3.1859,
2013-03-06,,,2.9859,
2013-03-07,,,2.5326,
2013-03-08,,,2.4862,
2013-03-11,,,2.9894,
2013-03-12,,,3.041,
2013-03-13,,,3.0203,
2013-03-14,,,3.0939,
2013-03-15,,,3.3629,
2013-03-18,,,3.0319,
2013-03-19,,,2.9633,
2013-03-20,,,3.2896,
2013-03-21,,,3.0616,
2013-03-22,,,2.9376,
2013-03-25,,,2.9187,
2013-03-26,,,3.0405,
2013-03-27,,,2.8637,
2013-03-28,,,3.1856,
2013-03-29,,,3.4419,
2013-04-01,,,3.4117,
2013-04-02,,,3.4195,
2013-04-03,,,3.2388,
2013-04-07,,,3.3188,
2013-04-08,,,3.2838,
2013-04-09,,,3.2704,
2013-04-10,,,3.21,
2013-04-11,,,3.0262,
2013-04-12,,,2.9473,
2013-04-15,,,2.9725,
2013-04-16,,,3.0264,
2013-04-17,,,2.9981,
2013-04-18,,,2.9036,
2013-04-19,,,3.1076,
2013-04-22,,,3.1583,
2013-04-23,,,3.6412,
2013-04-24,,,4.7353,
2013-04-25,,,4.9876,
2013-04-26,,,3.5547,
2013-04-27,,,3.4926,
2013-04-28,,,2.985,
2013-05-02,,,2.9485,
2013-05-03,,,3.225,
2013-05-06,,,3.1982,
2013-05-07,,,3.1784,
2013-05-08,,,2.9861,
2013-05-09,,,3.1096,
2013-05-10,,,2.971,
2013-05-13,,,2.9022,
2013-05-14,,,2.7954,
2013-05-15,,,2.7774,
2013-05-16,,,3.2116,
2013-05-17,,,3.7006,
2013-05-20,,,4.3802,
2013-05-21,,,4.4423,
2013-05-22,,,4.0287,
2013-05-23,,,4.2206,
2013-05-24,,,4.159,
2013-05-27,,,4.0926,
2013-05-28,,,3.5423,
2013-05-29,,,3.7087,
2013-05-30,,,4.1836,
2013-05-31,,,4.8103,
2013-06-03,,,4.6601,
2013-06-04,,,4.7421,
2013-06-05,,,4.7987,
2013-06-06,,,5.3205,
2013-06-07,,,6.850899999999999,
2013-06-08,,,7.8439000000000005,
2013-06-09,,,5.969900000000001,
2013-06-13,,,6.3884,
2013-06-14,,,6.9016,
2013-06-17,,,6.887500000000001,
2013-06-18,,,6.8207,
2013-06-19,,,8.2624,
2013-06-20,,,11.621699999999999,
2013-06-21,,,9.2485,
2013-06-24,,,7.5326,
2013-06-25,,,7.4369,
2013-06-26,,,7.287699999999999,
2013-06-27,,,6.7368999999999994,
2013-06-28,,,6.1622,
2013-07-01,,,5.4498,
2013-07-02,,,4.7592,
2013-07-03,,,4.2343,
2013-07-04,,,3.955,
2013-07-05,,,3.8055,
2013-07-08,,,3.6684,
2013-07-09,,,3.6079,
2013-07-10,,,3.6044,
2013-07-11,,,3.8311,
2013-07-12,,,3.8114,
2013-07-15,,,3.8103,
2013-07-16,,,3.7139,
2013-07-17,,,3.607,
2013-07-18,,,3.7377,
2013-07-19,,,3.7681,
2013-07-22,,,3.9369,
2013-07-23,,,4.008,
2013-07-24,,,4.0479,
2013-07-25,,,4.3015,
2013-07-26,,,4.4144,
2013-07-29,,,5.1165,
2013-07-30,4.4,,4.9978,
2013-07-31,,,4.9922,
2013-08-01,,,4.5875,
2013-08-02,,,4.3347,
2013-08-05,,,4.347,
2013-08-06,4,,4.1407,
2013-08-07,,,3.8867,
2013-08-08,,,3.7903,
2013-08-09,,,3.6557,
2013-08-12,,,3.6827,
2013-08-13,3.9,,3.7339,
2013-08-14,,,3.8757,
2013-08-15,,,4.0085,
2013-08-16,,,3.8259,
2013-08-19,,,4.1785,
2013-08-20,3.9,,4.5093,
2013-08-21,,,4.3234,
2013-08-22,,,4.1598,
2013-08-23,,,4.1835,
2013-08-26,,,4.0596,
2013-08-27,3.9,,4.2496,
2013-08-28,,,4.2964,
2013-08-29,,,4.3507,
2013-08-30,,,3.735,
2013-09-02,,,3.7489,
2013-09-03,3.9,,3.7319,
2013-09-04,,,3.488,
2013-09-05,,,3.4682,
2013-09-06,,,3.4745,
2013-09-09,,,3.5605,
2013-09-10,3.9,,3.6289,
2013-09-11,,,3.4879,
2013-09-12,,,3.5699,
2013-09-13,,,3.5894,
2013-09-16,,,3.4986,
2013-09-17,3.9,,3.661,
2013-09-18,,,3.831,
2013-09-22,,,4.0066,
2013-09-23,,,4.3997,
2013-09-24,,,4.5241,
2013-09-25,,,4.029,
2013-09-26,,,4.1431,
2013-09-27,,,3.6922,
2013-09-29,,,3.8541,
2013-09-30,,,4.251,
2013-10-08,3.9,,4.4106,
2013-10-09,,,4.5345,
2013-10-10,,,4.4917,
2013-10-11,,,4.2533,
2013-10-12,,,4.2253,
2013-10-14,,,3.8248,
2013-10-15,3.9,,3.8498,
2013-10-16,,,3.3406,
2013-10-17,,,3.3644,
2013-10-18,,,3.4945,
2013-10-21,,,3.5653,
2013-10-22,,,3.5753,
2013-10-23,,,4.0495,
2013-10-24,,,4.7894,
2013-10-25,,,5.0624,5.71
2013-10-28,,,5.0017,5.72
2013-10-29,4.1,,5.0366,5.72
2013-10-30,,,5.6906,5.72
2013-10-31,,,5.0305,5.72
2013-11-01,,,4.5996,5.72
2013-11-04,,,4.4225,5.72
2013-11-05,4.1,,4.241,5.72
2013-11-06,,,3.8771,5.72
2013-11-07,,,3.9028,5.72
2013-11-08,,,3.948,5.72
2013-11-11,,,3.8209,5.72
2013-11-12,4.1,,3.5989,5.72
2013-11-13,,,3.7433,5.72
2013-11-14,,,4.2888,5.72
2013-11-15,,,5.447,5.72
2013-11-18,,,5.4447,5.72
2013-11-19,4.1,,4.9298,5.73
2013-11-20,,,4.8225,5.73
2013-11-21,,,4.9039,5.73
2013-11-22,,,4.884,5.73
2013-11-25,,,4.8583,5.73
2013-11-26,4.1,,4.763,5.73
2013-11-27,,,4.7793,5.73
2013-11-28,,,4.9218,5.73
2013-11-29,,,4.716,5.73
2013-12-02,,,4.6268,5.73
2013-12-03,4.1,,4.6233,5.73
2013-12-04,,,4.5754,5.73
2013-12-05,,,4.569,5.73
2013-12-06,,,4.5471,5.73
2013-12-09,,,4.4889,5.73
2013-12-10,,,4.4298,5.73
2013-12-11,,,4.3417,5.73
2013-12-12,,,4.3077,5.73
2013-12-13,,,4.3089,5.73
2013-12-16,,,4.447,5.73
2013-12-17,,,4.7754,5.73
2013-12-18,,,6.303299999999999,5.73
2013-12-19,,,7.0582,5.73
2013-12-20,,,8.2144,5.73
2013-12-23,,,8.9372,5.73
2013-12-24,4.1,,6.4424,5.73
2013-12-25,,,5.5759,5.73
2013-12-26,,,5.3337,5.73
2013-12-27,,,5.1005,5.73
2013-12-30,,,4.9287,5.73
2013-12-31,,,5.4041,5.73
2014-01-02,,,4.9831,5.73
2014-01-03,,,4.6964,5.73
2014-01-06,,,4.5962,5.73
2014-01-07,,,4.2615,5.73
2014-01-08,,,4.0799,5.73
2014-01-09,,,4.0167,5.73
2014-01-10,,,4.0256,5.73
2014-01-13,,,4.0149,5.73
2014-01-14,,,4.0261,5.73
2014-01-15,,,4.0195,5.73
2014-01-16,,,4.3542,5.73
2014-01-17,,,5.1688,5.73
2014-01-20,,,6.592,5.73
2014-01-21,4.1,,5.5484,5.73
2014-01-22,,,5.2958,5.73
2014-01-23,,,5.3964,5.73
2014-01-24,,,4.6408,5.73
2014-01-26,,,4.8441,5.73
2014-01-27,,,4.9623,5.73
2014-01-28,,,5.1597,5.73
2014-01-29,,,5.3523,5.73
2014-01-30,,,4.9887,5.73
2014-02-07,,,5.4325,5.73
2014-02-08,,,5.2387,5.73
2014-02-10,,,5.3078,5.73
2014-02-11,,,5.2042,5.73
2014-02-12,,,5.1926,5.73
2014-02-13,,,5.0002,5.74
2014-02-14,,,4.355,5.76
2014-02-17,,,3.8409,5.76
2014-02-18,,,3.7642,5.76
2014-02-19,,,3.7516,5.76
2014-02-20,,,3.6805,5.76
2014-02-21,,,3.3619,5.76
2014-02-24,,,3.2712,5.76
2014-02-25,,,3.2183,5.76
2014-02-26,,,3.0939,5.76
2014-02-27,,,3.438,5.76
2014-02-28,,,3.5169,5.76
2014-03-03,,,2.8243,5.76
2014-03-04,,,3.5036,5.76
2014-03-05,,,3.7765,5.76
2014-03-06,,,2.4805,5.76
2014-03-07,,,2.4172,5.76
2014-03-10,,,2.3017,5.76
2014-03-11,,,2.2596,5.76
2014-03-12,,,2.2252,5.76
2014-03-13,,,2.5062,5.76
2014-03-14,,,2.598,5.76
2014-03-17,,,2.6568,5.76
2014-03-18,,,2.8867,5.76
2014-03-19,,,3.4612,5.76
2014-03-20,,,3.5014,5.76
2014-03-21,,,3.5668,5.76
2014-03-24,,,3.5785,5.76
2014-03-25,,,3.6383,5.76
2014-03-26,,,3.8861,5.76
2014-03-27,,,4.8383,5.76
2014-03-28,,,4.22,5.76
2014-03-31,,,4.1868,5.76
2014-04-01,,,4.211,5.77
2014-04-02,,,4.1994,5.77
2014-04-03,,,4.0878,5.77
2014-04-04,,,3.0166,5.77
2014-04-08,,,3.5999,5.77
2014-04-09,,,3.6849,5.77
2014-04-10,,,3.7071,5.77
2014-04-11,,,3.7488,5.77
2014-04-14,,,3.5238,5.77
2014-04-15,,,3.4114,5.77
2014-04-16,,,2.7339,5.77
2014-04-17,,,2.7385,5.77
2014-04-18,,,2.8153,5.77
2014-04-21,,,2.7033,5.77
2014-04-22,,,3.0654,5.77
2014-04-23,,,3.1058,5.77
2014-04-24,,,3.5285,5.77
2014-04-25,,,3.5095,5.77
2014-04-28,,,4.0197,5.77
2014-04-29,,,4.1073,5.77
2014-04-30,,,4.0744,5.77
2014-05-04,,,3.6334,5.77
2014-05-05,,,3.1423,5.77
2014-05-06,,,3.1088,5.77
2014-05-07,,,3.1063,5.77
2014-05-08,,,3.2034,5.77
2014-05-09,,,3.1729,5.77
2014-05-12,,,3.1568,5.77
2014-05-13,,,3.1815,5.77
2014-05-14,,,3.2036,5.77
2014-05-15,,,3.1276,5.77
2014-05-16,,,3.0998,5.77
2014-05-19,,,3.0908,5.77
2014-05-20,,,3.3678,5.77
2014-05-21,,,3.385,5.77
2014-05-22,,,3.4119,5.77
2014-05-23,,,3.3793,5.77
2014-05-26,,,3.1998,5.77
2014-05-27,,,3.2102,5.77
2014-05-28,,,3.2079,5.77
2014-05-29,,,3.2431,5.77
2014-05-30,,,3.2417,5.77
2014-06-03,,,3.1927,5.77
2014-06-04,,,3.1536,5.77
2014-06-05,,,3.0683,5.77
2014-06-06,,,3.1592,5.77
2014-06-09,,,3.1344,5.77
2014-06-10,,,3.1329,5.77
2014-06-11,,,3.1525,5.77
2014-06-12,,,3.1637,5.77
2014-06-13,,,3.0474,5.77
2014-06-16,,,3.0192,5.77
2014-06-17,,,3.0787,5.76
2014-06-18,,,3.0943,5.76
2014-06-19,,,3.176,5.76
2014-06-20,,,3.4916,5.76
2014-06-23,,,3.4695,5.76
2014-06-24,,,3.5169,5.76
2014-06-25,,,3.5972,5.76
2014-06-26,,,3.649,5.76
2014-06-27,,,3.8565,5.76
2014-06-30,,,4.0027,5.76
2014-07-01,,,4.4536,5.76
2014-07-02,,,3.9139,5.76
2014-07-03,,,3.4178,5.76
2014-07-04,,,3.4235,5.76
2014-07-07,,,3.4707,5.76
2014-07-08,,,3.5574,5.76
2014-07-09,,,3.7681,5.76
2014-07-10,,,3.7825,5.76
2014-07-11,,,3.7681,5.76
2014-07-14,,,3.7764,5.76
2014-07-15,,,3.7055,5.76
2014-07-16,,,3.7035,5.76
2014-07-17,,,3.7077,5.76
2014-07-18,,,3.7561,5.76
2014-07-21,,,3.8472,5.76
2014-07-22,,,4.0031,5.76
2014-07-23,,,4.3024,5.76
2014-07-24,,,4.1588,5.76
2014-07-25,,,4.1183,5.76
2014-07-28,,,4.033,5.76
2014-07-29,,,3.9865,5.76
2014-07-30,,,3.9671,5.76
2014-07-31,,,4.0205,5.76
2014-08-01,,,3.8983,5.76
2014-08-04,,,3.81,5.76
2014-08-05,,,3.6618,5.76
2014-08-06,,,3.5607,5.76
2014-08-07,,,3.4987,5.76
2014-08-08,,,3.474,5.76
2014-08-11,,,3.4252,5.76
2014-08-12,,,3.387,5.76
2014-08-13,,,3.3981,5.76
2014-08-14,,,3.3638,5.76
2014-08-15,,,3.3942,5.76
2014-08-18,,,3.2498,5.76
2014-08-19,,,3.2877,5.76
2014-08-20,,,3.4183,5.76
2014-08-21,,,3.4453,5.76
2014-08-22,,,3.3936,5.76
2014-08-25,,,3.3579,5.76
2014-08-26,,,3.3538,5.76
2014-08-27,,,3.5878,5.76
2014-08-28,,,3.72,5.76
2014-08-29,,,3.673,5.76
2014-09-01,,,3.5556,5.76
2014-09-02,,,3.4865,5.76
2014-09-03,,,3.3896,5.76
2014-09-04,,,3.2836,5.76
2014-09-05,,,3.1979,5.76
2014-09-09,,,3.1564,5.76
2014-09-10,,,3.2251,5.76
2014-09-11,,,3.2786,5.76
2014-09-12,,,3.2648,5.76
2014-09-15,,,3.2778,5.76
2014-09-16,,,3.3278,5.76
2014-09-17,,,3.3781,5.76
2014-09-18,,,3.3781,5.76
2014-09-19,,,3.3369,5.76
2014-09-22,,,3.2268,5.76
2014-09-23,,,3.1383,5.76
2014-09-24,,,3.3348,5.76
2014-09-25,,,3.4168,5.76
2014-09-26,,,3.3022,5.76
2014-09-28,,,3.0437,5.76
2014-09-29,,,2.8995,5.76
2014-09-30,,,2.9126,5.76
2014-10-08,,,2.9896,5.76
2014-10-09,,,3.0077,5.76
2014-10-10,,,3.0689,5.76
2014-10-11,,,3.0067,5.76
2014-10-13,,,3.059,5.76
2014-10-14,,,3.0719,5.76
2014-10-15,,,3.0574,5.76
2014-10-16,,,3.0247,5.76
2014-10-17,,,3.0002,5.76
2014-10-20,,,2.9731,5.76
2014-10-21,,,2.9506,5.76
2014-10-22,,,2.9819,5.76
2014-10-23,,,3.0597,5.76
2014-10-24,,,3.0658,5.76
2014-10-27,,,3.0884,5.76
2014-10-28,,,3.1577,5.76
2014-10-29,,,3.2331,5.76
2014-10-30,,,3.279,5.76
2014-10-31,,,3.2527,5.76
2014-11-03,,,3.2566,5.76
2014-11-04,,,3.2245,5.76
2014-11-05,,,3.1673,5.76
2014-11-06,,,3.1509,5.76
2014-11-07,,,3.1787,5.76
2014-11-10,,,3.1453,5.76
2014-11-11,,,3.1213,5.76
2014-11-12,,,3.1295,5.76
2014-11-13,,,3.139,5.76
2014-11-14,,,3.121,5.76
2014-11-17,,,3.0993,5.76
2014-11-18,,,3.0949,5.76
2014-11-19,,,3.2054,5.76
2014-11-20,,,3.2814,5.76
2014-11-21,,,3.6553,5.76
2014-11-24,,,3.5052,5.56
2014-11-25,,,3.3612,5.56
2014-11-26,,,3.32,5.56
2014-11-27,,,3.3955,5.52
2014-11-28,,,3.4814,5.51
2014-12-01,,,3.3974,5.51
2014-12-02,,,3.4244,5.51
2014-12-03,,,3.4529,5.51
2014-12-04,,,3.4582,5.51
2014-12-05,,,3.4215,5.51
2014-12-08,,,3.4773,5.51
2014-12-09,,,3.5719,5.51
2014-12-10,,,3.6448,5.51
2014-12-11,,,3.8101,5.51
2014-12-12,,,3.745,5.51
2014-12-15,,,3.6842,5.51
2014-12-16,,,3.6128,5.51
2014-12-17,,,4.0317,5.51
2014-12-18,,,5.6066,5.51
2014-12-19,,,6.076099999999999,5.51
2014-12-22,,,6.383100000000001,5.51
2014-12-23,,,5.5518,5.51
2014-12-24,,,5.0608,5.51
2014-12-25,,,4.8984,5.51
2014-12-26,,,4.734,5.51
2014-12-29,,,4.6741,5.51
2014-12-30,,,4.7472,5.51
2014-12-31,,,5.0728,5.51
2015-01-04,,,4.8395,5.51
2015-01-05,,,4.4034,5.51
2015-01-06,,,4.0002,5.51
2015-01-07,,,3.8552,5.51
2015-01-08,,,3.736,5.51
2015-01-09,,,3.7821,5.51
2015-01-12,,,3.8405,5.51
2015-01-13,,,3.8546,5.51
2015-01-14,,,3.8485,5.51
2015-01-15,,,3.8628,5.51
2015-01-16,,,3.8817,5.51
2015-01-19,,,3.761,5.51
2015-01-20,,,3.8668,5.51
2015-01-21,,,4.1325,5.51
2015-01-22,3.85,,4.1832,5.51
2015-01-23,,,3.9372,5.51
2015-01-26,,,3.9239,5.51
2015-01-27,3.85,,3.909,5.51
2015-01-28,,,3.9839,5.51
2015-01-29,,,4.1634,5.51
2015-01-30,,,4.3438,5.51
2015-02-02,,,4.5145,5.51
2015-02-03,3.85,,4.5804,5.51
2015-02-04,,,4.595,5.51
2015-02-05,,,4.4411,5.51
2015-02-06,,,4.4097,5.51
2015-02-09,,,4.4027,5.51
2015-02-10,,,4.4079,5.51
2015-02-11,,,4.5596,5.51
2015-02-12,,,4.6606,5.51
2015-02-13,,,4.7202,5.51
2015-02-15,,,4.7159,5.51
2015-02-16,,,4.912,5.51
2015-02-17,,,4.826,5.51
2015-02-25,,,4.7725,5.51
2015-02-26,,,4.7353,5.51
2015-02-27,,,4.9562,5.51
2015-02-28,,,4.8376,5.51
2015-03-02,,,4.8172,5.3
2015-03-03,3.75,,4.8137,5.3
2015-03-04,,,4.7466,5.3
2015-03-05,3.75,,4.7913,5.3
2015-03-06,,,4.8446,5.3
2015-03-09,,,4.8468,5.3
2015-03-10,3.75,,4.8221,5.3
2015-03-11,,,4.7583,5.3
2015-03-12,3.75,,4.7678,5.3
2015-03-13,,,4.7206,5.3
2015-03-16,,,4.6615,5.3
2015-03-17,3.65,,4.6411,5.3
2015-03-18,,,4.5952,5.3
2015-03-19,3.65,,4.4113,5.3
2015-03-20,,,4.2253,5.3
2015-03-23,,,4.0702,5.3
2015-03-24,3.55,,3.9903,5.3
2015-03-25,,,3.9284,5.3
2015-03-26,3.55,,3.9816,5.3
2015-03-27,,,4.0831,5.3
2015-03-30,,,4.071,5.3
2015-03-31,3.55,,3.9764,5.3
2015-04-01,,,3.7788,5.3
2015-04-02,3.55,,3.6078,5.3
2015-04-03,,,3.4311,5.3
2015-04-07,3.45,,3.2639,5.3
2015-04-08,,,3.1226,5.3
2015-04-09,3.45,,3.0939,5.3
2015-04-10,,,3.0302,5.3
2015-04-13,,,2.9857,5.3
2015-04-14,3.35,,2.9946,5.3
2015-04-15,,,2.9945,5.3
2015-04-16,3.35,,2.9847,5.3
2015-04-17,,,2.9216,5.3
2015-04-20,,,2.7851,5.3
2015-04-21,,,2.6379,5.3
2015-04-22,,,2.5626,5.3
2015-04-23,,,2.5408,5.3
2015-04-24,,,2.4737,5.3
2015-04-27,,,2.4744,5.3
2015-04-28,,,2.483,5.3
2015-04-29,,,2.4988,5.3
2015-04-30,,,2.4202,5.3
2015-05-04,,,2.4446,5.3
2015-05-05,,,2.4681,5.3
2015-05-06,,,2.4186,5.3
2015-05-07,,,2.399,5.3
2015-05-08,,,2.337,5.3
2015-05-11,,,2.2567,5.05
2015-05-12,,,2.1844,5.05
2015-05-13,,,2.0955,5.05
2015-05-14,,,2.0056,5.05
2015-05-15,,,1.9393,5.05
2015-05-18,,,1.964,5.05
2015-05-19,,,1.9726,5.05
2015-05-20,,,1.9988,5.05
2015-05-21,,,2.017,5.05
2015-05-22,,,1.984,5.05
2015-05-25,,,1.9928,5.05
2015-05-26,,,1.98,5.05
2015-05-27,,,1.9531,5.05
2015-05-28,,,1.9955,5.05
2015-05-29,,,1.9866,5.05
2015-06-01,,,2.0112,5.05
2015-06-02,,,2.1961,5.05
2015-06-03,,,2.2525,5.05
2015-06-04,,,2.2348,5.05
2015-06-05,,,2.0474,5.05
2015-06-08,,,2.0594,5.05
2015-06-09,,,2.0448,5.05
2015-06-10,,,2.049,5.05
2015-06-11,,,2.1421,5.05
2015-06-12,,,2.1098,5.05
2015-06-15,,,2.1661,5.05
2015-06-16,,,2.3387,5.05
2015-06-17,,,2.4614,5.05
2015-06-18,,,2.6491,5.05
2015-06-19,,,2.8655,5.05
2015-06-23,,,2.8408,5.05
2015-06-24,,,3.0762,5.05
2015-06-25,2.7,,3.1105,5.05
2015-06-26,,,3.2046,5.05
2015-06-29,,,2.846,4.8
2015-06-30,2.5,,2.8062,4.8
2015-07-01,,,2.8835,4.8
2015-07-02,2.5,,2.8984,4.8
2015-07-03,,,2.9448,4.8
2015-07-06,,,2.6091,4.8
2015-07-07,2.5,,2.5956,4.8
2015-07-08,,,2.5748,4.8
2015-07-09,2.5,,2.5662,4.8
2015-07-10,,,2.5422,4.8
2015-07-13,,,2.5535,4.8
2015-07-14,2.5,,2.5475,4.8
2015-07-15,,,2.4614,4.8
2015-07-16,2.5,,2.437,4.8
2015-07-17,,,2.4369,4.8
2015-07-20,,,2.4382,4.8
2015-07-21,2.5,,2.4694,4.8
2015-07-22,,,2.5265,4.8
2015-07-23,2.5,,2.5736,4.8
2015-07-24,,,2.5291,4.8
2015-07-27,,,2.5244,4.8
2015-07-28,2.5,,2.4561,4.8
2015-07-29,,,2.4592,4.8
2015-07-30,2.5,,2.4745,4.8
2015-07-31,,,2.4751,4.8
2015-08-03,,,2.4584,4.8
2015-08-04,2.5,,2.4251,4.8
2015-08-05,,,2.4043,4.8
2015-08-06,2.5,,2.2951,4.8
2015-08-07,,,2.4154,4.8
2015-08-10,,,2.3977,4.8
2015-08-11,2.5,,2.3941,4.8
2015-08-12,,,2.4519,4.8
2015-08-13,2.5,,2.4815,4.8
2015-08-14,,,2.4992,4.8
2015-08-17,,,2.505,4.8
2015-08-18,2.5,,2.5162,4.8
2015-08-19,,,2.5653,4.8
2015-08-20,2.5,,2.618,4.8
2015-08-21,,,2.5758,4.8
2015-08-24,,,2.5542,4.8
2015-08-25,2.5,,2.601,4.8
2015-08-26,,,2.4339,4.55
2015-08-27,2.35,,2.3709,4.55
2015-08-28,,,2.4045,4.55
2015-08-31,,,2.4978,4.55
2015-09-01,2.35,,2.4282,4.55
2015-09-02,,,2.4616,4.55
2015-09-06,,,2.3771,4.55
2015-09-07,,,2.4327,4.55
2015-09-08,2.35,,2.4393,4.55
2015-09-09,,,2.4004,4.55
2015-09-10,2.35,,2.4478,4.55
2015-09-11,,,2.3758,4.55
2015-09-14,,,2.378,4.55
2015-09-15,2.35,,2.386,4.55
2015-09-16,,,2.4129,4.55
2015-09-17,2.35,,2.3911,4.55
2015-09-18,,,2.4228,4.55
2015-09-21,,,2.3945,4.55
2015-09-22,2.35,,2.409,4.55
2015-09-23,,,2.3769,4.55
2015-09-24,,,2.4849,4.55
2015-09-25,,,2.3764,4.55
2015-09-28,,,2.3752,4.55
2015-09-29,,,2.403,4.55
2015-09-30,,,2.3925,4.55
2015-10-08,2.35,,2.416,4.55
2015-10-09,,,2.4826,4.55
2015-10-10,,,2.3645,4.55
2015-10-12,,,2.4227,4.55
2015-10-13,2.35,,2.4562,4.55
2015-10-14,,,2.4729,4.55
2015-10-15,2.35,,2.4594,4.55
2015-10-16,,,2.4284,4.55
2015-10-19,,,2.4408,4.55
2015-10-20,2.35,,2.4324,4.55
2015-10-21,,,2.4295,4.55
2015-10-22,2.35,,2.4538,4.55
2015-10-23,,,2.4465,4.55
2015-10-26,,,2.4369,4.3
2015-10-27,2.25,,2.3513,4.3
2015-10-28,,,2.344,4.3
2015-10-29,2.25,,2.389,4.3
2015-10-30,,,2.3821,4.3
2015-11-02,,,2.3664,4.3
2015-11-03,2.25,,2.4434,4.3
2015-11-04,,,2.3889,4.3
2015-11-05,2.25,,2.3462,4.3
2015-11-06,,,2.3517,4.3
2015-11-09,,,2.3436,4.3
2015-11-10,2.25,,2.3643,4.3
2015-11-11,,,2.3602,4.3
2015-11-12,2.25,,2.3504,4.3
2015-11-13,,,2.3417,4.3
2015-11-16,,,2.3448,4.3
2015-11-17,2.25,,2.3663,4.3
2015-11-18,,,2.3159,4.3
2015-11-19,2.25,,2.3513,4.3
2015-11-20,,,2.3153,4.3
2015-11-23,,,2.3325,4.3
2015-11-24,2.25,,2.337,4.3
2015-11-25,,,2.3641,4.3
2015-11-26,2.25,,2.4235,4.3
2015-11-27,,,2.4109,4.3
2015-11-30,,,2.4129,4.3
2015-12-01,2.25,,2.4374,4.3
2015-12-02,,,2.4237,4.3
2015-12-03,2.25,,2.3699,4.3
2015-12-04,,,2.3906,4.3
2015-12-07,,,2.3875,4.3
2015-12-08,2.25,,2.3945,4.3
2015-12-09,,,2.4148,4.3
2015-12-10,2.25,,2.4555,4.3
2015-12-11,,,2.4433,4.3
2015-12-14,,,2.4434,4.3
2015-12-15,2.25,,2.4351,4.3
2015-12-16,,,2.4217,4.3
2015-12-17,2.25,,2.4727,4.3
2015-12-18,,,2.4541,4.3
2015-12-21,,,2.4606,4.3
2015-12-22,2.25,,2.4627,4.3
2015-12-23,,,2.4142,4.3
2015-12-24,2.25,,2.3746,4.3
2015-12-25,,,2.4918,4.3
2015-12-28,,,2.5858,4.3
2015-12-29,2.25,,2.6637,4.3
2015-12-30,,,2.6169,4.3
2015-12-31,,,2.3897,4.3
2016-01-04,,,2.4638,4.3
2016-01-05,2.25,,2.4756,4.3
2016-01-06,,,2.5364,4.3
2016-01-07,2.25,,2.4344,4.3
2016-01-08,,,2.3744,4.3
2016-01-11,,,2.412,4.3
2016-01-12,2.25,,2.3933,4.3
2016-01-13,,,2.403,4.3
2016-01-14,2.25,,2.4318,4.3
2016-01-15,,,2.4186,4.3
2016-01-18,,,2.4526,4.3
2016-01-19,2.25,,2.6027,4.3
2016-01-20,,,2.6146,4.3
2016-01-21,2.25,,2.7199,4.3
2016-01-22,,,2.6168,4.3
2016-01-25,,,2.5557,4.3
2016-01-26,2.25,,2.5471,4.3
2016-01-27,,,2.4742,4.3
2016-01-28,2.25,,2.5238,4.3
2016-01-29,2.25,,2.4203,4.3
2016-02-01,,,2.4615,4.3
2016-02-02,,,2.5304,4.3
2016-02-03,,,2.428,4.3
2016-02-04,,,2.5492,4.3
2016-02-05,,,2.3663,4.3
2016-02-06,,,2.2712,4.3
2016-02-14,2.25,,2.2819,4.3
2016-02-15,2.25,,2.3902,4.3
2016-02-16,2.25,,2.4434,4.3
2016-02-17,2.25,,2.3854,4.3
2016-02-18,2.25,,2.3686,4.3
2016-02-19,2.25,,2.3425,4.3
2016-02-22,2.25,,2.3395,4.3
2016-02-23,2.25,,2.3489,4.3
2016-02-24,2.25,,2.4869,4.3
2016-02-25,2.25,,2.4716,4.3
2016-02-26,2.25,,2.5049,4.3
2016-02-29,2.25,3,2.583,4.3
2016-03-01,,,2.4247,4.3
2016-03-02,,,2.381,4.3
2016-03-03,2.25,,2.345,4.3
2016-03-04,2.25,,2.3347,4.3
2016-03-07,2.25,,2.3611,4.3
2016-03-08,2.25,,2.3722,4.3
2016-03-09,2.25,,2.338,4.3
2016-03-10,2.25,,2.3584,4.3
2016-03-11,2.25,,2.3248,4.3
2016-03-14,2.25,,2.3713,4.3
2016-03-15,2.25,,2.3731,4.3
2016-03-16,2.25,,2.3909,4.3
2016-03-17,2.25,,2.4133,4.3
2016-03-18,2.25,,2.5181,4.3
2016-03-21,2.25,,2.5932,4.3
2016-03-22,2.25,,2.5623,4.3
2016-03-23,2.25,,2.5701,4.3
2016-03-24,2.25,,2.4493,4.3
2016-03-25,2.25,,2.4468,4.3
2016-03-28,2.25,,2.5241,4.3
2016-03-29,2.25,,2.5152,4.3
2016-03-30,2.25,,2.7877,4.3
2016-03-31,2.25,,2.8519,4.3
2016-04-01,2.25,,2.4369,4.3
2016-04-05,2.25,,2.4193,4.3
2016-04-06,2.25,,2.3907,4.3
2016-04-07,2.25,,2.385,4.3
2016-04-08,2.25,,2.3676,4.3
2016-04-11,2.25,,2.3676,4.3
2016-04-12,2.25,,2.4265,4.3
2016-04-13,2.25,,2.4942,4.3
2016-04-14,2.25,,2.5117,4.3
2016-04-15,2.25,,2.4655,4.3
2016-04-18,2.25,,2.4127,4.3
2016-04-19,2.25,,2.4172,4.3
2016-04-20,2.25,,2.5162,4.3
2016-04-21,2.25,,2.5475,4.3
2016-04-22,2.25,,2.6723,4.3
2016-04-25,2.25,,2.6424,4.3
2016-04-26,2.25,,2.5986,4.3
2016-04-27,2.25,,2.6702,4.3
2016-04-28,2.25,,2.6298,4.3
2016-04-29,2.25,,2.5158,4.3
2016-05-03,2.25,,2.4348,4.3
2016-05-04,2.25,,2.442,4.3
2016-05-05,2.25,,2.4277,4.3
2016-05-06,2.25,,2.4255,4.3
2016-05-09,2.25,,2.4471,4.3
2016-05-10,2.25,,2.4126,4.3
2016-05-11,2.25,,2.4713,4.3
2016-05-12,2.25,,2.468,4.3
2016-05-13,2.25,,2.4462,4.3
2016-05-16,2.25,,2.4422,4.3
2016-05-17,2.25,,2.4117,4.3
2016-05-18,2.25,,2.4516,4.3
2016-05-19,2.25,,2.3895,4.3
2016-05-20,2.25,,2.3676,4.3
2016-05-23,2.25,,2.364,4.3
2016-05-24,2.25,,2.3352,4.3
2016-05-25,2.25,,2.4828,4.3
2016-05-26,2.25,,2.507,4.3
2016-05-27,2.25,,2.5033,4.3
2016-05-30,2.25,,2.4505,4.3
2016-05-31,2.25,,2.4014,4.3
2016-06-01,2.25,,2.4676,4.3
2016-06-02,2.25,,2.3716,4.3
2016-06-03,2.25,,2.3731,4.3
2016-06-06,2.25,,2.3868,4.3
2016-06-07,2.25,,2.3884,4.3
2016-06-08,2.25,,2.4229,4.3
2016-06-12,2.25,,2.3205,4.3
2016-06-13,2.25,,2.3905,4.3
2016-06-14,2.25,,2.3521,4.3
2016-06-15,2.25,,2.3831,4.3
2016-06-16,2.25,,2.3771,4.3
2016-06-17,2.25,,2.3492,4.3
2016-06-20,2.25,,2.3531,4.3
2016-06-21,2.25,,2.3593,4.3
2016-06-22,2.25,,2.4394,4.3
2016-06-23,2.25,,2.4535,4.3
2016-06-24,2.25,,2.5457,4.3
2016-06-27,2.25,,2.6241,4.3
2016-06-28,2.25,,2.759,4.3
2016-06-29,2.25,,2.7843,4.3
2016-06-30,2.25,3,2.718,4.3
2016-07-01,2.25,,2.3759,4.3
2016-07-04,2.25,,2.381,4.3
2016-07-05,2.25,,2.3695,4.3
2016-07-06,2.25,,2.4008,4.3
2016-07-07,2.25,,2.4239,4.3
2016-07-08,2.25,,2.4249,4.3
2016-07-11,2.25,,2.4385,4.3
2016-07-12,2.25,,2.3809,4.3
2016-07-13,2.25,,2.4157,4.3
2016-07-14,2.25,,2.4142,4.3
2016-07-15,2.25,,2.4185,4.3
2016-07-18,2.25,,2.416,4.3
2016-07-19,2.25,,2.429,4.3
2016-07-20,2.25,,2.4594,4.3
2016-07-21,2.25,,2.4558,4.3
2016-07-22,2.25,,2.5585,4.3
2016-07-25,2.25,,2.6848,4.3
2016-07-26,2.25,,2.7604,4.3
2016-07-27,2.25,,2.6618,4.3
2016-07-28,2.25,,2.5548,4.3
2016-07-29,2.25,,2.4869,4.3
2016-07-31,,3,,
2016-08-01,2.25,,2.4188,4.3
2016-08-02,2.25,,2.381,4.3
2016-08-03,2.25,,2.398,4.3
2016-08-04,2.25,,2.3895,4.3
2016-08-05,2.25,,2.3876,4.3
2016-08-08,2.25,,2.4425,4.3
2016-08-09,2.25,,2.4417,4.3
2016-08-10,2.25,,2.5327,4.3
2016-08-11,2.25,,2.5813,4.3
2016-08-12,2.25,,2.464,4.3
2016-08-15,2.25,3,2.4923,4.3
2016-08-16,2.25,,2.4329,4.3
2016-08-17,2.25,,2.4607,4.3
2016-08-18,2.25,,2.5,4.3
2016-08-19,2.25,,2.4704,4.3
2016-08-22,2.25,,2.4675,4.3
2016-08-23,2.25,,2.6147,4.3
2016-08-24,2.25,,2.7011,4.3
2016-08-25,2.25,,2.7259,4.3
2016-08-26,2.25,,2.5549,4.3
2016-08-29,2.25,,2.4368,4.3
2016-08-30,2.25,,2.4098,4.3
2016-08-31,2.25,,2.3949,4.3
2016-09-01,2.25,,2.3931,4.3
2016-09-02,2.25,,2.3978,4.3
2016-09-05,2.25,,2.4027,4.3
2016-09-06,2.25,,2.3741,4.3
2016-09-07,2.25,3,2.388,4.3
2016-09-08,2.25,,2.3358,4.3
2016-09-09,2.25,,2.3177,4.3
2016-09-12,2.25,,2.4133,4.3
2016-09-13,2.25,,2.5376,4.3
2016-09-14,2.25,,2.6182,4.3
2016-09-18,2.25,,2.4336,4.3
2016-09-19,2.25,,2.6626,4.3
2016-09-20,2.25,,2.6749,4.3
2016-09-21,2.25,,2.6823,4.3
2016-09-22,2.25,,2.6878,4.3
2016-09-23,2.25,,2.4207,4.3
2016-09-26,,,2.493,4.3
2016-09-27,,,2.5695,4.3
2016-09-28,,,2.6387,4.3
2016-09-29,,,2.7583,4.3
2016-09-30,,,2.5778,4.3
2016-10-08,,,2.342,4.3
2016-10-09,2.25,,2.3109,4.3
2016-10-10,2.25,,2.4333,4.3
2016-10-11,2.25,,2.3831,4.3
2016-10-12,2.25,,2.4125,4.3
2016-10-13,2.25,3,2.4378,4.3
2016-10-14,2.25,,2.3976,4.3
2016-10-17,2.25,,2.4579,4.3
2016-10-18,2.25,3,2.7347,4.3
2016-10-19,2.25,,2.7812,4.3
2016-10-20,2.25,,2.8396,4.3
2016-10-21,2.25,,2.909,4.3
2016-10-24,2.25,,2.8359,4.3
2016-10-25,2.25,,2.7166,4.3
2016-10-26,2.25,,2.8852,4.3
2016-10-27,2.25,,3.2142,4.3
2016-10-28,2.25,,2.9764,4.3
2016-10-31,2.25,,3.0659,4.3
2016-11-01,2.25,,2.7343,4.3
2016-11-02,2.25,,2.5121,4.3
2016-11-03,2.25,3,2.4507,4.3
2016-11-04,2.25,,2.4263,4.3
2016-11-07,2.25,,2.4211,4.3
2016-11-08,2.25,,2.378,4.3
2016-11-09,2.25,,2.3975,4.3
2016-11-10,2.25,,2.5509,4.3
2016-11-11,2.25,,2.6181,4.3
2016-11-14,2.25,,2.6296,4.3
2016-11-15,2.25,,2.7278,4.3
2016-11-16,2.25,3,2.8551,4.3
2016-11-17,2.25,,2.808,4.3
2016-11-18,2.25,,2.706,4.3
2016-11-21,2.25,,2.7126,4.3
2016-11-22,2.25,,2.6946,4.3
2016-11-23,2.25,,2.6714,4.3
2016-11-24,2.25,,2.8405,4.3
2016-11-25,2.25,,2.879,4.3
2016-11-28,2.25,,2.9152,4.3
2016-11-29,2.25,,3.0619,4.3
2016-11-30,2.25,,3.4916,4.3
2016-12-01,2.25,,3.2577,4.3
2016-12-02,2.25,,2.7347,4.3
2016-12-05,2.25,,2.5537,4.3
2016-12-06,2.25,3,2.5454,4.3
2016-12-07,2.25,,2.5843,4.3
2016-12-08,2.25,,2.5884,4.3
2016-12-09,2.25,,2.568,4.3
2016-12-12,2.25,,2.6105,4.3
2016-12-13,2.25,,2.6508,4.3
2016-12-14,2.25,,2.9329,4.3
2016-12-15,2.25,,3.3606,4.3
2016-12-16,2.25,3,3.6743,4.3
2016-12-19,2.25,,3.6845,4.3
2016-12-20,2.25,,3.6443,4.3
2016-12-21,2.25,,3.2765,4.3
2016-12-22,2.25,,2.7883,4.3
2016-12-23,2.25,,2.5786,4.3
2016-12-26,2.25,,2.7796,4.3
2016-12-27,2.25,,3.1109,4.3
2016-12-28,2.25,,4.0536,4.3
2016-12-29,2.25,,3.5593,4.3
2016-12-30,2.25,,3.014,4.3
2016-12-31,,,2.7125,
2017-01-03,2.25,,2.7696,4.3
2017-01-04,2.25,,2.4975,4.3
2017-01-05,2.25,,2.4952,4.3
2017-01-06,2.25,,2.4205,4.3
2017-01-09,2.25,,2.3715,4.3
2017-01-10,2.25,,2.3816,4.3
2017-01-11,2.25,,2.4246,4.3
2017-01-12,2.25,,2.3799,4.3
2017-01-13,2.25,3,2.3853,4.3
2017-01-16,2.25,,2.5842,4.3
2017-01-17,2.25,,2.6838,4.3
2017-01-18,2.25,,3.4501,4.3
2017-01-19,2.25,,3.566,4.3
2017-01-20,,,2.9017,4.3
2017-01-22,,,2.5814,4.3
2017-01-23,,,2.7137,4.3
2017-01-24,,3.1,2.9033,4.3
2017-01-25,,,2.6821,4.3
2017-01-26,,,2.6523,4.3
2017-02-03,2.35,,2.7057,4.3
2017-02-04,,,2.5233,4.3
2017-02-06,,,2.6376,4.3
2017-02-07,,,2.6875,4.3
2017-02-08,,,2.7791,4.3
2017-02-09,,,2.7017,4.3
2017-02-10,,,2.6096,4.3
2017-02-13,2.35,,2.7536,4.3
2017-02-14,2.35,,2.851,4.3
2017-02-15,2.35,3.1,3.1601,4.3
2017-02-16,2.35,,3.1258,4.3
2017-02-17,2.35,,3.1194,4.3
2017-02-20,2.35,,3.3453,4.3
2017-02-21,2.35,,3.7425,4.3
2017-02-22,2.35,,3.776,4.3
2017-02-23,2.35,,3.5088,4.3
2017-02-24,2.35,,3.2426,4.3
2017-02-27,2.35,,3.0657,4.3
2017-02-28,2.35,,3.7195,4.3
2017-03-01,2.35,,3.3087,4.3
2017-03-02,2.35,,3.1464,4.3
2017-03-03,2.35,,2.7266,4.3
2017-03-06,2.35,,2.8317,4.3
2017-03-07,2.35,3.1,3.1686,4.3
2017-03-08,2.35,,2.9694,4.3
2017-03-09,,,2.8677,4.3
2017-03-10,,,2.7364,4.3
2017-03-13,2.35,,2.8136,4.3
2017-03-14,2.35,,2.8619,4.3
2017-03-15,2.35,,2.9308,4.3
2017-03-16,2.45,3.2,3.76,4.3
2017-03-17,2.45,,3.5536,4.3
2017-03-20,2.45,,3.8797,4.3
2017-03-21,2.45,,5.0095,4.3
2017-03-22,2.45,,4.5903,4.3
2017-03-23,2.45,,4.0151,4.3
2017-03-24,,,3.1965,4.3
2017-03-27,,,3.4375,4.3
2017-03-28,,,3.0715,4.3
2017-03-29,,,4.1531,4.3
2017-03-30,,,4.166,4.3
2017-03-31,,,4.5802,4.3
2017-04-01,,,2.6938,4.3
2017-04-05,,,2.9654,4.3
2017-04-06,,,3.2045,4.3
2017-04-07,,,2.9123,4.3
2017-04-10,,,2.8522,4.3
2017-04-11,,,2.7683,4.3
2017-04-12,,,2.8044,4.3
2017-04-13,2.45,,2.8165,4.3
2017-04-14,2.45,,2.8446,4.3
2017-04-17,,3.2,3.2854,4.3
2017-04-18,2.45,,3.3449,4.3
2017-04-19,2.45,,3.3629,4.3
2017-04-20,2.45,,3.5772,4.3
2017-04-21,2.45,,3.5439,4.3
2017-04-24,2.45,,3.601,4.3
2017-04-25,2.45,,3.8353,4.3
2017-04-26,2.45,,3.963,4.3
2017-04-27,2.45,,4.3649,4.3
2017-04-28,2.45,,4.1818,4.3
2017-05-02,,,3.6169,4.3
2017-05-03,2.45,,3.9174,4.3
2017-05-04,2.45,,3.826,4.3
2017-05-05,,,3.2847,4.3
2017-05-08,,,3.2143,4.3
2017-05-09,,,3.2494,4.3
2017-05-10,2.45,,3.2316,4.3
2017-05-11,2.45,,3.231,4.3
2017-05-12,,3.2,3.1537,4.3
2017-05-15,,,3.1362,4.3
2017-05-16,2.45,,3.2008,4.3
2017-05-17,2.45,,3.2045,4.3
2017-05-18,2.45,,3.2467,4.3
2017-05-19,,,3.0857,4.3
2017-05-22,2.45,,3.0044,4.3
2017-05-23,2.45,,2.9759,4.3
2017-05-24,2.45,,2.9833,4.3
2017-05-25,2.45,,3.4518,4.3
2017-05-26,2.45,,3.3988,4.3
2017-05-27,,,2.9849,4.3
2017-05-31,2.45,,3.1229,4.3
2017-06-01,2.45,,3.3076,4.3
2017-06-02,2.45,,3.4359,4.3
2017-06-05,2.45,,3.3991,4.3
2017-06-06,,3.2,3.4552,4.3
2017-06-07,2.45,,3.366,4.3
2017-06-08,2.45,,3.343,4.3
2017-06-09,2.45,,3.2216,4.3
2017-06-12,2.45,,3.3055,4.3
2017-06-13,2.45,,3.2798,4.3
2017-06-14,2.45,,3.2693,4.3
2017-06-15,2.45,,3.3432,4.3
2017-06-16,2.45,,3.3886,4.3
2017-06-19,2.45,,3.4901,4.3
2017-06-20,2.45,,3.5464,4.3
2017-06-21,2.45,,3.5318,4.3
2017-06-22,2.45,,3.3628,4.3
2017-06-23,,,3.0767,4.3
2017-06-26,,,3.6461,4.3
2017-06-27,,,3.703,4.3
2017-06-28,,,3.8522,4.3
2017-06-29,,,3.7594,4.3
2017-06-30,,,3.9682,4.3
2017-07-03,,,3.2458,4.3
2017-07-04,,,3.0873,4.3
2017-07-05,,,2.9688,4.3
2017-07-06,,,2.9295,4.3
2017-07-07,,,2.8424,4.3
2017-07-10,,,2.868,4.3
2017-07-11,2.45,,3.0408,4.3
2017-07-12,2.45,,3.107,4.3
2017-07-13,,3.2,3.1121,4.3
2017-07-14,2.45,,2.9371,4.3
2017-07-17,2.45,,3.0748,4.3
2017-07-18,2.45,,3.5311,4.3
2017-07-19,2.45,,3.9987,4.3
2017-07-20,2.45,,3.6181,4.3
2017-07-21,2.45,,3.459,4.3
2017-07-24,2.45,,3.3278,4.3
2017-07-25,2.45,,3.6063,4.3
2017-07-26,2.45,,3.7125,4.3
2017-07-27,2.45,,3.8032,4.3
2017-07-28,2.45,,3.6735,4.3
2017-07-31,2.45,,3.7452,4.3
2017-08-01,2.45,,3.6866,4.3
2017-08-02,2.45,,3.4873,4.3
2017-08-03,2.45,,3.2133,4.3
2017-08-04,2.45,,3.0387,4.3
2017-08-07,2.45,,3.0677,4.3
2017-08-08,2.45,,3.292,4.3
2017-08-09,2.45,,3.2492,4.3
2017-08-10,2.45,,3.1861,4.3
2017-08-11,2.45,,3.0689,4.3
2017-08-14,2.45,,3.25,4.3
2017-08-15,,3.2,3.4594,4.3
2017-08-16,2.45,,3.9393,4.3
2017-08-17,2.45,,4.0206,4.3
2017-08-18,2.45,,3.5274,4.3
2017-08-21,2.45,,3.5718,4.3
2017-08-22,2.45,,3.8081,4.3
2017-08-23,2.45,,3.8028,4.3
2017-08-24,,,3.6297,4.3
2017-08-25,,,3.584,4.3
2017-08-28,2.45,,3.6138,4.3
2017-08-29,2.45,,3.8625,4.3
2017-08-30,2.45,,4.2114,4.3
2017-08-31,,,4.0733,4.3
2017-09-01,,,3.3574,4.3
2017-09-04,,,3.2603,4.3
2017-09-05,,,3.1412,4.3
2017-09-06,2.45,,3.1391,4.3
2017-09-07,,3.2,3.1349,4.3
2017-09-08,,,3.1332,4.3
2017-09-11,,,3.1611,4.3
2017-09-12,,,3.3272,4.3
2017-09-13,2.45,,3.455,4.3
2017-09-14,2.45,,3.4231,4.3
2017-09-15,2.45,,3.5789,4.3
2017-09-18,2.45,,3.6818,4.3
2017-09-19,2.45,,3.8963,4.3
2017-09-20,2.45,,3.8421,4.3
2017-09-21,2.45,,3.6714,4.3
2017-09-22,2.45,,3.4754,4.3
2017-09-25,,,3.4455,4.3
2017-09-26,,,3.6244,4.3
2017-09-27,,,3.6627,4.3
2017-09-28,,,3.6387,4.3
2017-09-29,,,3.9972,4.3
2017-09-30,,,3.2042,4.3
2017-10-09,,,3.4973,4.3
2017-10-10,2.45,,3.8366,4.3
2017-10-11,2.45,,3.3103,4.3
2017-10-12,2.45,,3.1303,4.3
2017-10-13,,3.2,3.0346,4.3
2017-10-16,2.45,,3.1081,4.3
2017-10-17,2.45,,3.2065,4.3
2017-10-18,2.45,,3.1788,4.3
2017-10-19,2.45,,3.0742,4.3
2017-10-20,2.45,,2.9898,4.3
2017-10-23,2.45,,2.986,4.3
2017-10-24,2.45,,3.1493,4.3
2017-10-25,2.45,,3.5654,4.3
2017-10-26,2.45,,3.74,4.3
2017-10-27,2.45,,3.591,4.3
2017-10-30,2.45,,3.8268,4.3
2017-10-31,2.45,,3.9304,4.3
2017-11-01,2.45,,3.551,4.3
2017-11-02,,,3.0997,4.3
2017-11-03,,3.2,2.9142,4.3
2017-11-06,,,2.9302,4.3
2017-11-07,2.45,,3.0141,4.3
2017-11-08,2.45,,3.0698,4.3
2017-11-09,2.45,,3.2299,4.3
2017-11-10,2.45,,3.3993,4.3
2017-11-13,2.45,,3.4417,4.3
2017-11-14,2.45,,3.5785,4.3
2017-11-15,2.45,,3.7149,4.3
2017-11-16,2.45,,3.4924,4.3
2017-11-17,2.45,,3.2785,4.3
2017-11-20,2.45,,3.3609,4.3
2017-11-21,2.45,,3.6711,4.3
2017-11-22,2.45,,3.839,4.3
2017-11-23,2.45,,3.7353,4.3
2017-11-24,2.45,,3.8276,4.3
2017-11-27,2.45,,3.7135,4.3
2017-11-28,2.45,,4.0401,4.3
2017-11-29,2.45,,3.8347,4.3
2017-11-30,2.45,,3.6794,4.3
2017-12-01,,,3.1112,4.3
2017-12-04,,,2.9893,4.3
2017-12-05,,,3.0417,4.3
2017-12-06,,3.2,3.0565,4.3
2017-12-07,2.45,,3.086,4.3
2017-12-08,,,3.1033,4.3
2017-12-11,2.45,,3.2515,4.3
2017-12-12,2.45,,3.4927,4.3
2017-12-13,2.45,,3.6175,4.3
2017-12-14,2.5,3.25,3.5094,4.3
2017-12-15,2.5,,3.3518,4.3
2017-12-18,2.5,,3.424,4.3
2017-12-19,2.5,,3.5055,4.3
2017-12-20,2.5,,3.365,4.3
2017-12-21,2.5,,3.1778,4.3
2017-12-22,,,3.0297,4.3
2017-12-25,,,3.5167,4.3
2017-12-26,,,4.5459,4.3
2017-12-27,,,5.0432,4.3
2017-12-28,,,6.9366,4.3
2017-12-29,,,5.4198,4.3
2018-01-02,,,3.1173,4.3
2018-01-03,,,2.9998,4.3
2018-01-04,,,2.9286,4.3
2018-01-05,,,2.8161,4.3
2018-01-08,,,2.7989,4.3
2018-01-09,,,2.9488,4.3
2018-01-10,2.5,,3.1127,4.3
2018-01-11,2.5,,3.4292,4.3
2018-01-12,2.5,,3.3848,4.3
2018-01-15,2.5,3.25,3.4427,4.3
2018-01-16,2.5,,3.4043,4.3
2018-01-17,2.5,,3.72,4.3
2018-01-18,2.5,,3.8133,4.3
2018-01-19,2.5,,3.3619,4.3
2018-01-22,2.5,,3.2366,4.3
2018-01-23,2.5,,3.128,4.3
2018-01-24,2.5,,3.0726,4.3
2018-01-25,,,3.3646,4.3
2018-01-26,,,3.3397,4.3
2018-01-29,,,3.2827,4.3
2018-01-30,,,3.2783,4.3
2018-01-31,,,3.1852,4.3
2018-02-01,,,2.9119,4.3
2018-02-02,,,2.8922,4.3
2018-02-05,,,2.8505,4.3
2018-02-06,,,2.8942,4.3
2018-02-07,,,2.8692,4.3
2018-02-08,,,3.0634,4.3
2018-02-09,,,3.0154,4.3
2018-02-11,,,2.9089,4.3
2018-02-12,,,3.1647,4.3
2018-02-13,,3.25,3.2335,4.3
2018-02-14,,,2.8893,4.3
2018-02-22,2.5,,3.2644,4.3
2018-02-23,2.5,,3.1533,4.3
2018-02-24,,,2.8962,4.3
2018-02-26,2.5,,3.323,4.3
2018-02-27,,,3.3969,4.3
2018-02-28,,,3.5106,4.3
2018-03-01,2.5,,3.22,4.3
2018-03-02,2.5,,3.2782,4.3
2018-03-05,,,3.2964,4.3
2018-03-06,,,3.206,4.3
2018-03-07,,3.25,3.0619,4.3
2018-03-08,,,3.0066,4.3
2018-03-09,,,2.9668,4.3
2018-03-12,2.5,,3.0477,4.3
2018-03-13,2.5,,3.2852,4.3
2018-03-14,2.5,,3.1572,4.3
2018-03-15,2.5,,3.1589,4.3
2018-03-16,,3.25,3.0267,4.3
2018-03-19,2.5,,3.0577,4.3
2018-03-20,,,3.1598,4.3
2018-03-21,,,3.0669,4.3
2018-03-22,2.55,,3.02,4.3
2018-03-23,,,2.9982,4.3
2018-03-26,,,3.56,4.3
2018-03-27,,,3.5826,4.3
2018-03-28,,,4.0034,4.3
2018-03-29,,,4.0126,4.3
2018-03-30,,,4.1911,4.3
2018-04-02,,,3.0314,4.3
2018-04-03,,,3.0151,4.3
2018-04-04,,,2.809,4.3
2018-04-08,2.55,,2.7369,4.31
2018-04-09,2.55,,2.8312,4.31
2018-04-10,,,2.8805,4.31
2018-04-11,,,2.9048,4.31
2018-04-12,,,2.8285,4.31
2018-04-13,,,2.7892,4.31
2018-04-16,2.55,,2.9637,4.31
2018-04-17,,3.3,3.3669,4.31
2018-04-18,2.55,,3.5393,4.31
2018-04-19,2.55,,4.5872,4.31
2018-04-20,,,4.5972,4.31
2018-04-23,2.55,,4.8065,4.31
2018-04-24,2.55,,6.156899999999999,4.31
2018-04-25,,,4.7907,4.31
2018-04-26,2.55,,4.6607,4.31
2018-04-27,2.55,,4.8037,4.31
2018-04-28,,,3.0496,4.31
2018-05-02,2.55,,3.3984,4.31
2018-05-03,2.55,,3.124,4.31
2018-05-04,2.55,,2.8605,4.31
2018-05-07,,,2.8868,4.31
2018-05-08,,,2.8189,4.31
2018-05-09,2.55,,2.8733,4.31
2018-05-10,2.55,,2.8194,4.31
2018-05-11,,,2.7952,4.31
2018-05-14,,3.3,2.8994,4.31
2018-05-15,2.55,,3.2108,4.31
2018-05-16,2.55,,3.4569,4.31
2018-05-17,2.55,,2.9978,4.31
2018-05-18,,,2.8141,4.31
2018-05-21,,,2.8412,4.31
2018-05-22,2.55,,2.8156,4.31
2018-05-23,2.55,,2.8917,4.31
2018-05-24,2.55,,2.8598,4.31
2018-05-25,,,3.5671,4.31
2018-05-28,2.55,,3.7029,4.31
2018-05-29,2.55,,4.004,4.31
2018-05-30,2.55,,4.4723,4.31
2018-05-31,2.55,,3.9655,4.31
2018-06-01,2.55,,3.2727,4.31
2018-06-04,2.55,,3.0686,4.31
2018-06-05,2.55,,2.9487,4.31
2018-06-06,,3.3,2.9916,4.31
2018-06-07,2.55,,2.9309,4.31
2018-06-08,,,2.8772,4.31
2018-06-11,,,2.888,4.31
2018-06-12,2.55,,3.0561,4.31
2018-06-13,2.55,,3.2081,4.31
2018-06-14,2.55,,3.1888,4.31
2018-06-15,2.55,,3.033,4.31
2018-06-19,2.55,3.3,3.0737,4.31
2018-06-20,2.55,,3.2002,4.31
2018-06-21,2.55,,3.103,4.31
2018-06-22,2.55,,2.9192,4.31
2018-06-25,,,4.0178,4.31
2018-06-26,2.55,,4.5147,4.31
2018-06-27,2.55,,4.3364,4.31
2018-06-28,2.55,,4.5906,4.31
2018-06-29,2.55,,3.5843,4.31
2018-07-02,,,2.833,4.31
2018-07-03,,,2.7756,4.31
2018-07-04,2.55,,2.7119,4.31
2018-07-05,,,2.5081,4.31
2018-07-06,,,2.5278,4.31
2018-07-09,,,2.6228,4.31
2018-07-10,,,2.732,4.31
2018-07-11,,,2.7507,4.31
2018-07-12,2.55,,2.6451,4.31
2018-07-13,,3.3,2.7128,4.31
2018-07-16,2.55,,2.8377,4.31
2018-07-17,2.55,,2.8743,4.31
2018-07-18,2.55,,2.8198,4.31
2018-07-19,2.55,,2.6728,4.31
2018-07-20,,,2.656,4.31
2018-07-23,,3.3,2.6995,4.31
2018-07-24,,,2.6972,4.31
2018-07-25,,,2.9063,4.31
2018-07-26,,,2.8387,4.31
2018-07-27,,,2.8034,4.31
2018-07-30,,,2.7718,4.31
2018-07-31,,,2.7497,4.31
2018-08-01,,,2.6388,4.31
2018-08-02,,,2.4149,4.31
2018-08-03,,,2.3334,4.31
2018-08-06,,,2.3472,4.31
2018-08-07,,,2.3226,4.31
2018-08-08,,,2.3404,4.31
2018-08-09,,,2.2572,4.31
2018-08-10,,,2.2713,4.31
2018-08-13,,,2.3564,4.31
2018-08-14,,,2.5757,4.31
2018-08-15,,3.3,2.6246,4.31
2018-08-16,2.55,,2.5429,4.31
2018-08-17,2.55,,2.7039,4.31
2018-08-20,2.55,,2.7911,4.31
2018-08-21,2.55,,2.804,4.31
2018-08-22,,,2.7272,4.31
2018-08-23,,,2.5782,4.31
2018-08-24,,3.3,2.5739,4.31
2018-08-27,,,2.7437,4.31
2018-08-28,,,2.7507,4.31
2018-08-29,,,2.7629,4.31
2018-08-30,,,2.7177,4.31
2018-08-31,,,2.6339,4.31
2018-09-03,,,2.5659,4.31
2018-09-04,,,2.4688,4.31
2018-09-05,,,2.426,4.31
2018-09-06,,,2.5402,4.31
2018-09-07,,3.3,2.7415,4.31
2018-09-10,,,2.7301,4.31
2018-09-11,,,2.7765,4.31
2018-09-12,2.55,,2.7111,4.31
2018-09-13,2.55,,2.6289,4.31
2018-09-14,2.55,,2.5908,4.31
2018-09-17,,3.3,2.6206,4.31
2018-09-18,2.55,,2.8402,4.31
2018-09-19,2.55,,2.7303,4.31
2018-09-20,2.55,,2.6871,4.31
2018-09-21,,,2.6586,4.31
2018-09-25,,,2.8197,4.31
2018-09-26,,,2.9548,4.31
2018-09-27,,,3.155,4.31
2018-09-28,,,3.0343,4.31
2018-09-29,,,2.862,4.31
2018-09-30,,,3.0082,4.31
2018-10-08,,,2.7101,4.31
2018-10-09,,,2.6697,4.31
2018-10-10,,,2.659,4.31
2018-10-11,,,2.6336,4.31
2018-10-12,,,2.6075,4.31
2018-10-15,,,2.6085,4.31
2018-10-16,,,2.6105,4.31
2018-10-17,,,2.6127,4.31
2018-10-18,,,2.6036,4.31
2018-10-19,2.55,,2.6081,4.31
2018-10-22,2.55,,2.6374,4.31
2018-10-23,2.55,,2.6383,4.31
2018-10-24,2.55,,2.6154,4.31
2018-10-25,2.55,,2.7173,4.31
2018-10-26,,,2.6557,4.31
2018-10-29,,,2.6522,4.31
2018-10-30,,,2.6163,4.31
2018-10-31,,,2.8998,4.31
2018-11-01,,,2.7067,4.31
2018-11-02,,,2.6159,4.31
2018-11-05,,3.3,2.6262,4.31
2018-11-06,,,2.5874,4.31
2018-11-07,,,2.5626,4.31
2018-11-08,,,2.5432,4.31
2018-11-09,,,2.5165,4.31
2018-11-12,,,2.624,4.31
2018-11-13,,,2.6933,4.31
2018-11-14,,,2.6295,4.31
2018-11-15,,,2.5947,4.31
2018-11-16,,,2.6203,4.31
2018-11-19,,,2.6859,4.31
2018-11-20,,,2.8377,4.31
2018-11-21,,,2.7535,4.31
2018-11-22,,,2.6719,4.31
2018-11-23,,,2.5867,4.31
2018-11-26,,,2.8044,4.31
2018-11-27,,,2.8389,4.31
2018-11-28,,,2.8632,4.31
2018-11-29,,,2.8629,4.31
2018-11-30,,,2.9098,4.31
2018-12-03,,,2.6454,4.31
2018-12-04,,,2.6112,4.31
2018-12-05,,,2.5594,4.31
2018-12-06,,3.3,2.5584,4.31
2018-12-07,,,2.5841,4.31
2018-12-10,,,2.5979,4.31
2018-12-11,,,2.6145,4.31
2018-12-12,,,2.618,4.31
2018-12-13,,,2.656,4.31
2018-12-14,,3.3,2.8873,4.31
2018-12-17,2.55,,2.8914,4.31
2018-12-18,2.55,,3.0592,4.31
2018-12-19,2.55,,3.0131,4.31
2018-12-20,2.55,,2.8156,4.31
2018-12-21,2.55,,2.659,4.31
2018-12-24,,,3.0098,4.31
2018-12-25,2.55,,3.3966,4.31
2018-12-26,2.55,,4.8384,4.31
2018-12-27,2.55,,5.9222,4.31
2018-12-28,2.55,,4.8263,4.31
2018-12-29,2.55,,3.1362,4.31
2019-01-02,2.55,,2.5935,4.31
2019-01-03,2.55,,2.4736,4.31
2019-01-04,2.55,,2.4138,4.31
2019-01-07,,,2.3409,4.31
2019-01-08,,,2.2996,4.31
2019-01-09,,,2.3937,4.31
2019-01-10,,,2.5496,4.31
2019-01-11,,,2.5283,4.31
2019-01-14,2.55,,2.6203,4.31
2019-01-15,2.55,,2.792,4.31
2019-01-16,2.55,,2.6913,4.31
2019-01-17,2.55,,2.5591,4.31
2019-01-18,2.55,,2.5451,4.31
2019-01-21,,,2.5576,4.31
2019-01-22,,,2.5718,4.31
2019-01-23,,,2.5989,4.31
2019-01-24,,,2.5905,4.31
2019-01-25,,,2.6022,4.31
2019-01-28,,,2.6103,4.31
2019-01-29,,,2.7645,4.31
2019-01-30,,,2.8132,4.31
2019-01-31,,,2.9137,4.31
2019-02-01,,,2.7557,4.31
2019-02-02,,,2.2391,4.31
2019-02-03,,,2.3166,4.31
2019-02-11,,,2.5765,4.31
2019-02-12,,,2.5216,4.31
2019-02-13,,,2.391,4.31
2019-02-14,,,2.3524,4.31
2019-02-15,,,2.3453,4.31
2019-02-18,,,2.3651,4.31
2019-02-19,,,2.3778,4.31
2019-02-20,2.55,,2.3555,4.31
2019-02-21,,,2.3206,4.31
2019-02-22,2.55,,2.6796,4.31
2019-02-25,2.55,,2.8176,4.31
2019-02-26,2.55,,3.465,4.31
2019-02-27,2.55,,3.2988,4.31
2019-02-28,,,2.7923,4.31
2019-03-01,,,2.4351,4.31
2019-03-04,,,2.3427,4.31
2019-03-05,,,2.5042,4.31
2019-03-06,,,2.4181,4.31
2019-03-07,,,2.3691,4.31
2019-03-08,,,2.3289,4.31
2019-03-11,,,2.3616,4.31
2019-03-12,,,2.5571,4.31
2019-03-13,,,2.4758,4.31
2019-03-14,,,2.5324,4.31
2019-03-15,2.55,,2.9225,4.31
2019-03-18,2.55,,3.0255,4.31
2019-03-19,2.55,,2.9382,4.31
2019-03-20,,,2.9192,4.31
2019-03-21,,,2.8023,4.31
2019-03-22,,,2.7811,4.31
2019-03-25,,,3.3713,4.31
2019-03-26,,,3.4881,4.31
2019-03-27,,,3.492,4.31
2019-03-28,,,3.2463,4.31
2019-03-29,,,3.2051,4.31
2019-04-01,,,2.6344,4.31
2019-04-02,,,2.4603,4.31
2019-04-03,,,2.3188,4.31
2019-04-04,,,2.2374,4.31
2019-04-08,,,2.357,4.31
2019-04-09,,,2.4801,4.31
2019-04-10,,,2.7008,4.31
2019-04-11,,,2.6672,4.31
2019-04-12,,,2.7254,4.31
2019-04-15,,,3.0724,4.31
2019-04-16,2.55,,3.2348,4.31
2019-04-17,2.55,3.3,3.1409,4.31
2019-04-18,2.55,,2.9758,4.31
2019-04-19,2.55,,2.7562,4.31
2019-04-22,,,2.6746,4.31
2019-04-23,,,2.9493,4.31
2019-04-24,,,3.0015,4.31
2019-04-25,,,2.8898,4.31
2019-04-26,,,2.7305,4.31
2019-04-28,,,2.771,4.31
2019-04-29,,,2.9334,4.31
2019-04-30,,,2.7403,4.31
2019-05-05,,,2.4393,4.31
2019-05-06,2.55,,2.408,4.31
2019-05-07,2.55,,2.2986,
2019-05-08,2.55,,2.246,4.31
2019-05-09,,,2.3341,4.31
2019-05-10,,,2.3752,4.31
2019-05-13,,,2.4401,4.31
2019-05-14,,3.3,2.5887,4.31
2019-05-15,,,2.625,4.31
2019-05-16,,,2.5912,4.31
2019-05-17,,,2.5627,4.31
2019-05-20,,,2.8613,4.31
2019-05-21,2.55,,2.876,4.31
2019-05-22,2.55,,2.7303,4.31
2019-05-23,,,2.5891,4.31
2019-05-24,,,2.5321,4.31
2019-05-27,2.55,,3.0578,4.31
2019-05-28,2.55,,3.625,4.31
2019-05-29,2.55,,3.0472,4.31
2019-05-30,2.55,,2.749,4.31
2019-05-31,,,2.5885,4.31
2019-06-03,2.55,,2.4523,4.31
2019-06-04,2.55,,2.4293,4.31
2019-06-05,2.55,,2.4689,4.31
2019-06-06,2.55,3.3,2.4397,4.31
2019-06-10,2.55,,2.5166,4.31
2019-06-11,2.55,,2.5609,4.31
2019-06-12,2.55,,2.5763,4.31
2019-06-13,,,2.5704,4.31
2019-06-14,,,2.5051,4.31
2019-06-17,,,2.519,4.31
2019-06-18,,,2.4097,4.31
2019-06-19,,3.3,2.3039,4.31
2019-06-20,,,2.2204,4.31
2019-06-21,,,2.0499,4.31
2019-06-24,,,2.6345,4.31
2019-06-25,,,2.7116,4.31
2019-06-26,,,2.6703,4.31
2019-06-27,,,2.7512,4.31
2019-06-28,,,2.6603,4.31
2019-07-01,,,2.2449,4.31
2019-07-02,,,2.1339,4.31
2019-07-03,,,2.1729,4.31
2019-07-04,,,2.1395,4.31
2019-07-05,,,2.108,4.31
2019-07-08,,,2.4144,4.31
2019-07-09,,,2.4634,4.31
2019-07-10,,,2.4297,4.31
2019-07-11,,,2.4178,4.31
2019-07-12,,,2.4486,4.31
2019-07-15,,3.3,2.7579,4.31
2019-07-16,2.55,,2.8782,4.31
2019-07-17,2.55,,2.9644,4.31
2019-07-18,2.55,,3.1103,4.31
2019-07-19,2.55,,3.0559,4.31
2019-07-22,2.55,,2.8618,4.31
2019-07-23,,3.3,2.7486,4.31
2019-07-24,,,2.6217,4.31
2019-07-25,,,2.8741,4.31
2019-07-26,,,2.8579,4.31
2019-07-29,,,2.8794,4.31
2019-07-30,,,2.8655,4.31
2019-07-31,,,2.7875,4.31
2019-08-01,,,2.675,4.31
2019-08-02,,,2.6812,4.31
2019-08-05,,,2.6962,4.31
2019-08-06,,,2.6395,4.31
2019-08-07,,,2.5538,4.31
2019-08-08,,,2.5845,4.31
2019-08-09,,,2.647,4.31
2019-08-12,2.55,,2.7632,4.31
2019-08-13,2.55,,2.9364,4.31
2019-08-14,2.55,,2.9157,4.31
2019-08-15,2.55,3.3,2.8633,4.31
2019-08-16,2.55,,2.8474,4.31
2019-08-19,2.55,,2.8371,
2019-08-20,2.55,,2.8315,4.25
2019-08-21,2.55,,2.8015,
2019-08-22,2.55,,2.7521,
2019-08-23,2.55,,2.7162,
2019-08-26,,3.3,2.9303,
2019-08-27,2.55,,2.9319,
2019-08-28,2.55,,2.8968,
2019-08-29,,,2.8469,
2019-08-30,,,2.8098,
2019-09-02,,,2.7681,
2019-09-03,,,2.7237,
2019-09-04,,,2.6936,
2019-09-05,,,2.717,
2019-09-06,2.55,,2.7309,
2019-09-09,2.55,,2.772,
2019-09-10,2.55,,2.7736,
2019-09-11,2.55,,2.7614,
2019-09-12,,,2.7373,
2019-09-16,,,2.7172,
2019-09-17,,3.3,2.7235,
2019-09-18,2.55,,2.8066,
2019-09-19,2.55,,2.9072,
2019-09-20,2.55,,3.0274,4.2
2019-09-23,2.55,,2.9008,
2019-09-24,,,2.7538,
2019-09-25,,,2.4938,
2019-09-26,,,2.4523,
2019-09-27,,,2.0167,
2019-09-29,,,2.784,
2019-09-30,,,2.8699,
2019-10-08,,,2.7993,
2019-10-09,,,2.7491,
2019-10-10,,,2.6703,
2019-10-11,,,2.4345,
2019-10-12,,,2.5049,
2019-10-14,,,2.7146,
2019-10-15,,,2.8519,
2019-10-16,,3.3,2.8624,
2019-10-17,,,2.7845,
2019-10-18,2.55,,2.8007,
2019-10-21,2.55,,2.9011,4.2
2019-10-22,2.55,,3.0357,
2019-10-23,2.55,,2.9583,
2019-10-24,2.55,,2.769,
2019-10-25,2.55,,2.9115,
2019-10-28,,,2.8765,
2019-10-29,,,2.8636,
2019-10-30,,,2.8267,
2019-10-31,,,2.8263,
2019-11-01,,,2.6631,
2019-11-04,,,2.5971,
2019-11-05,,3.25,2.5211,
2019-11-06,,,2.4829,
2019-11-07,,,2.5245,
2019-11-08,,,2.5281,
2019-11-11,,,2.5837,
2019-11-12,,,2.707,
2019-11-13,,,2.8477,
2019-11-14,,,2.8551,
2019-11-15,,3.25,3.0212,
2019-11-18,2.5,,2.9453,
2019-11-19,2.5,,2.7437,
2019-11-20,,,2.5711,4.15
2019-11-21,,,2.5147,
2019-11-22,,,2.5028,
2019-11-25,,,2.8171,
2019-11-26,,,2.807,
2019-11-27,,,2.7713,
2019-11-28,,,2.7598,
2019-11-29,,,2.6895,
2019-12-02,,,2.5792,
2019-12-03,,,2.5115,
2019-12-04,,,2.4503,
2019-12-05,,,2.4577,
2019-12-06,,3.25,2.4382,
2019-12-09,,,2.515,
2019-12-10,,,2.518,
2019-12-11,,,2.5251,
2019-12-12,,,2.5341,
2019-12-13,,,2.5323,
2019-12-16,,3.25,2.614,
2019-12-17,,,2.7138,
2019-12-18,2.5,,2.7232,
2019-12-19,2.5,,2.6291,
2019-12-20,,,2.4184,4.15
2019-12-23,,,2.2889,
2019-12-24,,,1.9888,
2019-12-25,,,2.7481,
2019-12-26,,,2.8032,
2019-12-27,,,2.9239,
2019-12-30,,,2.9789,
2019-12-31,,,3.0731,
2020-01-02,,,2.3933,
2020-01-03,,,2.2612,
2020-01-06,,,2.2084,
2020-01-07,,,2.383,
2020-01-08,,,2.4962,
2020-01-09,,,2.573,
2020-01-10,,,2.5791,
2020-01-13,,,2.6426,
2020-01-14,,,3.02,
2020-01-15,,3.25,3.5527,
2020-01-16,,,3.0297,
2020-01-17,,,2.8915,
2020-01-19,,,2.6168,
2020-01-20,,,2.6925,4.15
2020-01-21,,,2.688,
2020-01-22,,,2.6988,
2020-01-23,,,2.5998,
2020-02-03,2.4,,2.7197,
2020-02-04,2.4,,2.7077,
2020-02-05,,,2.4009,
2020-02-06,,,2.2791,
2020-02-07,,,2.2082,
2020-02-10,2.4,,2.2825,
2020-02-11,2.4,,2.3642,
2020-02-12,,,2.3981,
2020-02-13,,,2.3364,
2020-02-14,,,2.2351,
2020-02-17,2.4,3.15,2.2868,
2020-02-18,,,2.3565,
2020-02-19,,,2.323,
2020-02-20,,,2.2903,4.05
2020-02-21,,,2.1654,
2020-02-24,,,2.3361,
2020-02-25,,,2.3375,
2020-02-26,,,2.3282,
2020-02-27,,,2.344,
2020-02-28,,,2.4687,
2020-03-02,,,2.2903,
2020-03-03,,,2.2427,
2020-03-04,,,2.1684,
2020-03-05,,,2.1272,
2020-03-06,,,2.0572,
2020-03-09,,,2.0747,
2020-03-10,,,2.3135,
2020-03-11,,,2.3386,
2020-03-12,,,2.2112,
2020-03-13,,,2.0912,
2020-03-16,,3.15,2.0482,
2020-03-17,,,1.9427,
2020-03-18,,,1.8422,
2020-03-19,,,1.7642,
2020-03-20,,,1.6524,4.05
2020-03-23,,,1.6186,
2020-03-24,,,1.5032,
2020-03-25,,,1.8116,
2020-03-26,,,1.8693,
2020-03-27,,,2.0271,
2020-03-30,2.2,,2.3275,
2020-03-31,2.2,,2.4952,
2020-04-01,,,1.8792,
2020-04-02,,,1.7067,
2020-04-03,,,1.587,
2020-04-07,,,1.4788,
2020-04-08,,,1.4691,
2020-04-09,,,1.5586,
2020-04-10,,,1.6689,
2020-04-13,,,1.7097,
2020-04-14,,,1.5963,
2020-04-15,,2.95,1.4864,
2020-04-16,,,1.4295,
2020-04-17,,,1.4025,
2020-04-20,,,1.4441,3.85
2020-04-21,,,1.4519,
2020-04-22,,,1.4585,
2020-04-23,,,1.4501,
2020-04-24,,,1.5601,
2020-04-26,,,1.3998,
2020-04-27,,,1.5767,
2020-04-28,,,1.5834,
2020-04-29,,,1.7109,
2020-04-30,,,1.9297,
2020-05-06,,,1.5895,
2020-05-07,,,1.571,
2020-05-08,,,1.6103,
2020-05-09,,,1.257,
2020-05-11,,,1.4842,
2020-05-12,,,1.4115,
2020-05-13,,,1.3655,
2020-05-14,,,1.3529,
2020-05-15,,2.95,1.4092,
2020-05-18,,,1.3913,
2020-05-19,,,1.5296,
2020-05-20,,,1.5572,3.85
2020-05-21,,,1.4989,
2020-05-22,,,1.4472,
2020-05-25,,,1.7498,
2020-05-26,2.2,,1.9472,
2020-05-27,2.2,,2.0767,
2020-05-28,2.2,,2.246,
2020-05-29,2.2,,2.2211,
2020-06-01,,,1.6258,
2020-06-02,,,1.5506,
2020-06-03,,,1.9644,
2020-06-04,2.2,,1.8981,
2020-06-05,2.2,,1.8635,
2020-06-08,2.2,,1.88,
2020-06-09,2.2,,1.9324,
2020-06-10,2.2,,1.9938,
2020-06-11,2.2,,2.0001,
2020-06-12,2.2,,1.9265,
2020-06-15,,2.95,1.8594,
2020-06-16,,,1.9447,
2020-06-17,,,2.049,
2020-06-18,2.2,,2.1389,
2020-06-19,2.2,,2.1716,
2020-06-22,2.2,,2.2495,3.85
2020-06-23,2.2,,2.3123,
2020-06-24,2.2,,2.3867,
2020-06-28,2.2,,2.2409,
2020-06-29,,,2.7979,
2020-06-30,,,3.0519,
2020-07-01,,,2.2721,
2020-07-02,,,2.0633,
2020-07-03,,,1.857,
2020-07-06,,,1.8398,
2020-07-07,,,2.1485,
2020-07-08,,,2.2346,
2020-07-09,,,2.2735,
2020-07-10,,,2.3385,
2020-07-13,2.2,,2.3549,
2020-07-14,2.2,,2.2277,
2020-07-15,,2.95,2.2551,
2020-07-16,2.2,,2.3656,
2020-07-17,2.2,,2.4669,
2020-07-20,2.2,,2.2657,3.85
2020-07-21,2.2,,2.1062,
2020-07-22,,,2.0026,
2020-07-23,2.2,,2.2709,
2020-07-24,,,2.0954,
2020-07-27,2.2,,2.4384,
2020-07-28,2.2,,2.4124,
2020-07-29,2.2,,2.3513,
2020-07-30,2.2,,2.3383,
2020-07-31,2.2,,2.3254,
2020-08-03,,,2.1398,
2020-08-04,,,2.1785,
2020-08-05,,,2.1356,
2020-08-06,,,2.1051,
2020-08-07,2.2,,2.2219,
2020-08-10,2.2,,2.2854,
2020-08-11,2.2,,2.3639,
2020-08-12,2.2,,2.3672,
2020-08-13,2.2,,2.3693,
2020-08-14,2.2,,2.3743,
2020-08-17,2.2,2.95,2.3789,
2020-08-18,2.2,,2.3516,
2020-08-19,2.2,,2.3745,
2020-08-20,2.2,,2.4491,3.85
2020-08-21,2.2,,2.5732,
2020-08-24,2.2,,2.5108,
2020-08-25,2.2,,2.5918,
2020-08-26,2.2,,2.4974,
2020-08-27,2.2,,2.4745,
2020-08-28,2.2,,2.4837,
2020-08-31,2.2,,2.5141,
2020-09-01,2.2,,2.4113,
2020-09-02,2.2,,2.3963,
2020-09-03,2.2,,2.3216,
2020-09-04,2.2,,2.3408,
2020-09-07,2.2,,2.3267,
2020-09-08,2.2,,2.3259,
2020-09-09,2.2,,2.2876,
2020-09-10,2.2,,2.2033,
2020-09-11,2.2,,2.1874,
2020-09-14,2.2,,2.2276,
2020-09-15,,2.95,2.2704,
2020-09-16,2.2,,2.2741,
2020-09-17,2.2,,2.3935,
2020-09-18,2.2,,2.6426,
2020-09-21,2.2,,2.8206,3.85
2020-09-22,2.2,,2.9743,
2020-09-23,2.2,,2.3142,
2020-09-24,,,2.1869,
2020-09-25,,,1.968,
2020-09-27,,,1.89,
2020-09-28,,,2.7132,
2020-09-29,,,3.0107,
2020-09-30,,,2.5514,
2020-10-09,,,2.2973,
2020-10-10,,,2.0115,
2020-10-12,,,2.2442,
2020-10-13,,,2.2389,
2020-10-14,,,2.3079,
2020-10-15,2.2,2.95,2.3602,
2020-10-16,2.2,,2.3121,
2020-10-19,2.2,,2.4038,
2020-10-20,2.2,,2.5092,3.85
2020-10-21,2.2,,2.4227,
2020-10-22,2.2,,2.3242,
2020-10-23,2.2,,2.3587,
2020-10-26,2.2,,2.9084,
2020-10-27,2.2,,3.2181,
2020-10-28,2.2,,3.209,
2020-10-29,2.2,,3.176,
2020-10-30,2.2,,3.3693,
2020-11-02,2.2,,2.7996,
2020-11-03,2.2,,2.3984,
2020-11-04,2.2,,2.204,
2020-11-05,2.2,,2.1776,
2020-11-06,,,2.4022,
2020-11-09,,,2.5253,
2020-11-10,2.2,,2.6374,
2020-11-11,2.2,,2.7547,
2020-11-12,2.2,,3.1901,
2020-11-13,2.2,,3.3582,
2020-11-16,,2.95,2.7439,
2020-11-17,2.2,,2.4185,
2020-11-18,2.2,,2.3649,
2020-11-19,2.2,,2.4017,
2020-11-20,2.2,,2.3596,3.85
2020-11-23,2.2,,2.338,
2020-11-24,2.2,,3.0409,
2020-11-25,2.2,,3.1027,
2020-11-26,2.2,,2.752,
2020-11-27,2.2,,2.5837,
2020-11-30,2.2,2.95,2.4761,
2020-12-01,2.2,,2.13,
2020-12-02,2.2,,2.072,
2020-12-03,2.2,,2.2809,
2020-12-04,2.2,,2.3257,
2020-12-07,2.2,,2.2997,
2020-12-08,2.2,,2.3071,
2020-12-09,2.2,,2.2379,
2020-12-10,2.2,,2.2159,
2020-12-11,2.2,,2.3391,
2020-12-14,2.2,,2.4319,
2020-12-15,2.2,2.95,2.3511,
2020-12-16,2.2,,2.1206,
2020-12-17,2.2,,2.1384,
2020-12-18,2.2,,2.2906,
2020-12-21,2.2,,2.2451,3.85
2020-12-22,2.2,,2.1904,
2020-12-23,2.2,,2.0478,
2020-12-24,2.2,,1.7735,
2020-12-25,2.2,,2.4668,
2020-12-28,2.2,,2.7516,
2020-12-29,2.2,,2.9542,
2020-12-30,2.2,,3.3605,
2020-12-31,2.2,,2.5943,
2021-01-04,2.2,,2.096,
2021-01-05,2.2,,1.937,
2021-01-06,2.2,,1.99,
2021-01-07,2.2,,1.9404,
2021-01-08,2.2,,1.9588,
2021-01-11,2.2,,1.9881,
2021-01-12,2.2,,1.9894,
2021-01-13,2.2,,2.0316,
2021-01-14,2.2,,2.0226,
2021-01-15,2.2,2.95,2.0334,
2021-01-18,2.2,,2.2976,
2021-01-19,2.2,,2.7555,
2021-01-20,2.2,,2.8475,3.85
2021-01-21,2.2,,2.7056,
2021-01-22,2.2,,2.5236,
2021-01-25,2.2,,2.7937,
2021-01-26,2.2,,3.3341,
2021-01-27,2.2,,4.0193,
2021-01-28,2.2,,4.8315,
2021-01-29,2.2,,4.393,
2021-02-01,2.2,,3.7666,
2021-02-02,2.2,,2.5807,
2021-02-03,2.2,,2.2336,
2021-02-04,,,2.5297,
2021-02-05,,,2.2996,
2021-02-07,,,2.432,
2021-02-08,2.2,,2.5283,
2021-02-09,2.2,,2.5484,
2021-02-10,2.2,,2.1448,
2021-02-18,2.2,2.95,2.294,
2021-02-19,2.2,,2.0553,
2021-02-20,2.2,,2.0444,3.85
2021-02-22,2.2,,2.4461,
2021-02-23,2.2,,2.4707,
2021-02-24,2.2,,2.3326,
2021-02-25,2.2,,2.299,
2021-02-26,2.2,,2.3667,
2021-03-01,2.2,,2.2427,
2021-03-02,2.2,,2.1552,
2021-03-03,2.2,,1.9889,
2021-03-04,2.2,,2.0946,
2021-03-05,2.2,,1.9971,
2021-03-08,2.2,,2.0465,
2021-03-09,2.2,,2.0366,
2021-03-10,2.2,,2.0379,
2021-03-11,2.2,,2.0509,
2021-03-12,2.2,,2.065,
2021-03-15,2.2,2.95,2.3008,
2021-03-16,2.2,,2.302,
2021-03-17,2.2,,2.1332,
2021-03-18,2.2,,2.1908,
2021-03-19,2.2,,2.1914,
2021-03-22,2.2,,2.1791,3.85
2021-03-23,2.2,,2.1162,
2021-03-24,2.2,,1.9964,
2021-03-25,2.2,,2.4559,
2021-03-26,2.2,,2.4746,
2021-03-29,2.2,,2.4664,
2021-03-30,2.2,,2.4952,
2021-03-31,2.2,,2.6713,
2021-04-01,2.2,,2.2356,
2021-04-02,2.2,,2.0824,
2021-04-06,2.2,,1.9693,
2021-04-07,2.2,,1.9476,
2021-04-08,2.2,,1.9629,
2021-04-09,2.2,,1.9272,
2021-04-12,2.2,,1.982,
2021-04-13,2.2,,1.9778,
2021-04-14,2.2,,1.9806,
2021-04-15,2.2,2.95,2.0481,
2021-04-16,2.2,,2.1677,
2021-04-19,2.2,,2.3254,
2021-04-20,2.2,,2.236,3.85
2021-04-21,2.2,,2.091,
2021-04-22,2.2,,2.1456,
2021-04-23,2.2,,2.1141,
2021-04-25,2.2,,2.2372,
2021-04-26,2.2,,2.3549,
2021-04-27,2.2,,2.295,
2021-04-28,2.2,,2.269,
2021-04-29,2.2,,2.3265,
2021-04-30,2.2,,2.3769,
2021-05-06,2.2,,2.1395,
2021-05-07,2.2,,1.9728,
2021-05-08,2.2,,1.821,
2021-05-10,2.2,,1.9528,
2021-05-11,2.2,,1.9733,
2021-05-12,2.2,,1.9994,
2021-05-13,2.2,,2.0687,
2021-05-14,2.2,,2.0255,
2021-05-17,2.2,2.95,2.1874,
2021-05-18,2.2,,2.2437,
2021-05-19,2.2,,2.1913,
2021-05-20,2.2,,2.2088,3.85
2021-05-21,2.2,,2.1427,
2021-05-24,2.2,,2.1538,
2021-05-25,2.2,,2.4274,
2021-05-26,2.2,,2.3937,
2021-05-27,2.2,,2.3688,
2021-05-28,2.2,,2.4354,
2021-05-31,2.2,,2.7026,
2021-06-01,2.2,,2.29,
2021-06-02,2.2,,2.2256,
2021-06-03,2.2,,2.1087,
2021-06-04,2.2,,2.1429,
2021-06-07,2.2,,2.3174,
2021-06-08,2.2,,2.3472,
2021-06-09,2.2,,2.2887,
2021-06-10,2.2,,2.1677,
2021-06-11,2.2,,2.1131,
2021-06-15,2.2,2.95,2.2556,
2021-06-16,2.2,,2.2518,
2021-06-17,2.2,,2.2255,
2021-06-18,2.2,,2.2142,
2021-06-21,2.2,,2.3371,3.85
2021-06-22,2.2,,2.4222,
2021-06-23,2.2,,2.3719,
2021-06-24,2.2,,2.7907,
2021-06-25,2.2,,2.7276,
2021-06-28,2.2,,2.8334,
2021-06-29,2.2,,3.3838,
2021-06-30,2.2,,3.242,
2021-07-01,2.2,,2.1985,
2021-07-02,2.2,,2.0105,
2021-07-05,2.2,,2.0536,
2021-07-06,2.2,,2.0691,
2021-07-07,2.2,,2.1293,
2021-07-08,2.2,,2.1055,
2021-07-09,2.2,,2.2449,
2021-07-12,2.2,,2.2133,
2021-07-13,2.2,,2.2112,
2021-07-14,2.2,,2.2166,
2021-07-15,2.2,2.95,2.2367,
2021-07-16,2.2,,2.2141,
2021-07-19,2.2,,2.2005,
2021-07-20,2.2,,2.2222,3.85
2021-07-21,2.2,,2.2496,
2021-07-22,2.2,,2.2352,
2021-07-23,2.2,,2.1592,
2021-07-26,2.2,,2.4441,
2021-07-27,2.2,,2.5617,
2021-07-28,2.2,,2.6025,
2021-07-29,2.2,,2.5126,
2021-07-30,2.2,,2.4135,
2021-08-02,2.2,,2.1018,
2021-08-03,2.2,,2.0466,
2021-08-04,2.2,,2.0201,
2021-08-05,2.2,,2.0056,
2021-08-06,2.2,,2.0094,
2021-08-09,2.2,,2.1602,
2021-08-10,2.2,,2.4551,
2021-08-11,2.2,,2.1632,
2021-08-12,2.2,,2.1291,
2021-08-13,2.2,,2.2078,
2021-08-16,2.2,2.95,2.2936,
2021-08-17,2.2,,2.1847,
2021-08-18,2.2,,2.092,
2021-08-19,2.2,,2.1054,
2021-08-20,2.2,,2.1355,3.85
2021-08-23,2.2,,2.2232,
2021-08-24,2.2,,2.2943,
2021-08-25,2.2,,2.5098,
2021-08-26,2.2,,2.4703,
2021-08-27,2.2,,2.4193,
2021-08-30,2.2,,2.5066,
2021-08-31,2.2,,2.4951,
2021-09-01,2.2,,2.1659,
2021-09-02,2.2,,2.1495,
2021-09-03,2.2,,2.122,
2021-09-06,2.2,,2.1744,
2021-09-07,2.2,,2.2336,
2021-09-08,2.2,,2.2654,
2021-09-09,2.2,,,
2021-09-10,2.2,,2.2098,
2021-09-13,2.2,,2.2553,
2021-09-14,2.2,,2.3618,
2021-09-15,2.2,2.95,2.3174,
2021-09-16,2.2,,2.386,
2021-09-17,2.2,,2.5814,
2021-09-18,2.2,,2.2619,
2021-09-22,2.2,,2.329,3.85
2021-09-23,2.2,,2.2607,
2021-09-24,,,2.1944,
2021-09-26,,,2.1614,
2021-09-27,,,2.4296,
2021-09-28,,,2.9986,
2021-09-29,,,3.5288,
2021-09-30,,,2.4271,
2021-10-08,2.2,,2.2455,
2021-10-09,2.2,,1.8748,
2021-10-11,2.2,,2.2142,
2021-10-12,2.2,,2.2368,
2021-10-13,2.2,,2.2474,
2021-10-14,2.2,,2.2182,
2021-10-15,2.2,2.95,2.1467,
2021-10-18,2.2,,2.2026,
2021-10-19,2.2,,2.294,
2021-10-20,2.2,,2.2539,3.85
2021-10-21,2.2,,2.1525,
2021-10-22,2.2,,2.0346,
2021-10-25,2.2,,2.5041,
2021-10-26,2.2,,2.457,
2021-10-27,2.2,,2.452,
2021-10-28,2.2,,2.4649,
2021-10-29,2.2,,2.4249,
2021-11-01,2.2,,2.1974,
2021-11-02,2.2,,2.2173,
2021-11-03,2.2,,2.1886,
2021-11-04,2.2,,2.1834,
2021-11-05,2.2,,2.1605,
2021-11-08,2.2,,2.1845,
2021-11-09,2.2,,2.2825,
2021-11-10,2.2,,2.2093,
2021-11-11,2.2,,2.1929,
2021-11-12,2.2,,2.1557,
2021-11-15,2.2,2.95,2.1755,
2021-11-16,2.2,,2.1862,
2021-11-17,2.2,,2.2654,
2021-11-18,2.2,,2.2515,
2021-11-19,2.2,,2.219,
2021-11-22,2.2,,2.2173,3.85
2021-11-23,2.2,,2.3332,
2021-11-24,2.2,,2.4994,
2021-11-25,2.2,,2.4998,
2021-11-26,2.2,,2.4401,
2021-11-29,2.2,,2.5335,
2021-11-30,2.2,,2.8057,
2021-12-01,2.2,,2.2535,
2021-12-02,2.2,,2.1867,
2021-12-03,2.2,,2.1556,
2021-12-06,2.2,,2.1871,
2021-12-07,2.2,,2.2468,
2021-12-08,2.2,,2.3783,
2021-12-09,2.2,,2.3951,
2021-12-10,2.2,,2.278,
2021-12-13,2.2,,2.2865,
2021-12-14,2.2,,2.4039,
2021-12-15,2.2,2.95,2.4009,
2021-12-16,2.2,,2.3878,
2021-12-17,2.2,,2.2964,
2021-12-20,2.2,,2.29,3.8
2021-12-21,2.2,,2.298,
2021-12-22,2.2,,2.2102,
2021-12-23,2.2,,2.1249,
2021-12-24,2.2,,2.0732,
2021-12-27,2.2,,3.7735,
2021-12-28,2.2,,3.7549,
2021-12-29,2.2,,3.8391,
2021-12-30,2.2,,4.0261,
2021-12-31,2.2,,2.5483,
2022-01-04,2.2,,2.2056,
2022-01-05,2.2,,2.2094,
2022-01-06,2.2,,2.1689,
2022-01-07,2.2,,2.1316,
2022-01-10,2.2,,2.1681,
2022-01-11,2.2,,2.1788,
2022-01-12,2.2,,2.1904,
2022-01-13,2.2,,2.2862,
2022-01-14,2.2,,2.3448,
2022-01-17,2.1,2.85,2.3232,
2022-01-18,2.1,,2.2663,
2022-01-19,2.1,,2.2556,
2022-01-20,2.1,,2.2979,3.7
2022-01-21,2.1,,2.3499,
2022-01-24,,,2.4424,
2022-01-25,,,2.3267,
2022-01-26,,,2.2901,
2022-01-27,,,2.6391,
2022-01-28,,,2.5365,
2022-01-29,,,2.2869,
2022-01-30,,,2.319,
2022-02-07,2.1,,2.2913,
2022-02-08,2.1,,2.2149,
2022-02-09,2.1,,2.0847,
2022-02-10,2.1,,2.0067,
2022-02-11,2.1,,2.0119,
2022-02-14,2.1,,2.0474,
2022-02-15,2.1,2.85,2.0728,
2022-02-16,2.1,,2.0742,
2022-02-17,2.1,,2.0577,
2022-02-18,2.1,,2.1462,
2022-02-21,2.1,,2.2175,3.7
2022-02-22,2.1,,2.4481,
2022-02-23,2.1,,2.4159,
2022-02-24,2.1,,2.4483,
2022-02-25,2.1,,2.5308,
2022-02-28,2.1,,2.4749,
2022-03-01,2.1,,2.1844,
2022-03-02,2.1,,2.1132,
2022-03-03,2.1,,2.0577,
2022-03-04,2.1,,2.0493,
2022-03-07,2.1,,2.0847,
2022-03-08,2.1,,2.1184,
2022-03-09,2.1,,2.124,
2022-03-10,2.1,,2.1396,
2022-03-11,2.1,,2.1624,
2022-03-14,2.1,,2.2148,
2022-03-15,2.1,2.85,2.3003,
2022-03-16,2.1,,2.2749,
2022-03-17,2.1,,2.2276,
2022-03-18,2.1,,2.1826,
2022-03-21,2.1,,2.224,3.7
2022-03-22,2.1,,2.2139,
2022-03-23,2.1,,2.2106,
2022-03-24,2.1,,2.1769,
2022-03-25,2.1,,2.8835,
2022-03-28,2.1,,3.0039,
2022-03-29,2.1,,3.1069,
2022-03-30,2.1,,3.1266,
2022-03-31,2.1,,2.7457,
2022-04-01,2.1,,2.1615,
2022-04-02,2.1,,1.8321,
2022-04-06,2.1,,2.1756,
2022-04-07,2.1,,2.1368,
2022-04-08,2.1,,2.0127,
2022-04-11,2.1,,2.0123,
2022-04-12,2.1,,2.0064,
2022-04-13,2.1,,1.991,
2022-04-14,2.1,,1.9655,
2022-04-15,2.1,2.85,1.8744,
2022-04-18,2.1,,1.9049,
2022-04-19,2.1,,1.8699,
2022-04-20,2.1,,1.8446,3.7
2022-04-21,2.1,,1.7979,
2022-04-22,2.1,,1.7185,
2022-04-24,2.1,,1.7786,
2022-04-25,2.1,,1.9089,
2022-04-26,2.1,,1.8798,
2022-04-27,2.1,,1.9135,
2022-04-28,2.1,,2.0467,
2022-04-29,2.1,,2.0304,
2022-05-05,2.1,,1.8754,
2022-05-06,2.1,,1.8286,
2022-05-07,2.1,,1.6434,
2022-05-09,2.1,,1.8036,
2022-05-10,2.1,,1.7104,
2022-05-11,2.1,,1.6573,
2022-05-12,2.1,,1.6464,
2022-05-13,2.1,,1.6313,
2022-05-16,2.1,2.85,1.6508,
2022-05-17,2.1,,1.6555,
2022-05-18,2.1,,1.665,
2022-05-19,2.1,,1.6781,
2022-05-20,2.1,,1.686,3.7
2022-05-23,2.1,,1.6675,
2022-05-24,2.1,,1.6566,
2022-05-25,2.1,,1.8656,
2022-05-26,2.1,,1.8791,
2022-05-27,2.1,,1.8246,
2022-05-30,2.1,,1.8823,
2022-05-31,2.1,,1.8408,
2022-06-01,2.1,,1.6861,
2022-06-02,2.1,,1.674,
2022-06-06,2.1,,1.6864,
2022-06-07,2.1,,1.6897,
2022-06-08,2.1,,1.6721,
2022-06-09,2.1,,1.6663,
2022-06-10,2.1,,1.6326,
2022-06-13,2.1,,1.6553,
2022-06-14,2.1,,1.6506,
2022-06-15,2.1,2.85,1.6524,
2022-06-16,2.1,,1.6824,
2022-06-17,2.1,,1.7047,
2022-06-20,2.1,,1.7221,3.7
2022-06-21,2.1,,1.7662,
2022-06-22,2.1,,1.7578,
2022-06-23,2.1,,1.7263,
2022-06-24,2.1,,2.2478,
2022-06-27,2.1,,2.3592,
2022-06-28,2.1,,2.3831,
2022-06-29,2.1,,2.4861,
2022-06-30,2.1,,2.7078,
2022-07-01,2.1,,1.7633,
2022-07-04,2.1,,1.7004,
2022-07-05,2.1,,1.7175,
2022-07-06,2.1,,1.7054,
2022-07-07,2.1,,1.6543,
2022-07-08,2.1,,1.616,
2022-07-11,2.1,,1.6262,
2022-07-12,2.1,,1.6363,
2022-07-13,2.1,,1.6294,
2022-07-14,2.1,,1.6141,
2022-07-15,2.1,2.85,1.5871,
2022-07-18,2.1,,1.6355,
2022-07-19,2.1,,1.6251,
2022-07-20,2.1,,1.6275,3.7
2022-07-21,2.1,,1.6209,
2022-07-22,2.1,,1.5669,
2022-07-25,2.1,,1.789,
2022-07-26,2.1,,1.7363,
2022-07-27,2.1,,1.6884,
2022-07-28,2.1,,1.6673,
2022-07-29,2.1,,1.7035,
2022-08-01,2.1,,1.571,
2022-08-02,2.1,,1.5337,
2022-08-03,2.1,,1.4688,
2022-08-04,2.1,,1.4609,
2022-08-05,2.1,,1.4368,
2022-08-08,2.1,,1.4457,
2022-08-09,2.1,,1.4509,
2022-08-10,2.1,,1.4821,
2022-08-11,2.1,,1.463,
2022-08-12,2.1,,1.4511,
2022-08-15,2,2.75,1.4695,
2022-08-16,2,,1.477,
2022-08-17,2,,1.5624,
2022-08-18,2,,1.5685,
2022-08-19,2,,1.5608,
2022-08-22,2,,1.557,3.65
2022-08-23,2,,1.5335,
2022-08-24,2,,1.5198,
2022-08-25,2,,1.712,
2022-08-26,2,,1.7981,
2022-08-29,2,,1.791,
2022-08-30,2,,1.7868,
2022-08-31,2,,1.6932,
2022-09-01,2,,1.5602,
2022-09-02,2,,1.5833,
2022-09-05,2,,1.5517,
2022-09-06,2,,1.5385,
2022-09-07,2,,1.5563,
2022-09-08,2,,1.5666,
2022-09-09,2,,1.572,
2022-09-13,2,,1.5907,
2022-09-14,2,,1.6156,
2022-09-15,2,2.75,1.6266,
2022-09-16,2,,1.6631,
2022-09-19,2,,1.7182,
2022-09-20,2,,1.7812,3.65
2022-09-21,2,,1.7476,
2022-09-22,2,,1.7001,
2022-09-23,2,,1.6611,
2022-09-26,2,,1.794,
2022-09-27,2,,1.8493,
2022-09-28,2,,1.8653,
2022-09-29,2,,2.2964,
2022-09-30,2,,2.1751,
2022-10-08,2,,1.6526,
2022-10-09,2,,1.4583,
2022-10-10,2,,1.5987,
2022-10-11,2,,1.6929,
2022-10-12,2,,1.6802,
2022-10-13,2,,1.6582,
2022-10-14,2,,1.6123,
2022-10-17,2,2.75,1.5906,
2022-10-18,2,,1.6023,
2022-10-19,2,,1.6243,
2022-10-20,2,,1.6284,3.65
2022-10-21,2,,1.6755,
2022-10-24,2,,1.7588,
2022-10-25,2,,2.6726,
2022-10-26,2,,2.3993,
2022-10-27,2,,2.2025,
2022-10-28,2,,1.98,
2022-10-31,2,,1.9912,
2022-11-01,2,,1.9347,
2022-11-02,2,,1.7872,
2022-11-03,2,,1.6595,
2022-11-04,2,,1.6792,
2022-11-07,2,,1.7269,
2022-11-08,2,,1.9299,
2022-11-09,2,,1.9744,
2022-11-10,2,,1.9037,
2022-11-11,2,,1.8485,
2022-11-14,2,,1.8653,
2022-11-15,2,2.75,2.0493,
2022-11-16,2,,2.1063,
2022-11-17,2,,2.1139,
2022-11-18,2,,1.8232,
2022-11-21,2,,1.8129,3.65
2022-11-22,2,,1.8164,
2022-11-23,2,,1.7973,
2022-11-24,2,,2.1857,
2022-11-25,2,,2.0722,
2022-11-28,2,,2.0469,
2022-11-29,2,,2.0989,
2022-11-30,2,,2.2646,
2022-12-01,2,,1.8812,
2022-12-02,2,,1.7779,
2022-12-05,2,,1.7608,
2022-12-06,2,,1.7995,
2022-12-07,2,,1.795,
2022-12-08,2,,1.8658,
2022-12-09,2,,1.8484,
2022-12-12,2,,1.8514,
2022-12-13,2,,1.9954,
2022-12-14,2,,2.1841,
2022-12-15,2,2.75,2.0478,
2022-12-16,2,,2.1109,
2022-12-19,2,,2.0632,
2022-12-20,2,,2.0974,3.65
2022-12-21,2,,2.0541,
2022-12-22,2,,2.0131,
2022-12-23,2,,1.9513,
2022-12-26,2,,3.7635,
2022-12-27,2,,4.2408,
2022-12-28,2,,4.1526,
2022-12-29,2,,3.3101,
2022-12-30,2,,2.788,
2023-01-03,2,,1.9907,
2023-01-04,2,,1.878,
2023-01-05,2,,1.8246,
2023-01-06,2,,1.9086,
2023-01-09,2,,1.9881,
2023-01-10,2,,2.177,
2023-01-11,2,,2.4348,
2023-01-12,2,,2.2488,
2023-01-13,2,,1.9845,
2023-01-16,2,2.75,2.2622,
2023-01-17,2,,2.4492,
2023-01-18,2,,2.3737,
2023-01-19,2,,2.3908,
2023-01-20,2,,2.0059,3.65
2023-01-28,2,,1.9126,
2023-01-29,2,,1.894,
2023-01-30,2,,2.1655,
2023-01-31,2,,2.2995,
2023-02-01,2,,2.1628,
2023-02-02,2,,2.0894,
2023-02-03,2,,1.9136,
2023-02-06,2,,2.1422,
2023-02-07,2,,2.4168,
2023-02-08,2,,2.612,
2023-02-09,2,,2.4722,
2023-02-10,2,,2.0831,
2023-02-13,2,,2.0855,
2023-02-14,2,,2.1786,
2023-02-15,2,2.75,2.2035,
2023-02-16,2,,2.2456,
2023-02-17,2,,2.7224,
2023-02-20,2,,2.3616,3.65
2023-02-21,2,,2.3368,
2023-02-22,2,,2.6656,
2023-02-23,2,,2.5449,
2023-02-24,2,,2.5607,
2023-02-27,2,,2.6768,
2023-02-28,2,,3.0268,
2023-03-01,2,,2.3005,
2023-03-02,2,,2.1843,
2023-03-03,2,,2.0274,
2023-03-06,2,,2.0487,
2023-03-07,2,,2.0693,
2023-03-08,2,,2.0836,
2023-03-09,2,,2.1156,
2023-03-10,2,,2.1671,
2023-03-13,2,,2.2331,
2023-03-14,2,,2.3069,
2023-03-15,2,2.75,2.3581,
2023-03-16,2,,2.3972,
2023-03-17,2,,2.3629,
2023-03-20,2,,2.3468,3.65
2023-03-21,2,,2.4368,
2023-03-22,2,,2.3989,
2023-03-23,2,,2.2062,
2023-03-24,2,,1.9984,
2023-03-27,2,,3.1243,
2023-03-28,2,,3.3501,
2023-03-29,2,,3.4461,
2023-03-30,2,,3.8828,
2023-03-31,2,,3.7081,
2023-04-03,2,,2.1584,
2023-04-04,2,,2.1788,
2023-04-06,2,,2.2721,
2023-04-07,2,,2.2695,
2023-04-10,2,,2.2052,
2023-04-11,2,,2.2204,
2023-04-12,2,,2.1742,
2023-04-13,2,,2.1847,
2023-04-14,2,,2.1342,
2023-04-17,2,2.75,2.3179,
2023-04-18,2,,2.273,
2023-04-19,2,,2.2179,
2023-04-20,2,,2.2582,3.65
2023-04-21,2,,2.5063,
2023-04-23,2,,2.2528,
2023-04-24,2,,2.5956,
2023-04-25,2,,2.4386,
2023-04-26,2,,2.3964,
2023-04-27,2,,2.4807,
2023-04-28,2,,2.3719,
2023-05-04,2,,2.1054,
2023-05-05,2,,1.9639,
2023-05-06,2,,1.7435,
2023-05-08,2,,2.0044,
2023-05-09,2,,1.9801,
2023-05-10,2,,1.9332,
2023-05-11,2,,1.9022,
2023-05-12,2,,1.9039,
2023-05-15,2,2.75,1.962,
2023-05-16,2,,2.0118,
2023-05-17,2,,2.034,
2023-05-18,2,,1.9866,
2023-05-19,2,,1.9483,
2023-05-22,2,,1.9419,3.65
2023-05-23,2,,1.9042,
2023-05-24,2,,1.8512,
2023-05-25,2,,2.1555,
2023-05-26,2,,2.1506,
2023-05-29,2,,2.1378,
2023-05-30,2,,2.1849,
2023-05-31,2,,2.088,
2023-06-01,2,,1.9286,
2023-06-02,2,,1.9319,
2023-06-05,2,,1.909,
2023-06-06,2,,1.8874,
2023-06-07,2,,1.8808,
2023-06-08,2,,1.8957,
2023-06-09,2,,1.9175,
2023-06-12,2,,1.9388,
2023-06-13,1.9,,2.0044,
2023-06-14,1.9,,1.9466,
2023-06-15,1.9,2.65,1.9129,
2023-06-16,1.9,,2.0416,
2023-06-19,1.9,,2.1806,
2023-06-20,1.9,,2.2558,3.55
2023-06-21,1.9,,2.2169,
2023-06-25,1.9,,2.0561,
2023-06-26,1.9,,2.59,
2023-06-27,1.9,,2.6653,
2023-06-28,1.9,,2.8188,
2023-06-29,1.9,,2.8424,
2023-06-30,1.9,,3.1273,
2023-07-03,1.9,,2.1854,
2023-07-04,1.9,,2.1193,
2023-07-05,1.9,,1.97,
2023-07-06,1.9,,1.9216,
2023-07-07,1.9,,1.8841,
2023-07-10,1.9,,1.8894,
2023-07-11,1.9,,1.9081,
2023-07-12,1.9,,1.9102,
2023-07-13,1.9,,1.9134,
2023-07-14,1.9,,1.9624,
2023-07-17,1.9,2.65,2.0031,
2023-07-18,1.9,,1.9843,
2023-07-19,1.9,,1.9436,
2023-07-20,1.9,,1.9158,3.55
2023-07-21,1.9,,1.8802,
2023-07-24,1.9,,1.8747,
2023-07-25,1.9,,2.1549,
2023-07-26,1.9,,2.1249,
2023-07-27,1.9,,2.0764,
2023-07-28,1.9,,1.9602,
2023-07-31,1.9,,1.9799,
2023-08-01,1.9,,1.8804,
2023-08-02,1.9,,1.8365,
2023-08-03,1.9,,1.7572,
2023-08-04,1.9,,1.7072,
2023-08-07,1.9,,1.7604,
2023-08-08,1.9,,1.8188,
2023-08-09,1.9,,1.7977,
2023-08-10,1.9,,1.7966,
2023-08-11,1.9,,1.7948,
2023-08-14,1.9,,1.8522,
2023-08-15,1.8,2.5,1.9472,
2023-08-16,1.8,,1.9467,
2023-08-17,1.8,,1.9748,
2023-08-18,1.8,,2.0091,
2023-08-21,1.8,,1.9614,3.45
2023-08-22,1.8,,1.9642,
2023-08-23,1.8,,1.9501,
2023-08-24,1.8,,1.8925,
2023-08-25,1.8,,2.1133,
2023-08-28,1.8,,2.2106,
2023-08-29,1.8,,2.3236,
2023-08-30,1.8,,2.4364,
2023-08-31,1.8,,2.2983,
2023-09-01,1.8,,2.008,
2023-09-04,1.8,,1.9056,
2023-09-05,1.8,,1.8627,
2023-09-06,1.8,,1.8815,
2023-09-07,1.8,,2.024,
2023-09-08,1.8,,2.0351,
2023-09-11,1.8,,2.0592,
2023-09-12,1.8,,2.0423,
2023-09-13,1.8,,1.9964,
2023-09-14,1.8,,2.0453,
2023-09-15,1.8,2.5,2.0241,
2023-09-18,1.8,,2.0646,
2023-09-19,1.8,,2.1712,
2023-09-20,1.8,,2.1938,3.45
2023-09-21,1.8,,2.1209,
2023-09-22,,,2.2554,
2023-09-25,,,2.3236,
2023-09-26,,,2.3929,
2023-09-27,1.8,,2.3273,
2023-09-28,1.8,,2.5682,
2023-10-07,1.8,,1.8674,
2023-10-08,1.8,,1.8022,
2023-10-09,1.8,,2.017,
2023-10-10,1.8,,2.1172,
2023-10-11,1.8,,2.1302,
2023-10-12,1.8,,2.1093,
2023-10-13,1.8,,2.027,
2023-10-16,1.8,2.5,2.0236,
2023-10-17,1.8,,2.0251,
2023-10-18,1.8,,2.1244,
2023-10-19,1.8,,2.5063,
2023-10-20,1.8,,3.0118,3.45
2023-10-23,1.8,,2.5341,
2023-10-24,1.8,,2.7774,
2023-10-25,1.8,,3.0878,
2023-10-26,1.8,,2.4946,
2023-10-27,1.8,,2.4038,
2023-10-30,1.8,,2.4873,
2023-10-31,1.8,,2.7977,
2023-11-01,1.8,,2.6303,
2023-11-02,1.8,,2.0525,
2023-11-03,1.8,,1.8767,
2023-11-06,1.8,,1.9666,
2023-11-07,1.8,,2.0241,
2023-11-08,1.8,,2.0333,
2023-11-09,1.8,,2.0377,
2023-11-10,1.8,,2.0233,
2023-11-13,1.8,,2.0947,
2023-11-14,1.8,,2.252,
2023-11-15,1.8,2.5,2.2419,
2023-11-16,1.8,,2.2536,
2023-11-17,1.8,,2.2467,
2023-11-20,1.8,,2.2185,3.45
2023-11-21,1.8,,2.2371,
2023-11-22,1.8,,2.3027,
2023-11-23,1.8,,2.2775,
2023-11-24,1.8,,2.9352,
2023-11-27,1.8,,3.033,
2023-11-28,1.8,,3.1193,
2023-11-29,1.8,,3.3163,
2023-11-30,1.8,,2.6535,
2023-12-01,1.8,,2.1051,
2023-12-04,1.8,,2.1045,
2023-12-05,1.8,,2.2225,
2023-12-06,1.8,,2.217,
2023-12-07,1.8,,2.1937,
2023-12-08,1.8,,2.246,
2023-12-11,1.8,,2.3674,
2023-12-12,1.8,,2.3617,
2023-12-13,1.8,,2.2432,
2023-12-14,1.8,,2.2019,
2023-12-15,1.8,2.5,2.1548,
2023-12-18,1.8,,2.2148,
2023-12-19,1.8,,2.1466,
2023-12-20,1.8,,2.1863,3.45
2023-12-21,1.8,,2.197,
2023-12-22,1.8,,2.0897,
2023-12-25,1.8,,3.9793,
2023-12-26,1.8,,4.4034,
2023-12-27,1.8,,3.6837,
2023-12-28,1.8,,2.9494,
2023-12-29,1.8,,2.2513,
2024-01-02,1.8,,2.1,
2024-01-03,1.8,,2.139,
2024-01-04,1.8,,2.1643,
2024-01-05,1.8,,2.1762,
2024-01-08,1.8,,2.1364,
2024-01-09,1.8,,2.1818,
2024-01-10,1.8,,2.1708,
2024-01-11,1.8,,2.1771,
2024-01-12,1.8,,2.1626,
2024-01-15,1.8,2.5,2.2268,
2024-01-16,1.8,,2.2948,
2024-01-17,1.8,,2.3341,
2024-01-18,1.8,,2.1575,
2024-01-19,1.8,,2.1164,
2024-01-22,1.8,,2.1494,3.45
2024-01-23,1.8,,2.168,
2024-01-24,1.8,,2.2061,
2024-01-25,1.8,,2.48,
2024-01-26,1.8,,2.5102,
2024-01-29,1.8,,2.372,
2024-01-30,1.8,,2.312,
2024-01-31,1.8,,2.3049,
2024-02-01,1.8,,2.2242,
2024-02-02,1.8,,2.2306,
2024-02-04,,,1.9866,
2024-02-05,,,2.0922,
2024-02-06,,,2.0117,
2024-02-07,,,1.9684,
2024-02-08,1.8,,1.7973,
2024-02-09,1.8,,1.8524,
2024-02-18,1.8,2.5,1.8562,
2024-02-19,1.8,,2.0629,
2024-02-20,1.8,,1.9321,3.45
2024-02-21,1.8,,1.9636,
2024-02-22,1.8,,2.0087,
2024-02-23,1.8,,2.1247,
2024-02-26,1.8,,2.1542,
2024-02-27,1.8,,2.1349,
2024-02-28,1.8,,2.0704,
2024-02-29,1.8,,2.0382,
2024-03-01,1.8,,1.989,
2024-03-04,1.8,,2.0209,
2024-03-05,1.8,,2.0315,
2024-03-06,1.8,,2.0148,
2024-03-07,1.8,,1.9917,
2024-03-08,1.8,,1.9843,
2024-03-11,1.8,,1.9996,
2024-03-12,1.8,,1.9907,
2024-03-13,1.8,,1.9899,
2024-03-14,1.8,,2.0084,
2024-03-15,1.8,2.5,1.977,
2024-03-18,1.8,,1.9958,
2024-03-19,1.8,,2.0008,
2024-03-20,1.8,,2.0148,3.45
2024-03-21,1.8,,2.0759,
2024-03-22,1.8,,2.0761,
2024-03-25,1.8,,2.2815,
2024-03-26,1.8,,2.3349,
2024-03-27,1.8,,2.4124,
2024-03-28,1.8,,2.3754,
2024-03-29,1.8,,2.8088,
2024-04-01,1.8,,2.1387,
2024-04-02,1.8,,2.0968,
2024-04-03,1.8,,1.9785,
2024-04-07,1.8,,1.8337,
2024-04-08,1.8,,1.9682,
2024-04-09,1.8,,1.9387,
2024-04-10,1.8,,1.933,
2024-04-11,1.8,,1.9162,
2024-04-12,1.8,,1.8865,
2024-04-15,1.8,2.5,1.9022,
2024-04-16,1.8,,1.9257,
2024-04-17,1.8,,1.9322,
2024-04-18,1.8,,1.9291,
2024-04-19,1.8,,1.9013,
2024-04-22,1.8,,1.9023,3.45
2024-04-23,1.8,,1.9206,
2024-04-24,1.8,,1.946,
2024-04-25,1.8,,1.9683,
2024-04-26,1.8,,1.9673,
2024-04-28,1.8,,1.9692,
2024-04-29,1.8,,2.1059,
2024-04-30,1.8,,2.0899,
2024-05-06,1.8,,1.9419,
2024-05-07,1.8,,1.8914,
2024-05-08,1.8,,1.8985,
2024-05-09,1.8,,1.8941,
2024-05-10,1.8,,1.8674,
2024-05-11,1.8,,1.8595,
2024-05-13,1.8,,1.8738,
2024-05-14,1.8,,1.842,
2024-05-15,1.8,2.5,1.8216,
2024-05-16,1.8,,1.8168,
2024-05-17,1.8,,1.804,
2024-05-20,1.8,,1.8153,3.45
2024-05-21,1.8,,1.8582,
2024-05-22,1.8,,1.858,
2024-05-23,1.8,,1.8293,
2024-05-24,1.8,,1.8229,
2024-05-27,1.8,,1.937,
2024-05-28,1.8,,1.9537,
2024-05-29,1.8,,1.967,
2024-05-30,1.8,,1.9594,
2024-05-31,1.8,,1.8655,
2024-06-03,1.8,,1.8381,
2024-06-04,1.8,,1.8415,
2024-06-05,1.8,,1.833,
2024-06-06,1.8,,1.8349,
2024-06-07,1.8,,1.8304,
2024-06-11,1.8,,1.8374,
2024-06-12,1.8,,1.8297,
2024-06-13,1.8,,1.8329,
2024-06-14,1.8,,1.838,
2024-06-17,1.8,2.5,1.8662,
2024-06-18,1.8,,1.9091,
2024-06-19,1.8,,1.9152,
2024-06-20,1.8,,1.9228,3.45
2024-06-21,1.8,,2.042,
2024-06-24,1.8,,2.3038,
2024-06-25,1.8,,2.2823,
2024-06-26,1.8,,2.2972,
2024-06-27,1.8,,2.3324,
2024-06-28,1.8,,2.4492,
2024-07-01,1.8,,1.9652,
2024-07-02,1.8,,1.8764,
2024-07-03,1.8,,1.855,
2024-07-04,1.8,,1.8549,
2024-07-05,1.8,,1.857,
2024-07-08,1.8,,1.8745,
2024-07-09,1.8,,1.8691,
2024-07-10,1.8,,1.8509,
2024-07-11,1.8,,1.8411,
2024-07-12,1.8,,1.8346,
2024-07-15,1.8,2.5,1.8668,
2024-07-16,1.8,,1.9389,
2024-07-17,1.8,,1.9236,
2024-07-18,1.8,,1.9051,
2024-07-19,1.8,,1.9008,
2024-07-22,1.7,,1.8322,3.35
2024-07-23,1.7,,1.8586,
2024-07-24,1.7,,1.8607,
2024-07-25,1.7,2.3,2.0184,
2024-07-26,1.7,,1.9754,
2024-07-29,1.7,,1.9655,
2024-07-30,1.7,,1.943,
2024-07-31,1.7,,1.899,
2024-08-01,1.7,,1.839,
2024-08-02,1.7,,1.8044,
2024-08-05,1.7,,1.803,
2024-08-06,1.7,,1.8194,
2024-08-07,,,1.8334,
2024-08-08,1.7,,1.8587,
2024-08-09,1.7,,1.8747,
2024-08-12,1.7,,1.9377,
2024-08-13,1.7,,1.9576,
2024-08-14,1.7,,1.9187,
2024-08-15,1.7,,1.9147,
2024-08-16,1.7,,1.8656,
2024-08-19,1.7,,1.8386,
2024-08-20,1.7,,1.8634,3.35
2024-08-21,1.7,,1.8795,
2024-08-22,1.7,,1.9117,
2024-08-23,1.7,,1.9248,
2024-08-26,1.7,2.3,2.0408,
2024-08-27,1.7,,1.9708,
2024-08-28,1.7,,1.8903,
2024-08-29,1.7,,1.8135,
2024-08-30,1.7,,1.8442,
2024-09-02,1.7,,1.8323,
2024-09-03,1.7,,1.849,
2024-09-04,1.7,,1.8663,
2024-09-05,1.7,,1.8619,
2024-09-06,1.7,,1.8746,
2024-09-09,1.7,,1.9186,
2024-09-10,1.7,,1.9446,
2024-09-11,1.7,,1.9235,
2024-09-12,1.7,,1.8965,
2024-09-13,1.7,,1.9349,
2024-09-14,1.7,,1.6631,
2024-09-18,1.7,,1.9394,
2024-09-19,1.7,,2.0539,
2024-09-20,1.7,,2.0527,3.35
2024-09-23,1.7,,2.0206,
2024-09-24,,,2.0311,
2024-09-25,,2,1.9741,
2024-09-26,,,2.0682,
2024-09-27,,,1.9857,
2024-09-29,1.5,,1.9507,
2024-09-30,1.5,,1.8324,
2024-10-08,1.5,,2.0692,
2024-10-09,1.5,,2.4578,
2024-10-10,1.5,,2.0115,
2024-10-11,1.5,,1.8462,
2024-10-12,1.5,,1.5261,
2024-10-14,1.5,,1.8763,
2024-10-15,1.5,,1.826,
2024-10-16,1.5,,1.8689,
2024-10-17,1.5,,1.8463,
2024-10-18,1.5,,1.8125,
2024-10-21,1.5,,1.8607,3.1
2024-10-22,1.5,,1.86,
2024-10-23,1.5,,1.872,
2024-10-24,1.5,,1.8496,
2024-10-25,1.5,2,1.9514,
2024-10-28,1.5,,1.89,
2024-10-29,1.5,,1.9018,
2024-10-30,1.5,,1.8878,
2024-10-31,1.5,,1.8508,
2024-11-01,1.5,,1.7592,
2024-11-04,1.5,,1.7548,
2024-11-05,1.5,,1.7517,
2024-11-06,1.5,,1.7617,
2024-11-07,1.5,,1.7821,
2024-11-08,1.5,,1.8036,
2024-11-11,1.5,,1.8674,
2024-11-12,1.5,,1.8903,
2024-11-13,1.5,,1.8788,
2024-11-14,1.5,,1.8589,
2024-11-15,1.5,,1.829,
2024-11-18,1.5,,1.8349,
2024-11-19,1.5,,1.8263,
2024-11-20,1.5,,1.8301,3.1
2024-11-21,1.5,,1.8246,
2024-11-22,1.5,,1.8,
2024-11-25,1.5,2,1.8833,
2024-11-26,1.5,,1.8159,
2024-11-27,1.5,,1.8064,
2024-11-28,1.5,,1.8302,
2024-11-29,1.5,,1.7908,
2024-12-02,1.5,,1.7309,
2024-12-03,1.5,,1.7538,
2024-12-04,1.5,,1.7715,
2024-12-05,1.5,,1.8217,
2024-12-06,1.5,,1.8416,
2024-12-09,1.5,,1.872,
2024-12-10,1.5,,1.9255,
2024-12-11,1.5,,1.8664,
2024-12-12,1.5,,1.9031,
2024-12-13,1.5,,1.9103,
2024-12-16,1.5,,1.952,
2024-12-17,1.5,,2.0969,
2024-12-18,1.5,,1.9114,
2024-12-19,1.5,,1.8218,
2024-12-20,1.5,,1.7526,3.1
2024-12-23,1.5,,1.7103,
2024-12-24,1.5,,1.7042,
2024-12-25,1.5,2,1.9587,
2024-12-26,1.5,,2.075,
2024-12-27,1.5,,2.1384,
2024-12-30,1.5,,2.1713,
2024-12-31,1.5,,2.2281,
2025-01-02,1.5,,1.8285,
2025-01-03,1.5,,1.8124,
2025-01-06,1.5,,1.6583,
2025-01-07,1.5,,1.5934,
2025-01-08,1.5,,1.6286,
2025-01-09,1.5,,1.6829,
2025-01-10,1.5,,1.7897,
2025-01-13,1.5,,2.1035,
2025-01-14,1.5,,2.5816,
2025-01-15,1.5,,2.6911,
2025-01-16,1.5,,4.1892,
2025-01-17,1.5,,3.1331,
2025-01-20,1.5,,2.3347,3.1
2025-01-21,,,2.3961,
2025-01-22,,,2.3626,
2025-01-23,,,2.7354,
2025-01-24,,2,3.1594,
2025-01-26,,,2.06,
2025-01-27,,,1.8652,
2025-02-05,1.5,,2.0694,
2025-02-06,1.5,,1.8595,
2025-02-07,1.5,,1.7883,
2025-02-08,1.5,,1.7313,
2025-02-10,1.5,,1.7986,
2025-02-11,1.5,,1.9507,
2025-02-12,1.5,,1.868,
2025-02-13,1.5,,1.8012,
2025-02-14,1.5,,2.0348,
2025-02-17,1.5,,2.0924,
2025-02-18,1.5,,2.467,
2025-02-19,1.5,,2.0816,
2025-02-20,1.5,,2.1593,3.1
2025-02-21,1.5,,2.31,
2025-02-24,1.5,,2.3976,
2025-02-25,1.5,2,2.3052,
2025-02-26,1.5,,2.2985,
2025-02-27,1.5,,2.4318,
2025-02-28,1.5,,2.1357,
2025-03-03,1.5,,1.9254,
2025-03-04,1.5,,1.7868,
2025-03-05,1.5,,1.7997,
2025-03-06,1.5,,1.8058,
2025-03-07,1.5,,1.8107,
2025-03-10,1.5,,1.8247,
2025-03-11,1.5,,1.8232,
2025-03-12,1.5,,1.822,
2025-03-13,1.5,,1.8194,
2025-03-14,1.5,,1.8312,
2025-03-17,1.5,,1.9218,
2025-03-18,1.5,,1.9828,
2025-03-19,1.5,,2.0549,
2025-03-20,1.5,,1.9631,3.1
2025-03-21,1.5,,1.8179,
2025-03-24,1.5,,1.8098,
2025-03-25,1.5,,2.1985,
2025-03-26,1.5,,2.2525,
2025-03-27,1.5,,2.2932,
2025-03-28,1.5,,2.257,
2025-03-31,1.5,,2.303,
2025-04-01,1.5,,1.9802,
2025-04-02,1.5,,1.9051,
2025-04-03,1.5,,1.7428,
2025-04-07,1.5,,1.7605,
2025-04-08,1.5,,1.8716,
2025-04-09,1.5,,1.8435,
2025-04-10,1.5,,1.7618,
2025-04-11,1.5,,1.7014,
2025-04-14,1.5,,1.7416,
2025-04-15,1.5,,1.7293,
2025-04-16,1.5,,1.7407,
2025-04-17,1.5,,1.7206,
2025-04-18,1.5,,1.7116,
2025-04-21,1.5,,1.7262,3.1
2025-04-22,1.5,,1.7244,
2025-04-23,1.5,,1.7012,
2025-04-24,1.5,,1.7721,
2025-04-25,1.5,,1.6587,
2025-04-27,1.5,,1.7175,
2025-04-28,1.5,,1.7862,
2025-04-29,1.5,,1.8116,
2025-04-30,1.5,,1.8396,
2025-05-06,1.5,,1.7558,
2025-05-07,1.5,,1.7139,
2025-05-08,1.4,,1.6477,
2025-05-09,1.4,,1.5805,
2025-05-12,1.4,,1.5499,
2025-05-13,1.4,,1.5337,
2025-05-14,1.4,,1.544,
2025-05-15,1.4,,1.5456,
2025-05-16,1.4,,1.6251,
2025-05-19,1.4,,1.6374,
2025-05-20,1.4,,1.5986,3
2025-05-21,1.4,,1.5884,
2025-05-22,1.4,,1.5777,
2025-05-23,1.4,,1.6266,
2025-05-26,1.4,,1.696,
2025-05-27,1.4,,1.6794,
2025-05-28,1.4,,1.6948,
2025-05-29,1.4,,1.7402,
2025-05-30,1.4,,1.6972,
2025-06-03,1.4,,1.5877,
2025-06-04,1.4,,1.575,
2025-06-05,1.4,,1.5677,
2025-06-06,1.4,,1.5514,
2025-06-09,1.4,,1.5426,
2025-06-10,1.4,,1.5424,
2025-06-11,1.4,,1.5615,
2025-06-12,1.4,,1.582,
2025-06-13,1.4,,1.5811,
2025-06-16,1.4,,1.5598,
2025-06-17,1.4,,1.5525,
2025-06-18,1.4,,1.5773,
2025-06-19,1.4,,1.6019,
2025-06-20,1.4,,1.591,3
2025-06-23,1.4,,1.5629,
2025-06-24,1.4,,1.8221,
2025-06-25,1.4,,1.8593,
2025-06-26,1.4,,1.9195,
2025-06-27,1.4,,1.9201,
2025-06-30,1.4,,2.0056,
2025-07-01,1.4,,1.6175,
2025-07-02,1.4,,1.569,
2025-07-03,1.4,,1.517,
2025-07-04,1.4,,1.4881,
2025-07-07,1.4,,1.5,
2025-07-08,1.4,,1.5058,
2025-07-09,1.4,,1.504,
2025-07-10,1.4,,1.5208,
2025-07-11,1.4,,1.5086,
2025-07-14,1.4,,1.5426,
2025-07-15,1.4,,1.5877,
2025-07-16,1.4,,1.5311,
2025-07-17,1.4,,1.5329,
2025-07-18,1.4,,1.5072,
2025-07-21,1.4,,1.4977,3
2025-07-22,1.4,,1.4846,
2025-07-23,1.4,,1.5017,
2025-07-24,1.4,,1.6012,
2025-07-25,1.4,,1.6937,
2025-07-28,1.4,,1.6264,
2025-07-29,1.4,,1.6121,
2025-07-30,1.4,,1.6113,
2025-07-31,1.4,,1.5806,
2025-08-01,1.4,,1.4864,
2025-08-04,1.4,,1.4755,
2025-08-05,1.4,,1.4654,
2025-08-06,1.4,,1.4732,
2025-08-07,1.4,,1.4809,
2025-08-08,1.4,,1.4538,
2025-08-11,1.4,,1.4537,
2025-08-12,1.4,,1.4619,
2025-08-13,1.4,,1.4715,
2025-08-14,1.4,,1.4733,
2025-08-15,1.4,,1.4858,
2025-08-18,1.4,,1.503,
2025-08-19,1.4,,1.5581,
2025-08-20,1.4,,1.5775,3
2025-08-21,1.4,,1.5356,
2025-08-22,1.4,,1.4839,
2025-08-25,1.4,,1.5613,
2025-08-26,1.4,,1.5258,
2025-08-27,1.4,,1.5379,
2025-08-28,1.4,,1.5636,
2025-08-29,1.4,,1.5171,
2025-09-01,1.4,,1.4662,
2025-09-02,1.4,,1.4619,
2025-09-03,1.4,,1.4644,
2025-09-04,1.4,,1.4622,
2025-09-05,1.4,,1.4566,
2025-09-08,1.4,,1.4704,
2025-09-09,1.4,,1.4874,
2025-09-10,1.4,,1.4988,
2025-09-11,1.4,,1.4873,
2025-09-12,1.4,,1.4651,
2025-09-15,1.4,,1.4831,
2025-09-16,1.4,,1.4998,
2025-09-17,1.4,,1.5493,
2025-09-18,1.4,,1.5613,
2025-09-19,1.4,,1.516,
2025-09-22,1.4,,1.5262,3
2025-09-23,1.4,,1.5218,
2025-09-24,1.4,,1.7066,
2025-09-25,1.4,,1.7975,
2025-09-26,1.4,,1.5538,
2025-09-28,1.4,,1.638,
2025-09-29,1.4,,1.8694,
2025-09-30,1.4,,1.6118,
2025-10-09,1.4,,1.5367,
2025-10-10,1.4,,1.485,
2025-10-11,1.4,,1.412,
2025-10-13,1.4,,1.4768,
2025-10-14,1.4,,1.4736,
2025-10-15,1.4,,1.4694,
2025-10-16,1.4,,1.4751,
2025-10-17,1.4,,1.4685,
2025-10-20,1.4,,1.474,3
2025-10-21,1.4,,1.4651,
2025-10-22,1.4,,1.4688,
2025-10-23,1.4,,1.4715,
2025-10-24,1.4,,1.4649,
2025-10-27,1.4,,1.6451,
2025-10-28,1.4,,1.6111,
2025-10-29,1.4,,1.5855,
2025-10-30,1.4,,1.5555,
2025-10-31,1.4,,1.4923,
2025-11-03,1.4,,1.4604,
2025-11-04,1.4,,1.4584,
2025-11-05,1.4,,1.4629,
2025-11-06,1.4,,1.4635,
2025-11-07,1.4,,1.4677,
2025-11-10,1.4,,1.5039,
2025-11-11,1.4,,1.5145,
2025-11-12,1.4,,1.505,
2025-11-13,1.4,,1.5005,
2025-11-14,1.4,,1.4945,
2025-11-17,1.4,,1.5321,
2025-11-18,1.4,,1.5294,
2025-11-19,1.4,,1.5242,
2025-11-20,1.4,,1.5101,3
2025-11-21,1.4,,1.4952,
2025-11-24,1.4,,1.5566,
2025-11-25,1.4,,1.5238,
2025-11-26,1.4,,1.5205,
2025-11-27,1.4,,1.5185,
2025-11-28,1.4,,1.5222,
2025-12-01,1.4,,1.4931,
2025-12-02,1.4,,1.4862,
2025-12-03,1.4,,1.4837,
2025-12-04,1.4,,1.4852,
2025-12-05,1.4,,1.4963,
2025-12-08,1.4,,1.494,
2025-12-09,1.4,,1.4889,
2025-12-10,1.4,,1.488,
2025-12-11,1.4,,1.497,
2025-12-12,1.4,,1.5075,
2025-12-15,1.4,,1.5123,
2025-12-16,1.4,,1.5003,
2025-12-17,1.4,,1.4978,
2025-12-18,1.4,,1.5226,
2025-12-19,1.4,,1.5148,
2025-12-22,1.4,,1.5063,3
2025-12-23,1.4,,1.5028,
2025-12-24,1.4,,1.5198,
2025-12-25,1.4,,1.5245,
2025-12-26,1.4,,1.5264,
2025-12-29,1.4,,1.936,
2025-12-30,1.4,,2.062,
2025-12-31,1.4,,2.1559,
2026-01-04,1.4,,1.4525,
2026-01-05,1.4,,1.4861,
2026-01-06,1.4,,1.493,
2026-01-07,1.4,,1.5323,
2026-01-08,1.4,,1.5261,
2026-01-09,1.4,,1.5157,
2026-01-12,1.4,,1.5249,
2026-01-13,1.4,,1.5746,
2026-01-14,1.4,,1.6037,
2026-01-15,1.4,,1.5497,
2026-01-16,1.4,,1.5137,
2026-01-19,1.4,,1.5288,
2026-01-20,1.4,,1.5429,3
2026-01-21,1.4,,1.5396,
2026-01-22,1.4,,1.5473,
2026-01-23,1.4,,1.536,
2026-01-26,1.4,,1.6245,
2026-01-27,1.4,,1.6291,
2026-01-28,1.4,,1.6122,
2026-01-29,1.4,,1.6245,
2026-01-30,1.4,,1.6401,
2026-02-02,1.4,,1.5427,
2026-02-03,1.4,,1.5511,
2026-02-04,1.4,,1.5554,
2026-02-05,1.4,,1.5522,
2026-02-06,1.4,,1.5288,
2026-02-09,1.4,,1.5749,
2026-02-10,1.4,,1.5954,
2026-02-11,1.4,,1.6001,
2026-02-12,1.4,,1.6029,
2026-02-13,1.4,,1.5378,
2026-02-14,1.4,,1.3447,
2026-02-24,1.4,,1.6102,3
2026-02-25,1.4,,1.5869,
2026-02-26,1.4,,1.5624,
2026-02-27,1.4,,1.5292,
2026-02-28,1.4,,1.5074,
2026-03-02,1.4,,1.5319,
2026-03-03,1.4,,1.5078,
2026-03-04,1.4,,1.4965,
2026-03-05,1.4,,1.4987,
2026-03-06,1.4,,1.492,
2026-03-09,1.4,,1.5008,
2026-03-10,1.4,,1.5029,
2026-03-11,1.4,,1.5086,
2026-03-12,1.4,,1.512,
2026-03-13,1.4,,1.5033,
2026-03-16,1.4,,1.5016,
2026-03-17,1.4,,1.4988,
2026-03-18,1.4,,1.4946,
2026-03-19,1.4,,1.4851,
2026-03-20,1.4,,1.4769,3
2026-03-23,1.4,,1.4763,
2026-03-24,1.4,,1.4767,
2026-03-25,1.4,,1.5221,
2026-03-26,1.4,,1.5292,
2026-03-27,1.4,,1.5069,
2026-03-30,1.4,,1.4892,
2026-03-31,1.4,,1.4888,
2026-04-01,1.4,,1.4654,
2026-04-02,1.4,,1.4333,
2026-04-03,1.4,,1.3931,
2026-04-07,1.4,,1.3942,
2026-04-08,1.4,,1.3972,
2026-04-09,1.4,,1.4011,
2026-04-10,1.4,,1.3991,
2026-04-13,1.4,,1.4075,
2026-04-14,1.4,,1.409,
2026-04-15,1.4,,1.4082,
2026-04-16,1.4,,1.3995,
2026-04-17,1.4,,1.3914,
2026-04-20,1.4,,1.391,3
2026-04-21,1.4,,1.3945,
2026-04-22,1.4,,1.3921,
2026-04-23,1.4,,1.3869,
2026-04-24,1.4,,1.3702,
2026-04-27,1.4,,1.3826,
2026-04-28,1.4,,1.3885,
2026-04-29,1.4,,1.399,
2026-04-30,1.4,,1.3998,
2026-05-06,1.4,,1.3961,
2026-05-07,1.4,,1.3931,
2026-05-08,1.4,,1.3678,
2026-05-09,1.4,,1.3007,
2026-05-11,1.4,,1.3693,
2026-05-12,1.4,,1.3489,
2026-05-13,1.4,,1.3445,
2026-05-14,1.4,,1.3478,
2026-05-15,1.4,,1.3565,
2026-05-18,1.4,,1.3586,
2026-05-19,1.4,,1.3566,
2026-05-20,1.4,,1.3599,3
2026-05-21,1.4,,1.3659,
2026-05-22,1.4,,1.3831,
2026-05-25,1.4,,1.4034,
2026-05-26,1.4,,1.3891,
2026-05-27,1.4,,1.3764,
2026-05-28,1.4,,1.3782,
2026-05-29,1.4,,1.3997,
2026-06-01,1.4,,1.376,
2026-06-02,1.4,,1.3725,
2026-06-03,,,1.3726,
数据来源：Wind
