iteration,loglike,relative_loglike_change,min_h,max_h,filter_seconds,smoother_seconds,m_step_seconds,iteration_seconds
1,-2382.8818664646165,,0.22780752912821545,0.7469600431903557,0.019999799987999722,0.019484099990222603,0.03800140001112595,0.07761139998910949
2,-501.11573042610223,0.7897018154871491,0.14868870800915776,0.690268798215774,0.020566500024870038,0.01645350002218038,0.04314400002476759,0.08026989997597411
3,-390.3593545399767,0.22101955528705633,0.10581963929459064,0.6352035855112956,0.026715300016803667,0.02353379997657612,0.06319899999652989,0.11357790001784451
4,-197.2539235436857,0.4946863159558665,0.07931479727203701,0.708136566127223,0.01929359999485314,0.018642500013811514,0.03803440000046976,0.07607400001143105
5,-206.02200059880508,0.044450710523775874,0.06126855879100918,0.7501497438064111,0.027029300021240488,0.022780100000090897,0.03852500001084991,0.08842820001882501
6,-149.55741381520593,0.2740706653633313,0.0487728335780908,0.7730248162883333,0.019772500003455207,0.01891839999007061,0.043736099993111566,0.08253280000644736
7,-109.41615519618863,0.2684003259685681,0.04000498979145956,0.7926897118324744,0.02080309999291785,0.02210400000330992,0.03884480000124313,0.08185339998453856
8,-95.56515104534813,0.1265901194024315,0.033631144763853905,0.806702171601067,0.06446910000522621,0.021067499998025596,0.03990249999333173,0.12553839999600314
9,-85.06717203414802,0.10985153998468075,0.028773428075083173,0.8130288590224338,0.01934960001381114,0.01961059999302961,0.038443999976152554,0.07750660000601783
10,-74.4307569942382,0.12503548414234467,0.024905761567453402,0.8163545582863121,0.026161399990087375,0.024996699998155236,0.04113070000312291,0.09239589999197051
11,-65.6863655272968,0.11748357560864672,0.02181136055558455,0.8185392274308801,0.03018149998388253,0.024484699999447912,0.041561399993952364,0.0963259999989532
12,-59.73934199386236,0.09053665072948934,0.019363010684770574,0.8201782821816147,0.019215400010580197,0.01728010000078939,0.05084149999311194,0.08754589999443851
13,-55.29849141450684,0.0743371190766007,0.017366522396136074,0.8214430622441665,0.05044970000744797,0.036363799998071045,0.04071460000704974,0.12763420000555925
14,-52.01888676097439,0.059307307842255,0.015713498673783334,0.8221104111813488,0.020635099994251505,0.02644669997971505,0.044360100000631064,0.09154279998620041
15,-49.73532065402891,0.04389878848116096,0.01432908469414348,0.832506016377827,0.01934090000577271,0.019202299998141825,0.03674779998254962,0.07538970001041889
16,-48.2777805988795,0.029305934615128242,0.013155605826138792,0.8457448038393216,0.031197600008454174,0.025372100004460663,0.05269520002184436,0.10937380001996644
17,-47.51047526899869,0.015893550208035484,0.01214951062665744,0.8551511720741208,0.023049999988870695,0.024293499998748302,0.04839069998706691,0.09583909998764284
18,-47.239794221656965,0.0056972919300251335,0.011277977874866016,0.8620906305881556,0.024451300007058308,0.021598399995127693,0.04639400000451133,0.09254570002667606
19,-47.221147792151186,0.00039471868607824024,0.010516153176319354,0.8677065784579013,0.020596099988324568,0.02116479998221621,0.04280399999697693,0.0846618999785278
20,-47.070390023117106,0.0031925901017411866,0.009845183433857393,0.8729041837813883,0.020550900022499263,0.025060799991479144,0.06647019999218173,0.11219549999805167
21,-46.33723830021011,0.01557564580507899,0.009250503720464145,0.8779262243516524,0.03154039999935776,0.01947700002347119,0.04990359998191707,0.10106669997912832
22,-44.93085557848855,0.03035102594181117,0.008720400811986617,0.8824713730203105,0.025232599989976734,0.022649999998975545,0.03677000000607222,0.08475159999215975
23,-43.271134049516625,0.03693945970097536,0.008245254109468917,0.886296896181498,0.018434399971738458,0.02081810001982376,0.04812870000023395,0.08747159998165444
24,-41.9354231503425,0.030868405196998648,0.007817109101681284,0.8893336571478607,0.022980900015681982,0.01869209998403676,0.05417010001838207,0.09600090002641082
25,-41.01857775597594,0.021863267984195193,0.007429412536336875,0.8916327248098472,0.02102240000385791,0.029217799979960546,0.04396020001149736,0.09430229998542927
26,-39.50162128032341,0.03698218121254885,0.007076820818483488,0.893441597263053,0.022500199993373826,0.02064460000838153,0.04865460001747124,0.09190820000367239
27,-37.16048306487703,0.05926688929632757,0.006754934277228761,0.894908370955637,0.02772829998866655,0.02336069999728352,0.04626010000356473,0.09744809998665005
28,-34.55167288092451,0.07020388242526077,0.006460046821142344,0.8961027348544948,0.022236199991311878,0.017774199979612604,0.05040700000245124,0.09052489997702651
29,-31.964083175422523,0.0748904319168452,0.006189002063604783,0.8970820166854825,0.021003500005463138,0.0195553999801632,0.049112900014733896,0.08978019998176023
30,-29.49247408057996,0.07732457337437433,0.0059390978789657925,0.8978895867350775,0.027352199977030978,0.01980910002021119,0.040399699995759875,0.08766389999072999
31,-27.169724856484773,0.07875735408799284,0.005708011670400734,0.8985569793783489,0.023660199978621677,0.018596300011267886,0.06265589999384247,0.10501020000083372
32,-25.009571721913403,0.07950588921977222,0.005493739501379935,0.8991078275344652,0.019483799987938255,0.01753199999802746,0.046625399991171435,0.08374470000853762
33,-23.01713037942657,0.07966715162663326,0.005294545801571233,0.8995607720896515,0.02202270002453588,0.02115729998331517,0.03644269998767413,0.07972899999003857
34,-21.191323943163418,0.07932380823176433,0.005108921608821288,0.8999312054450205,0.019688700005644932,0.01699560001725331,0.03699910000432283,0.07377489999635145
35,-19.52610835212277,0.07858006396895595,0.005,0.9002321728780013,0.022853699978441,0.019442499993601814,0.039457500010030344,0.08185689998208545
36,-18.03542186330587,0.07634324576790742,0.005,0.9004760924597309,0.024288500018883497,0.023930600000312552,0.03842199998325668,0.08673269997234456
37,-16.715720896281677,0.07317272515311675,0.005,0.9006738313310015,0.021531899983529,0.02060610000626184,0.07171369998832233,0.11396059999242425
38,-15.50906773250284,0.07218672597286847,0.005,0.9008313668111226,0.05286359999445267,0.027887400006875396,0.045986799988895655,0.12683500000275671
39,-14.404634223243958,0.07121211463563902,0.005,0.900953827073295,0.020474599994486198,0.019385699997656047,0.03668609997839667,0.07664889999432489
40,-13.39207219503446,0.07029418536540016,0.005,0.9010458497265208,0.023366000008536503,0.02272320000338368,0.05363589999615215,0.09989949999726377
41,-12.460490060030642,0.06956220974893135,0.005,0.9011112089385528,0.03622479998739436,0.015259700012393296,0.045511400006944314,0.09709649998694658
42,-11.599935888436518,0.06906262654584615,0.005,0.9011527626683049,0.020442699984414503,0.016546200000448152,0.043216999998549,0.08040239999536425
43,-10.801862707661629,0.06879979238251256,0.005,0.9011725035778188,0.03287240001372993,0.02166989998659119,0.04575669998303056,0.10039740000502206
44,-10.059266129686607,0.06874708539373554,0.005,0.9011716161266342,0.023430900007952005,0.0268097999796737,0.040250000020023435,0.09058099999674596
45,-9.366714673708882,0.06884711539084223,0.005,0.9011505091579738,0.018638900015503168,0.020716799976071343,0.03940330000477843,0.07946150001953356
46,-8.72035325010614,0.06900620400202785,0.005,0.9011088107315081,0.023829800018575042,0.01999410000280477,0.04888970000320114,0.09280480002053082
47,-8.117930466084747,0.06908238310346661,0.005,0.9010453145641026,0.025813500018557534,0.023953700001584366,0.04036540002562106,0.09023429997614585
48,-7.558896866772543,0.0688640536707903,0.005,0.9009578650116259,0.01871280002524145,0.021147600025869906,0.04138270000112243,0.08134760000393726
49,-7.044629507834099,0.06803471035556324,0.005,0.9008431626061949,0.026066199992783368,0.023120099998777732,0.040457399998558685,0.08974480000324547
50,-6.5788595661190055,0.06611702449321516,0.005,0.900696466324515,0.023841699992772192,0.020386000018334016,0.04201549998833798,0.08635640001739375
51,-6.168420913463369,0.06238750782421122,0.005,0.9005111658910653,0.02139749997877516,0.017992100008996204,0.046124699991196394,0.08562099997652695
52,-5.824511042144998,0.05575330804156764,0.005,0.9002782093757954,0.020186200010357425,0.019230699981562793,0.04561090000788681,0.0851676000165753
53,-5.564781004892609,0.04459259075534999,0.005,0.8999854315229351,0.023242800001753494,0.023415600007865578,0.04943109999294393,0.09619429998565465
54,-5.4167772069684865,0.026596517957130042,0.005,0.8996170204670291,0.022227499983273447,0.022300200012978166,0.04909869999391958,0.09381650001159869
55,-5.4235910556936044,0.0012579156322604802,0.005,0.8991538534536938,0.029032600024947897,0.01987000001827255,0.04665019997628406,0.09565090000978671
56,-5.653149367655349,0.0423258888077038,0.005,0.8985763672637183,0.023476899979868904,0.025099100021179765,0.06358580000232905,0.11225659999763593
57,-6.2137225679780705,0.09916122215522145,0.005,0.8978721999281428,0.020098800014238805,0.017711599997710437,0.04998199999681674,0.08789110000361688
58,-7.278511604976418,0.17136089121288647,0.005,0.8970476748540265,0.022452900011558086,0.021408799977507442,0.03804489999311045,0.08199710000189953
59,-9.095729521878223,0.24966889049944604,0.005,0.8961411061556733,0.025154200004180893,0.018132700002752244,0.04718870000215247,0.09060280001722276
60,-11.832596986377068,0.3008958718391722,0.005,0.8952631340187207,0.024214800010668114,0.021587800001725554,0.04262600000947714,0.08852389999083243
61,-15.198707161897422,0.28447771688630785,0.005,0.8945887113006734,0.021810000005643815,0.02263729998958297,0.044238400005269796,0.08878079999703914
62,-18.660717784641985,0.22778323089372307,0.005,0.8941325774871739,0.02675920000183396,0.02414430002681911,0.04555209999671206,0.09655960000236519
63,-22.202386738689764,0.18979275046764915,0.005,0.8936802020840349,0.02665280000655912,0.023368800000753254,0.05057429999578744,0.1007067000027746
64,-26.009807487580023,0.1714870024426458,0.005,0.8930557550802506,0.024734300008276477,0.02288169998792,0.04977800001506694,0.09754590000375174
65,-29.81006237742427,0.1461085358535972,0.005,0.8923148141613979,0.03057440000702627,0.02140639998833649,0.04678910001530312,0.09887260000687093
66,-32.991288728767984,0.10671652783098225,0.005,0.8916241476596019,0.02249209998990409,0.018239700002595782,0.04009860000223853,0.08094889999483712
67,-35.051704080105736,0.062453315124398175,0.005,0.8910904048908922,0.018576100002974272,0.017660200013779104,0.04461109999101609,0.0809480000170879
68,-35.8953629344515,0.024068982564091554,0.005,0.8907290863118884,0.02189649999490939,0.0212625999993179,0.049176699976669624,0.09247949998825788
69,-35.78157715963376,0.003169929637583536,0.005,0.8905080458800825,0.02689840001403354,0.02265969998552464,0.062386700010392815,0.11204010000801645
70,-35.055697696470055,0.02028640213161406,0.005,0.8903864860862115,0.02155170001788065,0.02077939998707734,0.04108520000590943,0.08351230001426302
71,-33.98072298709399,0.030664764361095845,0.005,0.8903311287372859,0.021293300000252202,0.055234999977983534,0.12518420000560582,0.20190079999156296
72,-32.715492374224546,0.03723377555415711,0.005,0.8903187597393085,0.08500409999396652,0.06905969997751527,0.1365292000118643,0.2907683000084944
73,-31.3468784090537,0.04183381834867722,0.005,0.8903342320267587,0.06369839998660609,0.05670990000362508,0.12818269999115728,0.24882310000248253
74,-29.921547913539936,0.04546961508939587,0.005,0.8903678871696107,0.0842179000028409,0.046062099980190396,0.10576209999271668,0.2362178000039421
75,-28.465606670281588,0.048658620451902265,0.005,0.8904135368773863,0.07419300000765361,0.057778699992923066,0.12614529998973012,0.2583421000163071
76,-26.994836574727728,0.051668320741934524,0.005,0.8904671176884524,0.05204850001609884,0.04379940000944771,0.11845619999803603,0.2145122999791056
77,-25.519654587447576,0.054646820446440536,0.005,0.8905258574573263,0.059009699994931,0.05351820000214502,0.11569980002241209,0.22845890000462532
78,-24.047478412008722,0.05768793501472302,0.005,0.8905877751041259,0.06926109999767505,0.06286350000300445,0.1116957999765873,0.2440033000020776
79,-22.583890145906288,0.060862442249726846,0.005,0.8906513826415049,0.0590719000028912,0.05194219999248162,0.09885619999840856,0.21012699999846518
80,-21.13324839967443,0.06423347513912755,0.005,0.8907155064760428,0.05393479997292161,0.049745399999665096,0.10243550001177937,0.20634279999649152
81,-19.69903940517107,0.06786505166548143,0.005,0.8907791787528914,0.06223780001164414,0.05588059997535311,0.09432410000590608,0.21271010002237745
82,-18.284096247105087,0.0718280282080433,0.005,0.8908415702777024,0.04914439999265596,0.052037599991308525,0.08982140000443906,0.19129739998606965
83,-16.8907456367166,0.07620560467182493,0.005,0.8909019485677592,0.03612640002393164,0.0799747999990359,0.04737529999692924,0.16357290002633817
84,-15.520911224400043,0.08109970049746354,0.005,0.8909596513892439,0.018527799984440207,0.01751580002019182,0.04004180000629276,0.07618070000899024
85,-14.176188971525686,0.08663938820552959,0.005,0.8910140700013831,0.021844300004886463,0.01842400000896305,0.03486909999628551,0.07524879998527467
86,-12.857903474231348,0.09299294048225858,0.005,0.8910646385585484,0.020516099990345538,0.01597310000215657,0.036296900012530386,0.07287720000022091
87,-11.567150840298893,0.10038593278595259,0.005,0.8911108274414454,0.02117380002164282,0.016568499995628372,0.04306319999159314,0.08089279997511767
88,-10.304831767066819,0.10912964572349748,0.005,0.8911521390894451,0.018322399992030114,0.020150800002738833,0.03484409998054616,0.07341109999106266
89,-9.071677362654981,0.11966759208557606,0.005,0.8911881054046571,0.01850100001320243,0.016617099987342954,0.035833400004776195,0.07117010001093149
90,-7.868269474530095,0.13265549908982743,0.005,0.8912182861154497,0.02057930000592023,0.01852749998215586,0.04213650000747293,0.0813518000068143
91,-6.695056826711452,0.1491068209618874,0.005,0.8912422676936121,0.022150400007376447,0.01967720000538975,0.04068310000002384,0.08261560002574697
92,-5.552367977393928,0.17067649743591531,0.005,0.8912596625555078,0.019842800014885142,0.019719100004294887,0.03851040001609363,0.0781833000073675
93,-4.440421761932938,0.20026522377266784,0.005,0.8912701083714184,0.021416200004750863,0.018193500000052154,0.036851200013188645,0.07654940002248622
94,-3.3593358951997376,0.24346468076550415,0.005,0.8912732673714228,0.019639200007077307,0.017660999990766868,0.03893080001580529,0.07631840000976808
95,-2.3091341056631483,0.31262184619205724,0.005,0.8912688255833152,0.022551899979589507,0.02055280000786297,0.0406762000056915,0.08387339999899268
96,-1.2897522518579603,0.4414563239550078,0.005,0.8912564919712472,0.025333400000818074,0.021559399989200756,0.04196630002115853,0.08897569999680854
97,-0.3010436765534581,0.766587981436134,0.005,0.8912359974693224,0.018762499996228144,0.01761029998306185,0.03955119999591261,0.07601140000042506
98,0.6572159048933224,0.9582595814467805,0.005,0.891207093921948,0.0204710999969393,0.016806900006486103,0.036046599998371676,0.07341479999013245
99,1.5853237852859117,0.9281078803925893,0.005,0.8911695529545165,0.01986400000168942,0.017445299978135154,0.03799870001967065,0.07540060000610538
100,2.483645752004738,0.5666488922052065,0.005,0.8911231648059234,0.019481099996482953,0.018801799975335598,0.03670389999751933,0.07507719998829998
101,3.3526115330519626,0.3498750900146756,0.005,0.8910677371557181,0.019118099997285753,0.022296199982520193,0.03947439999319613,0.08103760000085458
102,4.192710099391706,0.25058034850073485,0.005,0.8910030939761303,0.021138599986443296,0.01668460000655614,0.042312299978220835,0.08022809997783042
103,5.004484795267118,0.193615746529479,0.005,0.8909290744349407,0.022494400007417426,0.016833500005304813,0.03603090002434328,0.07545239999308251
104,5.788528250351138,0.15666816608684928,0.005,0.8908455318654254,0.018988499999977648,0.016980300017166883,0.038369900023099035,0.07443740000599064
105,6.545477075459649,0.1307670607053863,0.005,0.8907523328087786,0.019444000005023554,0.01700009999331087,0.03693600001861341,0.07347100001061335
106,7.27600640989283,0.11160826415114743,0.005,0.8906493561247713,0.02154539999901317,0.016922100010560825,0.035279400006402284,0.07383859998662956
107,7.980824351380806,0.09686879062251379,0.005,0.8905364921549168,0.022589600004721433,0.016991499986033887,0.03694789999281056,0.07662330000312068
108,8.660666355671545,0.08518443388283756,0.005,0.8904136419140087,0.020723800000268966,0.01747239998076111,0.036132700013695285,0.07441810000455007
109,9.316289684490952,0.07570125691195395,0.005,0.8902807162796295,0.022103600000264123,0.016717699996661395,0.03375950001645833,0.07266900001559407
110,9.948468008428723,0.06785730643285735,0.005,0.8901376351480822,0.019122500001685694,0.01695409999229014,0.038114800001494586,0.07428659999277443
111,10.557986204289909,0.061267543439329476,0.005,0.8899843265225375,0.019513200008077547,0.016237400006502867,0.035176899982616305,0.07101939999847673
112,11.1456354459121,0.05565921665851566,0.005,0.8898207255051442,0.01939710002625361,0.016384800022933632,0.034794900013366714,0.0706641000288073
113,11.712208647057343,0.05083363832369427,0.005,0.8896467731714146,0.018808699998771772,0.020376000000396743,0.03768350000609644,0.07696239999495447
114,12.258496260934292,0.04664257872610576,0.005,0.8894624153100441,0.018355999985942617,0.0163081000209786,0.0347557999775745,0.06950829998822883
115,12.785282499958772,0.04297315329803186,0.005,0.8892676010237344,0.020617300004232675,0.016902799980016425,0.03476480001700111,0.07237469998653978
116,13.293341946802114,0.03973783503375702,0.005,0.8890622811918049,0.020063300005858764,0.015851200005272403,0.034571199998026714,0.07057050001458265
117,13.783436564963822,0.03686767557195098,0.005,0.8888464068046027,0.01874239998869598,0.016956200008280575,0.03507369998260401,0.07089249999262393
118,14.256313106204303,0.03430759368403727,0.005,0.8886199271879812,0.02044170000590384,0.017144199984613806,0.033772499999031425,0.07144990001688711
119,14.712700854016195,0.03201302780122536,0.005,0.8883827881358505,0.017731300002196804,0.017697300005238503,0.03590219997568056,0.0714268000156153
120,15.153309712334478,0.029947516957636516,0.005,0.8881349299777213,0.01841309998417273,0.017010799987474456,0.03824170000734739,0.07376030000159517
121,15.5788285981765,0.02808092053286938,0.005,0.887876285606449,0.01999719999730587,0.016505599982338026,0.03444129999843426,0.07103339998866431
122,15.989924087270527,0.026388087300873553,0.005,0.8876067784900363,0.018730000010691583,0.016931499994825572,0.03796769998734817,0.07371980001335032
123,16.387239347166133,0.02484785154245393,0.005,0.887326320698378,0.01898360002087429,0.018332199979340658,0.039913699991302565,0.07733870000811294
124,16.77139325283433,0.02344225879233455,0.005,0.8870348109634594,0.022090099984779954,0.01996150001650676,0.03623689999221824,0.07838059999630786
125,17.14297973742707,0.02215596992992473,0.005,0.8867321328002754,0.020244400016963482,0.017703299992717803,0.03729449998354539,0.07533769999281503
126,17.50256730962238,0.020975791706166858,0.005,0.8864181527078011,0.018822899990482256,0.017623199993977323,0.041887100000167266,0.07843839999986812
127,17.85069877320431,0.019890308514370934,0.005,0.8860927184760417,0.018735499994363636,0.01917179999873042,0.039543099992442876,0.07755670000915416
128,18.1878910951105,0.018889586687348622,0.005,0.8857556576185412,0.021433800022350624,0.021026000002166256,0.04526559999794699,0.08792879999964498
129,18.514635398295606,0.01796493620268843,0.005,0.8854067759481112,0.026211999997030944,0.04199030000017956,0.03927579999435693,0.10758859998895787
130,18.831397153712423,0.01710872229468676,0.005,0.8850458563304475,0.025507699989248067,0.022041499993065372,0.040295799990417436,0.0879539999878034
131,19.138616484408548,0.016314208031853832,0.005,0.8846726576382096,0.027169000008143485,0.026378599985037,0.05552890000399202,0.10917340000742115
132,19.436708581459094,0.015575425595334404,0.005,0.8842869139317501,0.025782100012293085,0.02509989999816753,0.05168569998932071,0.10265919999801554
133,19.72606425985174,0.014887071912405243,0.005,0.883888333905961,0.027314399980241433,0.023661700019147247,0.05324300000211224,0.10439589997986332
134,20.00705065160392,0.014244422407366295,0.005,0.8834766006457737,0.02871949999826029,0.024504299974069,0.05071670000324957,0.10411379998549819
135,20.280011958713967,0.013643255663381119,0.005,0.8830513717261947,0.027936200000112876,0.026588600012473762,0.045903599995654076,0.10052140001789667
136,20.545270369652048,0.013079795587798173,0.005,0.8826122797193858,0.01731270001619123,0.018085199990309775,0.047049199987668544,0.08255789999384433
137,20.803127016356026,0.012550657259048026,0.005,0.8821589331550003,0.02255890000378713,0.029958400002215058,0.045386499987216666,0.0979982000135351
138,21.053863094606072,0.012052807159851991,0.005,0.8816909180121844,0.02273949998198077,0.019177300011506304,0.04086159999133088,0.08291969998390414
139,21.297740994288457,0.011583522633661735,0.005,0.8812077997968489,0.03360610001254827,0.025670799979707226,0.03368600000976585,0.09307440000702627
140,21.535005600286592,0.011140364889485867,0.005,0.8807091262999088,0.026454400009242818,0.02476349999778904,0.04891839998890646,0.1002749000035692
141,21.765885632707487,0.010721150331060173,0.005,0.880194431108588,0.026718200009781867,0.025002899987157434,0.04412559999036603,0.09593969999696128
142,21.99059508851283,0.010323928904031034,0.005,0.8796632379606258,0.020452500000828877,0.016104500013170764,0.037186200002906844,0.07383129998925142
143,22.20933476247229,0.00994696474010948,0.005,0.8791150660297337,0.022229499998502433,0.024679599999217317,0.04864519997499883,0.0956648999999743
144,22.42229387543478,0.009588720924785634,0.005,0.8785494362343963,0.028896799980429932,0.019023100001504645,0.04909389998647384,0.09713039998314343
145,22.629651769631266,0.00924784481679026,0.005,0.8779658786482273,0.022927000012714416,0.016768400004366413,0.04394189998856746,0.08373460001894273
146,22.83157969858233,0.008923156706372738,0.005,0.8773639410863594,0.028648000006796792,0.024841500009642914,0.04150659998413175,0.09514650001074187
147,23.02824266960874,0.008613638373809969,0.005,0.876743198915169,0.02748349998728372,0.0185600999975577,0.034677799994824454,0.08081200000015087
148,23.219801366391742,0.008318424446508418,0.005,0.8761032661175379,0.023509799997555092,0.02443150000181049,0.05034929999965243,0.09846599999582395
149,23.406414143645627,0.008036794730035343,0.005,0.8754438076132642,0.02600489999167621,0.01887130000977777,0.041888599982485175,0.0868629000033252
150,23.588238994892386,0.007768163467111893,0.005,0.8747645527667848,0.0234657000110019,0.019964899984188378,0.04657920001773164,0.09021650001523085
151,23.76543556592331,0.0075120729050308175,0.005,0.8740653099902103,0.026900600001681596,0.0230405000038445,0.0433589999738615,0.0933872000023257
152,23.93816706200126,0.007268181372010134,0.005,0.8733459822525759,0.019826400006422773,0.020513300027232617,0.04160820000106469,0.08204700000351295
153,24.106602139239072,0.007036256234721581,0.005,0.872606583273385,0.026244599983328953,0.019562000001315027,0.03886530001182109,0.08476669999072328
154,24.27091657058898,0.006816158926124562,0.005,0.8718472540585617,0.022682499984512106,0.02046830000472255,0.0370178000011947,0.08026039999094792
155,24.431294727586163,0.006607832733911913,0.005,0.8710682793865256,0.026439900015247986,0.021107600012328476,0.04292639999766834,0.09057520001078956
156,24.58793077705686,0.006411287294317464,0.005,0.8702701037730719,0.01998410001397133,0.017651200003456324,0.03783689998090267,0.07557460002135485
157,24.74102949016354,0.006226579800262685,0.005,0.8694533463713215,0.019423100020503625,0.01734659998328425,0.03893320000497624,0.07579989999067038
158,24.890806620992763,0.006053795412546168,0.005,0.8686188142269293,0.01968469997518696,0.023357800004305318,0.047499700012849644,0.09063289998448454
159,25.037488847186147,0.005893028234355141,0.005,0.8677675133099747,0.02253529999870807,0.024558000004617497,0.0484578000032343,0.09566680001444183
160,25.18131308600172,0.005744355581879208,0.005,0.8669006567178524,0.026984900003299117,0.028216100006829947,0.04474889999255538,0.10012479999568313
161,25.322525316134694,0.005607818371134707,0.005,0.8660196695445596,0.02226699999300763,0.01715830000466667,0.03708710000501014,0.07662700000219047
162,25.46137882494676,0.005483398953247073,0.005,0.8651261899793715,0.019383399980142713,0.021903400018345565,0.046502199984388426,0.08787930000107735
163,25.598131915854992,0.005371000991283455,0.005,0.864222066327415,0.02203140000347048,0.02376370001002215,0.03804449999006465,0.08394000001135282
164,25.733045174082935,0.005270433743814735,0.005,0.8633093498145954,0.021186400001170114,0.025254900014260784,0.0408183999825269,0.08736939998925664
165,25.86637838513983,0.005181400419379045,0.005,0.8623902832176726,0.029693600023165345,0.025892100005876273,0.05344340001465753,0.10913050000090152
166,25.99838722703309,0.005103491487200182,0.005,0.8614672855407224,0.025559800007613376,0.02573399999528192,0.054051099985372275,0.1054467000067234
167,26.129319868937888,0.005036183235576073,0.005,0.8605429331323037,0.04174399998737499,0.01773309998679906,0.03680299999541603,0.09638750000158325
168,26.259413673107037,0.004978843874302404,0.005,0.8596199378005702,0.019167100021149963,0.020609900006093085,0.038891400006832555,0.07875939999939874
169,26.38889212267202,0.004930744120063266,0.005,0.8587011225791327,0.021304299996700138,0.018631999992066994,0.03517359998659231,0.07521719997748733
170,26.5179621685365,0.004891074822864206,0.005,0.8577893958896989,0.020362300012493506,0.019997899973532185,0.039549400011310354,0.08000919999903999
171,26.646812043856283,0.004858965952997083,0.005,0.8568877248259694,0.03601959999650717,0.02323880000039935,0.04420930001651868,0.103667100018356
172,26.7756097298941,0.004833512009835826,0.005,0.8559991082854351,0.026523199980147183,0.022744399990187958,0.05022740000276826,0.09959329999401234
173,26.904502018482383,0.0048137947142387035,0.005,0.8551265505671561,0.025775000016437843,0.021860199980437756,0.04567970000789501,0.09340929999598302
174,27.03361433828866,0.004798911338986432,0.005,0.8542730359820772,0.028650299995206296,0.03556300001218915,0.050013599975500256,0.11432779999449849
175,27.163051116900743,0.004787993828437351,0.005,0.8534415048379757,0.02183730000979267,0.01989029999822378,0.0485167000151705,0.09043129999190569
176,27.292896887329178,0.004780235102073851,0.005,0.8526348310972639,0.027250200015259907,0.023687499982770532,0.0486869000014849,0.09973909999825992
177,27.42321778426672,0.00477490159712736,0.005,0.8518558017914067,0.023841400019591674,0.018931200000224635,0.05150900001171976,0.09442259999923408
178,27.554063597966444,0.004771351587150151,0.005,0.8511070982338078,0.02695180001319386,0.02470429998356849,0.04317889999947511,0.09493079999811016
179,27.685470067578745,0.00476904138458907,0.005,0.850391278915427,0.019990600005257875,0.017948900000192225,0.040130000008502975,0.07819000000017695
180,27.817461474756016,0.004767533542146362,0.005,0.8497107639338742,0.0901832000236027,0.025024800008395687,0.03906119999010116,0.15440090000629425
181,27.95005338686622,0.004766499352592952,0.005,0.8490678207579263,0.01893780002137646,0.017676199990091845,0.056826199986971915,0.09354470000835136
182,28.083255354948424,0.004765714263171896,0.005,0.8484645510642688,0.02995189998182468,0.03290230000857264,0.05583090000436641,0.11878939997404814
183,28.21707371768832,0.004765058788539458,0.005,0.8479028784620604,0.02338140000938438,0.02503039999282919,0.05111489997943863,0.09973429999081418
184,28.351514166424767,0.004764507123648773,0.005,0.8473845368578536,0.02682590001495555,0.02602709998609498,0.044936399994185194,0.0978921000205446
185,28.4865843007149,0.004764124183888855,0.005,0.8469110593338929,0.028605700004845858,0.021396700001787394,0.035913200001232326,0.0860089999914635
186,28.622295883262808,0.004764052478713756,0.005,0.8464837673954166,0.020901399984722957,0.02203299998654984,0.09315760000026785,0.1361890999833122
187,28.758666888884925,0.0047645026862384214,0.005,0.8461037605399888,0.018538200005423278,0.018966900010127574,0.040791000006720424,0.0783923999988474
188,28.895723353711322,0.0047657447181381285,0.005,0.8457719061780954,0.023176199989393353,0.020471600000746548,0.048492200003238395,0.09225479999440722
189,29.033500876746448,0.004768093926862371,0.005,0.8454888299776856,0.01950399999623187,0.021966900007100776,0.03824119997443631,0.07982149999588728
190,29.17204582827793,0.004771899610716464,0.005,0.845254906793645,0.022610000014537945,0.020045199984451756,0.03851440001744777,0.08128249997389503
191,29.31141628012373,0.0047775343788436205,0.005,0.8450702524231324,0.022845700004836544,0.021027399983722717,0.04398720001336187,0.08800270000938326
192,29.451682551621072,0.004785380213526492,0.005,0.8449347164828355,0.02365689998259768,0.02411739999661222,0.05242469999939203,0.10040729999309406
193,29.592927449094024,0.004795817598039983,0.005,0.8448478767631631,0.029363300011027604,0.0234939000220038,0.041451699973549694,0.09440579998772591
194,29.735246106896827,0.004809211864815381,0.005,0.8448090354711901,0.019932399998651817,0.01868910001940094,0.03804280000622384,0.0767628000176046
195,29.878745459939584,0.004825900970413451,0.005,0.8448172177693293,0.019446899998001754,0.017401899996912107,0.035144399997079745,0.0720932999975048
196,30.023543338967176,0.0048461833587267805,0.005,0.8448711730631826,0.021734600013587624,0.05653840000741184,0.06080970002221875,0.1392028000263963
197,30.16976711209838,0.004870303664038961,0.005,0.8449693794052099,0.01887289999285713,0.017922099999850616,0.03418760001659393,0.07110490000923164
198,30.31755206318209,0.004898445206242503,0.005,0.8451100514037206,0.029968799994094297,0.02565990001312457,0.05019540002103895,0.10592629999155179
199,30.467039237925032,0.0049307138792541,0.005,0.8452911518623106,0.02487300001666881,0.023805199976777658,0.04933790001086891,0.09825040001305752
200,30.61837309276807,0.004967133618112114,0.005,0.8455104073087335,0.020335600012913346,0.01910829998087138,0.03584590001264587,0.07543260001693852
201,30.77169871599555,0.005007634558600886,0.005,0.8457653273969324,0.023644300003070384,0.025515499990433455,0.04487079998943955,0.09414480000850745
202,30.92715885994935,0.0050520494623518914,0.005,0.84605322800721,0.027953000011621043,0.028259299986530095,0.040547700016759336,0.09686280001187697
203,31.084890796553307,0.005100110789944501,0.005,0.8463712577125323,0.02159559997380711,0.016323200019542128,0.041390899976249784,0.07940279998001643
204,31.24502304681573,0.005151449664419616,0.005,0.846716427074028,0.022564400016563013,0.017618699988815933,0.037396600004285574,0.07771110002067871
205,31.40767212584895,0.00520559958587693,0.005,0.8470856400931156,0.023029800009680912,0.02199280000058934,0.08295439998619258,0.12884210000629537
206,31.572939411700183,0.00526200366550615,0.005,0.8474757270147344,0.0219426000257954,0.01654969999799505,0.038792100007412955,0.07737820001784712
207,31.740908197873754,0.005320023707115643,0.005,0.8478834775964071,0.021528200013563037,0.02103129998431541,0.042441400000825524,0.08509330000379123
208,31.911641033252742,0.00537895243307579,0.005,0.8483056738737718,0.020526799984509125,0.019436400005361065,0.042057699989527464,0.08213090000208467
209,32.085177567427735,0.005438032284023348,0.005,0.8487391215714175,0.02440769999520853,0.01918249999289401,0.039767200010828674,0.08345269999699667
210,32.261532729475306,0.0054964683202066295,0.005,0.8491806792352931,0.020407100004376844,0.021150599990505725,0.03465630000573583,0.07631580001907423
211,32.44069556928628,0.00555345095700556,0.005,0.8496272843932398,0.023498700000345707,0.019745900004636496,0.044533400010550395,0.0878861999954097
212,32.62262850233726,0.0056081699192426695,0.005,0.8500759761015301,0.020609700004570186,0.021486899990122765,0.03668499999912456,0.0788874999852851
213,32.807267369818604,0.005659840299751393,0.005,0.8505239135072648,0.022470500000054017,0.018058699992252514,0.037208099995041266,0.07783959998050705
214,32.99452179013423,0.005707711593434689,0.005,0.8509683901224068,0.021963700011838228,0.02160599999479018,0.06411919998936355,0.10780090000480413
215,33.18427621556857,0.005751088821389839,0.005,0.8514068437495271,0.02193940000142902,0.018230500019853935,0.057986400002846494,0.09833639999851584
216,33.37639140715867,0.005789344035774569,0.005,0.8518368621696142,0.0536269000149332,0.04116389999398962,0.0908915999752935,0.18601940001826733
217,33.57070626953099,0.005821925444301892,0.005,0.8522561847520518,0.060558199998922646,0.048180899990256876,0.09345970000140369,0.20243249999475665
218,33.76704004998824,0.005848366098733101,0.005,0.85266270035872,0.06700889999046922,0.156818999996176,0.08240449998993427,0.30661359999794513
219,33.96519471761787,0.005868286569870652,0.005,0.8530544418674795,0.08254249999299645,0.05602389998966828,0.13444949997938238,0.2732014999783132
220,34.16495762645288,0.005881400371639696,0.005,0.8534295778356024,0.13233689998742193,0.11331719998270273,0.14106449999962933,0.38693599999533035
221,34.36610409441292,0.005887508193608734,0.005,0.8537864016703354,0.07461209999746643,0.08552610001061112,0.19636220001848415,0.3568962000135798
222,34.56840009874417,0.005886498038168389,0.005,0.8541233187625056,0.09442379997926764,0.06861029998981394,0.18176070001209155,0.34495079997577704
223,34.771604869576855,0.0058783388948355315,0.005,0.8544388319993788,0.06916390001424588,0.04737720001139678,0.10994269998627715,0.22664199999417178
224,34.97547348083993,0.0058630774169831,0.005,0.8547315260249878,0.06399880000390112,0.05251989999669604,0.11338510000496171,0.23008739997749217
225,35.179759047001106,0.005840823463707672,0.005,0.8550000505080428,0.07153139999718405,0.045354099973337725,0.12542160000884905,0.24258359998930246
226,35.38421510964857,0.0058117527858649485,0.005,0.8552431027320463,0.06524769999668933,0.05803730001207441,0.12083470000652596,0.24435920000541955
227,35.588597494580725,0.00577608926180255,0.005,0.8554594096613454,0.07587760000023991,0.05551669999840669,0.10745460001635365,0.23909119999734685
228,35.79266609010656,0.005734100523542891,0.005,0.8556477095720826,0.05646659998456016,0.05811030001495965,0.11134350000065751,0.22623999998904765
229,35.9961864910044,0.005686092239831751,0.005,0.8558067334179108,0.06725110000115819,0.057395000010728836,0.13095519997295924,0.2559742000012193
230,36.19893123677613,0.0056323951378126754,0.005,0.8559351858336905,0.10030739998910576,0.0742440999893006,0.1417719000019133,0.3165607999835629
231,36.40068104632295,0.00557336370588344,0.005,0.8560317258116404,0.08703749999403954,0.06490050000138581,0.12936350001837127,0.2815071000077296
232,36.60122567342395,0.005509364696934814,0.005,0.8560949469201362,0.07450869999593124,0.0780337999749463,0.16291730001103133,0.31567049998557195
233,36.80036475294441,0.0054407762542514546,0.005,0.8561233569104403,0.09312879998469725,0.06734680000226945,0.12366949999704957,0.2844346000056248
234,36.997908227474916,0.005367975993083047,0.005,0.8561153564962449,0.06282780002220534,0.06835250000585802,0.1462859000021126,0.27765630002249964
235,37.193676937224296,0.0052913453524380885,0.005,0.8560692170613553,0.08198000001721084,0.06009109999286011,0.15109839997603558,0.29337119997944683
236,37.38750265992955,0.005211254671927064,0.005,0.8559830568572749,0.07752819999586791,0.061084499990101904,0.14278160000685602,0.28158750000875443
237,37.57922858692345,0.005128075248507597,0.005,0.8558548155405873,0.08454909999272786,0.06855959998210892,0.11115979999885894,0.26450210000621155
238,37.76870900971516,0.005042158392193411,0.005,0.8556822261955936,0.07033729998511262,0.06311980000464246,0.11478669999632984,0.24840250000124797
239,37.95580956210104,0.004953850880572883,0.005,0.8554627845623286,0.07799449999583885,0.0677430999930948,0.15186759998323396,0.297843299980741
240,38.14040683100277,0.004863478635588208,0.005,0.8551937145767763,0.07903100000112318,0.05898900001193397,0.136837199999718,0.2752104999963194
241,38.32238833945028,0.004771357297101021,0.005,0.8548719294207018,0.0758815000008326,0.06740739999804646,0.13351820001844317,0.27717509999638423
242,38.50165226587576,0.004677785863386404,0.005,0.8544939871589459,0.05811740001081489,0.05606720002833754,0.12213740000152029,0.23659790001693182
243,38.67810699616015,0.0045830430617852655,0.005,0.8540560394631258,0.08926969999447465,0.06683110000449233,0.13300310002523474,0.2892796999949496
244,38.85167106769673,0.004487398298831058,0.005,0.8535537722258915,0.07735709997359663,0.0670793000026606,0.1301308000111021,0.27474870000150986
245,39.022272594150934,0.004391098806456561,0.005,0.8529823359174123,0.0619439999863971,0.06104500000947155,0.09034480000264011,0.2135157999873627
246,39.18984911689239,0.0042943814288913034,0.005,0.8523362636214071,0.09570569999050349,0.05873990000691265,0.13783430002513342,0.2925014999927953
247,39.354347235810046,0.004197467523465176,0.005,0.8516093737978429,0.06788600000436418,0.05680600000778213,0.1221176000253763,0.24708390000159852
248,39.51572224598625,0.0041005637626066235,0.005,0.850794654213607,0.06481350000831299,0.05214060001890175,0.13583199999993667,0.25302480001118965
249,39.6739380540665,0.004003869829212614,0.005,0.8498841227205981,0.0767450999992434,0.04609160000109114,0.09848919999785721,0.22148109998670407
250,39.82896698175203,0.00390757598790083,0.005,0.8488686592545959,0.06321330001810566,0.04686619999120012,0.09036609999020584,0.2006165999919176
251,39.98078960549318,0.003811864460624993,0.005,0.847737801813464,0.055263299989746884,0.05082790000597015,0.09313560000737198,0.19958039998891763
252,40.129395005601296,0.0037169200902350233,0.005,0.8464794975564632,0.0706777999876067,0.054701599990949035,0.09122530001332052,0.21678539999993518
253,40.27478100877409,0.0036229303519901682,0.005,0.8450797972155937,0.07139620001544245,0.050476200005505234,0.08792029999312945,0.21007150001241826
254,40.41695459798877,0.003530089690213465,0.005,0.843522477640618,0.07968110000365414,0.06182989999069832,0.1498210999998264,0.2915770999970846
255,40.555933125140946,0.003438619473796074,0.005,0.8417885731656568,0.08129480000934564,0.06318069997359999,0.13170729999546893,0.27628390002064407
256,40.69174519006406,0.0033487594652069387,0.005,0.8398557895936891,0.08302640001056716,0.06800899998052046,0.13859489999595098,0.28987679997226223
257,40.82443350001681,0.003260816397354889,0.005,0.8376977678279992,0.07972060001338832,0.05720189999556169,0.14587559999199584,0.2829853000002913
258,40.9540570134574,0.0031751454295266216,0.005,0.8352831517355287,0.07566289999522269,0.061425199994118884,0.11334179999539629,0.2507995000050869
259,41.08069640291742,0.0030922306285407495,0.005,0.8325744025305184,0.07368870000937022,0.05625180000788532,0.15241249999962747,0.28259800001978874
260,41.204459542455965,0.0030126835807427325,0.005,0.8295262807797475,0.09466559998691082,0.0623699999996461,0.15311399998608977,0.31038080001599155
261,41.32549169555198,0.002937355675574605,0.005,0.8260838943491484,0.08403590001398697,0.05941990000428632,0.11626400001114234,0.25988840000354685
262,41.44398881490606,0.0028674097873305883,0.005,0.8221801770398308,0.05297230000724085,0.052178299985826015,0.12001549999695271,0.22551859999657609
263,41.56021726749416,0.0028044707064079663,0.005,0.817732624323354,0.07679829999688081,0.052053899999009445,0.14524689997779205,0.27429239999037236
264,41.674544431344046,0.0027508798405465893,0.005,0.8171244373847718,0.06772779999300838,0.05303080001613125,0.13907850001123734,0.2600615000119433
265,41.787481390787256,0.0027099746616130738,0.005,0.8171964822601052,0.0734826999832876,0.05799020000267774,0.13580170000204816,0.26749940001172945
266,41.89974969013676,0.002686649101906709,0.005,0.8172777573391264,0.07370179999270476,0.05944360001012683,0.13593509999918751,0.269232299993746
267,42.01237986454446,0.002688087046835307,0.005,0.8173702337236036,0.08634629999869503,0.05777980000129901,0.12960499999462627,0.2739577000029385
268,42.126859577092404,0.002724904252438221,0.005,0.8174763486704293,0.07046690001152456,0.0551436000096146,0.14610320000792854,0.2719619999988936
269,42.24535538852901,0.0028128327776192684,0.005,0.8175990911785243,0.08734129997901618,0.07423260001814924,0.1336144999950193,0.2954823999898508
270,42.37103449964154,0.002974980561925897,0.005,0.8177420618217766,0.0713707999966573,0.05309439997654408,0.1267144000157714,0.251541499979794
271,42.50851237124696,0.003244619189238406,0.005,0.817909450533985,0.07017890000133775,0.04691820000880398,0.14385419999598525,0.26127369998721406
272,42.66441307504932,0.0036675172831456626,0.005,0.8181058229301426,0.09426730000996031,0.06320010000490583,0.10178219998488203,0.2594224999775179
273,42.84790995485982,0.004300935289739553,0.005,0.8183355315390908,0.06266779999714345,0.05667300001368858,0.13222260001930408,0.2517353000002913
274,43.070829930925925,0.005202586924331841,0.005,0.8186015097697678,0.06758140001329593,0.06596899998839945,0.14275349999661557,0.27652100002160296
275,43.34641295138148,0.006398368011424852,0.005001130871581435,0.8189032917888077,0.06496359998709522,0.05918410001322627,0.1289866000006441,0.25329369999235496
276,43.68542996374761,0.007821108813464647,0.005004625784033062,0.8192345033083588,0.05394410001463257,0.04358830000273883,0.08990630001062527,0.1876369999954477
277,44.08837834792738,0.0092238621552806,0.0050104575200124,0.8195814210317766,0.07135589999961667,0.04864850000012666,0.11818459999631159,0.23839139999472536
278,44.53871103807273,0.010214317401096138,0.005018621517989697,0.8199243435536403,0.06119060001219623,0.03339949998189695,0.09372960001928732,0.18854529998498037
279,45.0037245204567,0.010440658733623188,0.00502911400927323,0.8202425281409927,0.046863700001267716,0.04369439999572933,0.06046579999383539,0.1511888000241015
280,45.445250024374346,0.00981086584771329,0.005041922751690646,0.8205207510738685,0.032873299991479144,0.029986500012455508,0.06268960001762025,0.12572650000220165
281,45.83498373043463,0.00857589529931625,0.005057021389517714,0.8207528670934258,0.03204009999171831,0.02697679999982938,0.06657160000759177,0.12575599999399856
282,46.161738445772095,0.007128937085680658,0.0050743665316192775,0.820940689973146,0.034427400009008124,0.030718699999852106,0.05985729998792522,0.12516900000628084
283,46.42807262111631,0.005769587201684035,0.005093898489015672,0.8210904052200684,0.035126800008583814,0.0297642000077758,0.06331909997970797,0.12837719998788089
284,46.6431810281119,0.004633153927172821,0.005115545379140701,0.8212093444228482,0.03345459999400191,0.032289299997501075,0.0672492999874521,0.13318400000571273
285,46.81764505159975,0.0037403971950948334,0.005139228779126808,0.8213042098766683,0.06156489998102188,0.05231830000411719,0.11011290000169538,0.22428159997798502
286,46.960963287615364,0.003061201302578535,0.005164868969489627,0.821380473592359,0.06182540001464076,0.04344779998064041,0.09678719998919405,0.202268399996683
287,47.08080994496862,0.0025520485305901563,0.005192388672637599,0.8214423757431754,0.047942399978637695,0.0722144000174012,0.08603559999028221,0.20638960000360385
288,47.18306247537607,0.0021718515575022547,0.005221715117106918,0.8214931324001747,0.0732879999850411,0.05286359999445267,0.11219129999517463,0.23861079997732304
289,47.272089477383155,0.0018868423823389436,0.005252780782356099,0.821535171163738,0.046244500001193956,0.05388789999415167,0.08478740000282414,0.18514040001900867
290,47.351084139536766,0.0016710634758678462,0.005285523306511654,0.8215703323679385,0.048188499989919364,0.034570899995742366,0.09990480000851676,0.18283020000671968
291,47.42235999670886,0.0015052634689853614,0.00531988495716544,0.8216000238687894,0.051087800005916506,0.05390399997122586,0.12600380001822487,0.23129619998508133
292,47.48758752004686,0.0013754592420647587,0.00535581192691795,0.8216253347711435,0.08052109999698587,0.060541999991983175,0.15374080001492985,0.29491690002032556
293,47.54797442707823,0.001271635603848685,0.005393253597421368,0.8216471174080956,0.06713139999192208,0.05843919998733327,0.09850839999853633,0.22436250001192093
294,47.60439909199619,0.0011866891407645082,0.005432161840720968,0.8216660461301338,0.04288689998793416,0.0319675000209827,0.10381100000813603,0.1788319000042975
295,47.657506538961414,0.0011155995659684762,0.005472490383459122,0.8216826595587203,0.05969110000296496,0.046995899989269674,0.07247409998672083,0.17932850000215694
296,47.707776782992696,0.001054823210068371,0.005514194238542293,0.8216973913394452,0.0404745000123512,0.031074400001671165,0.06172789999982342,0.13344160001724958
297,47.75557503596607,0.0010018964662887376,0.00555722920129604,0.8217105929600793,0.03286180002032779,0.0291404000017792,0.0629940000071656,0.1251081999798771
298,47.80118576557846,0.0009550870150352298,0.005601551405879148,0.8217225507957776,0.043634100002236664,0.032616599986795336,0.10320039998623542,0.17972410001675598
299,47.84483675140828,0.0009131778873413187,0.005647116936096131,0.8217334991514456,0.037781600025482476,0.03861040002084337,0.0828036000020802,0.15942359998007305
300,47.88671745753721,0.0008753443207786856,0.005693881486470654,0.8217436304941725,0.0488234999938868,0.03732870001113042,0.09216520001064055,0.17846550000831485
301,47.92698922127891,0.0008409798349074601,0.005741800071857353,0.8217531033036966,0.0449580000131391,0.034751700004562736,0.07716359998448752,0.15696499997284263
302,47.96579573346107,0.0008097006052892852,0.005790826781360105,0.8217620485600884,0.043974599975626916,0.029930999997304752,0.07006619998719543,0.14413579998654313
303,48.00326642706651,0.0007811961217875833,0.005840914576905842,0.8217705746670089,0.034377100004348904,0.034937099990202114,0.06939350001630373,0.1388619000208564
304,48.03952214732987,0.0007552761085216432,0.00589201513278359,0.8217787716717391,0.042524099990259856,0.036811199999647215,0.0785864999925252,0.15810840000631288
305,48.074676473215526,0.0007317792582916135,0.0059440787175195735,0.8217867144793929,0.0360936000070069,0.03654719999758527,0.06161400000564754,0.1344184000045061
306,48.10883887319721,0.0007106111260200606,0.00599705411462865,0.8217944656569365,0.034843600005842745,0.03065119998063892,0.05994879998615943,0.12559810001403093
307,48.14211434981639,0.0006916707490464894,0.0060508885832949045,0.8218020775162199,0.03459680001833476,0.029160499980207533,0.06858230000943877,0.13254769999184646
308,48.174605034067675,0.0006748910946286659,0.006105527855837286,0.8218095939506419,0.03322490002028644,0.02875050000147894,0.07603690001997165,0.1383569999889005
309,48.20641020704305,0.0006602062010240267,0.006160916171986614,0.8218170518821055,0.040340300009120256,0.03298639997956343,0.07691860001068562,0.15046490001259372
310,48.23762724655813,0.0006475702999041483,0.0062169963479157715,0.8218244824951636,0.050575400004163384,0.03228730001137592,0.0793132999970112,0.16234309997525997
311,48.26835065698948,0.0006369179452861397,0.006273709878784347,0.8218319121277192,0.04372999997576699,0.03682930002105422,0.07615170002100058,0.1569477999873925
312,48.29867225106528,0.0006281879049746027,0.006330997071367897,0.8218393630907935,0.05609030000050552,0.04461159999482334,0.0903210999967996,0.19131009999546222
313,48.32868172279461,0.0006213311946411596,0.006388797205309558,0.8218468543599181,0.06436300001223572,0.05751159999636002,0.1530544999986887,0.2751455999969039
314,48.358465957001705,0.0006162848467071723,0.006447048720670786,0.8218544020748727,0.06830049998825416,0.052731000003404915,0.12719600001582876,0.2485095000010915
315,48.38810859568754,0.0006129772336490719,0.0065056894282314965,0.8218620199437393,0.050381100008962676,0.051399199990555644,0.08090119998087175,0.18280549999326468
316,48.417690277265955,0.0006113419688623654,0.006564656738360452,0.8218697196568523,0.05087389997788705,0.053292399999918416,0.11274780001258478,0.2171397999918554
317,48.447289147022985,0.0006113234561072961,0.006623887906470719,0.821877511211871,0.05245600000489503,0.05960330000380054,0.10366510000312701,0.21598430001176894
318,48.476978246735285,0.0006128124036455897,0.006683320290996373,0.8218854029912513,0.07014550000894815,0.043457499996293336,0.12747160001890734,0.24128280000877567
319,48.50682799299655,0.0006157509675899255,0.00674289161687475,0.8218934021661466,0.06587049999507144,0.04934329999377951,0.126862799981609,0.24223340000025928
320,48.536904792729146,0.0006200529075399488,0.006802540246534159,0.8219015147622889,0.056310699990717694,0.046966099995188415,0.11673499998869374,0.22021239998866804
321,48.5672706511221,0.0006256241209164106,0.00686220544816145,0.8219097458199603,0.053661399986594915,0.045889100001659244,0.12220949999755248,0.22206269999151118
322,48.597983588334365,0.0006323793122509951,0.006921827661118412,0.8219180995153855,0.05640599998878315,0.049842000007629395,0.12458970001898706,0.2311090999864973
323,48.62909708020166,0.000640221868685997,0.006981348753044128,0.8219265792654985,0.08492049999767914,0.060512600000947714,0.14231359999394044,0.287955800013151
324,48.66065997509848,0.0006490536899084787,0.007040712265227565,0.8219351877949846,0.06739910002215765,0.052113199984887615,0.1508097999903839,0.27059339999686927
325,48.69271677732601,0.000658782726003599,0.007099863643529801,0.8219439272555621,0.10227539998595603,0.06580579999717884,0.15109850000590086,0.3194424999819603
326,48.72530734086745,0.0006693108476669764,0.007158750450900929,0.8219527992683556,0.0864463999751024,0.06958680000388995,0.12044879997847602,0.27671010000631213
327,48.758466829690846,0.0006805393466565534,0.0072173225605927935,0.8219618049913577,0.06006889999844134,0.035937200009357184,0.139038299996173,0.23546240001451224
328,48.792225255780096,0.0006923602870279972,0.007275532325053899,0.82197094511478,0.07867740001529455,0.10737230000086129,0.14400319999549538,0.3303326000168454
329,48.82660940255496,0.0007047054442508446,0.007333334722042038,0.8219802200750401,0.04919859999790788,0.06249080001725815,0.13109179999446496,0.2429448000038974
330,48.86163960682766,0.0007174408524641042,0.007390687475514161,0.8219896298289985,0.06806709998636506,0.07247760001337156,0.15540340001462027,0.2961409999988973
331,48.89733337293814,0.000730506925221888,0.0074475511489852635,0.8219991741642353,0.08552449999842793,0.06044960001599975,0.18209469999419525,0.32848879997618496
332,48.93370340422258,0.0007438039822548505,0.007503889214780911,0.8220088525842274,0.08296569998492487,0.06050240001059137,0.1321427000220865,0.2758183999976609
333,48.97075761848496,0.0007572329843153837,0.007559668096382858,0.8220186642976868,0.06776259999605827,0.04862370001501404,0.10235200001625344,0.21932140001445077
334,49.008500804926506,0.0007707290692864168,0.007614857184809884,0.8220286084026753,0.07228759999270551,0.06904390000272542,0.13098159999935888,0.27252699999371544
335,49.046933685521,0.000784208452885961,0.007669428832803688,0.8220386837814222,0.09278659999836236,0.058429400000022724,0.13772480000625364,0.2892030000220984
336,49.08605325658208,0.0007975946327636431,0.007723358325313791,0.8220488891597921,0.05433439998887479,0.046653400000650436,0.09690629999386147,0.19807399998535402
337,49.125853188299374,0.0008108195521291675,0.007776623828873585,0.8220592231325046,0.06015340000158176,0.04505669997888617,0.08983070001704618,0.19522839999990538
338,49.16632439901254,0.0008238271314706386,0.007829206322009948,0.822069684197206,0.0737449000007473,0.054789200017694384,0.1261954999936279,0.25507309997919947
339,49.207454549423844,0.0008365512556421969,0.007881089509439373,0.8220802707175098,0.06986740001593716,0.054298299975926057,0.12729020000551827,0.2516267000173684
340,49.24922813132451,0.0008489279171859303,0.007932259720326691,0.8220909809185485,0.06549239999731071,0.039356699999189004,0.09258300001965836,0.19764329999452457
341,49.2916288537428,0.0008609418670528235,0.007982705794039315,0.822101813083468,0.06491740001365542,0.038116500014439225,0.09440979998908006,0.1978681000182405
342,49.33463745053296,0.0008725334867259775,0.00803241895809209,0.8221127653559341,0.05348709999816492,0.0487522000039462,0.043725800001993775,0.1461223000078462
343,49.37823165160302,0.0008836428789767733,0.008081392693991716,0.8221238356973896,0.025626499991631135,0.026582499995129183,0.052319400012493134,0.10463699998217635
344,49.422389656335426,0.0008942808046259558,0.008129622598357556,0.8221350221996798,0.022890000022016466,0.01643720001447946,0.04669869999634102,0.08611630002269521
345,49.467087224051625,0.0009043991605223596,0.008177106242698068,0.8221463228155165,0.03287050002836622,0.021525900025153533,0.04529100001673214,0.0997810999979265
346,49.512299282151126,0.0009139826223185969,0.008223843027148023,0.8221577354673169,0.02004490001127124,0.024379099981160834,0.042327300005126745,0.08693280001170933
347,49.55799893341878,0.0009229959410131535,0.008269834036215966,0.822169257938803,0.02642720000585541,0.025880400004098192,0.05084079998778179,0.10340350001933984
348,49.60415995762549,0.0009314545623346971,0.008315081893010813,0.8221808880962151,0.021131599991349503,0.022634900000412017,0.05057630001101643,0.09444670000812039
349,49.650754786182546,0.0009393330840973529,0.008359590619923309,0.8221926236872609,0.02519610000308603,0.02095310000004247,0.03900570000405423,0.08525470001040958
350,49.69775529728382,0.0009466222880936708,0.008403365498250274,0.8222044623991873,0.0229101000004448,0.019466400000965223,0.03835780001827516,0.08082389997434802
351,49.74513405670273,0.0009533380156809886,0.008446412934940011,0.8222164019363776,0.017673299997113645,0.01542209999752231,0.03970690001733601,0.07295090000843629
352,49.79286292736379,0.0009594681282124265,0.008488740337013793,0.8222284399159605,0.027069999981904402,0.02184030000353232,0.043358499999158084,0.09236770001007244
353,49.8409141753388,0.0009650227994543307,0.008530355986883844,0.8222405739108152,0.02303139999276027,0.017860199994174764,0.03775529999984428,0.07874830000218935
354,49.88926002524936,0.0009700032736252506,0.008571268927811638,0.8222528014285049,0.020316400012234226,0.017377300013322383,0.12472769999294542,0.16256220001378097
355,49.93787398425709,0.000974437363535309,0.008611488855198152,0.8222651200095447,0.021390899986727163,0.019387300009839237,0.037765099987154827,0.07866510000894777
356,49.98672913936133,0.0009783186829227766,0.008651026016833532,0.8222775270593087,0.028296200005570427,0.024645600002259016,0.05593360000057146,0.1089755000139121
357,50.03579877848564,0.0009816533301770442,0.008689891117223035,0.8222900198860182,0.030894900002749637,0.02500339999096468,0.03967749999719672,0.09567770001012832
358,50.08505832536959,0.0009844860697042772,0.008728095230749622,0.8223025959001519,0.020245499996235594,0.022473499993793666,0.04656339998473413,0.08938119999947958
359,50.134482477289374,0.0009868043199373153,0.008765649724244744,0.8223152523194046,0.031125100009376183,0.021458500006701797,0.0535649000084959,0.10625579999759793
360,50.18404740754895,0.000988639511378832,0.008802566183252421,0.8223279863717666,0.03570409998064861,0.018711900018388405,0.04461750001064502,0.09928409999702126
361,50.23372956863456,0.000989999086405544,0.008838856347724069,0.822340795201679,0.03450629999861121,0.029449299996485934,0.04535359999863431,0.10941410000668839
362,50.28350804218106,0.0009909372442372744,0.008874532052324321,0.8223536760470356,0.02704819999053143,0.025968600006308407,0.05612199997995049,0.1092752999975346
363,50.33336001708458,0.000991417998555295,0.00890960517538695,0.8223666258305632,0.028100499999709427,0.02493990000220947,0.05394479999085888,0.10711890002130531
364,50.383264889773756,0.0009914870112433707,0.008944087590997652,0.822379641541001,0.03314830001909286,0.031057799991685897,0.06615669999155216,0.13045389999751933
365,50.433203349081,0.000991171560963649,0.00897799112664155,0.8223927201691563,0.020245599996997043,0.036148899991530925,0.04414309997810051,0.10063479997916147
366,50.48315743003309,0.0009904998618930903,0.009011327532061892,0.8224058587109427,0.017578500002855435,0.016243399993982166,0.03771910001523793,0.07163809999474324
367,50.53310798014852,0.000989449801840582,0.009044108445816101,0.8224190538861414,0.024119900015648454,0.020146299997577444,0.05336409999290481,0.09773179999319836
368,50.58303868421713,0.0009880790251061244,0.00907634536863603,0.8224323025606033,0.03173310001147911,0.022189499984961003,0.05089939999743365,0.10492640000302345
369,50.63293384028714,0.0009864009234695516,0.009108049641864067,0.8224456015377766,0.030184000002918765,0.05000160000054166,0.05754109998815693,0.1378475000092294
370,50.682777698391035,0.000984415761115524,0.009139232429047368,0.8224589474849723,0.023020900000119582,0.015486399992369115,0.036710299988044426,0.07531670000753365
371,50.73255609595038,0.0009821560660224786,0.009169904700545276,0.8224723370908228,0.022105300013208762,0.02248059998964891,0.05389740000828169,0.09860989998560399
372,50.782254829583636,0.0009796221097013423,0.009200077220294816,0.8224857669258977,0.02611459998297505,0.033485099993413314,0.08442110000760294,0.1441826999944169
373,50.83186333234106,0.0009768865703955036,0.009229760537911752,0.8224992338376004,0.022447099996497855,0.03056680000736378,0.03903110002283938,0.09217289998196065
374,50.88136805757449,0.0009738916102636039,0.009258964984361089,0.8225127342425437,0.0334621999936644,0.026360400021076202,0.04669580000336282,0.10665580001659691
375,50.93075763812885,0.0009706810653847816,0.009287700661324326,0.822526264645439,0.025773399975150824,0.019657199998619035,0.052987400005804375,0.0985365999804344
376,50.980023166416586,0.0009673040530394835,0.009315977440926541,0.8225398217469718,0.027318900014506653,0.03499869999359362,0.08086239997646771,0.1433170000091195
377,51.02915408729891,0.000963728884978068,0.009343804966879582,0.8225534019835964,0.05130799999460578,0.031807799998205155,0.044251699990127236,0.1274723999958951
378,51.078141513439164,0.0009599889909294703,0.009371192650634295,0.822567001853176,0.0203410999965854,0.026154099992709234,0.05614999998942949,0.10274820000631735
379,51.12697725682846,0.0009560986743507107,0.009398149674875919,0.8225806178605519,0.025032600009581074,0.0375419000047259,0.08475770000950433,0.1474439000012353
380,51.17565401994418,0.0009520759044917113,0.009424684994649303,0.8225942465394614,0.03111219999846071,0.018761200015433133,0.05194180001853965,0.10191570001188666
381,51.22416504988327,0.000947931802106128,0.00945080734339495,0.8226078844169034,0.0369782000198029,0.02461560000665486,0.07094070001039654,0.1326456000097096
382,51.27250264780699,0.0009436483323182962,0.009476525232670426,0.82262152783657,0.03003779999562539,0.025415100011741742,0.04754309999407269,0.10325810001813807
383,51.32066145059932,0.0009392715452790416,0.00950184695739613,0.8226351733336064,0.02664960001129657,0.03381419999641366,0.050761999998940155,0.11134719999972731
384,51.36863654043181,0.0009348104345590158,0.00952678060324887,0.8226488174915323,0.02938459999859333,0.021573200006969273,0.05318519999855198,0.1042862000176683
385,51.41642221613585,0.0009302500304135902,0.009551334049783623,0.8226624567399176,0.030016400007298216,0.03440709999995306,0.06399329999112524,0.1285424000234343
386,51.46401411653503,0.0009256167260943287,0.009575514976349862,0.8226760876333522,0.02522440001484938,0.03639589998056181,0.06281689999741502,0.1245991000032518
387,51.51140886928307,0.0009209299655623422,0.009599330869047818,0.8226897068133218,0.06392519999644719,0.03470950000337325,0.07530680001946166,0.17412229999899864
388,51.55860257850794,0.0009161797407759506,0.00962278902594328,0.8227033108353576,0.03337290001218207,0.029488900006981567,0.06627120001940057,0.12923959997715428
389,51.60559205356111,0.0009113799192214932,0.009645896561877726,0.8227168963084323,0.030483500013360754,0.022293999994872138,0.048471299989614636,0.10135019998415373
390,51.65237322863017,0.00090651367821734,0.009668660413686034,0.8227304597236749,0.025945099972886965,0.018417400016915053,0.050055300001986325,0.09464519997709431
391,51.69894483061412,0.0009016352797151842,0.009691087346324852,0.8227439979072158,0.02590310000232421,0.02430580000509508,0.049030199996195734,0.09953430001041852
392,51.74530451972984,0.0008967240872636297,0.009713183960901412,0.822757507597876,0.033824399986770004,0.02937720000045374,0.04203620000043884,0.10534320000442676
393,51.79145011479999,0.000891783235183317,0.009734956699168271,0.8227709855206596,0.026003200007835403,0.028290299989748746,0.04912310000509024,0.10350890000700019
394,51.83737929985053,0.0008868101771379956,0.009756411848305913,0.8227844283983267,0.024798600003123283,0.02293099998496473,0.050212500005727634,0.09804949999670498
395,51.88309195677593,0.0008818473762142455,0.009777555545372966,0.8227978332467111,0.023687499982770532,0.019854400015901774,0.038815700012492016,0.08253889999468811
396,51.928585339682506,0.0008768440968105521,0.009798393784235731,0.822811196786305,0.020862800010945648,0.018974200007505715,0.039407100004609674,0.07936590001918375
397,51.973859528190175,0.0008718548408649154,0.009818932418587488,0.8228245160927224,0.022401099995477125,0.020525800005998462,0.046756999974604696,0.08978839998599142
398,52.018913245914405,0.0008668534169526676,0.009839177169905206,0.822837788142318,0.027122600004076958,0.027903600013814867,0.04950880000251345,0.10465320001821965
399,52.06374589436693,0.0008618528464942114,0.009859133629208715,0.8228510100090811,0.02971629999228753,0.01749190001282841,0.05006980002508499,0.09746300001279451
400,52.10835692509423,0.0008568540346253248,0.00987880726236404,0.8228641788119448,0.025628500006860122,0.025980899983551353,0.047649100015405566,0.09935269999550655
401,52.15274638892366,0.0008518684228182879,0.00989820341494056,0.822877291788148,0.026440099987667054,0.032701399992220104,0.05044869999983348,0.10977619999903254
402,52.196913732382804,0.0008468843257030087,0.009917327316291757,0.8228903461674827,0.033584399992832914,0.023218699992867187,0.058014400012325495,0.11491780000505969
403,52.24085915420233,0.000841916095745443,0.009936184082458907,0.8229033393023478,0.027752800000598654,0.021643599990056828,0.04811949998838827,0.09761860000435263
404,52.28458258077583,0.0008369584130390944,0.009954778720739837,0.8229162685723822,0.028272499999729916,0.023968699999386445,0.050804900005459785,0.10316300002159551
405,52.32808406312837,0.0008320135727455157,0.009973116132349446,0.8229291314212575,0.0292452999856323,0.02477809999254532,0.048444900021422654,0.10263969999505207
406,52.37136426397064,0.0008270931683654864,0.009991201116398436,0.8229419254402721,0.02938600000925362,0.023955699987709522,0.05444430001080036,0.10795150001649745
407,52.41442278208597,0.0008221767509874277,0.010009038373901444,0.8229546481581491,0.03254340001149103,0.019231599988415837,0.04185360000701621,0.09372829998028465
408,52.457260369413376,0.0008172862554549744,0.010026632507433133,0.8229672972905424,0.024887500010663643,0.02055889999610372,0.046853699983330444,0.09250880000763573
409,52.49987833348512,0.0008124321356399802,0.010043988028757318,0.8229798707027383,0.027026900002965704,0.02574460001778789,0.04961429999093525,0.10250139998970553
410,52.542275359645686,0.000807564274554199,0.010061109359214022,0.8229923660216665,0.02865120000205934,0.02064319999772124,0.05452710000099614,0.10395600000629202
411,52.58445428325074,0.0008027616489074252,0.010078000831706596,0.82300478140669,0.02890309999929741,0.022333000000799075,0.04633100001956336,0.09780329998466186
412,52.62641409392637,0.0007979508629985602,0.01009466669565174,0.8230171146827466,0.024029499996686354,0.041993799997726455,0.0482925999967847,0.11446949999663047
413,52.66815550163155,0.0007931645813959996,0.010111111113924764,0.8230293638732148,0.03065140001126565,0.017669099994236603,0.047191399993607774,0.09561519999988377
414,52.7096798484675,0.0007884146775305782,0.010127338170231665,0.8230415272184725,0.031096699996851385,0.030410699982894585,0.05005130000063218,0.1116524999961257
415,52.75098828071075,0.0007836972708239513,0.010143351872894687,0.8230536030323357,0.03304559999378398,0.02529689998482354,0.04795949999243021,0.10650629998417571
416,52.79207982883851,0.0007789721001831093,0.010159156148958504,0.8230655893674295,0.02850919999764301,0.02480630000354722,0.056489999988116324,0.10990229999879375
417,52.83295690220472,0.0007743031435537644,0.01017475485330126,0.8230774848071313,0.031521900004008785,0.020733300014398992,0.04558789997827262,0.09794709997368045
418,52.87361900537844,0.0007696351966251421,0.010190151766254874,0.823089287667949,0.02459919999819249,0.019736699992790818,0.04366440000012517,0.08809570001903921
419,52.914068041327646,0.0007650135683939869,0.010205350597416748,0.823100996620818,0.024250200018286705,0.026190999982645735,0.04711529999622144,0.09765460001653992
420,52.95430322533805,0.0007603872750622959,0.010220354987251996,0.823112610094929,0.01936480001313612,0.019577099999878556,0.045408899983158335,0.08445039999787696
421,52.99432672533495,0.0007558120409324522,0.010235168506894302,0.8231241269345336,0.021847199997864664,0.0224255999783054,0.046902600006433204,0.09185319999232888
422,53.03413861343589,0.0007512481158083956,0.010249794663369848,0.8231355458701938,0.03137310000602156,0.021090099995490164,0.0553537999803666,0.10792889998992905
423,53.07374060113176,0.0007467263300819333,0.010264236898076925,0.8231468658403787,0.023917900020023808,0.025078099977690727,0.04157249999116175,0.0906820000091102
424,53.11313174951912,0.0007421965729417511,0.010278498588941561,0.8231580855827509,0.025132699985988438,0.019772600004216656,0.05571580000105314,0.10071619998780079
425,53.152314770257846,0.0007377275533951277,0.010292583050361024,0.8231692043041033,0.02891640001325868,0.024849900015396997,0.04071410000324249,0.09459620001143776
426,53.19128948748233,0.0007332647203220722,0.01030649353832269,0.8231802210036787,0.02987650001887232,0.06264250000822358,0.11115300000528805,0.20386780000990257
427,53.230055220941544,0.0007287985275923367,0.010320233243893532,0.8231911346122311,0.07035630001337267,0.04366019999724813,0.12332790001528338,0.23786059999838471
428,53.26861482580257,0.0007243953571150571,0.01033380530077528,0.8232019446104101,0.06396290002157912,0.04894950002199039,0.11736679999739863,0.23051720001967624
429,53.306968136774486,0.0007199982784860411,0.01034721278608178,0.8232126502299885,0.07626450000680052,0.05804049997823313,0.14509060001000762,0.2796510999905877
430,53.34511613434461,0.0007156287236640687,0.010360458722788561,0.8232232508780014,0.0707815999921877,0.06468999999924563,0.15237229998456314,0.2882406999997329
431,53.38305919452138,0.0007112752380408414,0.01037354607447355,0.8232337459393013,0.07690720001119189,0.05924899998353794,0.1321270999906119,0.2686237000161782
432,53.420798347003306,0.0007069499772279639,0.010386477752193422,0.8232441349614743,0.08828739999444224,0.06956949998857453,0.15441610000561923,0.3125990999978967
433,53.45833339118152,0.000702629787267467,0.010399256610283904,0.8232544174004767,0.09184010000899434,0.06934689998161048,0.16358560000662692,0.3252779000031296
434,53.49566664745635,0.0006983617689995741,0.010411885454667065,0.8232645931368426,0.09004139999160543,0.0718541000096593,0.17354579997481778,0.3357292000146117
435,53.5327970036235,0.0006940815676125848,0.01042436703523521,0.8232746616416633,0.09418879999429919,0.06536729997606017,0.06980610001483001,0.22948370000813156
436,53.56972646111157,0.0006898473376156963,0.010436704052753272,0.8232846228474412,0.027623500005574897,0.02322880001156591,0.04952900001080707,0.10048470000037923
437,53.60645422934189,0.0006856067905626373,0.010448899156830307,0.8232944764400185,0.021260700013954192,0.017850699980044737,0.04197720001684502,0.08118520001880825
438,53.64298225440218,0.0006814109529425131,0.010460954948323694,0.823304222473467,0.03393629999482073,0.02476800000295043,0.057977599994046614,0.11685200000647455
439,53.67930998246992,0.0006772130582795518,0.01047287397803235,0.8233138607913035,0.026685600023483858,0.017515000014100224,0.04106809999211691,0.08535810001194477
440,53.71543876679067,0.0006730485979151122,0.010484658748205661,0.8233233914686892,0.02048010000726208,0.0180357999925036,0.036910399998305365,0.07552290000603534
441,53.75136930527256,0.0006689052404074622,0.010496311717459477,0.823332814647419,0.023080800019670278,0.024695899977814406,0.04650050000054762,0.09439899999415502
442,53.78710172814441,0.0006647723273598606,0.010507835296376783,0.8233421304039187,0.02364040000247769,0.01945639998302795,0.052464600012172014,0.0966842999914661
443,53.82263635656619,0.0006606533403005836,0.010519231849102698,0.8233513388858151,0.04180609999457374,0.029865199991036206,0.049075699993409216,0.12084580000373535
444,53.85797434788414,0.0006565637380494854,0.010530503694753352,0.8233604403972309,0.021639200014760718,0.023066099995048717,0.03883479998330586,0.08363979999558069
445,53.89311660264894,0.0006524986353516752,0.010541653110141345,0.8233694353271772,0.025308500014944002,0.021641400002408773,0.042286999989300966,0.08933800001977943
446,53.92806235062601,0.0006484269268508315,0.010552682326909896,0.8233783238353811,0.019412800000282004,0.020061400020495057,0.04091640000115149,0.08048119998420589
447,53.96281348820812,0.0006443980381896549,0.01056359353341303,0.823387106469,0.02188469999236986,0.016456999990623444,0.03885020001325756,0.07728689999203198
448,53.997369048373585,0.0006403587569246416,0.010574388874431089,0.8233957834977548,0.02355579999857582,0.02593109998269938,0.0408492999849841,0.09042779999435879
449,54.03173117415195,0.0006363666671904319,0.01058507045476075,0.8234043555936484,0.027275300002656877,0.023328800016315654,0.05882390000624582,0.1095705000043381
450,54.065899145736665,0.00063236862566159,0.010595640338871396,0.8234128231837963,0.027761700010159984,0.02081499999621883,0.04865389998303726,0.09733210000558756
451,54.09987421095538,0.0006284010023976667,0.010606100549462984,0.8234211869016097,0.022270899993600324,0.01743410000926815,0.043827899993630126,0.0836295000044629
452,54.133657280333395,0.0006244574478359231,0.01061645307111858,0.8234294474376521,0.02118700000573881,0.016556099988520145,0.03618130000540987,0.07404020000831224
453,54.1672463930953,0.0006204848231103158,0.01062669984509284,0.8234376051074485,0.025448399974266067,0.01719700000830926,0.04173709999304265,0.08458949998021126
454,54.20064591716037,0.000616599998875566,0.010636842777894128,0.8234456610751638,0.024780999985523522,0.024666400015121326,0.044406000000890344,0.09395199999562465
455,54.23385347316936,0.000612678233756533,0.010646883738868934,0.8234536157949706,0.019999499985715374,0.018794500007061288,0.04689149998011999,0.08578500000294298
456,54.26687093371494,0.0006087979819083658,0.010656824558034763,0.8234614701263653,0.03136300001642667,0.017792799975723028,0.047050599998328835,0.09630560001824051
457,54.29969787693854,0.0006049168241834687,0.010666667027728904,0.8234692247769403,0.0338816000148654,0.019279100000858307,0.05004540001391433,0.10331639999640174
458,54.3323354705209,0.0006010639995885918,0.010676412905518955,0.8234768806400746,0.023540900001535192,0.019175399997038767,0.050424000015482306,0.09324899999774061
459,54.36478419008819,0.0005972266659674543,0.010686063911738208,0.8234844385882979,0.02547739999135956,0.022058400005334988,0.0450313999899663,0.09294410000438802
460,54.397045047180754,0.000593414607878614,0.010695621735485848,0.8234918995813032,0.028785399976186454,0.025360200001159683,0.05584909999743104,0.1100944000063464
461,54.42911727548173,0.0005895950464433912,0.010705088027080483,0.8234992643577431,0.023310699994908646,0.017013900011079386,0.04792830001679249,0.08845670000300743
462,54.46100254194387,0.0005858126689940534,0.010714464405326203,0.823506533993758,0.0241915000078734,0.02567490001092665,0.08873089999542572,0.13875309997820295
463,54.49270094611335,0.000582038572372394,0.010723752453674447,0.8235137094118408,0.04293209998286329,0.052517700009047985,0.07919920000131242,0.17482149999705143
464,54.52421344690512,0.0005782884724861053,0.01073295372507003,0.8235207916510128,0.0692665999813471,0.05255670001497492,0.1526146000251174,0.27466110000386834
465,54.555539678890575,0.0005745379897310771,0.010742069737332917,0.8235277815958905,0.16691500000888482,0.148289599979762,0.48289130002376623,0.7982772000250407
466,54.58668122677575,0.0005708228361129535,0.0107511019782817,0.8235346803999978,0.2710776000167243,0.28792910001357086,0.23202279998804443,0.7911476000153925
467,54.617638913185964,0.00056712893538261,0.010760051907400304,0.8235414891983356,0.28951090000919066,0.18666459998348728,0.25941460000467487,0.7358046000008471
468,54.648410896759174,0.0005634074300084953,0.01076892094734769,0.8235482087122012,0.0980631000129506,0.10127729998202994,0.16879540000809357,0.3683172999881208
469,54.67900082047168,0.0005597587049748736,0.010777710491402475,0.8235548403369963,0.13667519998853095,0.07267029999638908,0.24272989999735728,0.4522536000004038
470,54.709407475733606,0.0005560938350311509,0.010786421908772482,0.8235613850862085,0.12373379999189638,0.0443715000001248,0.31287589998100884,0.4811614000063855
471,54.739632033758674,0.0005524563218578912,0.01079505653493933,0.8235678440625344,0.04201229999307543,0.14658339999732561,0.2958601999853272,0.48464539999258704
472,54.76967488019876,0.0005488317207093124,0.010803615679383859,0.823574218379924,0.2590493999887258,0.12728939999942668,0.24106419997406192,0.6289626999932807
473,54.79953704177627,0.0005452316750616341,0.010812100621468151,0.823580509216849,0.12936329998774454,0.10075010001310147,0.20760840000002645,0.43790039999294095
474,54.82921817714959,0.0005416311336845046,0.010820512612415943,0.8235867175893874,0.1946678999811411,0.24988909999956377,0.4345784999895841,0.8793989999976475
475,54.85872073685335,0.0005380809846391954,0.010828852880035818,0.8235928448767761,0.11832730000605807,0.07624090000172146,0.1960395000060089,0.39079190001939423
476,54.88804332501881,0.0005345109723961353,0.010837122623560614,0.8235988920324355,0.10819149998133071,0.05429470000672154,0.1610389999987092,0.32373289999668486
477,54.91718831480085,0.0005309897751220293,0.010845323016688202,0.8236048603709314,0.08004790000268258,0.06913190000341274,0.156284600001527,0.30570650001754984
478,54.946155574513895,0.0005274716459807338,0.0108534552068136,0.8236107510074748,0.07503110001562163,0.059829300007550046,0.1615182000095956,0.2966018000151962
479,54.974945420799706,0.0005239647066257126,0.01086152031655615,0.8236165650496917,0.08391449999180622,0.06190100000821985,0.15989310000441037,0.305891399999382
480,55.00355892209184,0.0005204825775290179,0.010869519441146043,0.823622303682612,0.08584280000650324,0.05910250000306405,0.14790320000611246,0.2931363999960013
481,55.03199673693536,0.0005170177239585683,0.010877453654181888,0.823627968123245,0.07898690001456998,0.05622580001363531,0.14319559998693876,0.27865300001576543
482,55.06026018067523,0.000513582014386508,0.01088532400639198,0.8236335596254644,0.07754389999900013,0.051402200013399124,0.13404590002028272,0.2631981000013184
483,55.088348593136445,0.0005101394793458326,0.010893131524095982,0.823639079212826,0.07328460001735948,0.06707369998912327,0.2836988999915775,0.4243185000086669
484,55.11626409664662,0.0005067406125448894,0.010900877210659967,0.8236445281999226,0.5995589999947697,0.08735049999086186,0.2130919999908656,0.9002227000019047
485,55.14400716229048,0.0005033553361892144,0.010908562049218638,0.8236499077889571,0.12937260000035167,0.3371389999811072,0.23413269998854958,0.7008849999983795
486,55.17157762109895,0.0004999719865719699,0.010916186998466974,0.8236552190132553,0.07391949999146163,0.13458800001535565,0.2097747000225354,0.4188045000191778
487,55.19897652941778,0.0004966127397515588,0.010923752994552316,0.8236604630340817,0.11472370001138188,0.06193579998216592,0.14898319999338128,0.325822100014193
488,55.22620452611231,0.0004932699554678135,0.01093126095178961,0.8236656410231835,0.0672381000185851,0.04958300001453608,0.1293631999869831,0.24639870002283715
489,55.25326385354389,0.0004899726074564059,0.010938711769911926,0.823670754383346,0.06799250000040047,0.04705009999452159,0.1387758000055328,0.25406870001461357
490,55.28015337764371,0.00048665946994713423,0.01094610632533255,0.8236758040474421,0.06967289999010973,0.050007899990305305,0.1732866000093054,0.2931836000061594
491,55.30687478869884,0.0004833816373950521,0.010953445472978132,0.8236807912167153,0.1570079999801237,0.12354060000507161,0.13074239998240955,0.4115365000034217
492,55.333428530497244,0.0004801164755710977,0.010960730049738921,0.8236857170272037,0.07435420001274906,0.05109900000388734,0.13569180000922643,0.26137359999120235
493,55.359816308966494,0.0004768867422467042,0.010967960875836045,0.8236905827369371,0.0696798000135459,0.04943399998592213,0.14573019999079406,0.2650320999964606
494,55.3860384797694,0.00047366795179658105,0.010975138753322554,0.8236953894561195,0.06823929998790845,0.05530259999795817,0.14562379999551922,0.2693696999922395
495,55.4120944745044,0.00047044337255715713,0.010982264460057867,0.8237001380740697,0.07670919998781756,0.04863120001391508,0.1288953000039328,0.25444280001102015
496,55.43798643947173,0.0004672619797694516,0.010989338757119074,0.8237048298185736,0.06667999998899177,0.0508673999866005,0.1324800000002142,0.2502636999997776
497,55.46371493774956,0.00046409510752919614,0.010996362391793735,0.8237094658337681,0.07498289999784902,0.05993690001196228,0.1572646000131499,0.2924074000038672
498,55.48928155561169,0.0004609611507420226,0.011003336096366818,0.8237140473390064,0.08127840000088327,0.059368599992012605,0.24963010000647046,0.39058920001843944
499,55.51468512468313,0.00045781037993767383,0.011010260580438897,0.8237185751497229,0.11857849999796599,0.2067481999984011,0.28465839999262244,0.6101943000103347
500,55.539928951256876,0.00045472340367321056,0.011017136542254589,0.8237230505875144,0.16386790000251494,0.3228711999836378,0.2502112000074703,0.7371712000167463
501,55.565011930256404,0.0004516206533418748,0.011023964661397719,0.8237274745589539,0.07431070000166073,0.05823899997631088,0.3301371000125073,0.4628429000149481
502,55.58993624281452,0.00044856127430328624,0.011030745603790965,0.8237318482290465,0.0798631000216119,0.17343330002040602,0.27501240000128746,0.5284663000202272
503,55.6147016546075,0.00044550171248280984,0.011037480017784587,0.8237361725201338,0.27894950000336394,0.12021079999976791,0.18327270000008866,0.5826314000005368
504,55.63931007527869,0.0004424804941690091,0.011044168540709155,0.8237404485825425,0.1602547000220511,0.0868929999996908,0.26055360000464134,0.5079232999996748
505,55.663762364674284,0.0004394786592879552,0.011050811794421852,0.8237446774641118,0.2903513000055682,0.26212909998139367,0.8360129999928176,1.3886681000003591
506,55.688057499932476,0.00043646232712453057,0.011057410381404252,0.8237488599001922,0.13986329999170266,0.1877680000034161,0.21167990000685677,0.5395558000018355
507,55.71219769940433,0.0004334897023815349,0.011063964890651841,0.823752996954705,0.1854590000002645,0.10611570000764914,0.39601919997949153,0.689733500010334
508,55.73618459687662,0.0004305501930064313,0.01107047590184654,0.8237570897831035,0.1576268000062555,0.11227669997606426,0.1776905999868177,0.4487950000038836
509,55.76001836893742,0.00042761757434935734,0.011076943982918497,0.823761139322342,0.0769021000014618,0.181634300010046,0.15613989997655153,0.41488190001109615
510,55.783699868127876,0.00042470393452461217,0.011083369687152235,0.8237651464843205,0.2437047999992501,0.1035115999984555,0.10648210000363179,0.45928310000454076
511,55.80722929561403,0.0004217975419661369,0.01108975355149595,0.8237691120894332,0.16532219998771325,0.14114379999227822,0.23200799999176525,0.5391243000049144
512,55.83060859405985,0.00041892956774441,0.01109609610248429,0.823773037159465,0.13123719999566674,0.11033870000392199,0.34680949998437427,0.5884744999930263
513,55.8538379458202,0.0004160683959089238,0.011102397856158368,0.823776922583319,0.15832679998129606,0.11497090000193566,0.5569886000012048,0.8304647999757435
514,55.87691870667576,0.00041323500236358933,0.011108659313359468,0.8237807692605651,0.243844699987676,0.16453730000648648,0.27070139997522347,0.6792809999897145
515,55.899852062208666,0.00041042627374093934,0.011114880970376799,0.8237845781670631,0.07110769997234456,0.12451200000941753,0.16584899998269975,0.36164519999874756
516,55.922637080217825,0.00040760426313477205,0.01112106330290576,0.8237883499214349,0.05317159998230636,0.14423550001811236,0.3798100000130944,0.5777238000009675
517,55.94527706443049,0.0004048447175370327,0.011127206781365914,0.8237920855980577,0.12747490001493134,0.048514299996895716,0.1624413000245113,0.33854300001985393
518,55.96777192386399,0.0004020868358126769,0.011133311866482466,0.8237957860404225,0.12798479999764822,0.03542510000988841,0.15809909999370575,0.3217169000126887
519,55.99012217213146,0.00039934139772204865,0.011139379006780787,0.8237994519827712,0.06995400000596419,0.09482590001425706,0.1665692999958992,0.33157850001589395
520,56.01232887988653,0.0003966183121873574,0.011145408639316238,0.8238030842424166,0.1303323000029195,0.03556780001963489,0.16771219999645837,0.3338076999934856
521,56.03439463706944,0.0003939446479760909,0.011151401196279458,0.8238066838258018,0.1396909000177402,0.03898199999821372,0.3482120000116993,0.5270560000208206
522,56.05631693991299,0.00039122940446735354,0.011157357093361658,0.8238102511562365,0.13995059998705983,0.16751389999990351,0.3571528999891598,0.6648086999775842
523,56.078099222892135,0.0003885785611369078,0.011163276735873149,0.8238137871375545,0.19927859999006614,0.21686469999258406,0.21650760000920855,0.632829899986973
524,56.099742269787065,0.00038594473056060175,0.011169160526418325,0.8238172926427344,0.24305580000509508,0.1599714000185486,0.1902438999968581,0.5958155999833252
525,56.12124584091109,0.0003833096241442594,0.01117500885531945,0.8238207682854589,0.15653350000502542,0.1216368000023067,0.22105579997878522,0.49943390002590604
526,56.14261179596036,0.000380710633364114,0.01118082210390214,0.8238242148521665,0.25979879999067634,0.18899329999112524,0.700665599986678,1.1496370999957435
527,56.1638408410907,0.00037812713821532245,0.011186600646735734,0.8238276330794146,0.23169109999435022,0.3165255000058096,0.556243800005177,1.1046330999815837
528,56.18493342755132,0.0003755545586758799,0.011192344846256403,0.8238310235722988,0.14556040000752546,0.2386326999985613,0.3979010000184644,0.7823290000087582
529,56.20589122190662,0.0003730144911948969,0.01119805506046335,0.8238343871096925,0.08835249999538064,0.09140340000158176,0.21801520002190955,0.3979405999998562
530,56.226714213759934,0.00037047703364587935,0.011203731635454163,0.823837724271393,0.04035249998560175,0.13052889998652972,0.16980600001988932,0.3408990000025369
531,56.247403816136966,0.00036796748069566987,0.011209374911761853,0.8238410357502209,0.07628320000367239,0.17933370001264848,0.2126159000035841,0.4684023000008892
532,56.26796161853744,0.00036548891158914664,0.011214985224320856,0.823844322285118,0.15155529999174178,0.1267189999925904,0.3168017999851145,0.5980927999771666
533,56.28838685302586,0.00036299936768443306,0.011220562897750615,0.823847584360435,0.1495615000021644,0.15684549999423325,0.17213779999292456,0.47871170000871643
534,56.3086810131185,0.00036053902460607575,0.011226108245242762,0.8238508225428902,0.12582769998698495,0.07137489999877289,0.32525309998891316,0.5226708000118379
535,56.32884585645106,0.000358112514265089,0.01123162157937976,0.8238540375811747,0.08446549999644049,0.12284779999754392,0.1347814000037033,0.3423125999979675
536,56.348881151757524,0.00035568446329473677,0.011237103204021093,0.8238572300029716,0.17855410001357086,0.03669920001993887,0.176887399982661,0.3923128000169527
537,56.3687892190768,0.00035330013502241927,0.01124255341927629,0.8238604005173857,0.12484330000006594,0.12097970000468194,0.29003269999520853,0.5360235999978613
538,56.38856980008451,0.0003509137109692292,0.01124797251804675,0.8238635496374714,0.2805050000024494,0.1732829000102356,0.158788500004448,0.6127837000240106
539,56.40822460061667,0.0003485600113966605,0.011253360786406206,0.8238666779389644,0.12040710001019761,0.11681949999183416,0.16224800000782125,0.3996569000009913
540,56.42775313742429,0.0003462001675444756,0.011258718499919123,0.8238697858122898,0.052907399978721514,0.10668040000018664,0.19841189999715425,0.3582287000026554
541,56.4471578467045,0.00034388591076719207,0.011264045930466373,0.8238728738983775,0.21093610001844354,0.044702400016831234,0.30773269999190234,0.5635012999991886
542,56.466438413065276,0.00034156841719361727,0.011269343344302294,0.8238759426631592,0.1224311999976635,0.1248615000222344,0.29723930000909604,0.5447424999729265
543,56.48559601355532,0.0003392741073893228,0.01127461100067925,0.8238789925865573,0.2683874000213109,0.19332210000720806,0.34479070000816137,0.8075034000212327
544,56.50463173780944,0.00033700138792106666,0.011279849152290881,0.8238820241838997,0.14195449999533594,0.16131350002251565,0.21601319999899715,0.5194878000183962
545,56.52354759395808,0.000334766470763151,0.011285058054510792,0.8238850381331694,0.13397370002348907,0.21962940000230446,0.15181169999414124,0.5056118999782484
546,56.542341470303,0.0003324964045061351,0.01129023794654094,0.8238880345703739,0.049590199982048944,0.21691499999724329,0.26071040000533685,0.5273782000003848
547,56.5610165106097,0.00033028416972270407,0.011295389064598389,0.8238910140556094,0.17432109999936074,0.16185840000980534,0.41523899999447167,0.7515723999822512
548,56.57957352721431,0.0003280884564924605,0.011300511646158097,0.8238939771951718,0.06657460000133142,0.14258549999794923,0.23623969999607652,0.4456056999915745
549,56.59801217202401,0.0003258887202611552,0.011305605917838007,0.823896924265444,0.08617270001559518,0.1519753999891691,0.2141598000016529,0.45248770000762306
550,56.61633589725959,0.00032375209892322905,0.01131067211020583,0.8238998559814211,0.07902950001880527,0.08971890000975691,0.15794410000671633,0.32687330001499504
551,56.63454116686293,0.00032155506559765795,0.011315710435183137,0.8239027723166746,0.06731370001216419,0.09417080000275746,0.16429790001711808,0.32600480000837706
552,56.65263271167377,0.0003194436546688569,0.011320721106371888,0.8239056738781292,0.036031700001331046,0.14951819999259897,0.2546372000069823,0.4403716000088025
553,56.6706093816117,0.0003173139371901734,0.011325704335477475,0.8239085610710518,0.043604300008155406,0.16037519997917116,0.20865179999964312,0.4128410000121221
554,56.688473063618076,0.0003152195150415132,0.011330660329152437,0.8239114343322219,0.1556564999918919,0.04021940001985058,0.23561650002375245,0.43163760000607
555,56.70622448698498,0.00031313991024209777,0.011335589290073163,0.823914294044379,0.12963999999919906,0.12342819999321364,0.18731440001283772,0.44056250000721775
556,56.723863570993096,0.0003110608080099801,0.011340491415406048,0.8239171404931371,0.07222189998719841,0.11398670001653954,0.16532680002273992,0.3517060999874957
557,56.741392379453856,0.00030902000246901053,0.011345366899646952,0.8239199741042235,0.09747010000864975,0.06957200000761077,0.16430989999207668,0.3315168999833986
558,56.75881027439584,0.0003069698188846784,0.01135021592896867,0.8239227950995147,0.0419353999895975,0.13349589999415912,0.15619090001564473,0.3333744000119623
559,56.77611964629251,0.00030496361380699725,0.011355038690987316,0.8239256039387585,0.05188680000719614,0.24374689999967813,0.4041072999825701,0.6999872000014875
560,56.79331973300626,0.0003029457951847368,0.011359835365179193,0.8239284008434619,0.059325499983970076,0.11602790001779795,0.21546500001568347,0.3910121000080835
561,56.81041244814395,0.0003009634798255907,0.011364606129246085,0.8239311861743949,0.057168600003933534,0.15745879997848533,0.2590804999927059,0.4738690000085626
562,56.827398858785166,0.0002990017130525387,0.011369351160147303,0.823933960330729,0.04661079999641515,0.07017589997849427,0.21185190000687726,0.32882659998722374
563,56.844278860777145,0.0002970398492798346,0.011374070631585752,0.8239367235846532,0.17795929999556392,0.12012539998977445,0.15889739998965524,0.4577151999983471
564,56.86105409077611,0.0002951085023006241,0.011378764710450443,0.8239394762222143,0.25064929999643937,0.0890021999948658,0.231150899984641,0.5709595000080299
565,56.87772365559147,0.00029316313392198086,0.011383433556756238,0.8239422183641146,0.23499330002232455,0.15948100000969134,0.24106259999098256,0.6357334000058472
566,56.89429010342242,0.0002912642554274434,0.011388077331869579,0.823944950392741,0.2790707999956794,0.1301235999853816,0.16259610000997782,0.5719617999857292
567,56.91075313463935,0.00028936174767279615,0.011392696191758542,0.8239476725423078,0.1411421000084374,0.14482240000506863,0.33364379999693483,0.6198149000119884
568,56.927115145837206,0.0002875029813635878,0.011397290297815603,0.8239503852668041,0.1564792999997735,0.175151499977801,0.5620657000108622,0.9000137999828439
569,56.94337519427523,0.00028562923654861617,0.011401859802610983,0.8239530886980553,0.24175000001559965,0.22789650000049733,0.15602819999912754,0.6258178999996744
570,56.95953527044037,0.00028379203217247047,0.011406404856285062,0.8239557831204292,0.05190960000618361,0.11828140000579879,0.1802435000136029,0.3505975999869406
571,56.975595081679344,0.00028195123367358836,0.011410925604871548,0.8239584687053904,0.1027507999970112,0.0659596000041347,0.15897709998534992,0.3278553000127431
572,56.991555937314864,0.00028013495273964724,0.011415422191336722,0.8239611456701443,0.2835893000010401,0.03628759999992326,0.21327879998716526,0.5333410000021104
573,57.00741720392345,0.00027830906434690966,0.011419894749630123,0.8239638140794167,0.08954990000347607,0.061349600000539795,0.16678960001445375,0.317889700003434
574,57.023182432390314,0.00027654696950165356,0.01142434342318195,0.8239664744421733,0.2154551999992691,0.17509289999725297,0.4501077000168152,0.8408267000049818
575,57.038851300481234,0.0002747806667840341,0.011428768354176434,0.8239691270329621,0.1385815000103321,0.036489599995547906,0.2722819999908097,0.44755670000449754
576,57.054423286974384,0.0002730066636706349,0.011433169674513178,0.8239717718479193,0.286169200000586,0.24777549999998882,0.1872291000036057,0.7213833999994677
577,57.069900162976516,0.00027126513792430276,0.011437547513807328,0.8239744090896401,0.0782609999878332,0.05960609999601729,0.17607300000963733,0.3141104999813251
578,57.08528217310315,0.00026952929797860616,0.01144190199866596,0.8239770389275828,0.14103699999395758,0.09176489998935722,0.2956172999984119,0.5286317999998573
579,57.100570081263896,0.0002678082261971715,0.011446233255520593,0.8239796615684813,0.20235899998806417,0.11263360001612455,0.4735703000042122,0.7887787999934517
580,57.115765128272336,0.0002661102505073932,0.011450541409296609,0.8239822772331198,0.17443849999108352,0.09057999998913147,0.2565201999968849,0.5217616000154521
581,57.13086819993125,0.00026442912258978576,0.011454826584261963,0.8239848861536108,0.1105105999740772,0.1089810999983456,0.6505990999867208,0.8703968999907374
582,57.14587970190695,0.000262756412578334,0.011459088903975899,0.8239874885009932,0.13724959999672137,0.13690119999228045,0.4196296999871265,0.6939796999795362
583,57.16080014450296,0.00026109393492301065,0.01146332848739926,0.8239900843910867,0.0709795999864582,0.05855109999538399,0.18070120000629686,0.31046569999307394
584,57.17563017763092,0.00025944411363161167,0.01146754544862812,0.8239926739289265,0.07730699999956414,0.07362790001207031,0.18040550002478994,0.33165820001158863
585,57.19036969985238,0.0002577937868925816,0.011471739896344733,0.8239952571415372,0.10567220000666566,0.058605499973054975,0.14881089999107644,0.31332660000771284
586,57.20502087297626,0.00025618252165133544,0.011475911943250022,0.8239978342847258,0.08128199999919161,0.06265730000450276,0.14982470002723858,0.293975100008538
587,57.21958391524963,0.0002545762950721276,0.011480061702798245,0.8240004055900593,0.07371759999659844,0.07071910001104698,0.15886999998474494,0.3034539000072982
588,57.234059593883856,0.00025298468887273976,0.011484189285433386,0.8240029711703677,0.052904300013324246,0.04754500000854023,0.06428069999674335,0.16484190002665855
589,57.248448162729865,0.00025139871167807916,0.011488294799180185,0.8240055311540875,0.042051500000525266,0.03021450000233017,0.053855600010138005,0.12621329998364672
590,57.26275146226791,0.00024984606565028465,0.011492378352902762,0.8240080857296969,0.027968799986410886,0.02049200001056306,0.05490430002100766,0.10350609998567961
591,57.27696812264186,0.00024827064733907767,0.0114964400476675,0.8240106348715818,0.029452100017806515,0.02182560000801459,0.04221700000925921,0.09358279997832142
592,57.29110101243985,0.00024674647177082276,0.011500479987926252,0.8240131787927297,0.021987599990097806,0.02077380000264384,0.04517570001189597,0.08807179998257197
593,57.30514939345423,0.00024521052599994455,0.011504498275089073,0.8240157176050771,0.020636899978853762,0.02079290000256151,0.04921600001398474,0.09073289998923428
594,57.319114891468644,0.00024370406782343385,0.011508495010132994,0.8240182514306909,0.022484000015538186,0.018285199999809265,0.036083799990592524,0.07694009999977425
595,57.33299669967814,0.0002421846226303697,0.011512470287318766,0.8240207802518519,0.020047099998919293,0.020129299984546378,0.04614160000346601,0.08640470000682399
596,57.3467961863345,0.00024069013396674037,0.01151642420092693,0.8240233041420684,0.016902599978493527,0.016054200008511543,0.03906729997834191,0.07212629998684861
597,57.36051522613183,0.00023922940268107082,0.011520356850633144,0.8240258233920356,0.023076399986166507,0.022099299996625632,0.04277679999358952,0.0880505999957677
598,57.37415182261216,0.00023773490225065702,0.011524268323922207,0.8240283378749774,0.023951999988639727,0.02405670000007376,0.052584199991542846,0.1009143999835942
599,57.38770986905365,0.00023630931370291995,0.01152815872098922,0.8240308479101806,0.02350100001785904,0.02611320000141859,0.04957920001470484,0.09929750001174398
600,57.40118761650947,0.0002348542481756045,0.011532028133131872,0.8240333535276129,0.026190900010988116,0.021451699984027073,0.04667819998576306,0.09444519999669865
601,57.414586618122364,0.00023342725419573792,0.011535876650856284,0.8240358547490395,0.024512800009688362,0.022082400013459846,0.051361899997573346,0.09813540001050569
602,57.42790719732913,0.00023200688172434318,0.011539704360880886,0.8240383516292501,0.021669299982022494,0.02026849999674596,0.04969280000659637,0.09172649998799898
603,57.44115009791551,0.00023060043857910277,0.011543511352628634,0.8240408442761368,0.02619210002012551,0.024790700001176447,0.04784559999825433,0.09928730002138764
604,57.454315617137254,0.00022920013264535,0.011547297710934951,0.8240433327126006,0.026802899985341355,0.02806030001374893,0.03862789997947402,0.09357850000378676
605,57.467405172712226,0.00022782545461332428,0.011551063523124615,0.8240458170885467,0.023770499974489212,0.02297220000764355,0.04857779998565093,0.09540900000138208
606,57.480418265522744,0.00022644302055065748,0.011554808872228454,0.8240482973909655,0.021278000000165775,0.02176010000403039,0.04208939999807626,0.08524449999094941
607,57.493356372744955,0.0002250872142656634,0.011558533840732138,0.824050773677436,0.026841699989745393,0.02049779999651946,0.047720300004584715,0.09531889998470433
608,57.5062196427525,0.0002237348942397237,0.011562238511731958,0.8240532460282187,0.02397840001503937,0.025955199991585687,0.04940129999886267,0.09943600001861341
609,57.51900899582542,0.00022239947526331825,0.011565922968256072,0.8240557145365315,0.023554100014735013,0.02527020001434721,0.04913749999832362,0.09806049999315292
610,57.53172472984912,0.0002210701165699202,0.011569587290334072,0.8240581792278598,0.028684999997494742,0.020320500014349818,0.039999399974476546,0.08912400002009235
611,57.54436680369331,0.00021974091518295352,0.011573231553181273,0.8240606400357687,0.024918600014643744,0.026448799995705485,0.0562239000282716,0.107689800002845
612,57.55693831542928,0.00021846641876965638,0.01157685584534896,0.8240630972902616,0.026719799992861226,0.025324299989733845,0.04953190000378527,0.10167949998867698
613,57.56943680596506,0.00021715002398647355,0.01158046024118254,0.8240655508692168,0.02227310001035221,0.026384099997812882,0.0502416999952402,0.09899440000299364
614,57.58186463860037,0.00021587552918396718,0.011584044818526543,0.8240680007886333,0.029468499997165054,0.024934399989433587,0.05075269998633303,0.10528629997861572
615,57.59422231115934,0.0002146104964910424,0.01158760965699702,0.8240704472001281,0.022501800005557016,0.025401699997019023,0.053712000022642314,0.1018317999842111
616,57.60650840724764,0.00021332167698903846,0.011591154822921366,0.8240728898910801,0.028165600000647828,0.020715099992230535,0.053243600006680936,0.1022242000035476
617,57.61872616333386,0.00021208985623377086,0.011594680394513905,0.8240753290453531,0.02422249998198822,0.02634300000499934,0.04982929999823682,0.10057089998736046
618,57.63087362360814,0.00021082486689905455,0.01159818644028608,0.8240777645939517,0.029601799993542954,0.02681419998407364,0.05454660000395961,0.11114749999251217
619,57.642953696506645,0.0002096111361663874,0.011601673037142253,0.824080196675361,0.027426300017395988,0.051969599997391924,0.05102169999736361,0.13051779998932034
620,57.65496625087926,0.00020839588539935458,0.011605140262813455,0.8240826254497605,0.03364469998632558,0.028561199986143038,0.052124900015769526,0.11451719998149201
621,57.66691088228654,0.00020717437168029702,0.011608588187866377,0.824085050811212,0.02445079997414723,0.024831300019286573,0.05197020000196062,0.10145580000244081
622,57.67878926682557,0.00020598267459268023,0.011612016885268289,0.8240874728117684,0.03599569998914376,0.04733020000276156,0.040971700014779344,0.1244326000160072
623,57.69060136891718,0.00020479108944133963,0.011615426425606888,0.8240898914652401,0.017555099999299273,0.025867799995467067,0.047297899989644065,0.09081829999922775
624,57.70234886131708,0.00020362922419158095,0.011618816886071495,0.824092306916373,0.023489999992307276,0.017972999979974702,0.044690600014291704,0.08624209999106824
625,57.71402996095888,0.00020243716022513885,0.011622188328934774,0.8240947189796803,0.02044900000328198,0.02566869999282062,0.08264049998251721,0.12891790000139736
626,57.725646040750554,0.00020126960116162044,0.011625540816866188,0.8240971275472027,0.032513199985260144,0.019779800000833347,0.03921389998868108,0.09159699999145232
627,57.73719774202752,0.0002001138500695101,0.011628874414530511,0.8240995326717269,0.022451600001659244,0.02352469999459572,0.04588249998050742,0.09194700000807643
628,57.748686086612175,0.00019897648368710793,0.011632189190969984,0.8241019344790692,0.021963600011076778,0.025313499994808808,0.04129699998884462,0.08866290000150912
629,57.76011224793381,0.00019786010896421092,0.0116354852213373,0.824104333134597,0.025678099977085367,0.022789600014220923,0.03604419998009689,0.08459909999510273
630,57.771475356018705,0.00019672932829696414,0.011638762572112606,0.824106728576645,0.023360899998806417,0.02189350000116974,0.03908489999594167,0.08446169999660924
631,57.78277598069556,0.0001956090719029736,0.011642021307164175,0.8241091207026361,0.01877059999969788,0.021177499991608784,0.04268820001743734,0.0827362000127323
632,57.794014566081266,0.00019449715239467792,0.011645261486837699,0.8241115094486842,0.01733329999842681,0.018325200013350695,0.03599979999125935,0.07175629999255762
633,57.80519266586953,0.00019341275860806475,0.011648483181434053,0.824113894973674,0.029052400001091883,0.025711299997055903,0.0468220999755431,0.10171419999096543
634,57.8163113979464,0.00019234832657929132,0.011651686464268667,0.8241162774446225,0.025925699999788776,0.022301599994534627,0.0345699000172317,0.08289190000505187
635,57.82736847150802,0.00019124488045443156,0.011654871393411807,0.8241186566508385,0.017937299999175593,0.02312510000774637,0.052224500017473474,0.09338360000401735
636,57.83836626321926,0.00019018316070631787,0.011658038030844966,0.8241210325171716,0.023086000001057982,0.02646740002091974,0.04294910002499819,0.09267729998100549
637,57.84930513447965,0.00018912828918110947,0.011661186440722263,0.8241234051462291,0.02328920000582002,0.018817400006810203,0.053467600024305284,0.09568359999684617
638,57.86018477979831,0.00018806872949240285,0.01166431668397634,0.8241257744841575,0.025501099997200072,0.03200890001608059,0.03951279999455437,0.09713550002197735
639,57.87100672152525,0.00018703607270049064,0.011667428824444614,0.8241281405574071,0.021707700012484565,0.020584699988830835,0.04974779998883605,0.09213260002434254
640,57.88177016762566,0.00018599030343823236,0.011670522921175763,0.8241305033192358,0.0246538000064902,0.02718460001051426,0.04217260002042167,0.09420740001951344
641,57.89247764595135,0.0001849887848053558,0.01167359904262871,0.824132862897252,0.024234200012870133,0.02928809999139048,0.03996309998910874,0.09373320001759566
642,57.90312741524055,0.00018395773893673908,0.011676657247421032,0.8241352192257447,0.02052309998543933,0.01525759999640286,0.041490300005534664,0.07736379999550991
643,57.913721228904215,0.000182957538505592,0.011679697599014584,0.8241375722858837,0.018907799996668473,0.02116610002121888,0.04628810001304373,0.08647360000759363
644,57.924258316901586,0.00018194458538974966,0.011682720150875665,0.8241399219428747,0.025232700019842014,0.025052899989532307,0.049030099995434284,0.09958920002100058
645,57.934740219785525,0.00018095877596900015,0.011685724964577452,0.8241422682535475,0.02347310000914149,0.021599800005787984,0.03793940000468865,0.08310670001083054
646,57.94516751247498,0.00017998342013615467,0.011688712104165538,0.8241446113077566,0.036935500014806166,0.03644339999300428,0.05503580000367947,0.1285115000209771
647,57.95553940832768,0.00017899501024769233,0.011691681625064041,0.824146950998278,0.02250869999988936,0.025099299993598834,0.05393090000143275,0.1018638999958057
648,57.96585805905724,0.00017804425314478666,0.01169463359333616,0.8241492874219174,0.024979299982078373,0.022853200003737584,0.0421306999924127,0.09005790000082925
649,57.976122640448565,0.00017707977997785757,0.011697568064972175,0.8241516205065191,0.021900500025367364,0.025330400007078424,0.04759619999094866,0.0949263000220526
650,57.98633383505209,0.0001761275873320273,0.011700485099548292,0.8241539502344983,0.023318399995332584,0.02175859999260865,0.05296179998549633,0.09830739998142235
651,57.99649241958148,0.00017518928784638387,0.011703384756008918,0.8241562765884245,0.032019499980378896,0.022373300016624853,0.04811350000090897,0.1026265999826137
652,58.006598580079284,0.00017425468465733448,0.01170626709373812,0.8241585995908869,0.02387289999751374,0.022368399979313836,0.05243569999583997,0.09877869999036193
653,58.016652686953286,0.00017332695107301517,0.011709132170457107,0.8241609191888847,0.025928899995051324,0.01804279998759739,0.04493400000501424,0.08910360001027584
654,58.02665544062297,0.0001724117681117236,0.01171198004578372,0.8241632353991294,0.023982400016393512,0.019402100006118417,0.04665740000200458,0.0902685999753885
655,58.03660624717263,0.00017148681884385217,0.011714810770321129,0.8241655480831749,0.02022239999496378,0.02079889999004081,0.04250599999795668,0.08361500001046807
656,58.04650714998942,0.00017059754966755662,0.011717624407993149,0.8241678573436333,0.019298500003060326,0.01897210002061911,0.03908930000034161,0.0774762999790255
657,58.056356660283285,0.00016968308305645032,0.011720421009565957,0.8241701630843224,0.023143800004618242,0.018551499990280718,0.03941690002102405,0.08122340001864359
658,58.066157480662454,0.00016881562920868055,0.011723200638932523,0.824172465391053,0.02052160000312142,0.02130860000033863,0.03975019999779761,0.08170549999340437
659,58.07590799598652,0.00016792079495378794,0.0117259633514027,0.8241747642447852,0.023952399991685525,0.01699259999440983,0.03417369999806397,0.07521589999669231
660,58.08560970826881,0.00016705227033150802,0.011728709203058886,0.8241770595572463,0.020303299999795854,0.021764500008430332,0.04309369999100454,0.08524450002005324
661,58.09526233157271,0.00016617925424868078,0.011731438248991677,0.8241793513102619,0.01815099999657832,0.02624350000405684,0.04495449998648837,0.08946600000490434
662,58.104866776960264,0.00016532235163576228,0.011734150547100012,0.8241816395050787,0.017932099988684058,0.018576000002212822,0.04945910000242293,0.08609639998758212
663,58.114423733462296,0.00016447772849589905,0.011736846155275562,0.8241839241753043,0.02004599999054335,0.02276500000152737,0.0536982000048738,0.09659430000465363
664,58.12393218487276,0.00016361603195225933,0.011739525123239466,0.8241862051756628,0.023721499979728833,0.021396199997980148,0.0441671000153292,0.08939759997883812
665,58.13339374830966,0.00016278257649201313,0.011742187508205748,0.8241884825165449,0.019515199994202703,0.01913050000439398,0.04309869999997318,0.08204639999894425
666,58.14280862422928,0.00016195297250985244,0.01174483336756379,0.8241907562388989,0.021087400004034862,0.026546999986749142,0.05756929999915883,0.10531440001796
667,58.15217721311455,0.00016113065582734973,0.01174746275770629,0.8241930263344551,0.04873000000952743,0.039572800014866516,0.052907500008586794,0.14133829998900183
668,58.16149937321212,0.0001603062953844642,0.01175007573231046,0.8241952927437262,0.020895800000289455,0.020392100006574765,0.036696900002425537,0.07808550001936965
669,58.170776116270034,0.00015949972332011118,0.011752672346456045,0.8241975554159497,0.02763490000506863,0.02254259999608621,0.0416376999928616,0.09191480002482422
670,58.18000783184489,0.0001587002304456785,0.011755252659388366,0.8241998144559631,0.024113499996019527,0.019390100002055988,0.04440690000774339,0.08801259999745525
671,58.18919418390896,0.00015789533907628448,0.011757816721670226,0.8242020697210475,0.018242699996335432,0.023836799984565005,0.05634869998903014,0.09854579999228008
672,58.1983359687595,0.00015710451018875748,0.011760364587364708,0.8242043211795378,0.029350199998589233,0.024722900008782744,0.0538929000031203,0.10807539999950677
673,58.2074330613853,0.000156311902640725,0.011762896308405092,0.8242065687867479,0.0284426000143867,0.030894899973645806,0.04846869999892078,0.10790390000329353
674,58.216486222371735,0.00015553273027665393,0.011765411935912058,0.8242088124665312,0.02855660000932403,0.023360899998806417,0.040762599994195625,0.09282030002214015
675,58.22549638210537,0.00015476989970191314,0.01176791152935683,0.8242110523562511,0.052728199982084334,0.07250810001278296,0.12534359999699518,0.2509025000035763
676,58.23446299559012,0.00015399805998919154,0.011770395143309149,0.8242132884288607,0.0723164000082761,0.0588413999939803,0.1233131000190042,0.25469930001418106
677,58.24338665282718,0.00015323670517470211,0.011772862829650808,0.8242155205843456,0.07976500000222586,0.07147150000673719,0.15326859999913722,0.30478959999163635
678,58.25226790568525,0.0001524851724541057,0.011775314643558191,0.8242177488288687,0.04679930000565946,0.05210229998920113,0.1269730000058189,0.2260942000139039
679,58.26110728958153,0.00015174317179533265,0.011777750641254676,0.8242199731834178,0.08179779999773018,0.0605859000061173,0.14821530002518557,0.29091300000436604
680,58.26990461338461,0.00015099822527151006,0.011780170875143903,0.8242221936036656,0.08167620000313036,0.06154480000259355,0.14256559999193996,0.28603740001562983
681,58.27866078312143,0.00015026916201281795,0.01178257540138645,0.8242244100733015,0.06836199999088421,0.06053809999139048,0.0972708000044804,0.22772900000563823
682,58.28737579342052,0.00014954033229287687,0.011784964271626468,0.8242266225617484,0.04652040000655688,0.04521079998812638,0.10802419998799451,0.2001479000027757
683,58.29604953734803,0.00014880999203413853,0.011787337536317045,0.8242288309859859,0.09260309999808669,0.09730900000431575,0.11717029998544604,0.307289899996249
684,58.30468247897688,0.00014808793558670954,0.011789695244198043,0.8242310352462543,0.06455609999829903,0.042811599996639416,0.12998370002605952,0.2375815999985207
685,58.31327537491157,0.00014737917383888537,0.01179203745000355,0.8242332353919459,0.07172909998917021,0.05422200000612065,0.13351010001497343,0.2597370999865234
686,58.321827913344436,0.0001466653755577892,0.01179436420266697,0.8242354313628465,0.06646100000943989,0.059174499998334795,0.15045810001902282,0.27636590000474826
687,58.33034227811912,0.00014598933331331875,0.011796675566779083,0.8242376233356157,0.06535910000093281,0.040374600008362904,0.12020350000238977,0.22609989999909885
688,58.3388160314416,0.00014527179151600103,0.011798971587860833,0.8242398111850191,0.046850599988829345,0.05647579999640584,0.1124394999933429,0.21617349999723956
689,58.34725160082856,0.00014459617045377927,0.011801252320537976,0.8242419948003192,0.05425210000248626,0.06224410000140779,0.12904010000056587,0.24577760000829585
690,58.35564844413082,0.00014391154804874333,0.011803517819373844,0.8242441742895646,0.0635306999902241,0.05512420000741258,0.13323319997289218,0.2523900000087451
691,58.36400736884789,0.00014324105617770445,0.011805768138734261,0.8242463496132362,0.07254930000635795,0.0698629999824334,0.1252676000003703,0.26792179999756627
692,58.372327395862754,0.00014255407381950536,0.011808003324482728,0.8242485206540867,0.07596869999542832,0.05589540000073612,0.1794946999871172,0.31156790000386536
693,58.38061001842835,0.0001418929642709779,0.011810223428421087,0.8242506873371934,0.09441390002029948,0.0748555000172928,0.12532329998794012,0.29500010001356713
694,58.38885462605291,0.00014122167654567522,0.011812428498582423,0.8242528496610981,0.06845600000815466,0.05582549999235198,0.14513319998513907,0.2695792999875266
695,58.39706356819401,0.00014059090889295806,0.01181461859911013,0.8242550077758187,0.0916676000051666,0.05491999999503605,0.13882729999022558,0.285594899993157
696,58.405234832275404,0.0001399259411709196,0.011816793778446395,0.8242571616399842,0.09369519999017939,0.06567380001069978,0.1300937000196427,0.2898984999919776
697,58.41336948339601,0.00013927948657285605,0.01181895408627684,0.8242593110818104,0.06151169998338446,0.05819109998992644,0.1478388000105042,0.2678060999896843
698,58.42146802084922,0.00013864184731732798,0.01182109957499653,0.8242614561371935,0.09205609999480657,0.059167100000195205,0.12505649999366142,0.2765543000132311
699,58.42953047076671,0.00013800491823676083,0.011823230293703173,0.8242635967578391,0.061029500007862225,0.04745990000083111,0.11644350001006387,0.22508340000058524
700,58.43755843687648,0.0001373956977762896,0.01182534630529783,0.8242657330800617,0.09757099999114871,0.05257759999949485,0.1610219000140205,0.3114386999804992
701,58.4455485980665,0.0001367298943307749,0.011827447643116764,0.8242678648447819,0.07894979999400675,0.11496269999770448,0.14493080001557246,0.33908570001949556
702,58.45350504410687,0.00013613433753671017,0.011829534364975329,0.8242699919981109,0.08152370000607334,0.067969700001413,0.1352185999858193,0.2849473000096623
703,58.46142717239779,0.0001355287126912903,0.011831606530965186,0.824272114830824,0.07534109998960048,0.07016669999575242,0.14807890000520274,0.29400980001082644
704,58.4693141086074,0.0001349083761905206,0.011833664188255797,0.8242742332060248,0.054974099999526516,0.0615756000042893,0.1479135999979917,0.2647329999890644
705,58.47716652941441,0.0001342998618459272,0.011835707385204824,0.8242763469751159,0.06530660000862554,0.06453889998374507,0.1474492000124883,0.277499700023327
706,58.484985689510324,0.00013371304664667536,0.011837736177923386,0.8242784562179413,0.07973920000949875,0.06785520000266843,0.12122300002374686,0.26918560001649894
707,58.49277076398748,0.0001331123601275253,0.011839750614802063,0.8242805609167755,0.04552850002073683,0.0502727999992203,0.09408999999868684,0.1901674999971874
708,58.500522028989096,0.00013251663240388512,0.011841750744704402,0.8242826609580657,0.09491230000276119,0.07257669998216443,0.16651959999580868,0.33431420000852086
709,58.50824069393256,0.0001319418130941802,0.011843736622903563,0.8242847564016619,0.09561219997704029,0.06231480001588352,0.14986910001607612,0.3080979000078514
710,58.515925072502085,0.00013133839743579485,0.011845708289415611,0.8242868471080399,0.07952589998603798,0.06422800000291318,0.13325169999734499,0.2772359999944456
711,58.523578061824374,0.0001307847276242517,0.011847665804965228,0.8242889331404335,0.07742049999069422,0.050173600000562146,0.13093970000045374,0.25888390000909567
712,58.53119822542422,0.00013020672782166365,0.011849609220283195,0.8242910145970144,0.06558059999952093,0.05011209999793209,0.12269190000370145,0.23870960000203922
713,58.53878612009656,0.00012963846465464482,0.011851538584047404,0.824293091325562,0.06727579998550937,0.050236100010806695,0.12652980000711977,0.24427409999771044
714,58.546342197202684,0.00012907813104667977,0.011853453948631208,0.8242951633449483,0.07533540000440553,0.052260099997511134,0.12626609997823834,0.2540412000089418
715,58.55386642518769,0.0001285174735539369,0.011855355363183667,0.8242972306246371,0.06416559999343008,0.04785120001179166,0.1174151000159327,0.2296570999897085
716,58.56135856798826,0.00012795299880218267,0.011857242871633164,0.8242992930351307,0.07257730001583695,0.0615220999752637,0.1196909999998752,0.2539711999997962
717,58.56882020427933,0.00012741569651962938,0.01185911653015355,0.8243013506533436,0.04753919999348,0.0462480999995023,0.10184060002211481,0.1958011999959126
718,58.576250815991585,0.0001268697523073697,0.011860976391014959,0.8243034035464252,0.058039800002006814,0.05171189998509362,0.1268444000161253,0.23682789999293163
719,58.583650781863724,0.0001263304798285053,0.011862822505488755,0.8243054516624619,0.07228160000522621,0.05230909999227151,0.0876169000111986,0.2124506999971345
720,58.59102005126202,0.0001257905456547216,0.011864654921474583,0.8243074949367071,0.06371459999354556,0.05241130001377314,0.11053349997382611,0.22684320001280867
721,58.59835920401828,0.0001252607097442247,0.011866473690311217,0.8243095333604659,0.0678650000190828,0.05889240000396967,0.11598959998809732,0.24292720001540147
722,58.605668533333166,0.0001247360747668271,0.011868278865556681,0.8243115669706739,0.08515649999026209,0.0503344000026118,0.11691640000208281,0.25273929999093525
723,58.61294704587606,0.00012419468500315226,0.011870070486521608,0.8243135955931972,0.06062100001145154,0.06889359999331646,0.10333740001078695,0.233071300026495
724,58.62019702366923,0.00012369242903774935,0.01187184861103195,0.8243156192819411,0.058774300006916746,0.05399829999078065,0.11057339998660609,0.2238257999997586
725,58.627417489152855,0.00012317368160177892,0.011873613289087166,0.8243176381405891,0.05101590001140721,0.04954340000404045,0.12112729999353178,0.22186839999631047
726,58.63460929660672,0.00012266969554295993,0.011875364575464595,0.8243196521375165,0.06542539998190477,0.0560377000074368,0.1028787000104785,0.2246432999963872
727,58.64177238466675,0.0001221648467681859,0.011877102521942661,0.824321661286493,0.07048220001161098,0.05730980000225827,0.14008320000721142,0.2680825000279583
728,58.648906229478335,0.00012165124827381862,0.011878827170799005,0.8243236654320708,0.0702879999880679,0.05851040000561625,0.14626559999305755,0.27532039998914115
729,58.65601230449829,0.00012116295898427666,0.011880538575890578,0.8243256645776189,0.07764189998852089,0.05961510000634007,0.12922389997402206,0.2668304000108037
730,58.66308911859986,0.00012064942404941891,0.011882236777585466,0.8243276586649892,0.07462719999602996,0.054515099996933714,0.11484789999667555,0.24428000001353212
731,58.67013845824171,0.00012016652630743476,0.011883921826199488,0.8243296476078406,0.06842299998970702,0.04812500000116415,0.10025869999662973,0.21701650001341477
732,58.677160749901816,0.0001196910701873477,0.011885593781638669,0.8243316316566204,0.05734440000378527,0.0440080999978818,0.12073379999492317,0.22232020000228658
733,58.68415413876322,0.00011918417271774362,0.011887252681759546,0.8243336106282286,0.07063400000333786,0.03904760000295937,0.1077313999994658,0.21759000001475215
734,58.691120900208155,0.00011871622837848787,0.011888898579697795,0.8243355844393385,0.04685179999796674,0.04178229998797178,0.08600979999755509,0.1748096999945119
735,58.69806096509063,0.00011824727106981546,0.011890531531706761,0.8243375533033688,0.0733087999979034,0.040906499983975664,0.10311140000703745,0.21753419999731705
736,58.70497317882093,0.0001177588086667186,0.011892151576855711,0.82433951703732,0.046263800002634525,0.04477949999272823,0.1019938999961596,0.1932898000231944
737,58.71185888088309,0.00011729333460708759,0.011893758766352742,0.8243414755977843,0.05090149998432025,0.0619388000050094,0.10702659998787567,0.2200301999982912
738,58.71871883146346,0.00011684097065105878,0.011895353157112728,0.824343429117117,0.05731289999675937,0.044834200001787394,0.12076469999738038,0.2232402999943588
739,58.72555143491941,0.0001163615894883331,0.011896934789950837,0.824345377529042,0.055916300014359877,0.039196700003230944,0.11275129998102784,0.2080839999835007
740,58.73235849611414,0.00011591310815142248,0.011898503716642143,0.8243473207352796,0.06974110001465306,0.049439099995652214,0.10972859998582862,0.22922100001596846
741,58.73913926284182,0.00011545197402771093,0.011900059984550846,0.8243492588074358,0.05350999999791384,0.04518429999006912,0.07373840000946075,0.17260009999154136
742,58.74589458504664,0.00011500546806783155,0.011901603644934467,0.8243511917100174,0.04579519998515025,0.05082689999835566,0.11008230000152253,0.2071206999826245
743,58.75262414553113,0.00011455371531954191,0.011903134745054087,0.8243531194497787,0.0481996999878902,0.05335410000407137,0.08107190000009723,0.18278979999013245
744,58.75932848167213,0.00011411126291809355,0.011904653333898426,0.8243550419843987,0.06786909999209456,0.04701229999773204,0.07850959998904727,0.19355409999843687
745,58.76600850135883,0.00011368441163837577,0.011906159469137784,0.8243569594437143,0.048366400005761534,0.033419799990952015,0.09375669999280944,0.17571640000096522
746,58.77266280592858,0.00011323390407902485,0.011907653193288995,0.8243588717675001,0.05838860000949353,0.09530260000610724,0.12462659997981973,0.27873429999453947
747,58.77929312586964,0.0001128129920360008,0.011909134559805409,0.8243607788799354,0.05224129999987781,0.057744999998249114,0.11667839999427088,0.2268865999940317
748,58.78589888765053,0.00011238246378267788,0.011910603618188168,0.8243626808691351,0.06388229998992756,0.057481099996948615,0.13541359998635016,0.2570838000101503
749,58.792479154363036,0.00011193614177917188,0.011912060402530155,0.8243645774948584,0.049821299995528534,0.04842780000763014,0.10537350000231527,0.20389520001481287
750,58.799036233800244,0.00011152922162019834,0.01191350496884588,0.8243664687932933,0.05463720002444461,0.04816959999152459,0.11914789999718778,0.22207129999878816
751,58.8055689726548,0.00011110282196763849,0.011914937363674074,0.8243683548895824,0.04667190002510324,0.058080899994820356,0.10008500001276843,0.20504399997298606
752,58.81207683803267,0.00011066750125138783,0.011916357624948033,0.8243702355704372,0.06203350002760999,0.04845729999942705,0.09022780001396313,0.2009537999983877
753,58.81856245549794,0.00011027696714629674,0.011917765813537158,0.824372110949876,0.05065429999376647,0.04263370000990108,0.10701140001765452,0.20066329999826849
754,58.82502379611759,0.0001098520662510252,0.011919161972778054,0.8243739811337407,0.05729810000048019,0.05258849999518134,0.09328969998750836,0.20334899998852052
755,58.8314627755766,0.00010945987002610598,0.0119205461594799,0.8243758460808508,0.043102300027385354,0.04641690000426024,0.09874650000710972,0.18847459999960847
756,58.837877942643416,0.00010904313379545534,0.011921918415643556,0.8243777057846204,0.0623922000231687,0.056175899982918054,0.14786080000340007,0.26667149999411777
757,58.84427026752613,0.00010864302225417276,0.011923278788444538,0.8243795601333096,0.0666786000074353,0.044050299999071285,0.12976839998736978,0.24075989998527803
758,58.85064011524729,0.00010824924316676418,0.011924627327945853,0.8243814091795524,0.06556289998115972,0.05458130000624806,0.08709230000386015,0.20758919999934733
759,58.85698656039604,0.0001078398660799991,0.011925964074421813,0.8243832528606005,0.05991619999986142,0.05993260000832379,0.09431499999482185,0.21445799997309223
760,58.86331120406789,0.00010745782347118466,0.011927289080473184,0.8243850911735044,0.058386299991980195,0.04610760000650771,0.08845839998684824,0.1931281000142917
761,58.86961362937,0.00010706882051300978,0.011928602396051199,0.8243869242228077,0.059217500005615875,0.051199000008637086,0.10055810000631027,0.21119760000146925
762,58.87589363829601,0.00010667657792948592,0.011929904066048278,0.8243887519505054,0.0636240000021644,0.05472430001827888,0.09387640000204556,0.2124852999986615
763,58.882152513312256,0.00010630624232550471,0.011931194143826882,0.8243905743566962,0.0564934000140056,0.05995649998658337,0.1094740999978967,0.22615960001712665
764,58.88838881851395,0.00010591163766111209,0.011932472670625579,0.8243923914621993,0.06201310001779348,0.05292029998963699,0.10252990000299178,0.21764210000401363
765,58.89460349343268,0.00010553311176305757,0.01193373968982145,0.8243942030958813,0.05232089999481104,0.043337699986295775,0.09418889999506064,0.19008559998474084
766,58.90079637085269,0.00010515186541150721,0.01193499524657307,0.8243960093021484,0.056661899987375364,0.05993809999199584,0.11440310001489706,0.2312126999895554
767,58.906969433128744,0.00010480439410679564,0.01193623940282193,0.8243978102340809,0.056750499992631376,0.05306390000623651,0.10250559999258257,0.21248000001651235
768,58.91312063125877,0.00010442224730318059,0.011937472201218453,0.8243996059620046,0.053536899999016896,0.048336400010157377,0.10003459997824393,0.20207700002356432
769,58.919249731910554,0.00010403625858059466,0.0119386936730982,0.8244013961240427,0.06476290000136942,0.05780090001644567,0.11196800001198426,0.2347455999988597
770,58.92535877922984,0.00010368508334851057,0.011939903872311527,0.8244031807823817,0.050862800009781495,0.047678699978860095,0.08516869999584742,0.18386079999618232
771,58.93144707762769,0.00010332221176046135,0.011941102847089415,0.8244049601015762,0.05595899999025278,0.05675240000709891,0.10857669997494668,0.22149769999668933
772,58.9375156489573,0.00010297679134910693,0.0119422906537972,0.8244067341645449,0.05728290000115521,0.048913000005995855,0.10686850000638515,0.2132252999872435
773,58.94356307676008,0.00010260744342867263,0.011943467332160335,0.8244085029094402,0.05054180001025088,0.036943100014468655,0.08777230000123382,0.1754711999965366
774,58.94959037351416,0.00010225538531213062,0.011944632927172374,0.82441026618534,0.04111900000134483,0.04557980000390671,0.10179749998496845,0.18861610000021756
775,58.95559705139431,0.0001018951589329953,0.011945787479555943,0.8244120239858431,0.044521600008010864,0.05075719999149442,0.10121910000452772,0.1966907000169158
776,58.96158487376519,0.00010156495176638984,0.011946931045297206,0.8244137763993373,0.042243999982019886,0.04357850001542829,0.08468210001592524,0.17075789999216795
777,58.96755305161234,0.00010122146241369013,0.01194806367501919,0.82441552360095,0.07433110001147725,0.08692859997972846,0.1310626000049524,0.29253619999508373
778,58.97350060954184,0.00010086153522920847,0.011949185403783067,0.8244172653786943,0.07096339997951873,0.05349620000924915,0.12486059998627752,0.24956830000155605
779,58.97942983648827,0.00010054052896896728,0.011950296287852418,0.8244190017307033,0.05198799999197945,0.048539800016442314,0.09810719999950379,0.19875790001242422
780,58.98533870684136,0.00010018527424680817,0.011951396362559768,0.8244207327128952,0.05335230001946911,0.04437450002296828,0.09350690001156181,0.19164610002189875
781,58.991228740971415,9.985590079134595e-05,0.011952485675711126,0.8244224581932076,0.07619560000603087,0.05086649997974746,0.09896880001178943,0.22620440000901
