iteration,loglike,relative_loglike_change,min_h,max_h,filter_seconds,smoother_seconds,m_step_seconds,iteration_seconds
1,-652.3838257886675,,0.12931898670295608,0.8008238813924659,0.0207720999896992,0.016892499988898635,0.037627700017765164,0.07538900000508875
2,-372.5889012426752,0.4288808420529861,0.10593692245214467,0.7981704862536956,0.017294100020080805,0.017716199974529445,0.044622199988225475,0.07974470002227463
3,-312.82097389861656,0.16041252743900308,0.08777896972858516,0.8087376884722045,0.03267529999720864,0.017734399996697903,0.03781619999790564,0.08832629999960773
4,-273.71885300603935,0.12499839894127422,0.07357751032832854,0.8149317456270952,0.020714899990707636,0.021495699998922646,0.04893859999720007,0.09123550000367686
5,-244.6940165246353,0.1060388649252584,0.06255989824124247,0.8172163223340196,0.018740500003332272,0.034006499976385385,0.05732049999642186,0.11015480000060052
6,-222.7518463750008,0.08967187044978432,0.053986202124324506,0.817106478019697,0.020112400001380593,0.017228599986992776,0.04041469999356195,0.07784469999023713
7,-205.6759930223156,0.07665863888705175,0.04723624214345137,0.8153629537806327,0.022452999983215705,0.02418450001277961,0.04481530000339262,0.0915530999773182
8,-191.23275567469074,0.07022325326056787,0.04184147791051811,0.8124674594736633,0.026753900019684806,0.025779499992495403,0.05794750002678484,0.11059820000082254
9,-178.0408335581973,0.06898359054624738,0.037460888149742404,0.8089572548249088,0.025982199993450195,0.02439909998793155,0.07761560002109036,0.1280929000058677
10,-166.58996766559008,0.06431595305278219,0.033848431643199076,0.8053149325327588,0.01733159998548217,0.016640599991660565,0.04104040001402609,0.07510389998788014
11,-157.08467769790823,0.057057997554586286,0.030824025573428407,0.8106930582840481,0.024164100002963096,0.021521499991649762,0.05692669999552891,0.10277290001977235
12,-147.1801721261547,0.06305201574657095,0.02781830809681468,0.8217104745531968,0.026466599985724315,0.02662129999953322,0.05329049998545088,0.10652040000422858
13,-135.00353501611517,0.08273286363330515,0.023899936392921314,0.8250263297457872,0.0242996999877505,0.02451180000207387,0.050738399993861094,0.09980860000359826
14,-122.27945062660623,0.09425000899413542,0.02092265382126509,0.8228903906250665,0.1127072999952361,0.020469299983233213,0.036054199998034164,0.16932789998827502
15,-110.64636580708414,0.09513523948553712,0.018613175811689028,0.8478614354549731,0.01910679999855347,0.022364100004779175,0.04217259999131784,0.08378280000761151
16,-100.36938989585008,0.09288127844300222,0.016700638498620024,0.8768450904931229,0.028988800011575222,0.02280930001870729,0.05332269999780692,0.10526800001389347
17,-91.75969696282975,0.08578006643214943,0.015044920564906727,0.9012890529996871,0.02892979999887757,0.021506699995370582,0.03983619998325594,0.09038029998191632
18,-82.39541642447205,0.10205221734931198,0.013632030833481551,0.9169490741032472,0.01953630000934936,0.015818199986824766,0.03538710001157597,0.07082560000708327
19,-72.0544523346851,0.1255041182935949,0.012469329554161124,0.9255492372182813,0.023109200003091246,0.024564399995142594,0.0472660000086762,0.0950336999958381
20,-62.16991773031247,0.13718145491495845,0.011524223666961942,0.9302800500127854,0.016311800020048395,0.01710199998342432,0.03520849999040365,0.06871620001038536
21,-53.70393515276065,0.13617490398292778,0.010748650405633501,0.9331123418404245,0.0181291000044439,0.01675380000961013,0.03527689998736605,0.07027319999178872
22,-46.95692608697381,0.1256334204671408,0.010100720976031537,0.9349262125105041,0.024854500021319836,0.026340400014305487,0.037952199985738844,0.08924470000783913
23,-41.62447765933828,0.11356042381817634,0.009547619975505496,0.936126224991156,0.017351899994537234,0.016658400010783225,0.038112000009277835,0.07222999999066815
24,-37.22545518044266,0.10568354790894827,0.009055621073400645,0.9369396112839397,0.01666500000283122,0.020516699994914234,0.04159320000326261,0.07887220001430251
25,-33.41592179678201,0.10233678447166673,0.007900738947179322,0.9375044946320241,0.024032199988141656,0.02355320000788197,0.03298960000392981,0.08069000000250526
26,-29.994164297836562,0.10239901564753379,0.00704735752421629,0.9379039205230142,0.023673499992582947,0.02238390001002699,0.04738340000039898,0.09352600001147948
27,-26.833217820726233,0.10538538249383143,0.006396953643377764,0.9381884648847458,0.02233959999284707,0.02678719998220913,0.03380999999353662,0.08302479999838397
28,-23.843644933540986,0.11141313379404211,0.005886104097573553,0.9383903893312068,0.01753630000166595,0.018923900002846494,0.05196829998749308,0.08858430001419038
29,-20.95731425783468,0.12105240971971071,0.005472913062756185,0.9385314971986843,0.020292500004870817,0.017671799985691905,0.037283999990904704,0.07533330001751892
30,-18.11880942623018,0.1354422039333286,0.00512902002791457,0.938627416395008,0.01745779998600483,0.017687899991869926,0.03426030001719482,0.06949049999821
31,-15.279834952518998,0.15668659054392745,0.005,0.9386900581499484,0.017411099979653955,0.01574040000559762,0.0332664999878034,0.06650059999083169
32,-12.50175799893041,0.1818132828149823,0.005,0.9386981380869697,0.016356099979020655,0.015986900019925088,0.035864300007233396,0.06829689998994581
33,-10.046373856068257,0.19640310931248417,0.005,0.9386772891520997,0.017207999975653365,0.016551800013985485,0.03262640000320971,0.06647099999827333
34,-7.96994679892447,0.20668423123529037,0.005,0.9386570979958111,0.016425900015747175,0.015569199982564896,0.03425190001144074,0.06633490000967868
35,-6.169642353137727,0.225886632772717,0.005,0.9386372664331843,0.020566899998812005,0.018136899976525456,0.0354016000055708,0.07420169998658821
36,-4.58790076731046,0.25637492342207363,0.005,0.938617164590064,0.01930059998994693,0.015320800011977553,0.036133899993728846,0.07085250000818633
37,-3.189550260537997,0.3047909224052835,0.005,0.9385960852935209,0.020350899983895943,0.01815089999581687,0.03634039999451488,0.07495449998532422
38,-1.9527610611188173,0.38776288140716253,0.005,0.9385731700349923,0.020048300008056685,0.01712739997310564,0.03908790001878515,0.07635570000275038
39,-0.864545652938773,0.5572701288689978,0.005,0.9385474318688946,0.019294300000183284,0.0246880000049714,0.046348400006536394,0.09047279998776503
40,0.08180978756288937,0.9463554405016623,0.005,0.9385177828814101,0.031394499994348735,0.021519200003240258,0.03872759998193942,0.09173899999586865
41,0.8883709577381786,0.8065611701752893,0.005,0.9384830530032368,0.020221700018737465,0.020050999999511987,0.04818889999296516,0.08857300001545809
42,1.5537088233913305,0.6653378656531519,0.005,0.9384420048548497,0.028079699986847118,0.019593300006818026,0.04103270001360215,0.08880030000000261
43,2.073867695632785,0.33478529851306815,0.005,0.9383933517631885,0.02355760001228191,0.02053489998797886,0.05229649998364039,0.09654460000456311
44,2.4433754770239204,0.17817326638977807,0.005,0.9383357865229142,0.028356800001347438,0.021145799983059987,0.08519680000608787,0.13479899999219924
45,2.6518712062091065,0.08533102306450993,0.005,0.9382679188225186,0.01940449999528937,0.024162600020645186,0.04577520000748336,0.08944559999508783
46,2.702312590308848,0.01902105350427192,0.005,0.9381883668836876,0.020199599995976314,0.025690399983432144,0.04558440000982955,0.09157309998408891
47,2.596704731725355,0.039080548624251955,0.005,0.9380962732727041,0.01912000001175329,0.020824599982006475,0.05487280001398176,0.09491510002408177
48,2.3416007223926076,0.09824143893450908,0.005,0.937991047835236,0.019231600017519668,0.0163911999843549,0.04528849999769591,0.08114439999917522
49,1.9545094582487685,0.165310533278413,0.005,0.9378725159701375,0.02459169999929145,0.020528699998976663,0.04663220001384616,0.09186049998970702
50,1.4672249446284589,0.2493129473299732,0.005,0.9377410243985178,0.021167200000490993,0.019293099991045892,0.04525850000209175,0.08581350001622923
51,0.9262335931077814,0.3687173895872327,0.005,0.9375974295046828,0.025793800014071167,0.020138299994869158,0.05214189999969676,0.098289300018223
52,0.38834916064929104,0.5378844324584904,0.005,0.9374429463053678,0.05726979998871684,0.020457600010558963,0.0390688999905251,0.11689159998786636
53,-0.08896495897313095,0.477314119622422,0.005,0.9372788899342154,0.026913100009551272,0.01946219999808818,0.04613609999069013,0.09264510002685711
54,-0.4596998679830886,0.37073490900995765,0.005,0.9371064035587365,0.03241429998888634,0.033996300015132874,0.03654370000003837,0.1030480999907013
55,-0.6982637055628,0.23856383757971145,0.005,0.9369262783133414,0.023772999993525445,0.026153800019528717,0.04937880000215955,0.09939300001133233
56,-0.8010529891849902,0.1027892836221902,0.005,0.9367389129527475,0.01832910001394339,0.01867570000467822,0.041627900005551055,0.07872920000227168
57,-0.781063112707681,0.01998987647730921,0.005,0.9365443826676432,0.019944900006521493,0.018754899996565655,0.05215259999386035,0.09093960002064705
58,-0.6596264248449586,0.12143668786272244,0.005,0.93634254878177,0.03221870001289062,0.020987399999285117,0.044745399995008484,0.09805110000888817
59,-0.4593338705732304,0.2002925542717282,0.005,0.9361331543550195,0.023063200002070516,0.018492400005925447,0.03939099999843165,0.08104970000567846
60,-0.19990096442018235,0.25943290615304804,0.005,0.9359158840963034,0.022208799986401573,0.01896889999625273,0.03823130001546815,0.07950180000625551
61,0.10328895106805014,0.3031899154882325,0.005,0.9356903918611217,0.021896200021728873,0.024470399977872148,0.04048739999416284,0.08694430001196451
62,0.4390147587765032,0.33572580770845306,0.005,0.9354563080353854,0.025215800007572398,0.022790599992731586,0.04206740000518039,0.0901818000129424
63,0.7993755389941342,0.36036078021763096,0.005,0.9352132379325103,0.01889920001849532,0.018494499992812052,0.034842299995943904,0.07235709999804385
64,1.1788547651205104,0.3794792261263762,0.005,0.9349607579150249,0.023857899999711663,0.020892500004265457,0.04020050002145581,0.0850522999826353
65,1.5735423041620287,0.3348059071561464,0.005,0.9346984120564049,0.019150600011926144,0.02312040000106208,0.04526500002248213,0.08770370000274852
66,1.9805717067631097,0.25867077200561167,0.005,0.9344257097718712,0.025406100001418963,0.027473900001496077,0.051117399998474866,0.10409229999640957
67,2.3977439127334073,0.21063221520623002,0.005,0.9341421236862588,0.028076799993868917,0.021565500006545335,0.04244610000750981,0.09218589999363758
68,2.823284309261652,0.17747533181853953,0.005,0.9338470865068514,0.02167899999767542,0.017905499989865348,0.04689769999822602,0.08662320001167245
69,3.2556832490037735,0.15315458606972632,0.005,0.9335399853618661,0.02080189998378046,0.02104329998837784,0.053910600021481514,0.09590759998536669
70,3.6935805669768182,0.13450243297072578,0.005,0.9332201516346158,0.025125999993178993,0.021309399977326393,0.04015750001417473,0.08678039998630993
71,4.135662757697039,0.11968933199203602,0.005,0.9328868435263925,0.02609999998821877,0.023132000002078712,0.041872300003888085,0.09119760000612587
72,4.580542577281587,0.10757159025033299,0.005,0.9325392171104819,0.026481400011107326,0.016176399978576228,0.042420699988724664,0.08517310000024736
73,5.026580347940222,0.09737662364953807,0.005,0.9321762788676214,0.025379099999554455,0.023782199976267293,0.04877320001833141,0.09803130000364035
74,5.471573885236976,0.08852808599371202,0.005,0.9317968070202431,0.026604699989547953,0.02569380000932142,0.05147050000960007,0.10389410000061616
75,5.912162008054661,0.08052310579346272,0.005,0.9313992158059279,0.027271300001302734,0.018544099992141128,0.034245100017869845,0.08016440001665615
76,6.342578281262249,0.07280184010877801,0.005,0.930981301537463,0.018885400000726804,0.018039200018392876,0.036251000012271106,0.07327110000187531
77,6.751841332569988,0.06452629091182321,0.005,0.9305397018635281,0.017941099999006838,0.016243699996266514,0.04197709998697974,0.07633349997922778
78,7.117002267483414,0.05408316293689222,0.005,0.9300685439595652,0.02767939999466762,0.02224160000332631,0.05379829998128116,0.10381649999180809
79,7.386705926010777,0.037895682534709936,0.005,0.9295555945574827,0.018008299986831844,0.018653900013305247,0.03878859998076223,0.07554749998962507
80,7.447882409394644,0.008281970880747698,0.005,0.9289714512478013,0.024494600016623735,0.021227999997790903,0.040742100012721494,0.0865650000050664
81,7.114079596693433,0.044818485893407485,0.005,0.9282506435378141,0.01967409998178482,0.016424400004325435,0.044539199996506795,0.08079839998390526
82,6.29595365955595,0.11500095353413545,0.005,0.9273214508941084,0.025285399984568357,0.025043000001460314,0.04734580000513233,0.09776370000327006
83,4.742375560693311,0.24675818515668868,0.005,0.9262739768501852,0.018041200004518032,0.018861699994886294,0.04902330000186339,0.08605369998258539
84,0.6271743652095356,0.8677510127186456,0.005,0.9252485409092872,0.02376219999860041,0.020942899980582297,0.04329349999898113,0.08813650000956841
85,-4.737904033433594,5.36507839864313,0.005,0.9239859886372895,0.025509099999908358,0.024971800012281165,0.05049890000373125,0.10112209999351762
86,-8.108711182001235,0.7114553449755697,0.005,0.9225693043602478,0.028216800012160093,0.02563940000254661,0.05476790000102483,0.10871870000846684
87,-9.850291510883082,0.21477893216219152,0.005,0.9213911405918186,0.0182284000038635,0.016137099999468774,0.040549299999838695,0.07504920000792481
88,-10.262639028166861,0.04186145321975469,0.005,0.9205646727394392,0.018368599994573742,0.017835000006016344,0.040974600007757545,0.07731230001081713
89,-9.82104847420578,0.04302894730576519,0.005,0.920017200989081,0.02888689999235794,0.023719999997410923,0.0482250000059139,0.10095019999425858
90,-8.949640850694255,0.08872857371595395,0.005,0.9196500029910829,0.017818399996031076,0.016256599978078157,0.03687090001767501,0.07103920000372455
91,-7.897553428237798,0.11755638466484859,0.005,0.919390252322674,0.016757899982621893,0.017560900014359504,0.04340209998190403,0.07785229998989962
92,-6.787913197445591,0.14050430185437873,0.005,0.9191923392969235,0.02644360001431778,0.02136770001379773,0.0343214999884367,0.08223170001292601
93,-5.677704688647878,0.1635566744158579,0.005,0.9190293983689748,0.01970810000784695,0.01980149999144487,0.04492799998843111,0.08457350000389852
94,-4.592616369460556,0.19111390582833063,0.005,0.9188860654350167,0.04010260000359267,0.018793399998685345,0.03942889999598265,0.09841870001400821
95,-3.543871676725219,0.2283545169827719,0.005,0.9187537087942008,0.017968200001632795,0.016226900013862178,0.033442199986893684,0.06773849998717196
96,-2.5359311851248663,0.28441788629653747,0.005,0.9186275265513141,0.017499300010968,0.017275999998673797,0.033720699982950464,0.06860110000707209
97,-1.570014639850374,0.38089225407231686,0.005,0.9185048428347238,0.02082549998885952,0.01771720001124777,0.036005400004796684,0.07466529999510385
98,-0.645750484532277,0.5886977941850157,0.005,0.9183841321840832,0.019140000018524006,0.0216284999914933,0.046792699984507635,0.08765790000325069
99,0.23802408010669396,0.883774564638971,0.005,0.9182644734803712,0.023990899993805215,0.017386099993018433,0.039397899992763996,0.0808645999932196
100,1.082859812116748,0.8448357320100541,0.005,0.9181452520148213,0.023075599980074912,0.027004600007785484,0.050936999992700294,0.10117710000486113
101,1.8904845294209487,0.7458257368749104,0.005,0.9180260023896072,0.026840200007427484,0.028097500005969778,0.0664536000113003,0.12149060002411716
102,2.6626896032702057,0.4084693959837808,0.005,0.9179063300906418,0.01933520002057776,0.016623199975583702,0.036305799992987886,0.07240410000667907
103,3.4012683761370415,0.2773807250983156,0.005,0.9177858764090158,0.023203799995826557,0.024604499980341643,0.03476609999779612,0.08266119999461807
104,4.107984148030491,0.20778006723953238,0.005,0.9176643070119053,0.018944899988127872,0.015908700006548315,0.03573589998995885,0.07067749998532236
105,4.784556469100053,0.16469691622201957,0.005,0.9175413133708309,0.018344599986448884,0.020218599995132536,0.0433727000199724,0.082174400013173
106,5.432659843358369,0.13545735711218812,0.005,0.9174166212003614,0.02359159998013638,0.0241546000179369,0.04664339998271316,0.09452099999180064
107,6.053931476007891,0.11435864761697719,0.005,0.9172900026928384,0.025198799994541332,0.025097600009758025,0.05067359999520704,0.10122209999826737
108,6.649985733417568,0.09845738422575091,0.005,0.9171612906262545,0.02664060000097379,0.025185400008922443,0.04280170000856742,0.09475160000147298
109,7.2224332150115735,0.08608251273643155,0.005,0.9170303929431507,0.02782920000026934,0.019984500017017126,0.0412808999826666,0.08919050000258721
110,7.7729021057558025,0.07621654286814293,0.005,0.9168973064942498,0.02267180001945235,0.01980769998044707,0.035283500008517876,0.0778590000118129
111,8.303059052253213,0.06820579228764903,0.005,0.9167621285391826,0.018920400005299598,0.018085499992594123,0.03829070000210777,0.07543940001050942
112,8.814626384622251,0.061611910640357745,0.005,0.916625064471869,0.01974250000785105,0.020238400000380352,0.04424529999960214,0.08431469998322427
113,9.309392312081496,0.05613010760415204,0.005,0.9164864302353999,0.0201705000072252,0.02002070000162348,0.04087939998134971,0.08130859999801032
114,9.789210984501453,0.05154135268284495,0.005,0.916346648127688,0.019673700007842854,0.018842599994968623,0.04027789999963716,0.07892040000297129
115,10.255990189276647,0.04768302629437762,0.005,0.9162062352401926,0.026076000009197742,0.021327399997971952,0.040091400005621836,0.08763330001966096
116,10.711665984658183,0.044430209757608474,0.005,0.9160657846029604,0.022248100023716688,0.027556999993976206,0.05668349997722544,0.10662629999569617
117,11.158165605497922,0.041683489895898575,0.005,0.9159259401142044,0.022365199984051287,0.0465117999992799,0.07061470000189729,0.13965989998541772
118,11.597362105976096,0.039360994988438765,0.005,0.9157873673102486,0.04450279998127371,0.03869630000554025,0.07320079999044538,0.15657339998870157
119,12.031025939308567,0.0373933166326681,0.005,0.9156507227440415,0.03536940002231859,0.03428010002244264,0.0649381999974139,0.13475129997823387
120,12.460779452625843,0.03572043776525802,0.005,0.9155166249953272,0.03298310001264326,0.0320977000228595,0.06317700000363402,0.1284530000120867
121,12.888059901152893,0.03429002576857338,0.005,0.9153856300542825,0.032594700023764744,0.030493199999909848,0.06662820000201464,0.1298815999762155
122,13.314095040384922,0.0330565765910134,0.005,0.9152582130757757,0.03864889999385923,0.03206619998672977,0.06348209999850951,0.1344872000045143
123,13.739893144227235,0.03198100227997191,0.005,0.9151347574843989,0.031763299979502335,0.02964399999473244,0.06574489999911748,0.1273141999845393
124,14.166246940688392,0.03103035751339072,0.005,0.9150155513658188,0.03363379999063909,0.03232830000342801,0.06527640001149848,0.1314254000026267
125,14.59374908856415,0.030177516293880473,0.005,0.9149007902195517,0.036818399996263906,0.03375229999073781,0.06585809998796321,0.13659650000045076
126,15.022815703356406,0.02940071205749845,0.005,0.914790584601472,0.03067529998952523,0.10833660000935197,0.10124090002500452,0.240533600008348
127,15.45371418421969,0.028682937298299727,0.005,0.9146849709755062,0.056113500002538785,0.04124439999577589,0.08721420000074431,0.1847497000126168
128,15.886592020285201,0.028011249004950386,0.005,0.914583924170381,0.03448870001011528,0.03336899998248555,0.07061029999749735,0.1388050000241492
129,16.321504043167963,0.027376042786736932,0.005,0.9144873701033736,0.034532599995145574,0.03887540000141598,0.07260110002243891,0.14617289998568594
130,16.758436528329334,0.026770356702773803,0.005,0.9143951977865632,0.047257900005206466,0.038400899997213855,0.06489700000383891,0.15072289999807253
131,17.197327362812228,0.02618924705422073,0.005,0.9143072699909991,0.03692600000067614,0.05634989999816753,0.11922150000464171,0.21266540000215173
132,17.638082157526014,0.025629261187810004,0.005,0.9142234322562414,0.04568559999461286,0.043881499994313344,0.06867259999853559,0.1584244999976363
133,18.08058658537199,0.025088012624839846,0.005,0.914143520172822,0.03552109998418018,0.0328348999901209,0.06485980001161806,0.13352989999111742
134,18.524715459681488,0.024563853181003483,0.005,0.9140673650285903,0.04053639998892322,0.040202700009103864,0.08930220000911504,0.17023769998922944
135,18.970339156660266,0.024055629785443417,0.005,0.9139947980058699,0.045862500002840534,0.039617400005226955,0.07184910000069067,0.15744049998465925
136,19.417327952831034,0.02356250947753009,0.005,0.9139256531599975,0.02441690000705421,0.022171099990373477,0.045425299991620705,0.09215549999498762
137,19.865554810711238,0.023083858858904068,0.005,0.9138597694160874,0.02157039998564869,0.019182799995178357,0.04228329999023117,0.0831389999948442
138,20.3148970261148,0.022619162650382264,0.005,0.9137969918051123,0.028828699985751882,0.02184619999025017,0.03919169999426231,0.08998609997797757
139,20.76523708637142,0.022167971596297513,0.005,0.9137371721316035,0.022826000000350177,0.024045500002102926,0.054559399985009804,0.10157180001260713
140,21.216462997738525,0.02172987043154209,0.005,0.9136801692320359,0.028634700021939352,0.018041200004518032,0.04507059999741614,0.09184880001703277
141,21.668468262819967,0.02130445895386155,0.005,0.9136258489513561,0.01981050000176765,0.027495899994391948,0.03525190000073053,0.08264790000976063
142,22.121151654074275,0.020891342468865155,0.005,0.913574083934585,0.02160770000773482,0.020070099999429658,0.048738100012997165,0.09066909999819472
143,22.574416868006306,0.02049012732339136,0.005,0.9135247533061507,0.03053610000642948,0.02518269998836331,0.05002589998184703,0.10583179999957792
144,23.0281721252314,0.020100419863698916,0.005,0.9134777422891481,0.025983499974245206,0.023224800010211766,0.036802299990085885,0.08609830000204965
145,23.482329759079544,0.019721827306933094,0.005,0.9134329418003909,0.017465500015532598,0.020370900019770488,0.0334644999820739,0.07138850001501851
146,23.936805812899387,0.019353959274169434,0.005,0.9133902480455437,0.023488500009989366,0.026868599990848452,0.05464859999483451,0.10509969998383895
147,24.391519664165546,0.018996429800216593,0.005,0.9133495621293825,0.019138300005579367,0.02268470000126399,0.05074070001137443,0.0926542000088375
148,24.846393679657908,0.018648859183654436,0.005,0.9133107896898622,0.025241800001822412,0.021925500012002885,0.03426770001533441,0.08153339999262244
149,25.301352908339684,0.018310875797410302,0.005,0.9132738405604102,0.020208500005537644,0.018700400018133223,0.0459539000003133,0.08494899998186156
150,25.756324805042055,0.017982117333828672,0.005,0.9132386284618799,0.017874999990453944,0.020584199985023588,0.04203730000881478,0.08063710000715218
151,26.211238991470438,0.017662232087527045,0.005,0.913205070723211,0.0265650000073947,0.018274600006407127,0.03516600001603365,0.08009319999837317
152,26.666027046750564,0.017350879728658435,0.005,0.9131730880296188,0.024909900006605312,0.02118710000650026,0.04563680000137538,0.09185159998014569
153,27.12062232315585,0.017047731767776825,0.005,0.9131426041958708,0.01948459999402985,0.01757789999828674,0.03690779997850768,0.07405489997472614
154,27.574959791517507,0.01675247208371542,0.005,0.913113545961793,0.020664999989094213,0.022968200006289408,0.04288959997938946,0.08663599999272265
155,28.028975903832553,0.016464796893546442,0.005,0.9130858428079428,0.027075599995441735,0.020919900009175763,0.03911860001971945,0.08724449999863282
156,28.4826084779311,0.016184414858928946,0.005,0.9130594267886755,0.021463599987328053,0.02282440001727082,0.03928650001762435,0.08370319998357445
157,28.935796599027828,0.015911046962144133,0.005,0.9130342323802699,0.020996400009607896,0.022336899972287938,0.0327304000093136,0.07614509999984875
158,29.388480529751398,0.01564442607184966,0.005,0.913010196342699,0.016302500007441267,0.017968000000109896,0.03932019998319447,0.0737284000206273
159,29.840601645073786,0.015384297084181802,0.005,0.9129872575920971,0.02020340002491139,0.01648579997709021,0.033000299998093396,0.06977419997565448
160,30.292102362063908,0.015130416013735347,0.005,0.9129653570837688,0.017080799996620044,0.01970400000573136,0.03778959999908693,0.07472519998555072
161,30.742926090992782,0.01488255003038218,0.005,0.9129444377032705,0.023800099996151403,0.01610519998939708,0.0363284999912139,0.07651529999566264
162,31.193017188929055,0.0146404768565001,0.005,0.9129244441649645,0.018887199985329062,0.015574199991533533,0.04099060001317412,0.07553659999393858
163,31.642320919573454,0.014403984325179819,0.005,0.9129053229169687,0.018346299999393523,0.018225799984065816,0.04424930000095628,0.08094210000126623
164,32.090783420690826,0.014172870007141626,0.005,0.9128870220516482,0.02836239998578094,0.01724440001999028,0.041864800004987046,0.0875819000066258
165,32.53835167313308,0.013946940670625033,0.005,0.9128694912210962,0.0164191999938339,0.015410899999551475,0.04255789998569526,0.07447600000887178
166,32.98497347660878,0.01372601193699914,0.005,0.9128526815567074,0.019399399985559285,0.021474100009072572,0.03904059997876175,0.08002559997839853
167,33.43059742607792,0.013509907770129045,0.005,0.9128365455928589,0.019609799986938015,0.018652800004929304,0.04049640000448562,0.07885560000431724
168,33.87517289454317,0.013298460174045727,0.005,0.9128210371936377,0.018344399984925985,0.020835100003750995,0.037081000016769394,0.07635359998675995
169,34.31865000921266,0.013091508523073236,0.005,0.9128061114831387,0.01680280000437051,0.020929899998009205,0.04078010001103394,0.07859970000572503
170,34.76097964282074,0.01288889957761571,0.005,0.9127917247781026,0.016859700001077726,0.015204700001049787,0.037565500009804964,0.06975799999781884
171,35.20211339027114,0.012690486631365756,0.005,0.9127778345236369,0.02552530000684783,0.028806499991333112,0.03880310000386089,0.09328970001661219
172,35.642003563922266,0.012496129671939023,0.005,0.9127643992306717,0.023368399997707456,0.02407780001522042,0.039891599997645244,0.08743850002065301
173,36.08060317337771,0.012305694562563982,0.005,0.9127513784163421,0.020034599991049618,0.019757800007937476,0.04038890000083484,0.08026699998299591
174,36.51786591595831,0.012119053012485033,0.005,0.912738732546072,0.018864299985580146,0.01990710000973195,0.03607560001546517,0.07494379999116063
175,36.95374616294022,0.011936082135386503,0.005,0.9127264229778577,0.022070399980293587,0.01878240000223741,0.04072920000180602,0.0816892999864649
176,37.38819895446777,0.011756664388284595,0.005,0.9127144119081306,0.02055439999094233,0.018872999993618578,0.04277830000501126,0.08230479998746887
177,37.82117998089596,0.011580686915555603,0.005,0.9127026623199369,0.02048759997705929,0.020310799998696893,0.047695200017187744,0.08870269998442382
178,38.25264557864901,0.011408041683812774,0.005,0.9126911379326008,0.01906099999905564,0.02344359998824075,0.043619000003673136,0.08627239998895675
179,38.68255271787191,0.011238625008013927,0.005,0.9126798031532761,0.027097799989860505,0.0221441000176128,0.04041970000253059,0.08977520000189543
180,39.110858994994096,0.011072337450064548,0.005,0.9126686230300833,0.020347499987110496,0.02088160000857897,0.03940139999031089,0.08072249998804182
181,39.53752262060132,0.010909083476326508,0.005,0.9126575632073043,0.018707400013227016,0.020171099982690066,0.039661599992541596,0.07863460000953637
182,39.96250241885397,0.010748771548756858,0.005,0.9126465898817779,0.02048449998255819,0.021595199999865144,0.03710109999519773,0.07926639998913743
183,40.385757813264945,0.010591313576281052,0.005,0.912635669761522,0.021435000002384186,0.020832299982430413,0.04474439998739399,0.08714899999904446
184,40.80724882560119,0.010436625066815162,0.005,0.9126247700258515,0.026166199997533113,0.016442299995105714,0.270182099979138,0.3129969000001438
185,41.226936068371,0.01028462478721458,0.005,0.9126138582872995,0.0814505000016652,0.046669900009874254,0.15460589999565855,0.2829310000233818
186,41.64478074139413,0.010135234700201091,0.005,0.9126029025554849,0.07017659998382442,0.07737939999788068,0.1571676000021398,0.3049180000089109
187,42.060744632121626,0.009988379895923823,0.005,0.9125918712025299,0.06922439998015761,0.05011790001299232,0.14696980000007898,0.26657449998310767
188,42.4747901078881,0.009843988245758883,0.005,0.9125807329309492,0.07777159998659045,0.04826959999627434,0.14357200000085868,0.26985209999838844
189,42.88688012310258,0.009701990620030188,0.005,0.9125694567430986,0.07193299999926239,0.05801949999295175,0.1283564000041224,0.25854229999822564
190,43.29697821632455,0.009562320505591037,0.005,0.9125580119128262,0.06004759998177178,0.047963300021365285,0.1283963000169024,0.236584700003732
191,43.70504851733446,0.009424914112275319,0.005,0.9125463679593804,0.06887580000329763,0.04998640000121668,0.1420343000208959,0.2611431000113953
192,44.11105574949738,0.009289710135017663,0.005,0.9125344946237436,0.07005680000293069,0.05265470000449568,0.14671490000910126,0.2695995999965817
193,44.51496524195038,0.009156649859997933,0.005,0.9125223618469718,0.07326599999214523,0.05627149998326786,0.15094319998752326,0.2807056999881752
194,44.9167429318238,0.009025676818787881,0.005,0.9125099397517449,0.07616050000069663,0.05429759999969974,0.17344330000923946,0.3041938999958802
195,45.31635538481019,0.008896737094070576,0.005,0.9124971986258343,0.07939899998018518,0.05185469999560155,0.14591600000858307,0.27736219999496825
196,45.713769805674275,0.008769778979121063,0.005,0.9124841089089646,0.07154850001097657,0.0608864999958314,0.17688939999789,0.3096575999807101
197,46.108954053780096,0.008644752987682238,0.005,0.9124706411826413,0.08572150001418777,0.05336329998681322,0.14470939998864196,0.2839778000197839
198,46.50187666718346,0.008521611939951424,0.005,0.91245676616281,0.06849049997981638,0.05170199999702163,0.13087930000619963,0.2512339999957476
199,46.892506882058946,0.008400310758880732,0.005,0.9124424546962853,0.06464140000753105,0.05124679999426007,0.13414779998129234,0.25028500001644716
200,47.280814658405895,0.008280806511871838,0.005,0.912427677760445,0.06829490000382066,0.04991669999435544,0.15647259997786023,0.274938500020653
201,47.66677071186824,0.008163058446661648,0.005,0.9124124064666744,0.07448030001251027,0.05802419999963604,0.14522999999462627,0.2780108000151813
202,48.05034654201678,0.008047027822949207,0.005,0.9123966120678987,0.06759130000136793,0.05709099999512546,0.14044310001190752,0.2653170000121463
203,48.4315144695113,0.00793267801224307,0.005,0.9123802659700136,0.06776399997761473,0.052922300004865974,0.13361799999256618,0.25450009998166934
204,48.81024767259153,0.007819974395362988,0.005,0.9123633397478219,0.07013020000886172,0.06362909998279065,0.18359070000587963,0.3175541000091471
205,49.18652022918248,0.0077088843948283515,0.005,0.9123458051653429,0.07782249999581836,0.10549919999903068,0.6397622999793384,0.8231706999940798
206,49.560307163754715,0.007599377488600396,0.005,0.9123276342005872,0.09905520000029355,0.3665016999875661,0.16630959999747574,0.6322264000191353
207,49.931584491742925,0.007491425078570515,0.005,0.912308799075604,0.06954739999491721,0.064612499991199,0.15118909999728203,0.2859333000087645
208,50.30032927341514,0.007385000604841435,0.005,0.9122892722910141,0.06943930001580156,0.04622129999916069,0.1387041000125464,0.25455309997778386
209,50.666519664420726,0.007280079400973788,0.005,0.9122690266660406,0.058688400022219867,0.04837030000635423,0.1281470999820158,0.2353826000180561
210,51.03013497676382,0.007176638828785245,0.005,0.9122480353832104,0.06143140001222491,0.04379780002636835,0.10180080001009628,0.20721750002121553
211,51.39115573723634,0.007074658153205129,0.005,0.9122262720385568,0.12229470000602305,0.09455139999045059,0.12501079999492504,0.3420512000157032
212,51.74956374725463,0.00697411850106737,0.005,0.9122037106970794,0.056144599977415055,0.0522802000050433,0.12617380000301637,0.23482280000462197
213,52.10534215181941,0.006875002972052069,0.005,0.912180325952978,0.06713020001188852,0.04803760000504553,0.21057190001010895,0.3259828000154812
214,52.45847549810591,0.006777296371216214,0.005,0.9121560929955782,0.08444639999652281,0.05584590000216849,0.1456649000174366,0.28629069999442436
215,52.80894980977824,0.006680985452674533,0.005,0.9121309876793567,0.07260479999240488,0.047381200012750924,0.11216950000380166,0.23227999999653548
216,53.15675265138765,0.006586058667370196,0.005,0.9121049865990813,0.030717600020579994,0.03479390000575222,0.06240249998518266,0.12805860000662506
217,53.50187319786379,0.006492506205928464,0.005,0.9120780671692166,0.020730200019897893,0.024334799993084744,0.05212320000282489,0.09727920001023449
218,53.844302297923306,0.006400319831665099,0.005,0.9120502077074126,0.01989490000414662,0.02023590001044795,0.04426300001796335,0.08456519999890588
219,54.184032548687924,0.006309493043198375,0.005,0.9120213875206828,0.02436949999537319,0.02004000000306405,0.0483177000132855,0.0928258000058122
220,54.521058350884424,0.006220020665565268,0.005,0.9119915869956235,0.02559899998595938,0.02117670001462102,0.0481658999924548,0.09504270000616089
221,54.85537597712694,0.0061318990561578645,0.005,0.9119607876898403,0.02304510000976734,0.023157999996328726,0.03721529999165796,0.08353340000030585
222,55.18698362542831,0.006045125794774285,0.005,0.911928972425332,0.018699000007472932,0.03041129998746328,0.044282899994868785,0.09352789999684319
223,55.51588147524357,0.005959699701067025,0.005,0.911896125382315,0.020424799993634224,0.019591799995396286,0.054953499988187104,0.09506419999524951
224,55.84207173367732,0.005875620629012515,0.005,0.9118622321926995,0.022793499985709786,0.02514119999250397,0.042901900014840066,0.09093380000558682
225,56.16555867750694,0.005792889371518883,0.005,0.9118272800323902,0.022184900008141994,0.020337000023573637,0.03848920000018552,0.08111639998969622
226,56.486348684825394,0.005711507458874914,0.005,0.911791257711069,0.021509000012883916,0.019441099982941523,0.03873830000520684,0.0797819999861531
227,56.804450260607595,0.005631477041596361,0.005,0.9117541557585778,0.01983120001386851,0.019333100004587322,0.043284499988658354,0.0825687000178732
228,57.11987405203031,0.005552800704445068,0.005,0.9117159665064556,0.022853200003737584,0.02242429999751039,0.049141099996631965,0.09455209999578074
229,57.43263285591139,0.005475481328901222,0.005,0.9116766841636185,0.027097699989099056,0.021658399986336008,0.03796169999986887,0.08681499998783693
230,57.74274160968258,0.005399521811044231,0.005,0.9116363048852886,0.023801200004527345,0.02553670000634156,0.04462850000709295,0.09406849998049438
231,58.050217377595956,0.00532492499216239,0.005,0.9115948268333516,0.02879660000326112,0.023805199976777658,0.0442373999976553,0.09694449999369681
232,58.35507931613678,0.005251693315079361,0.005,0.9115522502279362,0.024098699999740347,0.021683799976017326,0.039565600018249825,0.08545610000146553
233,58.65734863638557,0.005179828796243351,0.005,0.9115085773880405,0.01799429999664426,0.020109400007640943,0.042737600015243515,0.080936299986206
234,58.957048548212235,0.005109332739952012,0.005,0.9114638127613693,0.02431330000399612,0.022449899988714606,0.04427209999994375,0.09114770000451244
235,59.254204191068,0.0050402055423918275,0.005,0.9114179629419605,0.024008800013689324,0.021087999979499727,0.043872500013094395,0.08906389999901876
236,59.54884255767962,0.004972446607527568,0.005,0.911371036675143,0.019181299983756617,0.017261600005440414,0.03833449998637661,0.07488909998210147
237,59.840992398310185,0.004906054057181467,0.005,0.9113230448492308,0.026380400027846918,0.02350150002166629,0.047517400002107024,0.09749519999604672
238,60.13068411680383,0.00484102463684782,0.005,0.9112740004739542,0.01946989999851212,0.01949659999809228,0.05203800002345815,0.091117599979043
239,60.417949659660366,0.0047773536435827815,0.005,0.9112239186446894,0.02463600001647137,0.025549799989676103,0.053200800000922754,0.10357920001843013
240,60.702822389618966,0.004715034713414034,0.005,0.9111728164937494,0.02839930000482127,0.025181999983033165,0.046201799996197224,0.09989750001113862
241,60.98533694595548,0.0046540596501955965,0.005,0.9111207131286065,0.029246599995531142,0.021663499996066093,0.03852430000551976,0.08958949998486787
242,61.2655291145055,0.004594418635389673,0.005,0.9110676295563808,0.018743400025414303,0.01857019998715259,0.04006259999005124,0.07757659998605959
243,61.54343567462936,0.0045360998940277095,0.005,0.9110135885974061,0.018602399999508634,0.02048200002172962,0.04341410001507029,0.08269180002389476
244,61.819094243835565,0.004479089706066651,0.005,0.91095861478759,0.022339300019666553,0.01965770000242628,0.05447699999785982,0.09657799999695271
245,62.09254312685651,0.004423372525362013,0.005,0.9109027342702123,0.05724299998837523,0.024267700006021187,0.04252399998949841,0.12415459999465384
246,62.36382116242999,0.0043689309845024935,0.005,0.9108459746791603,0.027557399997022003,0.025414400006411597,0.04580989998066798,0.09889819999807514
247,62.63296755634587,0.004315745714408176,0.005,0.9107883650154209,0.021158099989406765,0.047059400007128716,0.08189450000645593,0.15021169997635297
248,62.900021735291745,0.004263795719173444,0.005,0.9107299355163598,0.028899700002511963,0.02505099997506477,0.05273349999333732,0.10693429998354986
249,63.16502318915365,0.004213058224004077,0.005,0.9106707175217325,0.026213300006929785,0.03086349999648519,0.04333060001954436,0.10051590000512078
250,63.42801132806559,0.004163508942669003,0.005,0.9106107433357328,0.03007779998006299,0.02293960002134554,0.05537240000558086,0.10849129999405704
251,63.689025336090296,0.004115122050330086,0.005,0.9105500460882288,0.030021399987163022,0.024368900019908324,0.047781100001884624,0.102282700012438
252,63.94810403799063,0.0040678704146148255,0.005,0.910488659595901,0.036442300013732165,0.027330499986419454,0.05133560000103898,0.11525520001305267
253,64.20528577162531,0.004021725702483583,0.005,0.9104266182248495,0.0293725999945309,0.03318689999287017,0.05055349998292513,0.11324879998574033
254,64.46060827231747,0.003976658582290678,0.005,0.9103639567558894,0.02324499998940155,0.023889100004453212,0.046563200012315065,0.09384159999899566
255,64.71410856440878,0.003932638845422878,0.005,0.9103007102542802,0.025194299989379942,0.03166540001984686,0.05643390002660453,0.11347559999558143
256,64.96582285962329,0.0038896355184122717,0.005,0.9102369139446503,0.024321100005181506,0.020933299994794652,0.0538996999966912,0.09946019999915734
257,65.21578647439611,0.0038476171588396526,0.005,0.9101726030919022,0.033416999998735264,0.027832199994008988,0.044030899996869266,0.1055220999987796
258,65.46403375430785,0.0038065519612985113,0.005,0.9101078128893189,0.026110700011486188,0.025695099990116432,0.04410769999958575,0.09603880002396181
259,65.7105979985694,0.00376640775279638,0.005,0.9100425783548716,0.022899300005519763,0.021008799987612292,0.04230580001603812,0.08631090002018027
260,65.95551142320555,0.003727152576536961,0.005,0.9099769342349225,0.02471040000091307,0.0263756999920588,0.053500200010603294,0.10468359998776577
261,66.19880510475444,0.0036887543785050834,0.005,0.9099109149176652,0.028521799977170303,0.03449140000157058,0.061069599993061274,0.12425339999026619
262,66.44050894889567,0.0036511813734213163,0.005,0.9098445543551825,0.022232100018300116,0.02279580000322312,0.061262000002898276,0.10639799997443333
263,66.68065167388168,0.003614402249247164,0.005,0.9097778859943354,0.02991810001549311,0.020688599994173273,0.048047699994640425,0.09901259999605827
264,66.91926079422886,0.0035783861488660174,0.005,0.9097109427170412,0.025173000001814216,0.030171099992003292,0.04904869999154471,0.10467120000976138
265,67.15636261467588,0.0035431028022872447,0.005,0.9096437567899008,0.03212739998707548,0.024387599987676367,0.04410329999518581,0.10071800000150688
266,67.39198224093104,0.003508522753191327,0.005,0.9095763598217992,0.02580669999588281,0.030619500001193956,0.06427660002373159,0.12082739998004399
267,67.62614358704565,0.003474617281288162,0.005,0.9095087827308518,0.041350899991812184,0.025289799988968298,0.046715599979506806,0.11361410000245087
268,67.85886940193275,0.0034413586601688825,0.005,0.9094410557186351,0.025013500009663403,0.01779389998409897,0.046043199981795624,0.08895800000755116
269,68.09018129551497,0.0034087201219363057,0.005,0.9093732082528586,0.036243700014892966,0.03351999999722466,0.05036379999364726,0.12022959999740124
270,68.32009976729043,0.0033766758642865776,0.005,0.9093052690566596,0.02611320000141859,0.02107879999675788,0.04315279997535981,0.09047019999707118
271,68.54864424981028,0.003345201240898526,0.005,0.9092372661048241,0.027850099984789267,0.02882020000834018,0.05327499998384155,0.11003229999914765
272,68.77584647800782,0.0033144671303717258,0.005,0.9091692221999715,0.029155299998819828,0.027923199988435954,0.045517299993662164,0.10271899998770095
273,69.00160373428048,0.00328250785462666,0.005,0.9091011508256188,0.024359800008824095,0.02683319998322986,0.04318269999930635,0.09447500001988374
274,69.22592452472038,0.0032509503881061265,0.005,0.9090330606446665,0.017836199986049905,0.02353520001634024,0.03950649997568689,0.08096590000786819
275,69.44884059447386,0.0032201241266756673,0.005,0.9089649550023059,0.02124309999635443,0.023907800001325086,0.054436200007330626,0.0997188999899663
276,69.67038170217057,0.0031899900099172708,0.005,0.9088968348660316,0.03493899997556582,0.02957430001697503,0.04909420001786202,0.11371509998571128
277,69.89057373513347,0.003160482655372605,0.005,0.9088287002706636,0.024042400007601827,0.029445699998177588,0.04610749997664243,0.09969990001991391
278,70.10943859185994,0.0031315361289765394,0.005,0.9087605505767119,0.021765199984656647,0.017870700015919283,0.04363429997465573,0.08336610000696965
279,70.32699442551217,0.0031030890850335027,0.005,0.908692384388582,0.016894100001081824,0.01624120000633411,0.03637379998690449,0.0696272999921348
280,70.54325601364907,0.0030750864572487687,0.005,0.9086241994401203,0.019913600001018494,0.02256209999904968,0.04547529999399558,0.08805530000245199
281,70.75823512491247,0.00304747928309133,0.005,0.908555992529866,0.024639899987960234,0.024563999992096797,0.0350633000198286,0.08436639999854378
282,70.97194086011534,0.00302022421596018,0.005,0.9084877595154484,0.02479330002097413,0.025269199977628887,0.045893300004536286,0.09610290001728572
283,71.1843799393248,0.002993282649944356,0.005,0.9084194953593666,0.029530300002079457,0.021825000003445894,0.04540699999779463,0.09693280002102256
284,71.39555695660617,0.00296662016950028,0.005,0.9083511942130773,0.028410099999746308,0.03083489998243749,0.06348899999284185,0.1231291999865789
285,71.60547460570152,0.002940206058241582,0.005,0.908282849528996,0.08881790001760237,0.05350700000417419,0.14318869999260642,0.28571960001136176
286,71.81413388317941,0.0029140129107010746,0.005,0.9082144541933731,0.06240349999279715,0.05823779999627732,0.14544970000861213,0.26626000000396743
287,72.02153427250143,0.002888016301350898,0.005,0.9081460006741593,0.09015469998121262,0.050658399995882064,0.1417442999954801,0.2827633999986574
288,72.22767393931403,0.002862194882334101,0.005,0.9080774811798838,0.0688285999931395,0.048501099983695894,0.1261209000076633,0.24376360001042485
289,72.4325498863004,0.002836529765010848,0.005,0.9080088878294356,0.05846739999833517,0.046497699979227036,0.1596737999934703,0.265030000009574
290,72.63615813653878,0.0028110048667070162,0.005,0.9079402128278381,0.05929179998929612,0.052496900025289506,0.12697100001969375,0.2389301999937743
291,72.8384939078795,0.0027856067354274207,0.005,0.9078714486488301,0.07007149999844842,0.05846309999469668,0.13872889999765903,0.267493999999715
292,73.0395517882538,0.0027603245150646548,0.005,0.9078025882229319,0.07712070000707172,0.0591372000053525,0.16500710000400431,0.3017634999996517
293,73.23932591669742,0.00273514997768304,0.005,0.9077336251295648,0.07045860000653192,0.06286430000909604,0.15211910000653006,0.285723400011193
294,73.43781016912168,0.002710077542903759,0.005,0.907664553792793,0.0749511000176426,0.053880600025877357,0.15254510001977906,0.2815872000064701
295,73.63499834968437,0.0026851043094637678,0.005,0.9075953696788713,0.07243840000592172,0.05553019998478703,0.15861149999545887,0.2868599999928847
296,73.83088440247386,0.0026602302869519865,0.005,0.9075260694941505,0.07276000001002103,0.05405779997818172,0.3012682000116911,0.428308400005335
297,74.02546260683775,0.002635458127566099,0.005,0.9074566513833225,0.12520710000535473,0.0574553000042215,0.15279170000576414,0.3356826000090223
298,74.21872779378764,0.00261079336952411,0.005,0.9073871151246158,0.08046930001000874,0.06900940000195988,0.16643029998522252,0.3161305999965407
299,74.41067557752767,0.002586244596826683,0.005,0.9073174623200421,0.07727330000489019,0.05652499999268912,0.164863099984359,0.29885730001842603
300,74.60130256403268,0.002561823085538271,0.005,0.9072476965802293,0.08034490002319217,0.05851400000392459,0.15958400000818074,0.2987371999770403
301,74.79060661077037,0.002537543450735374,0.005,0.9071778236978338,0.07980809998116456,0.05379430000903085,0.15192090001073666,0.2857163999869954
302,74.97858703511297,0.0025134229131326164,0.005,0.907107851811777,0.07213190000038594,0.05580030000419356,0.15401880000717938,0.2821700999920722
303,75.16524486578442,0.002489481838115155,0.005,0.907037791554396,0.06613129997276701,0.055666200001724064,0.14345000000321306,0.2654127999849152
304,75.35058307912512,0.0024657434918444123,0.005,0.906967656181285,0.0720879000145942,0.058214600023347884,0.16594550001900643,0.29642309999326244
305,75.53460683301843,0.0024422339731607887,0.005,0.9068974616802995,0.07141699999920093,0.05763160000788048,0.16499650001060218,0.2942506000108551
306,75.7173236756242,0.0024189818450991137,0.005,0.9068272268563696,0.06922170001780614,0.0614845999807585,0.1826625999819953,0.31355759999132715
307,75.8987437832313,0.002396018490884678,0.005,0.9067569733874818,0.07319749999442138,0.05215410000528209,0.14069269999163225,0.26627240001107566
308,76.07888015007913,0.0023733774482790787,0.005,0.9066867258510464,0.0687947999977041,0.05094739998457953,0.14386370001011528,0.2638415000110399
309,76.25774876924007,0.0023510942696328735,0.005,0.9066165117168848,0.08931999999913387,0.06707860002643429,0.15742150001460686,0.314064900012454
310,76.43536878695126,0.002329206153838598,0.005,0.9065463613041924,0.07551359999342822,0.05903569998918101,0.13209999998798594,0.2668771999888122
311,76.61176264650626,0.002307751795463557,0.005,0.9064763076997436,0.06753710002521984,0.05355670000426471,0.16603339998982847,0.2873824999842327
312,76.7869561916338,0.002286770844000818,0.005,0.906406386637622,0.07412100001238286,0.05945999998948537,0.14913789997808635,0.2829220999847166
313,76.96097869949007,0.0022663029827873923,0.005,0.9063366363404844,0.06953310000244528,0.057632099982583895,0.17360559999360703,0.3009903999918606
314,77.133862941519,0.0022463882989844797,0.005,0.9062670973183232,0.0762140000006184,0.055345999979181215,0.16404900001361966,0.2958413999876939
315,77.3056451406502,0.0022270659419902487,0.005,0.9061978121308921,0.0687270000053104,0.05966430000262335,0.14865539997117594,0.2773130999994464
316,77.47636491092379,0.002208373915811508,0.005,0.9061288251129588,0.06598669997765683,0.059630700008710846,0.14807930000824854,0.2739084000058938
317,77.64606515645362,0.0021903485756583005,0.005,0.906060182065326,0.06776609999360517,0.05355660000350326,0.19910060000256635,0.3206361000193283
318,77.8147918812447,0.0021730235067431674,0.005,0.9059919299181355,0.0835261000029277,0.056217300007119775,0.1465905999939423,0.28661479998845607
319,77.98259401819045,0.0021564298109521384,0.005,0.9059241163670714,0.08196090001729317,0.057479500013869256,0.14861699999892153,0.28830899999593385
320,78.14952312069018,0.0021405943800841478,0.005,0.9058567894937671,0.06627959999605082,0.05314329999964684,0.16799240000545979,0.28766110001015477
321,78.31563310419152,0.002125540590245333,0.005,0.9057899973707841,0.09797380000236444,0.07431019999785349,0.18031019999762066,0.35277460000361316
322,78.48097988706849,0.0021112870613838766,0.005,0.9057237876626915,0.08374289999483153,0.058882799989078194,0.25218079998739995,0.395025000005262
323,78.64562099971064,0.0020978473112730164,0.005,0.9056582072289525,0.07631360000232235,0.07172130001708865,0.1521958999801427,0.30048509998596273
324,78.80961519708474,0.0020852298613637747,0.005,0.9055933017348267,0.07056389999343082,0.06992699997499585,0.14819669999997132,0.2893144999979995
325,78.97302201325212,0.002073437559094002,0.005,0.9055291152792059,0.07249990000855178,0.04847330000484362,0.1364602000103332,0.2576017999963369
326,79.13590131120834,0.0020624675845492073,0.005,0.9054656900454374,0.06888049998087808,0.05016600000089966,0.14845619999687187,0.26769539999077097
327,79.29831285141384,0.0020523117512341246,0.005,0.9054030659802006,0.07904040001449175,0.06417889997828752,0.16011329999309964,0.30357589997584
328,79.46031581611865,0.0020429560085139056,0.005,0.9053412805080338,0.06571299998904578,0.04786520000197925,0.15762499999254942,0.2715092000144068
329,79.62196838447767,0.00203438114609438,0.005,0.9052803682836442,0.07009000002290122,0.05938819999573752,0.148462200013455,0.27814629999920726
330,79.78332730943545,0.002026562872430046,0.005,0.9052203609866906,0.0716616999998223,0.06266899997717701,0.16127029998460785,0.29593570000724867
331,79.9444475072728,0.002019472028440885,0.005,0.9051612871611667,0.0770669000048656,0.0642187999910675,0.169275899999775,0.3107771000068169
332,80.10538169922427,0.0020130752912743363,0.005,0.9051031720992403,0.07231690001208335,0.05682379999780096,0.15679380000801757,0.2861803999985568
333,80.26618008773362,0.0020073356508443687,0.005,0.9050460377703201,0.07364039999083616,0.06551400001626462,0.15133849999983795,0.2906893999897875
334,80.42689006929726,0.002002212904463378,0.005,0.9049899027936236,0.068459600006463,0.0542000999848824,0.14248820001375861,0.26533399999607354
335,80.58755599281619,0.0019976642560778045,0.005,0.9049347824526618,0.06809710001107305,0.05074389997753315,0.18112679998739623,0.3001778000034392
336,80.74821895355664,0.001993644784993539,0.005,0.9048806887482318,0.08059729999513365,0.06026850000489503,0.14228650002041832,0.2835446000099182
337,80.90891666520508,0.0019901084349719963,0.005,0.90482763048557,0.06705929999588989,0.053265899972757325,0.15752259999862872,0.2780645999882836
338,81.06968335739717,0.0019870083399747412,0.005,0.9047756133921914,0.08059480000520125,0.05445460000191815,0.18016950000310317,0.3154445000109263
339,81.230549721573,0.00198429742801201,0.005,0.9047246402620488,0.07635859999572858,0.05995710002025589,0.1624331000202801,0.2989514999790117
340,81.39154290153954,0.001981928972761621,0.005,0.9046747111211008,0.07465130000491627,0.06429169999319129,0.18303610000293702,0.3222325000097044
341,81.55268651863727,0.0019798570140471873,0.005,0.9046258234094776,0.07478890000493266,0.058516799996141344,0.15177999998559244,0.28532240001368336
342,81.71400077224038,0.001978037272459981,0.005,0.9045779721754389,0.07504019999760203,0.07205529999919236,0.16519890000927262,0.3125302999978885
343,81.87550249761296,0.0019764266080022695,0.005,0.9045311502780835,0.08863680000649765,0.0672816000005696,0.23805000001448207,0.39415969999390654
344,82.0372053194761,0.001974984176345776,0.005,0.9044853485939283,0.07064799999352545,0.05681790001108311,0.15366260000155307,0.28136419999646023
345,82.19911981651596,0.0019736715360953424,0.005,0.9044405562231321,0.07281569999759085,0.056546000007074326,0.14426729999831878,0.27390130001003854
346,82.36125367323841,0.0019724524676707237,0.005,0.9043967606940484,0.08344750001560897,0.05783879998489283,0.1755088999925647,0.3170410000020638
347,82.52361187288807,0.001971293446962363,0.005,0.9043539481624078,0.07026050001149997,0.0563722999941092,0.16238769999472424,0.2892335000215098
348,82.68619689373622,0.001970163655689071,0.005,0.9043121036030101,0.07135700000799261,0.07357150001917034,0.18868469999870285,0.33383230000617914
349,82.84900892130709,0.001969035143557303,0.005,0.9042712109920295,0.07964339997852221,0.056898900016676635,0.16198950001853518,0.29875419999007136
350,83.01204603384322,0.0019678824726918477,0.005,0.9042312534794227,0.07676830000127666,0.05895720000262372,0.21062369999708608,0.34660569997504354
351,83.17530443878198,0.0019666833036761913,0.005,0.9041922135493115,0.09803110000211746,0.07036109999171458,0.14221900000120513,0.31082189999870025
352,83.33877864682337,0.0019654176097631463,0.005,0.9041540731690707,0.06837700001779012,0.05107509999652393,0.15144680000958033,0.2710841999796685
353,83.50246169101406,0.001964068190684122,0.005,0.9041168139257179,0.07657629999448545,0.053417199989780784,0.15245019999565557,0.282767500000773
354,83.66634529129763,0.0019626199870608706,0.005,0.9040804171505681,0.0676433999906294,0.05168740000226535,0.14472290000412613,0.26421559997834265
355,83.83042006811627,0.00196106064209432,0.005,0.9040448640313189,0.05958000000100583,0.04660349999903701,0.13662729997304268,0.24306249999790452
356,83.99467568069635,0.0019593795718381513,0.005,0.9040101357128105,0.07317620000685565,0.05322949998662807,0.15430200000992045,0.28094049997162074
357,84.15910101737867,0.00195756856431456,0.005,0.9039762133863619,0.0719233000127133,0.05884790001437068,0.14839609997579828,0.2793985000171233
358,84.32368432249041,0.0019556209978733906,0.005,0.9039430783683848,0.07505179999861866,0.053279399988241494,0.16708059998927638,0.29561760000069626
359,84.48841335152724,0.0019535321583772267,0.005,0.9039107121694312,0.06993450000300072,0.06211969998548739,0.14355300000170246,0.2758957000041846
360,84.65327548101382,0.0019512986804550872,0.005,0.9038790965538197,0.06410659998073243,0.058067700010724366,0.15224369999486953,0.27459270000690594
361,84.81825782717895,0.0019489186357843273,0.005,0.9038482135908134,0.07288279998465441,0.06537330002174713,0.17919090000214055,0.3176798000058625
362,84.98334735973746,0.0019463914584863145,0.005,0.9038180456979349,0.0726769000175409,0.056955000007292256,0.16847189998952672,0.29830150000634603
363,85.14853099863032,0.001943717728528952,0.005,0.903788575676806,0.06846159999258816,0.06913739998708479,0.15729669999564067,0.29509209998650476
364,85.31379566512948,0.0019408986222183148,0.005,0.9037597867434959,0.07079899997916073,0.0518115000159014,0.1597994000185281,0.2826115000061691
365,85.47912837910745,0.0019379364461397611,0.005,0.9037316625530704,0.14970410001114942,0.60146619999432,0.1621564999804832,0.913517499982845
366,85.64451631987383,0.0019348341975700706,0.005,0.9037041872185249,0.06947360001504421,0.05834580000373535,0.1711045000120066,0.29913010000018403
367,85.80994688808566,0.0019315955687573168,0.005,0.9036773453253496,0.07057179999537766,0.0665869000076782,0.35659270000178367,0.49410040001384914
368,85.97540773869596,0.0019282246011187686,0.005,0.9036511219423506,0.07523970000329427,0.060626599995885044,0.1375660999910906,0.2736234999902081
369,86.1408868114375,0.0019247256522989895,0.005,0.903625502629721,0.07191069997497834,0.05417220000526868,0.15633749999688007,0.2826399999903515
370,86.30637239631272,0.001921103798681291,0.005,0.9036004734433796,0.07184499999857508,0.05517359997611493,0.14208970000618137,0.2693600000056904
371,86.4718531235988,0.0019173639522954925,0.005,0.903576020936986,0.06350489999749698,0.0469804999884218,0.13753440001164563,0.2481956999981776
372,86.63731803091028,0.0019135117536450415,0.005,0.9035521321619062,0.0685994999948889,0.056029200000921264,0.1599292000173591,0.28476740000769496
373,86.8027565249521,0.0019095523476707547,0.005,0.9035287946652052,0.0691621000005398,0.05355399998370558,0.1795704999822192,0.3025987000146415
374,86.96815843542711,0.0019054914509249016,0.005,0.9035059964871313,0.08889559999806806,0.058197999984258786,0.1478097999934107,0.2951599000080023
375,87.13351402697735,0.001901334862379692,0.005,0.9034837261557851,0.06709779999800958,0.05561360000865534,0.15017700000316836,0.27318790002027526
376,87.29881394290476,0.0018970876794459088,0.005,0.9034619726821951,0.07513280000421219,0.09028699999907985,0.15599160001147538,0.32166899999720044
377,87.46404930133878,0.001892756052127867,0.005,0.9034407255548448,0.07349000000976957,0.06473740001092665,0.1667668999871239,0.3052312000072561
378,87.62921163155372,0.0018883453434211425,0.005,0.9034199747315844,0.3210088000050746,0.06745190001674928,0.1292748000123538,0.5179388000105973
379,87.79429287592205,0.0018838608871940942,0.005,0.9033997106334887,0.07622769998852164,0.050772499991580844,0.1278974000015296,0.2551190000085626
380,87.9592854113086,0.001879308209928022,0.005,0.9033799241380034,0.06921139999758452,0.05784210001002066,0.1485269000113476,0.2757829000183847
381,88.12418201926633,0.0018746924464728434,0.005,0.9033606065709259,0.0665900000021793,0.058666299999458715,0.14708960001007654,0.27252220001537353
382,88.2889758963525,0.0018700187997221938,0.005,0.9033417496994954,0.06825969999772497,0.05717519999598153,0.15536409997730516,0.28104269999312237
383,88.45366064454127,0.0018652923144346922,0.005,0.9033233457250123,0.06659569998737425,0.050212300004204735,0.1375218000030145,0.25456770000164397
384,88.61823027029314,0.0018605179769009658,0.005,0.903305387275479,0.06919149999157526,0.05932010000105947,0.14794580001034774,0.27666899998439476
385,88.78267911252517,0.0018556999133299168,0.005,0.9032878673994823,0.06808640001690947,0.08241769997403026,0.24942430001101457,0.4001222999941092
386,88.94700194518151,0.0018508433660587374,0.005,0.9032707795605092,0.09794430001056753,0.058848699991358444,0.2278294999850914,0.3848355000081938
387,89.11119386051513,0.0018459522158465764,0.005,0.9032541176292169,0.07079270001850091,0.060740800021449104,0.1729226000024937,0.3046638000232633
388,89.27525034446029,0.001841031152628882,0.005,0.9032378758792308,0.06392900002538227,0.050929400022141635,0.1436210999963805,0.2587459999776911
389,89.4391671862762,0.0018360838102771655,0.005,0.9032220489814645,0.07061990001238883,0.05338640001718886,0.1774425000185147,0.301699000003282
390,89.60294055823752,0.0018311146795478709,0.005,0.9032066320004783,0.07059099999605678,0.0625302999978885,0.14243720000376925,0.2758213000197429
391,89.76656691846362,0.0018261271249212492,0.005,0.9031916203893147,0.07400059999781661,0.05596309999236837,0.14935639998293482,0.2795351000095252
392,89.93004303650419,0.0018211247645133983,0.005,0.9031770099879407,0.21085740000125952,0.12159109997446649,0.22202740001375787,0.5546837000001688
393,90.09336603256554,0.001816111619062138,0.005,0.9031627970201259,0.08305420001852326,0.05114180000964552,0.21273919998202473,0.34715820002020337
394,90.25653327612093,0.0018110905468490678,0.005,0.9031489780904529,0.08984010000131093,0.05790159999742173,0.15960799998720177,0.30758330001845025
395,90.41954246011232,0.0018060652018696444,0.005,0.9031355501848933,0.08838870000909083,0.06326009999611415,0.15652869999757968,0.30843609999283217
396,90.5823915584553,0.0018010387346829749,0.005,0.9031225106694774,0.1501779000100214,0.06461969998781569,0.15871600000537,0.373766800010344
397,90.7450787971014,0.0017960139476016562,0.005,0.9031098572906953,0.08970310000586323,0.06993820000207052,0.1336726999725215,0.293501300009666
398,90.90760269858971,0.0017909941083604514,0.005,0.9030975881782687,0.0834311000071466,0.05073930000071414,0.15481040001031943,0.28919280000263825
399,91.06996203525235,0.0017859819403768208,0.005,0.9030857018457882,0.0657616000098642,0.051674699992872775,0.14301699999487028,0.26066490000812337
400,91.2321558479374,0.0017809803480787342,0.005,0.9030741971948206,0.08391720001236536,0.09866519999923185,0.2206791000207886,0.4035093999991659
401,91.39418343302236,0.001775992067479131,0.005,0.9030630735190776,0.1261811000003945,0.11901120000402443,0.16946880001341924,0.41488070000195876
402,91.55604433319202,0.00177101970923867,0.005,0.9030523305096299,0.09287849999964237,0.06004979999852367,0.14537780001410283,0.29849519999697804
403,91.7177383527074,0.0017660660275682194,0.005,0.9030419682613072,0.06437320000259206,0.05110360000981018,0.14138329998240806,0.25731719998293556
404,91.87926552469243,0.0017611333956345896,0.005,0.9030319872805798,0.07694410000112839,0.07110229998943396,0.17311030000564642,0.3215151999902446
405,92.04062616917676,0.0017562247974323138,0.005,0.9030223884945972,0.07870489999186248,0.07739359998959117,0.15924049998284318,0.31552569998893887
406,92.2018208150342,0.0017513423426862474,0.005,0.9030131732602917,0.12334190000547096,0.07138049998320639,0.41028300000471063,0.6053600000159349
407,92.36285027094823,0.001746488892416491,0.005,0.903004343377635,0.21010099997511134,0.10045620001619682,0.26907260000007227,0.5798150000046007
408,92.52371559169106,0.0017416669177155906,0.005,0.9029959011016154,0.08908130001509562,0.06506429999717511,0.18012210002052598,0.33482940000249073
409,92.68441808175783,0.0017368789076300326,0.005,0.9029878491573987,0.1299305999709759,0.0794416000135243,0.19745209999382496,0.40706179998232983
410,92.84495932027133,0.0017321275985342818,0.005,0.9029801907571977,0.08449940002174117,0.07141880001290701,0.16067219999968074,0.3167989000212401
411,93.00534114392794,0.0017274155197092107,0.005,0.9029729296182079,0.0753264999948442,0.057824899995466694,0.14741119998507202,0.28078670002287254
412,93.16556565314087,0.0017227452449745525,0.005,0.9029660699833796,0.10759109997889027,0.07241750002140179,0.13737509999191388,0.3176253999990877
413,93.32563528526471,0.0017181201123146893,0.005,0.9029596166442041,0.08329830001457594,0.07901050001964904,0.18322580002131872,0.3458076000097208
414,93.48555271299412,0.0017135423427935737,0.005,0.9029535749638711,0.07735830001183785,0.05975200000102632,0.1554965999966953,0.29279849998420104
415,93.6453209234785,0.0017090149851803314,0.005,0.902947950907188,0.07183450000593439,0.08240579999983311,0.18793869999353774,0.3424149999918882
416,93.80494326071755,0.0017045415154216933,0.005,0.9029427510699087,0.06986899999901652,0.04589269999996759,0.12553440002375282,0.2415878000028897
417,93.96442336708711,0.0017001247570323096,0.005,0.9029379827104834,0.07436759999836795,0.05283589998725802,0.15443679998861626,0.28185329999541864
418,94.12376523993692,0.0016957681124409537,0.005,0.9029336537880882,0.06919599999673665,0.05889659997774288,0.1604298000165727,0.2887738999852445
419,94.2829732507941,0.0016914751598742105,0.005,0.9029297730021547,0.07687809999333695,0.05516639997949824,0.19984919999842532,0.33212839998304844
420,94.44205216500006,0.0016872496562323207,0.005,0.9029263498356612,0.07438819998060353,0.05776140000671148,0.14602389998617582,0.2783452000003308
421,94.60100716388206,0.0016830955621790651,0.005,0.9029233946030284,0.06678639998426661,0.047323100006906316,0.12881059999926947,0.24309139998513274
422,94.75984384067395,0.0016790167626517126,0.005,0.9029209185025894,0.0683650000137277,0.04904689997783862,0.14341019999119453,0.26104410001426004
423,94.91856829804394,0.001675018139929176,0.005,0.9029189336748579,0.07138900001882575,0.0584761000063736,0.44022469999617897,0.5702504000219051
424,95.07718709529776,0.0016711039799479513,0.005,0.9029174532641373,0.0716841000248678,0.04978210001718253,0.16085399998701178,0.28272789999027736
425,95.2357073771283,0.0016672798877785428,0.005,0.902916491489207,0.10839050001231954,0.07440340000903234,0.20558470001560636,0.38859399998909794
426,95.39413679881666,0.0016635506371678584,0.005,0.902916063716598,0.08801500001573004,0.041502000007312745,0.1436014999926556,0.2733598000195343
427,95.55248368321033,0.0016599226085311145,0.005,0.9029161865467651,0.09187720000045374,0.05140969998319633,0.13940220000222325,0.2829582999984268
428,95.71075700116626,0.0016564019254660326,0.005,0.9029168779023599,0.06933699999353848,0.058724300004541874,0.13316070000291802,0.2614369000075385
429,95.86896643453056,0.0016529953196627394,0.005,0.9029181571290787,0.07250320000457577,0.053196299995761365,0.14133690000744537,0.2673099999956321
430,96.02712246897093,0.001649710436258563,0.005,0.9029200451061725,0.07145429999218322,0.04422330000670627,0.13796709998860024,0.25388000000384636
431,96.1852364164183,0.0016465550917499055,0.005,0.9029225643654009,0.07025849999627098,0.05177869999897666,0.13787870001397096,0.2600672999978997
432,96.34332047985177,0.001643537712472466,0.005,0.902925739224934,0.06371679998119362,0.053723899996839464,0.12726159999147058,0.24495990001014434
433,96.50138791428995,0.0016406683270921419,0.005,0.9029295959360898,0.05039940000278875,0.04020180000225082,0.12211610001395456,0.212910300004296
434,96.65945301783471,0.0016379567896489394,0.005,0.9029341628416695,0.0661318999773357,0.054548999993130565,0.15289960001246072,0.2737763999903109
435,96.81753133445638,0.0016354149716996836,0.005,0.9029394705554429,0.0713736999896355,0.061159800010500476,0.22388569999020547,0.35660009999992326
436,96.97563963351502,0.0016330544363133376,0.005,0.9029455521549375,0.08687209998606704,0.07117869998910464,0.171283300005598,0.3295704000047408
437,97.13379617239116,0.0016308893601922952,0.005,0.9029524434003249,0.07243579998612404,0.05776520000654273,0.14832939999178052,0.27869279999868013
438,97.29202076760178,0.0016289345361300649,0.005,0.9029601829697869,0.0570298999955412,0.052285099984146655,0.14861090001068078,0.258162700018147
439,97.45033495282905,0.0016272062598579255,0.005,0.9029688127230139,0.0681070999999065,0.046409800008405,0.14805469999555498,0.262780399993062
440,97.60876219404798,0.0016257229007536772,0.005,0.9029783779922452,0.07849389998591505,0.09700249999877997,0.24539159997948445,0.4212396999937482
441,97.76732804484416,0.0016245042681818647,0.005,0.9029889279028781,0.1174135000037495,0.059386399982031435,0.15101609998964705,0.3280938999960199
442,97.92606039580593,0.0016235725588098578,0.005,0.9030005157294865,0.07298950001131743,0.054446800000732765,0.13998969999374822,0.26766810001572594
443,98.08498974297345,0.0016229525268875373,0.005,0.9030131992891839,0.07534490001853555,0.0530315000214614,0.17578220000723377,0.30435240000952035
444,98.24414938597647,0.0016226707411612284,0.005,0.9030270413749454,0.12060070000006817,0.05765230001998134,0.30010089999996126,0.4786673999915365
445,98.40357592601353,0.001622758617520455,0.005,0.9030421102406899,0.20904419998987578,0.2624477999925148,0.5467425000097137,1.018431700009387
446,98.56330939640549,0.0016232486359241067,0.005,0.9030584801270372,0.08530410000821576,0.05331700001261197,0.1750408000079915,0.3138696000096388
447,98.72339390394839,0.0016241795098323175,0.005,0.9030762318551976,0.12414119997993112,0.07962870001210831,0.20455690001836047,0.40854040000704117
448,98.88387782557102,0.0016255916179175206,0.005,0.9030954534687233,0.09139869999489747,0.060663700016448274,0.16467440000269562,0.31697020001593046
449,99.0448145751016,0.0016275327492158676,0.005,0.9031162409537746,0.07348849999834783,0.05381010001292452,0.15115249998052604,0.2786383999919053
450,99.20626294210243,0.0016300537054204905,0.005,0.9031386990173099,0.06649579998338595,0.05816960000083782,0.15532409999286756,0.28037469999981113
451,99.36828783034174,0.001633212293601611,0.005,0.9031629419495574,0.07496319999336265,0.06347579997964203,0.1667017000145279,0.3053375000017695
452,99.53096088840095,0.0016370721646825112,0.005,0.9031890945588733,0.06701140000950545,0.050970799988135695,0.13564799999585375,0.25384600000688806
453,99.69436120681026,0.0016417034152067952,0.005,0.9032172931868614,0.07350860000588,0.05570199998328462,0.14397879998432472,0.27339970000321046
454,99.85857608791716,0.0016471832420516367,0.005,0.9032476868019496,0.07038640000973828,0.05556269999942742,0.13840309999068268,0.2645459000195842
455,100.02370164937187,0.0016535941921436577,0.005,0.9032804381631147,0.07119760001660325,0.057743900018977,0.12833490001503378,0.2574951999995392
456,100.18984361366242,0.0016610259523582535,0.005,0.9033157250502611,0.06360150000546128,0.05353149998700246,0.1308965999924112,0.24823909997940063
457,100.35711757024735,0.0016695699938404248,0.005,0.9033537415283247,0.06526619999203831,0.052576799993403256,0.17504319999716245,0.29308440000750124
458,100.52564918376629,0.0016793189920084048,0.005,0.9033946992339398,0.07343719998607412,0.054577200004132465,0.1425075999868568,0.2707503999990877
459,100.69557344393458,0.0016903572525819375,0.005,0.9034388286230383,0.06545120000373572,0.05915559999994002,0.15187040000455454,0.2767143000091892
460,100.86703301088781,0.001702751780332201,0.005,0.9034863801353654,0.07424180000089109,0.062497799983248115,0.17975060001481324,0.3166888999985531
461,101.04017444835192,0.0017165314800666458,0.005,0.9035376251803768,0.18376400001579896,0.2537075000000186,0.3108805000083521,0.7485782000003383
462,101.21514133849855,0.0017316566514448345,0.005,0.9035928568525341,0.07359439998981543,0.057730000000447035,0.1559269999852404,0.2874860000156332
463,101.39206216969825,0.001747968029882112,0.005,0.9036523902535379,0.06622930002049543,0.053320799983339384,0.16284199999063276,0.2825870999949984
464,101.57102936994136,0.0017651007032835867,0.005,0.9037165622942142,0.07821010000770912,0.056605599995236844,0.42954629997257143,0.5645561999990605
465,101.75206423462029,0.0017823474449547125,0.005,0.9037857308992081,0.07729169999947771,0.05065429999376647,0.12827329998253845,0.2565595000050962
466,101.93505763815338,0.0017984244831745376,0.005,0.9038602736224821,0.06294899998465553,0.0575230999966152,0.13837749999947846,0.25903469999320805
467,102.11967029335572,0.001811081089076116,0.005,0.9039405859682739,0.06552179998834617,0.05071810001390986,0.127801399998134,0.24428670000634156
468,102.3051632609794,0.0018164274041505837,0.005,0.9040270802393362,0.05737799999769777,0.049125000019557774,0.11937950001447462,0.22603370001888834
469,102.49010591892088,0.001807754878115878,0.005,0.904120186775764,0.07003099998109974,0.04580380002153106,0.1085095000162255,0.22451110000838526
470,102.67186301826015,0.0017734111767146168,0.005,0.9042203613176751,0.06287379999412224,0.05464149999897927,0.15211249998537824,0.2698881000105757
471,102.84566878043776,0.0016928275875026891,0.005,0.9043281053880727,0.06676320001133718,0.05637509998632595,0.14163269998971373,0.26494419999653473
472,103.00289315987405,0.0015287408920636218,0.005,0.9044440114780954,0.06910359999164939,0.05596510000759736,0.1488338999915868,0.27410260000033304
473,103.12763380481039,0.0012110402058583374,0.005,0.9045688510818101,0.07353460000013001,0.05532630000379868,0.14363189999130554,0.27273430000059307
474,103.18956314763962,0.0006005116237462069,0.005,0.9047037264696752,0.06628209998598322,0.05327100001159124,0.1232157000049483,0.24293300000135787
475,103.12755115516137,0.0006009521756529081,0.005,0.9048502814870012,0.065165000007255,0.04892060000565834,0.13042229998973198,0.24468760000308976
476,102.8077126538042,0.00310138753198893,0.005,0.9050107841919954,0.0780932999914512,0.05981429998064414,0.12652240000898018,0.264664599992102
477,101.90107841359138,0.008818737590883226,0.005,0.90518682360021,0.06440849998034537,0.04840120000881143,0.13935729998047464,0.25234049998107366
478,99.50019090487878,0.023560962710993,0.005,0.9053691200923378,0.07084460000623949,0.06689429999096319,0.1513734999753069,0.2893738000129815
479,93.37169824014074,0.061592772928413905,0.005,0.9054975655765625,0.0711003000033088,0.06086250001681037,0.12398570001823828,0.2561633999866899
480,83.63878368913176,0.10423837987799157,0.005,0.9055292491453872,0.05274980000103824,0.04242559999693185,0.1408956999948714,0.23631040001055226
481,78.58041664386424,0.06047872556430796,0.005,0.9055447039532465,0.06355410002288409,0.0636145000171382,0.11312429999816231,0.24039690001518466
482,76.97095967920943,0.02048165476074097,0.005,0.9055144263829678,0.0635883999930229,0.051280499988934025,0.16842249999172054,0.2834906000061892
483,75.96491508492552,0.013070443690409756,0.005,0.9054597909982793,0.06848650000756606,0.051092499983496964,0.10731219997978769,0.22711269999854267
484,75.30257063405165,0.008719083673474808,0.005,0.9053932649942681,0.07500569999683648,0.05207249999511987,0.14272649999475107,0.2700433999998495
485,74.94270968137282,0.004778866772392776,0.005,0.9053359648360678,0.06460540002444759,0.054315100016538054,0.1291579999960959,0.24824339998303913
486,74.77998373956498,0.0021713378459316795,0.005,0.9052969632314435,0.05931630000122823,0.06044490000931546,0.12128709998796694,0.24155619999510236
487,74.73384755812758,0.0006169589658922915,0.005,0.9052752506440155,0.06992529999115504,0.048597400018479675,0.10083820001455024,0.2195754999993369
488,74.75699831583606,0.0003097760715514061,0.005,0.9052678813766122,0.06066140002803877,0.04869389999657869,0.11782210000092164,0.22736609997809865
489,74.82340384026705,0.0008882850559413613,0.005,0.9052722360214234,0.045065399986924604,0.03649960001348518,0.07857710000826046,0.16039249999448657
490,74.91867014264224,0.001273215297429776,0.005,0.9052861009266174,0.04639390000374988,0.040045500005362555,0.1140974999871105,0.20070809999015182
491,75.0344745559363,0.0015457350360540347,0.005,0.9053075258624614,0.0632968999852892,0.0554761000094004,0.13792609999654815,0.2574929000111297
492,75.16565857276984,0.0017483165919386732,0.005,0.9053347810387233,0.07075070001883432,0.054310599982272834,0.12824719998752698,0.25348380001378246
493,75.30877310209529,0.0019039882313662113,0.005,0.9053663663562238,0.07269380000070669,0.05695279999054037,0.12941689998842776,0.25928810000186786
494,75.46135736979386,0.0020261154366665217,0.005,0.9054010203327719,0.06739350000862032,0.053548800002317876,0.13082639998174272,0.2519941999926232
495,75.62157237942961,0.0021231397793525634,0.005,0.905437711805093,0.06683990001329221,0.05692139998427592,0.14531590000842698,0.2693020000006072
496,75.78800227653569,0.0022008256621672195,0.005,0.905475616852645,0.07249430002411827,0.05624589999206364,0.12045209997450002,0.2493823999830056
497,75.95953708330384,0.002263350419796701,0.005,0.905514088485256,0.07097290002275258,0.05739580001682043,0.1311386999732349,0.25974970002425835
498,76.1352961996282,0.002313851862098695,0.005,0.9055526254303604,0.07976120000239462,0.05891560000600293,0.1370736999961082,0.2760222000069916
499,76.31457527308127,0.002354743232140332,0.005,0.9055908437388244,0.06842820000019856,0.052359299996169284,0.1287644999974873,0.24977680001757108
500,76.49680680979586,0.002387899507564463,0.005,0.9056284527068421,0.058257600001525134,0.045637200004421175,0.1179864999721758,0.22205519999261014
501,76.6815306050749,0.0024147909302716917,0.005,0.9056652352971768,0.05694410001160577,0.03949049999937415,0.09328589998767711,0.1898286000068765
502,76.86837094216412,0.0024365754780181327,0.005,0.9057010325599006,0.05341319998842664,0.04233520000707358,0.09207170002628118,0.18804539999109693
503,77.0570189382126,0.002454169299235085,0.005,0.905735731375575,0.07276550002279691,0.054015700006857514,0.10852529999101534,0.23549399999319576
504,77.24721890932074,0.0024683017034522574,0.005,0.9057692548212246,0.05718129998422228,0.037745899986475706,0.06798379999236204,0.16306909997365437
505,77.43875764726936,0.002479555130307841,0.005,0.9058015545799303,0.03404269999009557,0.03434159999596886,0.0652696999895852,0.1338085999886971
506,77.63145594825332,0.0024883960801863154,0.005,0.905832604928953,0.0323645000171382,0.03179250002722256,0.06569640000816435,0.13025380001636222
507,77.82516227460414,0.0024952040894343046,0.005,0.9058623979460704,0.03344090000609867,0.03218200002447702,0.07974110002396628,0.1454675999993924
508,78.01974713733341,0.0025002821329518604,0.005,0.9058909396552012,0.03537759999744594,0.042710899986559525,0.09400700000696816,0.1722732000052929
509,78.21509945912676,0.0025038830419366015,0.005,0.9059182469287271,0.04525070000090636,0.0413397999946028,0.11766119999811053,0.20442650001496077
510,78.41112292472359,0.0025062100151040595,0.005,0.9059443449667389,0.03766339999856427,0.0298661999986507,0.06014610000420362,0.12782049999805167
511,78.60773360312103,0.0025074335255496696,0.005,0.9059692652631494,0.031277600006433204,0.031123199994908646,0.06530640000710264,0.12787960001151077
512,78.80485778072214,0.002507694454038866,0.005,0.9059930439446052,0.032940000004600734,0.030381099990336224,0.0669231999781914,0.13040880000335164
513,79.00243023511521,0.0025071100939338268,0.005,0.9060157204286425,0.03085579999606125,0.029511600005207583,0.06375619999016635,0.12433260001125745
514,79.2003931476417,0.0025057825681734664,0.005,0.9060373363297933,0.032292500021867454,0.027979099977528676,0.0922693999891635,0.15278410000610165
515,79.3986945311988,0.002503792919151678,0.005,0.9060579345837033,0.07290040000225417,0.05439890001434833,0.10485329999937676,0.2323366999917198
516,79.59728771986401,0.00250121478492545,0.005,0.9060775587374398,0.03266789999906905,0.027967300004092976,0.06087190000107512,0.12170779998996295
517,79.79613051499676,0.0024981101847660766,0.005,0.9060962523892613,0.0320466999837663,0.03379439999116585,0.07020190000184812,0.13620879998779856
518,79.99518459095839,0.002494532938839894,0.005,0.9061140587425615,0.03278030001092702,0.0308589999913238,0.06381530000362545,0.1276277000142727
519,80.19441491854327,0.0024905290062597575,0.005,0.9061310202543195,0.03212259997962974,0.032719100010581315,0.06673689998569898,0.13174679997609928
520,80.39378938605917,0.002486139062407373,0.005,0.9061471783741747,0.03255410000565462,0.029226599988760427,0.06463330000406131,0.1266378000145778
521,80.59327854553261,0.0024814001304936228,0.005,0.9061625733364436,0.04478719999315217,0.03277770002023317,0.10444039999856614,0.18218269999488257
522,80.79285512413347,0.0024763427199217414,0.005,0.9061772440180571,0.03596269999979995,0.0323703000030946,0.0647719000116922,0.1332850999897346
523,80.99249385196494,0.002470994836421325,0.005,0.9061912278317121,0.03227820000029169,0.02940540001145564,0.06462449999526143,0.12647119999746792
524,81.19217140966107,0.0024653834966620147,0.005,0.9062045606652529,0.03290609997930005,0.02872699999716133,0.060504900000523776,0.1223001999896951
525,81.39186594050653,0.002459529377997409,0.005,0.9062172768357752,0.02978340000845492,0.030284599983133376,0.06867390000843443,0.12890320000587963
526,81.59155719501331,0.002453454681242213,0.005,0.9062294090860356,0.031283299991628155,0.029179300006944686,0.05960459998459555,0.12023080000653863
527,81.79122617039926,0.0024471769169537357,0.005,0.9062409885793615,0.035277599992696196,0.037968200020259246,0.06625510001322255,0.1396899000101257
528,81.99085505600107,0.0024407127139274756,0.005,0.9062520449242901,0.030407899990677834,0.03160000001662411,0.061992600007215515,0.12416599999414757
529,82.19042723509055,0.002434078519527272,0.005,0.9062626062074941,0.03127340000355616,0.030143799987854436,0.07314199997927062,0.1347317000036128
530,82.38992696766367,0.0024272867204167717,0.005,0.9062726990301344,0.03216460000840016,0.030259699997259304,0.06324419999145903,0.12585010001203045
531,82.58933959144929,0.002420351991134603,0.005,0.9062823485551783,0.03175850000116043,0.029358600004343316,0.0676874999771826,0.12897109999903478
532,82.7886511540116,0.002413284372393142,0.005,0.9062915785609922,0.03278749997843988,0.03453820000868291,0.06243369998992421,0.12994059998891316
533,82.98784858928975,0.002406095914131811,0.005,0.9063004114958136,0.03501749999122694,0.029394599987426773,0.06999930000165477,0.13457199998083524
534,83.18691959418601,0.0023987970320988147,0.005,0.906308868529833,0.03199240000685677,0.029422099993098527,0.0608615999808535,0.12243700001272373
535,83.38585245666486,0.0023913959484173413,0.005,0.9063169696157283,0.033363299997290596,0.030545299989171326,0.06778320000739768,0.1318598999932874
536,83.58463613705247,0.002383901759485077,0.005,0.9063247335499103,0.03256709998822771,0.031006700010038912,0.06538240000372753,0.12911799998255447
537,83.78326019549083,0.002376322582928689,0.005,0.906332178023844,0.030394000001251698,0.03521349999937229,0.06983589997980744,0.1356163000164088
538,83.98171473331118,0.0023686657377297218,0.005,0.9063393196845392,0.03219820000231266,0.032573700009379536,0.06960620000609197,0.13455109999631532
539,84.17999038773831,0.0023609383906576715,0.005,0.9063461741903025,0.033468900015577674,0.028268000023672357,0.06426630000350997,0.1261833000171464
540,84.37807832717824,0.0023531475654430946,0.005,0.9063527562584557,0.033465899992734194,0.03141249998589046,0.06188950000796467,0.12692889999016188
541,84.57597001034027,0.0023452973460084798,0.005,0.9063590797241476,0.0315785999991931,0.03215210000053048,0.06849259999580681,0.13239680000697263
542,84.77365752689997,0.002337395793811495,0.005,0.9063651575904303,0.032842200016602874,0.030649100022856146,0.06314600000041537,0.12680060000275262
543,84.9711332776275,0.002329447100532051,0.005,0.9063710020696415,0.03229999999166466,0.03005599998869002,0.06887010001810268,0.13139210001099855
544,85.16838998177661,0.0023214554936511426,0.005,0.9063766246341014,0.03508100000908598,0.02827350000734441,0.061724200000753626,0.12524299998767674
545,85.36542089574827,0.002313427716712944,0.005,0.906382036062212,0.03465740001411177,0.03727760000037961,0.06460330000845715,0.1367014000134077
546,85.56221943461806,0.0023053659995435844,0.005,0.9063872464713861,0.03237910001189448,0.030044499988434836,0.06229390000225976,0.12487659999169409
547,85.7587794790916,0.0022972761315961806,0.005,0.9063922653667863,0.03089429999818094,0.03033130001858808,0.07464020000770688,0.13605570001527667
548,85.95509503630686,0.0022891598785302206,0.005,0.9063971016728875,0.03235260001383722,0.034732300002360716,0.062259199999971315,0.1295158000139054
549,86.15116057038986,0.0022810228294225915,0.005,0.906401763771248,0.03119660000083968,0.03552490001311526,0.13039189999108203,0.19731089999550022
550,86.34697077148343,0.0022728678267030177,0.005,0.9064062595377622,0.0434718000178691,0.04939959998591803,0.09442839998519048,0.1875039000005927
551,86.54252054375429,0.0022646975397479386,0.005,0.90641059636282,0.06053109999629669,0.05705939998733811,0.10336199999437667,0.22111620000214316
552,86.7378050406522,0.0022565150133243457,0.005,0.9064147811929417,0.03595379999023862,0.031922099995426834,0.06324409999069758,0.1312720999994781
553,86.93281974490452,0.0022483241783777703,0.005,0.9064188205555951,0.0320046000124421,0.03229109998210333,0.06773949999478646,0.132210900017526
554,87.12756025090707,0.0022401264168583524,0.005,0.9064227205809274,0.03300820000004023,0.033680699998512864,0.061513799999374896,0.12834799999836832
555,87.32202237019543,0.002231924304185204,0.005,0.9064264870293856,0.03207379998639226,0.029096099984599277,0.06661310000345111,0.1279474999755621
556,87.51620218020501,0.0022237209439146437,0.005,0.9064301253206193,0.03397429999313317,0.03221850001136772,0.06276480000815354,0.1291196999954991
557,87.71009588668683,0.0022155178315732766,0.005,0.9064336405454778,0.03640469998936169,0.0313775000104215,0.06986409999080934,0.13782140001421794
558,87.90369994738816,0.002207317854850492,0.005,0.9064370374946434,0.032425500015961006,0.028057500021532178,0.06145129998913035,0.12209710001479834
559,88.09701088596645,0.0021991217513482662,0.005,0.9064403206720925,0.03097750002052635,0.03037130000302568,0.0680601000203751,0.12964289999217726
560,88.29002552478381,0.002190932891777674,0.005,0.9064434943189268,0.029987400019308552,0.027375900011975318,0.060584899998502806,0.11811860001762398
561,88.48274069668346,0.0021827513442676818,0.005,0.9064465624235603,0.031756100011989474,0.029908600001363084,0.06539460000931285,0.12722570000914857
562,88.67515345757519,0.002174579577629872,0.005,0.9064495287430553,0.033575600013136864,0.030503700021654367,0.060934499982977286,0.12517380001372658
563,88.86726099234727,0.002166418971735834,0.005,0.9064523968168916,0.03330519999144599,0.03044999999110587,0.06671780001488514,0.13081900001270697
564,89.05906071094435,0.002158271971649926,0.005,0.9064551699815466,0.03553749999264255,0.02840690000448376,0.060563000006368384,0.12467220000689849
565,89.25054997421987,0.002150137916870958,0.005,0.9064578513765401,0.03334359999280423,0.029522099997848272,0.06534390000160784,0.12838099998771213
566,89.44172643000728,0.0021420199185622404,0.005,0.9064604439687507,0.03190360000007786,0.028071300010196865,0.0630710999830626,0.12320770000224002
567,89.63258772924061,0.0021339178798465155,0.005,0.9064629505543066,0.031841799995163456,0.029586999997263774,0.06654259999049827,0.1281386000046041
568,89.82313171019511,0.0021258337595930063,0.005,0.9064653737724984,0.032628600019961596,0.028305400017416105,0.06056299997726455,0.12165570000070147
569,90.01335628758495,0.0021177682604474426,0.005,0.906467716116929,0.03139710001414642,0.02789119997760281,0.06570999999530613,0.12517260000458919
570,90.2032594649001,0.0021097222139836733,0.005,0.9064699799405869,0.035317700006999075,0.028965699981199577,0.06164990001707338,0.12608990000444464
571,90.39283932861284,0.0021016963781281804,0.005,0.9064721674712051,0.031829899991862476,0.029456399992341176,0.06838260000222363,0.12989999999990687
572,90.58209416944504,0.0020936928437903287,0.005,0.9064742808140325,0.03217940000467934,0.03126819999306463,0.06214329999056645,0.1257601999968756
573,90.77102226260772,0.002085711253366029,0.005,0.9064763219631543,0.0349051000084728,0.02958449997822754,0.09778000001097098,0.16237760000512935
574,90.95962192101959,0.0020777518387557724,0.005,0.9064782928043759,0.03397779999068007,0.0298410999821499,0.06192350000492297,0.12592120000044815
575,91.14789170558338,0.0020698171407007543,0.005,0.9064801951271523,0.03312310000183061,0.034745599987218156,0.06772620000992902,0.13576579999062233
576,91.33583011831684,0.0020619063065168684,0.005,0.9064820306252085,0.03348390001337975,0.02976970002055168,0.060010000015608966,0.12343450001208112
577,91.52343571437065,0.0020540197183382333,0.005,0.9064838009069213,0.03128540000761859,0.03026149998186156,0.0650389000074938,0.12676119999377988
578,91.7107073511508,0.0020461604759309574,0.005,0.906485507501553,0.0337203000090085,0.029708499991102144,0.061364299996057525,0.1249629000085406
579,91.89764367274822,0.0020383260253533414,0.005,0.9064871518576947,0.03666710000834428,0.027696100005414337,0.0669577999797184,0.1315947000111919
580,92.08424352951042,0.0020305184040049036,0.005,0.9064887353551182,0.033035900007234886,0.029721800005063415,0.06394770002225414,0.12686370001756586
581,92.27050578366593,0.0020227375174756853,0.005,0.9064902593058639,0.03160449999268167,0.030078800016781315,0.06805150001309812,0.13007670000661165
582,92.45642940615127,0.002014984321439153,0.005,0.9064917249600123,0.03155030001653358,0.03145039998344146,0.06395250000059605,0.12714619998587295
583,92.64201346248694,0.002007259608960451,0.005,0.9064931335110115,0.030944300000555813,0.02893889998085797,0.06483690001186915,0.12488630000734702
584,92.8272569437095,0.0019995623400128975,0.005,0.9064944860912599,0.032998899987433106,0.03773039998486638,0.08088029999635182,0.1517753999796696
585,93.01215895557898,0.0019918935230587185,0.005,0.9064957837852881,0.03304710000520572,0.031139200000325218,0.08299109997460619,0.14736659999471158
586,93.19671873551665,0.0019842543384657324,0.005,0.906497027631924,0.032106900005601346,0.030917100026272237,0.06124070001533255,0.12443629998597316
587,93.3809354463537,0.0019766437417162537,0.005,0.906498218619728,0.03291639999952167,0.031526399980066344,0.0650102999934461,0.1296299999812618
588,93.56480837754086,0.001969062853228603,0.005,0.9064993576972,0.032787100004497916,0.02890440000919625,0.060454900027252734,0.1223281999991741
589,93.74833688487631,0.0019615121381417436,0.005,0.9065004457733992,0.030238600011216477,0.031014899985166267,0.06478839999181218,0.1262150999973528
590,93.9315201841312,0.001953989855626378,0.005,0.9065014837151643,0.034695599984843284,0.028409199992893264,0.06495450000511482,0.12822240000241436
591,94.1143578224872,0.0019464993007414343,0.005,0.906502472362396,0.03331989998696372,0.029630300006829202,0.06505050000851043,0.12824109999928623
592,94.29684916287188,0.001939038257360163,0.005,0.9065034125157879,0.0319764000014402,0.028369400009978563,0.06541730000753887,0.12592550000408664
593,94.47899366522743,0.0019316075136397285,0.005,0.9065043049480007,0.03113889999804087,0.030069700005697086,0.06514079999760725,0.12656230002176017
594,94.66079089872186,0.0019242079793799836,0.005,0.9065051504011002,0.03318830000353046,0.02922029999899678,0.09480959997745231,0.15738509999937378
595,94.8422403520616,0.001916838551812564,0.005,0.9065059495915286,0.05012889998033643,0.03815979999490082,0.061724400002276525,0.15017629999783821
596,95.02334162030475,0.0019095001085053687,0.005,0.9065067032085847,0.03241640000487678,0.03082310000900179,0.06426610000198707,0.12768649999634363
597,95.20409434072906,0.001902192843802129,0.005,0.9065074119200579,0.034952000016346574,0.03448280002339743,0.06637939999927767,0.13598150000325404
598,95.38449815188787,0.0018949165202197943,0.005,0.9065080763689934,0.03507290000561625,0.031190100009553134,0.0622299000096973,0.12864660000195727
599,95.56455271760218,0.0018876711541491818,0.005,0.9065086971796159,0.03188550000777468,0.028895199997350574,0.06493310001678765,0.1259591999987606
600,95.74425769553062,0.0018804564330403414,0.005,0.9065092749507808,0.032515900005819276,0.0305240000016056,0.060654800006886944,0.12387050001416355
601,95.92361290544896,0.0018732738049805143,0.005,0.9065098102717374,0.03156439997837879,0.029443000006722286,0.06299469998339191,0.12421629999880679
602,96.10261804659594,0.0018661217579806657,0.005,0.906510303706358,0.0321090999932494,0.0290439999953378,0.05869219999294728,0.12003059999551624
603,96.28127289443415,0.001859000841700227,0.005,0.9065107558069639,0.03366210000240244,0.03518930001882836,0.07314249998307787,0.14216419999138452
604,96.45957729405683,0.0018519115323514033,0.005,0.906511167109001,0.03387799998745322,0.029714300006162375,0.061833899992052466,0.1255896000075154
605,96.63753108050177,0.0018448534757979857,0.005,0.9065115381329747,0.033065700001316145,0.03470550000201911,0.0964873000048101,0.1644133000227157
606,96.81513408792809,0.0018378264163057417,0.005,0.9065118693852556,0.044822199997724965,0.03145860001677647,0.06637730001239106,0.14280510001117364
607,96.99238617685351,0.0018308303819984041,0.005,0.9065121613612226,0.0322087999957148,0.030152899998938665,0.06561059999512509,0.12813920000917278
608,97.1692872897878,0.001823865974507849,0.005,0.906512414543955,0.031403200002387166,0.02943810002761893,0.06195750000188127,0.12296290000085719
609,97.34583731349332,0.0018169323726641277,0.005,0.9065126294040534,0.03131090002716519,0.028487200004747137,0.06832510000094771,0.12829569997848012
610,97.52203618883799,0.0018100298914398875,0.005,0.9065128064024456,0.03501669998513535,0.02937590001965873,0.07335089999833144,0.13793190001160838
611,97.69788384893383,0.0018031582088312381,0.005,0.9065129459913176,0.03657769999699667,0.03295669998624362,0.06404910000856034,0.13374600000679493
612,97.87338033429938,0.00179631818471032,0.005,0.9065130486111773,0.031034400017233565,0.030096699978457764,0.06434599999920465,0.12563829999999143
613,98.0485256023153,0.0017895087246162214,0.005,0.9065131146953592,0.032012699986808,0.03264439999475144,0.06882020001648925,0.13365309999790043
614,98.22331964824028,0.001782729978357326,0.005,0.9065131446677767,0.03302100001019426,0.029731599992373958,0.06019309998373501,0.12315920001128688
615,98.39776252577067,0.0017759823039489495,0.005,0.9065131389459216,0.031906899996101856,0.032436200010124594,0.0698883000004571,0.13442550000036135
616,98.57185419337651,0.0017692644948124813,0.005,0.906513097938223,0.03233870002441108,0.030329000001074746,0.06059290000121109,0.12342249997891486
617,98.7455947997232,0.001762578250844732,0.005,0.906513022049377,0.03384170000208542,0.029040399997029454,0.06654379999963567,0.12957459999597631
618,98.91898440996309,0.001755922485368233,0.005,0.9065129116774732,0.034545800008345395,0.029204399994341657,0.06223179999506101,0.12614229999599047
619,99.09202307923846,0.0017492968645758029,0.005,0.9065127672090555,0.031175399984931573,0.030219600012060255,0.06699049999588169,0.12859360000584275
620,99.26471085383992,0.0017427010695237055,0.005,0.9065125890304055,0.035264800011646,0.030277699988801032,0.06267970000044443,0.12838969999575056
621,99.43704793300118,0.001736136414229025,0.005,0.9065123775217906,0.03195119998417795,0.03324270001030527,0.06723260000580922,0.13260399998398498
622,99.60903439025401,0.0017296013993567997,0.005,0.9065121330552282,0.033559100003913045,0.03085439998540096,0.061786600010236725,0.1263936999894213
623,99.78067033030806,0.001723096113768158,0.005,0.9065118560018198,0.0383111999835819,0.030899300007149577,0.08248709997860715,0.15186339998035692
624,99.95195593871611,0.0017166211435645986,0.005,0.9065115467281063,0.034144199977163225,0.0283151000039652,0.06260480001219548,0.12522650000755675
625,100.12289137188739,0.0017101759697037491,0.005,0.9065112055936153,0.030890800000634044,0.02881730001536198,0.06382019998272881,0.12369619999662973
626,100.29347674575395,0.0017037599646713287,0.005,0.906510832955091,0.033445000008214265,0.028349699976388365,0.06172379999770783,0.12368260000948794
627,100.46371227427059,0.001697373887518054,0.005,0.9065104291661789,0.03289870001026429,0.030424700002186,0.06718860002001747,0.13071379999746569
628,100.63359811571888,0.0016910169612734905,0.005,0.9065099945780271,0.03522070002509281,0.029994800017448142,0.05961249998654239,0.12498510000295937
629,100.80313449914188,0.001684689672211097,0.005,0.9065095295376777,0.03192429998307489,0.02957280000555329,0.06721319997450337,0.12887389998650178
630,100.97232158612482,0.001678391131620859,0.005,0.9065090343866854,0.03224979998776689,0.03184370000963099,0.0651679000002332,0.1294212999928277
631,101.1411595847057,0.0016721215866753395,0.005,0.9065085094654352,0.030463000002782792,0.03343239999958314,0.06748759999754839,0.13156969999545254
632,101.30964875696883,0.0016658813578463321,0.005,0.906507955114314,0.03173139999853447,0.0291624000237789,0.06040800001937896,0.12176579999504611
633,101.47778925031629,0.0016596690977659651,0.005,0.9065073716660006,0.04439279998769052,0.030698000016855076,0.06570780000765808,0.140981800010195
634,101.64558138662208,0.0016534863199660112,0.005,0.9065067594564274,0.03321789999608882,0.028313899994827807,0.06176989999949001,0.12369100001524203
635,101.8130253038006,0.0016473309994816416,0.005,0.906506118812132,0.03415290001430549,0.03052719999686815,0.06546779998461716,0.13026930001797155
636,101.98012130007851,0.001641204509730548,0.005,0.9065054500649085,0.0312809000024572,0.03981469999416731,0.06640879999031313,0.13766520001809113
637,102.14686966332337,0.0016351065395794472,0.005,0.9065047535409987,0.03221259999554604,0.03129400001489557,0.06692599999951199,0.13077940000221133
638,102.31327055893495,0.0016290356832278064,0.005,0.9065040295649285,0.031535400019492954,0.03328369997325353,0.06574560000444762,0.1308030000072904
639,102.47932429876109,0.001622993174971263,0.005,0.9065032784575257,0.038898900005733594,0.039109400007873774,0.0801977000082843,0.15856500001973473
640,102.64503110337577,0.0016169779196786665,0.005,0.9065025005410425,0.03203959998791106,0.03442400001222268,0.06262260000221431,0.12929139999323525
641,102.81039136936079,0.0016109914353133919,0.005,0.9065016961345614,0.03218029998242855,0.030616500007454306,0.06696239998564124,0.12992619999567978
642,102.97540525008529,0.0016050311503208448,0.005,0.9065008655548752,0.03194069999153726,0.03270019998308271,0.062300699995830655,0.12710629997309297
643,103.14007306365988,0.001599098475744619,0.005,0.9065000091205595,0.030869800015352666,0.032670099986717105,0.06327039998723194,0.12698350002756342
644,103.30439504613321,0.001593192418740121,0.005,0.9064991271459317,0.032734000007621944,0.031861199997365475,0.06843660000595264,0.13319039999623783
645,103.46837159772605,0.0015873143782470336,0.005,0.9064982199436682,0.031964900001185015,0.02913280000211671,0.07776430001831613,0.13902840000810102
646,103.63200287112232,0.0015814617633343809,0.005,0.9064972878258017,0.03275430001667701,0.029443199979141355,0.06233720001182519,0.12464829999953508
647,103.79528931001587,0.0015756372005722467,0.005,0.9064963311063303,0.03247550001833588,0.030524899979354814,0.06580630000098608,0.1289839000091888
648,103.9582311202113,0.0015698382005443939,0.005,0.9064953500937424,0.03334950000862591,0.029932100005680695,0.06380629999330267,0.12729570001829416
649,104.12082864674586,0.00156406592130786,0.005,0.9064943450967001,0.031927899981383234,0.02969860000303015,0.07419689997914247,0.1359968999749981
650,104.28308217546137,0.0015583196064064481,0.005,0.9064933164235115,0.032581400009803474,0.028807700000470504,0.061854899977333844,0.12340640000184067
651,104.4449920071697,0.0015525992167733144,0.005,0.9064922643797462,0.032530800002859905,0.030124800017802045,0.0651687000063248,0.12800119997700676
652,104.60655848878747,0.0015469050120342541,0.005,0.9064911892739292,0.0331638999923598,0.03016860000207089,0.06131049999385141,0.1248038999910932
653,104.76778184689027,0.0015412356589485099,0.005,0.9064900914101452,0.03264550000312738,0.03564689998165704,0.06584590001148172,0.13431220001075417
654,104.92866255799919,0.001535593369190832,0.005,0.9064889710944318,0.03410200000507757,0.02875970001332462,0.06391729999450035,0.12695339997299016
655,105.08920076471686,0.0015299747733746013,0.005,0.9064878286290914,0.034895500022685155,0.02843770000617951,0.06392950000008568,0.127428100007819
656,105.24939691124584,0.0015243825755953387,0.005,0.9064866643154854,0.032058200013125315,0.031683199980761856,0.06426680000731722,0.12818190001416951
657,105.40925124225791,0.001518814698262561,0.005,0.9064854784574049,0.030993199994554743,0.029059799999231473,0.06326650001574308,0.12347689998568967
658,105.56876414811883,0.0015132723549503213,0.005,0.9064842713558979,0.03385489998618141,0.0293637000140734,0.06274069999926724,0.1261549000046216
659,105.72793589724554,0.0015077542150951629,0.005,0.9064830433131126,0.03193430000101216,0.030016800010344014,0.06398200002149679,0.1260939000057988
660,105.88676687483692,0.0015022612164276297,0.005,0.9064817946259411,0.032544299989240244,0.03256089999922551,0.06291290000081062,0.12825499998871237
661,106.0452573703053,0.0014967922824172535,0.005,0.9064805255952316,0.030206000024918467,0.03418539999984205,0.06423370001721196,0.12879989997600205
662,106.20340772442026,0.0014913477324375935,0.005,0.906479236519656,0.0323645000171382,0.029325900017283857,0.06348419998539612,0.12533820001408458
663,106.36121822696346,0.0014859269200917815,0.005,0.9064779276954175,0.03131660001236014,0.03332389998831786,0.06597019999753684,0.13078200002200902
664,106.51868926970512,0.0014805306423402893,0.005,0.9064765994234139,0.03383289999328554,0.030041599995456636,0.06303650001063943,0.12711299999500625
665,106.67582116127265,0.0014751579525136003,0.005,0.9064752519986404,0.029664200003026053,0.028303700004471466,0.06568269999115728,0.12386659998446703
666,106.83261424734854,0.0014698090379717207,0.005,0.9064738857171264,0.03306800001882948,0.02925140000297688,0.06263780000153929,0.12510580001980998
667,106.98906877908186,0.0014644828532519043,0.005,0.9064725008733853,0.03312380000716075,0.02897549999761395,0.09235479999915697,0.15471589998924173
668,107.14518518633105,0.0014591809147488312,0.005,0.906471097764687,0.03591209999285638,0.030401800002437085,0.06301969999913126,0.12950420001288876
669,107.30096379954412,0.0014539021323465525,0.005,0.906469676684003,0.03570400000899099,0.02962050001951866,0.0653417999856174,0.13083939999341965
670,107.45640492289492,0.0014486461057440954,0.005,0.9064682379241058,0.030634200025815517,0.028169000026537105,0.060036900016712025,0.11900009997771122
671,107.61150890890198,0.0014434131322219237,0.005,0.9064667817803519,0.03282609998132102,0.02742460000445135,0.06715970000368543,0.12770759998238645
672,107.76627604928598,0.0014382024929602375,0.005,0.9064653085467307,0.033886299992445856,0.02826739998999983,0.06208830000832677,0.12440490000881255
673,107.92070669287817,0.0014330145686909045,0.005,0.9064638185124998,0.031469899986404926,0.0278808000148274,0.07036060001701117,0.129878000007011
674,108.07480122269217,0.0014278495252308422,0.005,0.9064623119697985,0.03455709997797385,0.03096430000732653,0.06275219999952242,0.12844529998255894
675,108.22855990156515,0.0014227060992335293,0.005,0.9064607892109103,0.031601900001987815,0.029630200006067753,0.06620429997565225,0.12761070000124164
676,108.38198310167809,0.0014175851573048686,0.005,0.9064592505257669,0.03211860000737943,0.02972239998052828,0.06299570002011023,0.125037899997551
677,108.53507118546847,0.0014124864613960836,0.005,0.9064576962041803,0.03058939997572452,0.02869590002228506,0.06351249999715947,0.12297430000035092
678,108.6878244298859,0.0014074090775358275,0.005,0.90645612653663,0.03250790000311099,0.028824300010455772,0.0626060999929905,0.12408660000073723
679,108.8402431978496,0.0014023536561083181,0.005,0.9064545418103598,0.03079520000028424,0.029254900000523776,0.06490820000180975,0.12512550002429634
680,108.99232780958836,0.0013973196610953783,0.005,0.9064529423143777,0.03282300001592375,0.030785099981585518,0.06390460001421161,0.12767789998906665
681,109.14407855021904,0.0013923066300206583,0.005,0.906451328337178,0.03209620001143776,0.029756100004306063,0.06447469998965971,0.12655309998081066
682,109.29549587932961,0.0013873160241203773,0.005,0.9064497001666554,0.03338360000634566,0.029081999993650243,0.06257740000728518,0.12520119998953305
683,109.44657997137023,0.0013823450895673478,0.005,0.9064480580848706,0.030441900016739964,0.029131899995263666,0.06568119997973554,0.12545649998355657
684,109.597331276781,0.0013773962187782708,0.005,0.9064464023825439,0.0334932999976445,0.02871640000375919,0.06320809997851029,0.12558039999566972
685,109.74775002050592,0.0013724672122265465,0.005,0.906444733343083,0.03155350001179613,0.03035970000200905,0.06562089998624288,0.12771760000032373
686,109.89783656492192,0.0013675591926755255,0.005,0.9064430512530096,0.033624400006374344,0.032058300013886765,0.0674680000229273,0.13331030000699684
687,110.04759130664301,0.0013626723364352073,0.005,0.906441356395827,0.03204440002446063,0.028979299997445196,0.0645788999972865,0.12604850000934675
688,110.19701450503621,0.001357805260606136,0.005,0.9064396490541884,0.031887700024526566,0.03065310002421029,0.0618677000165917,0.12454260000959039
689,110.34610642589121,0.0013529578956804305,0.005,0.9064379295108399,0.030593100003898144,0.031097099999897182,0.06532570000854321,0.12718509999103844
690,110.49486749312985,0.0013481315477002946,0.005,0.9064361980495967,0.032561800006078556,0.033067200012737885,0.06150560002424754,0.12729350000154227
691,110.64329799827345,0.0013433248847765438,0.005,0.9064344549509704,0.03146200001356192,0.03339989998494275,0.06406140001490712,0.12910260001081042
692,110.79139827091372,0.001338538124944311,0.005,0.9064327004983634,0.03242159998626448,0.028923000005306676,0.06452449999051169,0.1260314999963157
693,110.93916853944181,0.0013337702279625993,0.005,0.9064309349685992,0.03114350000396371,0.030176200001733378,0.06575639999937266,0.1272807999921497
694,111.08660920057397,0.0013290225902472526,0.005,0.9064291586432996,0.03478630000608973,0.03031950001604855,0.10191369999665767,0.16723340001772158
695,111.23372058450344,0.001324294485070214,0.005,0.9064273718025897,0.03469940001377836,0.03719559998717159,0.09601519998977892,0.16807600000174716
696,111.3805029563171,0.0013195852035008365,0.005,0.9064255747238039,0.04410610001650639,0.04309819999616593,0.06463110001641326,0.1522832000046037
697,111.52695663487113,0.001314895108809691,0.005,0.9064237676833033,0.02970470002037473,0.030573900003219023,0.06556099999579601,0.12600220000604168
698,111.6730819494644,0.001310224173619997,0.005,0.9064219509582088,0.03527720001875423,0.0310204999987036,0.06247679999796674,0.12893540001823567
699,111.81887917548616,0.001305571794711762,0.005,0.9064201248265168,0.031040300003951415,0.02999820001423359,0.06816429999889806,0.12937549999332987
700,111.96434865143614,0.0013009384195461617,0.005,0.9064182895631112,0.03281929998775013,0.03189859999110922,0.06518989999312907,0.13002789998427033
701,112.1094906807347,0.0012963236159253347,0.005,0.9064164454435072,0.032787000003736466,0.029332300007808954,0.06622409998090006,0.12850670001353137
702,112.25430555422359,0.0012917271553868806,0.005,0.906414592738405,0.03582690001348965,0.03019049999420531,0.07009339999058284,0.13625790001242422
703,112.3987935679001,0.0012871489691476826,0.005,0.9064127317229612,0.03043059998890385,0.03482229998917319,0.06966350000584498,0.13508700000238605
704,112.54295503446517,0.0012825890918302268,0.005,0.9064108626708612,0.03183979997993447,0.02971490001073107,0.06115809999755584,0.12287339998874813
705,112.68679028443884,0.0012780475679675237,0.005,0.9064089858529432,0.03194510002504103,0.03113280000980012,0.06701229998725466,0.13036329997703433
706,112.83029952541753,0.001273523193059702,0.005,0.9064071015406259,0.03468579999753274,0.02830889998585917,0.06171069998526946,0.1248697999981232
707,112.97348311904224,0.0012690172252220004,0.005,0.9064052100019707,0.03220449999207631,0.031104099994990975,0.06376409999211319,0.1272717000101693
708,113.11634138917097,0.0012645292168091736,0.005,0.9064033115077856,0.03260959999170154,0.028320200013695285,0.06369579999591224,0.12478670000564307
709,113.25887454484446,0.0012600580422161315,0.005,0.9064014063234481,0.030473099992377684,0.02939360000891611,0.09902089997194707,0.15900280000641942
710,113.40108291628346,0.0012556046668350928,0.005,0.906399494718886,0.03463949999422766,0.030629799992311746,0.06221239999285899,0.12765239999862388
711,113.54296678955527,0.0012511685922483838,0.005,0.9063975769594549,0.031399100000271574,0.0286896999750752,0.06669619999593124,0.12694409998948686
712,113.68452644266935,0.0012467496412741994,0.005,0.9063956533113138,0.034261499997228384,0.027641399996355176,0.06309409998357296,0.1251609000028111
713,113.82576218864551,0.0012423480168814835,0.005,0.9063937240376962,0.03244239999912679,0.029964899993501604,0.06518239999422804,0.12770280000404455
714,113.96667425456873,0.0012379628584404392,0.005,0.906391789404724,0.03368379999301396,0.02899360001902096,0.06189150002319366,0.12472530000377446
715,114.10726294542536,0.0012335947484314316,0.005,0.9063898496738997,0.030856500001391396,0.035114600002998486,0.06554149999283254,0.13168380002025515
716,114.24752855414212,0.0012292434775501143,0.005,0.9063879051078031,0.03130659999442287,0.03052229998866096,0.060962899995502084,0.12298670000745915
717,114.38747136725578,0.0012249088876119007,0.005,0.9063859559650279,0.03170449999743141,0.03136970000923611,0.06950579999829642,0.13275830002385192
718,114.52709161028739,0.0012205903440537823,0.005,0.9063840025098006,0.0313802000018768,0.030182699993019924,0.06339640001533553,0.1251209000183735
719,114.66638960940138,0.001216288627916925,0.005,0.9063820449984312,0.03404769999906421,0.031028400000650436,0.06560450000688434,0.13085439999122173
720,114.80536560865377,0.0012120029219181102,0.005,0.9063800836878895,0.037706300005083904,0.029154099989682436,0.06488739998894744,0.13189319998491555
721,114.944019842928,0.0012077330492275874,0.005,0.9063781188351244,0.031177700002444908,0.028511199983768165,0.0668154000013601,0.12667929998133332
722,115.08235263404937,0.0012034796704552717,0.005,0.9063761506969343,0.03145410001161508,0.03131710001616739,0.06707119999919087,0.130004500009818
723,115.2203642200408,0.0011992419587588622,0.005,0.9063741795266851,0.030973299988545477,0.050565000012284145,0.06347920000553131,0.1451785999815911
724,115.35805482218221,0.0011950196744600745,0.005,0.9063722055793789,0.046286100026918575,0.04306419999920763,0.06736899999668822,0.15686649997951463
725,115.49542480328508,0.0011908139515234741,0.005,0.9063702291088808,0.032496699976036325,0.0367481000139378,0.0655994999979157,0.13495119998697191
726,115.63247433896724,0.0011866230711354397,0.005,0.906368250365988,0.030824299989035353,0.029672700009541586,0.06050589997903444,0.12119279999751598
727,115.76920375717924,0.0011824482611276475,0.005,0.9063662696009658,0.03133740002522245,0.02846440000575967,0.0649699000059627,0.1249404999834951
728,115.90561322472884,0.0011782880344906794,0.005,0.9063642870614502,0.03364919999148697,0.031606200005626306,0.06460280000464991,0.13003309999476187
729,116.04170303457965,0.001174143391890365,0.005,0.906362302995216,0.03285059999325313,0.03347799999755807,0.07586790001369081,0.14237690001027659
730,116.1774734657315,0.001170014120797432,0.005,0.9063603176524143,0.032802100002299994,0.028447799995774403,0.06365189998177812,0.12506590000703
731,116.31292474546584,0.0011658996851424384,0.005,0.9063583312774417,0.030195400002412498,0.0293136999825947,0.06678660001489334,0.12647620000643656
732,116.44805703892406,0.0011617994625614026,0.005,0.9063563441135385,0.03527239998220466,0.030630199995357543,0.06536879998748191,0.13145519999670796
733,116.58287077187858,0.0011577156062762774,0.005,0.9063543564063415,0.035209599998779595,0.03276279999408871,0.06732900001225062,0.13548360002459958
734,116.71736607332099,0.0011536454759772108,0.005,0.9063523683980078,0.03357440000399947,0.031561999989207834,0.06727179998415522,0.13257119999616407
735,116.85154311325681,0.0011495893409000685,0.005,0.9063503803273327,0.03295270001399331,0.028674500004854053,0.07954960002098233,0.14127469999948516
736,116.98540225679486,0.001145548787561199,0.005,0.9063483924369058,0.04005820001475513,0.019733099994482473,0.0435233999742195,0.10346120002213866
737,117.11894369343368,0.001141522224676247,0.005,0.9063464049648441,0.020193200005451217,0.017595100012840703,0.036839499982306734,0.07471539999824017
738,117.25216767578945,0.0011375101085653156,0.005,0.9063444181492403,0.020543100021313876,0.01786519997403957,0.03705390001414344,0.0755444000242278
739,117.38507439458358,0.0011335118269337966,0.005,0.9063424322231253,0.02168330000131391,0.016947299998719245,0.04015000001527369,0.07887720002327114
740,117.51766416461183,0.0011295283553899998,0.005,0.9063404474227877,0.021273799997288734,0.019921099999919534,0.039067800011252984,0.08036940000602044
741,117.64993716320254,0.0011255584386482289,0.005,0.9063384639836688,0.02136899999459274,0.01902700000209734,0.04118219998781569,0.08167380001395941
742,117.78189356973348,0.0011216020145246497,0.005,0.9063364821355615,0.019515299994964153,0.01822950001223944,0.03531219999422319,0.07324649998918176
743,117.91353363449416,0.0011176596059965349,0.005,0.9063345021090651,0.02153970001381822,0.017642599996179342,0.03835899999830872,0.07809260001522489
744,118.04485764506002,0.001113731448104486,0.005,0.906332524135585,0.016939799999818206,0.021229300007689744,0.0456834000069648,0.08397020000847988
745,118.17586578844607,0.001109816607005219,0.005,0.9063305484443159,0.023509699996793643,0.021990400011418387,0.04578790001687594,0.09141600001021288
746,118.30655827689657,0.0011059152186323137,0.005,0.9063285752591582,0.026101900002686307,0.017848500021500513,0.03817830001935363,0.0822145999991335
747,118.43693534707309,0.0011020274114590847,0.005,0.9063266048070916,0.016437599988421425,0.020497599994996563,0.0607898999878671,0.09781700000166893
748,118.56699721832426,0.0010981529610677003,0.005,0.9063246373123359,0.07745590002741665,0.049818400002550334,0.038015600002836436,0.16539000000921078
749,118.69674401472874,0.0010942909869393533,0.005,0.9063226729975933,0.016132200020365417,0.018596700014313683,0.03779269999358803,0.07262020002235658
750,118.82617607725211,0.0010904432433910501,0.005,0.906320712084773,0.017293600016273558,0.017307600006461143,0.04600800000480376,0.08069490001071244
751,118.95529362085597,0.0010866085896756577,0.005,0.9063187547945281,0.026124700001673773,0.02480939999804832,0.05321479999111034,0.10432459998992272
752,119.08409677226965,0.0010827862089450976,0.005,0.906316801343109,0.02684949999093078,0.023122199985664338,0.051775600004475564,0.1018593999906443
753,119.21258573346256,0.001078976661666505,0.005,0.906314851948879,0.025477400020463392,0.024420100002316758,0.048837600013939664,0.09892419999232516
754,119.3407607805072,0.0010751804958849841,0.005,0.906312906828264,0.028621100005693734,0.02687019997392781,0.051235899998573586,0.10681860000477172
755,119.4686220940368,0.001071396836197239,0.005,0.9063109661939642,0.026935999980196357,0.03600300001562573,0.04137519997311756,0.10443739997572266
756,119.5961698379527,0.0010676254708579592,0.005,0.9063090302592488,0.024564399995142594,0.02345070001319982,0.053590199997415766,0.10176520000095479
757,119.7234043087806,0.0010638674382323246,0.005,0.9063070992385103,0.026831499999389052,0.01626049997867085,0.04969350001192652,0.09289239998906851
758,119.85032563853596,0.001060121289468324,0.005,0.9063051733376872,0.025722899998072535,0.018604100012453273,0.03996530000586063,0.0843796000117436
759,119.97693407981258,0.0010563879622527055,0.005,0.906303252767126,0.0247588999918662,0.02510699999402277,0.05680339998798445,0.10685549999470823
760,120.10322978071699,0.0010526665135516065,0.005,0.9063013377326231,0.026375000015832484,0.019107300002360716,0.038242400012677535,0.08380950000719167
761,120.22921288186399,0.0010489568130433982,0.005,0.9062994284379371,0.018018599977949634,0.017127800005255267,0.04311599998618476,0.07841049999115057
762,120.3548837236317,0.001045260455054276,0.005,0.9062975250904343,0.026995099993655458,0.0239249000151176,0.04888589997426607,0.09993709999253042
763,120.48024235446572,0.0010415749403395458,0.005,0.9062956278897079,0.023122599988710135,0.030117099988274276,0.03937390001374297,0.09270269999979064
764,120.60528914994862,0.0010379029211694394,0.005,0.9062937370387999,0.016898200003197417,0.015887999994447455,0.03791119999368675,0.07078919999185018
765,120.7300241683349,0.0010342416925943594,0.005,0.9062918527371107,0.018531299981987104,0.018648199999006465,0.03303109999978915,0.07031089998781681
766,120.85444758491194,0.0010305921615948689,0.005,0.9062899751806313,0.019166799989761785,0.02111750000040047,0.040130099980160594,0.0805357999925036
767,120.9785595999862,0.0010269544692350656,0.005,0.9062881045653756,0.021388799999840558,0.018555299990111962,0.048152700008358806,0.08820160001050681
768,121.10236048162542,0.0010233291092948404,0.005,0.9062862410883924,0.026423900009831414,0.018367099983152002,0.04785140001331456,0.0927637999993749
769,121.22585036634784,0.0010197149273663754,0.005,0.9062843849396736,0.02578870000434108,0.023698999983025715,0.04491820000112057,0.09449459999450482
770,121.34902943419593,0.0010161122192653988,0.005,0.9062825363122501,0.02197939998586662,0.020831100002396852,0.04605020000599325,0.08896769999410026
771,121.47189788840122,0.0010125211118554263,0.005,0.9062806953980456,0.021956400014460087,0.022903599980054423,0.05118650000076741,0.0964531000063289
772,121.59445591811162,0.00100894142464952,0.005,0.9062788623809604,0.021649599977536127,0.017166800011182204,0.039101600006688386,0.07801779999863356
773,121.7167036800929,0.0010053728277185047,0.005,0.9062770374493915,0.019557699997676536,0.020303199999034405,0.04064520000247285,0.08060430001933128
774,121.83864133158686,0.00100181526287829,0.005,0.9062752207893716,0.022656300017843023,0.023076700017554685,0.0418268000066746,0.08766790002118796
775,121.96026916309752,0.0009982697622148609,0.005,0.9062734125843107,0.020881399977952242,0.02433680000831373,0.042574599996441975,0.0879129999957513
776,122.08158724012834,0.0009947344152593054,0.005,0.9062716130160097,0.020689400000264868,0.018826999992597848,0.04588630000944249,0.08550200000172481
777,122.2025957874653,0.000991210468937779,0.005,0.9062698222649564,0.020596899994416162,0.018492300005163997,0.044469499989645556,0.08366430000751279
778,122.32329493985952,0.0009876971239149738,0.005,0.9062680405075977,0.022937799978535622,0.021099900011904538,0.04679309998755343,0.09093989999382757
779,122.44368499448717,0.0009841956488078466,0.005,0.9062662679216005,0.02572940001846291,0.021555199986323714,0.04557980000390671,0.0929582999960985
780,122.56376596597512,0.0009807036720052783,0.005,0.9062645046837904,0.02173680000123568,0.01969670000835322,0.04513659997610375,0.08667469999636523
781,122.68353820209649,0.0009772238571276726,0.005,0.9062627509696777,0.0193481000023894,0.017249199998332188,0.03550260001793504,0.0721907000115607
782,122.80300172490114,0.0009737534844149883,0.005,0.9062610069471926,0.020845899998676032,0.025732199981575832,0.056067600002279505,0.10274929998558946
783,122.92215681843774,0.0009702946333798273,0.005,0.9062592727896486,0.0288765000004787,0.02641839999705553,0.045964499993715435,0.10134759999345988
784,123.04100362349567,0.0009668460766879498,0.005,0.9062575486642317,0.023318399995332584,0.016689799987943843,0.037428799987537786,0.07752120000077412
785,123.15954229234123,0.000963407850672989,0.005,0.9062558347384098,0.02396649998263456,0.017855200014309958,0.039706399984424934,0.08163609998882748
786,123.27777297668347,0.000959979893897259,0.005,0.9062541311759259,0.020036600006278604,0.02035439998144284,0.039374499989207834,0.0798779999895487
787,123.39569596352963,0.0009565632473622903,0.005,0.9062524381461697,0.02194549998966977,0.017357500008074567,0.04027989998576231,0.07968100000289269
788,123.51331134186373,0.0009531562459751886,0.005,0.9062507558066417,0.022519899997860193,0.02491340000415221,0.039452999975765124,0.08700490000774153
789,123.63061924543037,0.0009497591983584039,0.005,0.9062490843173076,0.0265341000049375,0.02450870000757277,0.043357099988497794,0.09449930000118911
790,123.7476199556484,0.000946373244202293,0.005,0.9062474238390278,0.02204340000753291,0.019532500009518117,0.040381800004979596,0.08205560001078993
791,123.86431355058237,0.0009429966812758625,0.005,0.9062457745272198,0.022694700019201264,0.019556399987777695,0.04509139998117462,0.08747339999536052
792,123.98070023927558,0.0009396305146896285,0.005,0.9062441365390054,0.02320960001088679,0.02150110001093708,0.04369549997500144,0.08867519997875206
793,124.09678013378705,0.000936273906240605,0.005,0.9062425100267704,0.024478299979818985,0.02309239999158308,0.04428500001085922,0.09194869999191724
794,124.21255350740942,0.0009329281025467463,0.005,0.9062408951443554,0.022855000017443672,0.04130549999536015,0.043998499982990324,0.10825450002448633
795,124.32802045652973,0.0009295916222623666,0.005,0.9062392920401757,0.01885210000909865,0.016118200001074,0.04239509999752045,0.07745280000381172
796,124.4431812295583,0.000926265636706108,0.005,0.9062377008649134,0.029949500021757558,0.023694899980910122,0.05045260000042617,0.10418009999557398
797,124.55803590664003,0.0009229487381060503,0.005,0.9062361217647126,0.02787930000340566,0.021104999992530793,0.04069920000620186,0.08979910000925884
798,124.67258471162737,0.0009196420299465399,0.005,0.9062345548838634,0.024669200007338077,0.02709409999079071,0.04814719999558292,0.09999839999363758
799,124.78682782755675,0.0009163451306767432,0.005,0.9062330003686037,0.03237560001434758,0.026681499992264435,0.056183199980296195,0.11535710000316612
800,124.90076536520002,0.0009130574085969822,0.005,0.9062314583574199,0.027855299995280802,0.021727200015448034,0.06110099999932572,0.11078730001463555
801,125.01439762692314,0.0009097803475493044,0.005,0.9062299289950099,0.06691540000610985,0.016428999981144443,0.04866380000021309,0.13210550000076182
802,125.1277245883917,0.0009065112788589134,0.005,0.906228412415299,0.023775899986503646,0.017600599996512756,0.05546520001371391,0.09700909999082796
803,125.24074663456337,0.000903253427994885,0.005,0.9062269087589342,0.0186132000235375,0.016776700009359047,0.04426009999588132,0.07985550002194941
804,125.35346378836182,0.0009000038472091752,0.005,0.9062254181580622,0.024949199985712767,0.024310500011779368,0.04682629997842014,0.09617330000037327
805,125.46587622183444,0.0008967636798804598,0.005,0.906223940747749,0.02295600000070408,0.023558299988508224,0.04504070000257343,0.09165610000491142
806,125.57798419002202,0.0008935335372732777,0.005,0.9062224766604757,0.019377000018721446,0.021141599980182946,0.03458800000953488,0.07518939999863505
807,125.68978779986331,0.0008903121877805409,0.005,0.9062210260268662,0.01732429998810403,0.01599240000359714,0.03490539998165332,0.06831569998757914
808,125.80128731984628,0.0008871008690102344,0.005,0.9062195889758858,0.023417799995513633,0.016777999990154058,0.03693040000507608,0.077243699983228
809,125.91248280849209,0.0008838978599884566,0.005,0.9062181656324584,0.019126600003801286,0.019692900008521974,0.03795030000037514,0.07686070000636391
810,126.02337451149147,0.0008807046015290144,0.005,0.9062167561220907,0.022192100004758686,0.022773300006520003,0.05164390002028085,0.09671630000229925
811,126.13396259686704,0.0008775204267005551,0.005,0.9062153605699048,0.018486899993149564,0.015461400005733594,0.03370779997203499,0.06775580000248738
812,126.24424721677441,0.0008743451615791428,0.005,0.9062139790954691,0.024297299998579547,0.022636999987298623,0.03711120001389645,0.0841562999994494
813,126.35422855183066,0.000871178984238369,0.005,0.9062126118207854,0.023722499987343326,0.02081369998631999,0.04232690000208095,0.08709499999531545
814,126.46390686817969,0.0008680225237103381,0.005,0.9062112588654063,0.020551800000248477,0.0156280999945011,0.048539499985054135,0.08483579999301583
815,126.57328219498685,0.0008648738562312623,0.005,0.9062099203429062,0.016750099981436506,0.016062999988207594,0.03781760000856593,0.07072449999395758
816,126.68235483555675,0.0008617351045845428,0.005,0.9062085963717197,0.01731120000476949,0.019932900002459064,0.07151819998398423,0.10886890001711436
817,126.79112487893167,0.00085860452717436,0.005,0.9062072870618003,0.024192299984861165,0.023940200015204027,0.03913829999510199,0.08735319998231716
818,126.89959255116533,0.0008554831604911628,0.005,0.9062059925305508,0.017736899986630306,0.018512999988161027,0.04021530001773499,0.07655349999549799
819,127.00775806149541,0.0008523708244884237,0.005,0.9062047128851973,0.021806600008858368,0.02084479999030009,0.048007700010202825,0.0908439000195358
820,127.11562156666005,0.0008492670590438921,0.005,0.9062034482345707,0.020246500003850088,0.025856099993688986,0.04537840001285076,0.09157849999610335
821,127.2231832142515,0.0008461717471526273,0.005,0.9062021986844596,0.022117699991213158,0.01893790002213791,0.03997640000307001,0.08113070001127198
822,127.33044330096885,0.0008430860163018707,0.005,0.9062009643455888,0.02114269998855889,0.021085799991851673,0.042225100012728944,0.08454700000584126
823,127.43740187187412,0.0008400078420558622,0.005,0.9061997453152599,0.01972630000091158,0.02333679998992011,0.04422460001660511,0.08738119999179617
824,127.54405922905013,0.0008369392000258475,0.005,0.906198541700325,0.01945330001763068,0.020392300008097664,0.04158320001442917,0.08152189999236725
825,127.65041555877819,0.0008338791345589681,0.005,0.906197353599821,0.019506499986164272,0.019209699996281415,0.04339920001802966,0.08220989999244921
826,127.75647095259016,0.000830826859025277,0.005,0.9061961811121473,0.01848759999847971,0.01880920000257902,0.04205139999976382,0.0794410000089556
827,127.8622256415175,0.0008277834237185453,0.005,0.9061950243352539,0.018512100010411814,0.019243999995524064,0.040323900000657886,0.07828210000297986
828,127.96767989217183,0.0008247490619316364,0.005,0.9061938833649238,0.02125670001260005,0.016907099983654916,0.03861320001306012,0.07687400002032518
829,128.07283379730455,0.0008217223694399145,0.005,0.9061927582947705,0.019571000011637807,0.01670189999276772,0.040451599983498454,0.07682680001016706
830,128.17768759442944,0.0008187044357184813,0.005,0.9061916492188532,0.019480499991914257,0.021192400017753243,0.05047049999120645,0.09123590000672266
831,128.28224152062555,0.000815695213092983,0.005,0.9061905562300296,0.020885099977022037,0.02324629999930039,0.03782540000975132,0.08204889998887666
832,128.38649572522556,0.0008126939735711472,0.005,0.9061894794138995,0.018547800020314753,0.01721489999908954,0.037657200009562075,0.07351919999928214
833,128.4904504395578,0.0008097013143401919,0.005,0.906188418861483,0.020408799988217652,0.021307900024112314,0.037557800009381026,0.07937359999050386
834,128.59410580500432,0.000806716492096613,0.005,0.9061873746562742,0.01812900000368245,0.019325500004924834,0.044274199986830354,0.0818256999773439
835,128.6974621027465,0.0008037405532327186,0.005,0.906186346887331,0.019641099992441013,0.01910540001699701,0.040386500011663884,0.07922730001155287
836,128.80051949215488,0.0008007725072783541,0.005,0.9061853356365757,0.01979120000032708,0.018903000018326566,0.040457600000081584,0.07924650001223199
837,128.90327814353714,0.000797812398485852,0.005,0.906184340984097,0.02071260000229813,0.019064399995841086,0.037878099974477664,0.07773639998049475
838,129.00573839780503,0.0007948615096801816,0.005,0.9061833630150431,0.019230599980801344,0.015848300012294203,0.0452184000168927,0.08046629998716526
839,129.10790030807473,0.0007919175653618712,0.005,0.9061824018025509,0.023137499985750765,0.02556079998612404,0.09077260000049137,0.13956689997576177
840,129.20976416781292,0.0007889823898856884,0.005,0.9061814574263266,0.02983210000093095,0.01697349999449216,0.05454650000319816,0.10144130000844598
841,129.31133019867346,0.0007860553845499541,0.005,0.9061805299642717,0.017621700011659414,0.01980449998518452,0.04169690000708215,0.07922290000715293
842,129.41259858679263,0.0007831362337977491,0.005,0.9061796194887273,0.02484510000795126,0.02243880002060905,0.04337049997411668,0.09081679998780601
843,129.51356949165876,0.0007802246919446018,0.005,0.9061787260735158,0.02546590002020821,0.022818700002972037,0.04218990000663325,0.09056759998202324
844,129.61424324661144,0.000777322062451257,0.005,0.9061778497896036,0.02559919998748228,0.025904100009938702,0.04819930001394823,0.0998165000055451
845,129.71462002091735,0.0007744270366562395,0.005,0.9061769907092869,0.029702800005907193,0.061309499986236915,0.11647179999272339,0.20778460000292398
846,129.81469999570135,0.0007715396673702342,0.005,0.9061761488986498,0.05885619999025948,0.04329359999974258,0.08134799997787923,0.183674300002167
847,129.9144834501444,0.0007686606712979811,0.005,0.9061753244278141,0.06064179999521002,0.044890299992403015,0.09549479998531751,0.20119130000239238
848,130.01397053307625,0.0007657890043494456,0.005,0.9061745173572303,0.042552500002784654,0.036267299990868196,0.06597259998670779,0.14496669999789447
849,130.11316157657484,0.0007629260385779681,0.005,0.906173727760214,0.036744399985764176,0.04191020000143908,0.0721213000069838,0.1509461000096053
850,130.21205676685219,0.0007600706114511269,0.005,0.9061729556950094,0.03638400000636466,0.034778400004142895,0.06371159999980591,0.13502520002657548
851,130.3106562959949,0.0007572227302980255,0.005,0.9061722012217289,0.031898299988824874,0.030862699990393594,0.06776579999132082,0.1307123999868054
852,130.40896036484972,0.0007543824246539166,0.005,0.90617146440079,0.03414959998917766,0.030590200010919943,0.06268569998792373,0.12759780001943
853,130.50696929957195,0.0007515506177491742,0.005,0.906170745293329,0.0314603999722749,0.031012100022053346,0.0656654000049457,0.12834470000234433
854,130.60468330030213,0.00074872630369556,0.005,0.9061700439584661,0.03097020002314821,0.02866149999317713,0.061930299998493865,0.12177429997245781
855,130.70210261499847,0.0007459098114601326,0.005,0.9061693604500061,0.0315730000147596,0.028425500000594184,0.0683382999850437,0.12876500000129454
856,130.79922738552716,0.0007431002913150443,0.005,0.9061686948211614,0.03153110001585446,0.029388199996901676,0.0614818999893032,0.12256490002619103
857,130.89605796125784,0.0007402992943167203,0.005,0.9061680471309236,0.03112110000802204,0.030785899987677112,0.06731969999964349,0.12939519999781623
858,130.99259460814147,0.0007375061433263914,0.005,0.9061674174312567,0.032769200013717636,0.028840499988291413,0.06680400000186637,0.12874380001449026
859,131.08883746227554,0.000734719809329433,0.005,0.9061668057681317,0.03255820000777021,0.02828960001352243,0.09201400002348237,0.15303319998201914
860,131.18478683228227,0.0007319415738532859,0.005,0.9061662121961563,0.03258219998679124,0.02855630000703968,0.06157279998296872,0.12287709998781793
861,131.28044294551415,0.0007291707791862891,0.005,0.9061656367632211,0.03127219999441877,0.029485000006388873,0.06346299999859184,0.12442649999866262
862,131.3758060699083,0.0007264076983174038,0.005,0.9061650795158052,0.030756799998926,0.029369200026849285,0.06175170000642538,0.12207260000286624
863,131.4708764224581,0.0007236519066472715,0.005,0.9061645405003103,0.032046399981481954,0.030395600013434887,0.06456089997664094,0.12719939998351038
864,131.5656542749646,0.0007209037855801959,0.005,0.9061640197613726,0.03315499998279847,0.02776080000330694,0.061420699988957494,0.12250190001213923
865,131.66013990622787,0.0007181633518562416,0.005,0.9061635173434155,0.03146460000425577,0.030142100004013628,0.06623869997565635,0.12801590000162832
866,131.7543335165177,0.0007154299726319803,0.005,0.9061630332882431,0.03276870000991039,0.029546999983722344,0.06191160000162199,0.12439370001084171
867,131.84823545263285,0.0007127047255973023,0.005,0.9061625676429218,0.030988899990916252,0.029337699990719557,0.06685400000424124,0.12734459998318925
868,131.94184587434412,0.0007099861548386491,0.005,0.9061621204395803,0.034723699995083734,0.030063699989113957,0.06209449999732897,0.12704809999559075
869,132.03516508898406,0.0007072753456004157,0.005,0.9061616917203204,0.03523219999624416,0.02923509999527596,0.06615169998258352,0.13078899998799898
870,132.1281933751626,0.0007045720442417103,0.005,0.9061612815228833,0.031581400020513684,0.03033860001596622,0.061105300002964213,0.12321119999978691
871,132.22093099136328,0.0007018760631757206,0.005,0.9061608898872386,0.031927700008964166,0.028746800002409145,0.0643831999914255,0.1252194000117015
872,132.3133781398659,0.0006991869427138393,0.005,0.9061605168450845,0.0326741999888327,0.030163399991579354,0.06347160000586882,0.12647679998190142
873,132.40553518425796,0.0006965058687764403,0.005,0.9061601624345345,0.032871700008399785,0.03154899997753091,0.06520720000844449,0.12979030000860803
874,132.49740226803647,0.00069383114271368,0.005,0.9061598266857376,0.03265109998756088,0.028034099988872185,0.06284160001087002,0.12369720000424422
875,132.588979782196,0.0006911646009049101,0.005,0.9061595096333801,0.03271520000998862,0.029151599999750033,0.06761550001101568,0.129650999995647
876,132.68026797612416,0.0006885051387990453,0.005,0.9061592113086695,0.03258009999990463,0.029003500007092953,0.06030620000092313,0.1220616000064183
877,132.7712670889062,0.0006858526453867174,0.005,0.9061589317429282,0.03167060000123456,0.03102030002628453,0.06472710001980886,0.1275848999794107
878,132.8619774088426,0.0006832074584002448,0.005,0.9061586709661104,0.03216020000400022,0.030517399980453774,0.0634563000057824,0.1264143000007607
879,132.9523992427216,0.0006805696832343106,0.005,0.9061584290044978,0.03140949999215081,0.028623499994864687,0.07765799999469891,0.13781639997614548
880,133.0425328441811,0.000677938886194406,0.005,0.9061582058874789,0.032359200005885214,0.0296678000013344,0.0625685999984853,0.12475440002162941
881,133.13237845045342,0.0006753149113415233,0.005,0.906158001640409,0.03189779998501763,0.031536700000287965,0.06803739999304526,0.1316266999929212
882,133.22193637005586,0.0006726982620217464,0.005,0.9061578162882765,0.032900599995628,0.02947509998921305,0.06372679999913089,0.12626710001495667
883,133.31120695750687,0.0006700892501895551,0.005,0.9061576498594544,0.032104200014146045,0.029379899991909042,0.06354390000342391,0.12519459999748506
884,133.40019042056076,0.0006674867408728542,0.005,0.9061575023740943,0.0316097000031732,0.036719399999128655,0.06345370001508854,0.1319173999945633
885,133.48888704752235,0.000664891306991132,0.005,0.9061573738562169,0.031121600011829287,0.030886299995472655,0.06828189999214374,0.1304859999800101
886,133.5772971352302,0.0006623029801452178,0.005,0.9061572643276466,0.03271639999002218,0.029324600007385015,0.06215780001366511,0.12436970000271685
887,133.66542104833633,0.0006597222357098325,0.005,0.906157173811182,0.032656800001859665,0.02957889999379404,0.06311180000193417,0.12551060001715086
888,133.75325891871483,0.0006571472987523328,0.005,0.9061571023239636,0.03129699997953139,0.028194500016979873,0.06340600000112318,0.12324689998058602
889,133.84081117447272,0.0006545803553922555,0.005,0.9061570498879604,0.03488340001786128,0.02924560001702048,0.06476809998275712,0.12905790001968853
890,133.9280780291785,0.0006520197684099102,0.005,0.9061570165205499,0.03192310000304133,0.03069610000238754,0.06175480000092648,0.12457179999910295
891,134.01505979169997,0.0006494662194922606,0.005,0.9061570022393625,0.031139900005655363,0.02980389998992905,0.06420379999326542,0.12534170001163147
892,134.10175681294982,0.0006469199908174551,0.005,0.9061570070625063,0.03184079998754896,0.02870019999681972,0.06521460000658408,0.12592679998488165
893,134.18816931198765,0.0006443800669842509,0.005,0.9061570310056154,0.032016499986639246,0.0283179999969434,0.0994619999837596,0.15996520000044256
894,134.27429765778854,0.0006418475357588232,0.005,0.9061570740845025,0.03202480002073571,0.029106499976478517,0.061644500005058944,0.12296869998681359
895,134.36014209240565,0.000639321419769393,0.005,0.9061571363141752,0.032417999987956136,0.028833799995481968,0.0653691999905277,0.1268110999953933
896,134.44570288594753,0.0006368018983116964,0.005,0.9061572177075464,0.0342131000070367,0.030343700025696307,0.060874200018588454,0.12559039998450316
897,134.53098040091152,0.0006342896287011371,0.005,0.9061573182787234,0.03538789998856373,0.02975230000447482,0.06452949999948032,0.12983659998280928
898,134.61597496523797,0.0006317843226382567,0.005,0.9061574380405573,0.031427099980646744,0.029029900004388765,0.06021060000057332,0.12086719999206252
899,134.7006867736593,0.0006292849599997868,0.005,0.9061575770034412,0.03220519999740645,0.03536469998653047,0.06928019999759272,0.13708620000397786
900,134.78511619170837,0.0006267927808782293,0.005,0.9061577351797178,0.030450900027062744,0.028444300027331337,0.06549410001025535,0.12459809999563731
901,134.86926351944865,0.0006243072686200584,0.005,0.9061579125801996,0.03134449999197386,0.028180699999211356,0.06593170002452098,0.1256193000008352
902,134.95312904411497,0.0006218282985895339,0.005,0.9061581092160064,0.033130900003015995,0.028127199999289587,0.061724400002276525,0.12314330000663176
903,135.0367131493001,0.0006193565556958374,0.005,0.9061583250972285,0.03096999999252148,0.02974299999186769,0.06453370000235736,0.12544699999853037
904,135.12001603416385,0.0006168906434477513,0.005,0.9061585602303206,0.031045799987623468,0.02846890001092106,0.06227739999303594,0.12200800000573508
905,135.2030379907066,0.0006144312218092093,0.005,0.9061588146220391,0.0313808000064455,0.03600600000936538,0.06590890002553351,0.13345550000667572
906,135.28577944756066,0.0006119792726827576,0.005,0.9061590882837238,0.03308230001130141,0.028910900000482798,0.06131340001593344,0.12346289999550208
907,135.36824062955583,0.0006095332586462629,0.005,0.9061593812247889,0.0322143999801483,0.02865560000645928,0.06707129999995232,0.12813859997550026
908,135.45042187345675,0.0006070939794941543,0.005,0.9061596934462713,0.031812500004889444,0.030356100003700703,0.06365890000597574,0.12600240000756457
909,135.53232346912074,0.0006046610599744665,0.005,0.906160024957454,0.030125799996312708,0.02988690001075156,0.06658359998255037,0.12676620000274852
910,135.61394572257458,0.0006022345914584764,0.005,0.9061603757644624,0.031763200007844716,0.028372000000672415,0.0616771999921184,0.12215730000752956
911,135.6952889528157,0.0005998146415378331,0.005,0.9061607458702875,0.030267199996160343,0.028892400005133823,0.06326399999670684,0.122590000013588
912,135.7763534444971,0.0005974009290003904,0.005,0.9061611352817119,0.03423689998453483,0.02943359999335371,0.06349220001720823,0.12733129999833182
913,135.8571395421842,0.0005949938677660367,0.005,0.906161544001338,0.02949870002339594,0.02949559999979101,0.06556930000078864,0.12472590000834316
914,135.93764756938737,0.0005925932746299866,0.005,0.9061619720358909,0.03302459997939877,0.03097890000208281,0.07749470000271685,0.14170449998346157
915,136.01787771919396,0.0005901981624747738,0.005,0.906162419386315,0.032877599995117635,0.028650499996729195,0.06512599997222424,0.12679869998828508
916,136.09783048662254,0.0005878107258344423,0.005,0.9061628860584957,0.03110059999744408,0.030255200021201745,0.06404229998588562,0.12556479999329895
917,136.1775060124125,0.0005854283312604568,0.005,0.9061633720550412,0.03285889999824576,0.030008100002305582,0.06647940000402741,0.12950519999139942
918,136.2569046996711,0.0005830528813722017,0.005,0.9061638773751748,0.032748500001616776,0.02770770000643097,0.06059429998276755,0.12120009999489412
919,136.33602685979375,0.000580683674688141,0.005,0.9061644020250619,0.032536899991100654,0.0304191000177525,0.06581130000995472,0.12893570002052002
920,136.41487271648845,0.000578320041376757,0.005,0.9061649460050971,0.03189640000346117,0.03272389998892322,0.0641106000111904,0.12907409999752417
921,136.4934426741528,0.0005759632809806203,0.005,0.9061655093162767,0.031350100005511194,0.02881419999175705,0.06756009999662638,0.12789870001142845
922,136.5717370178304,0.0005736124911474485,0.005,0.9061660919622428,0.032756100001279265,0.030948599975090474,0.06183580000652,0.12569270000676624
923,136.64975606582217,0.0005712678896482628,0.005,0.9061666939420533,0.03303829999640584,0.02992689999518916,0.06485049999901094,0.12797739999950863
924,136.72750007150884,0.0005689289752498345,0.005,0.9061673152587496,0.03239360000588931,0.027276899985736236,0.06782130000647157,0.12765639999997802
925,136.80496941701995,0.000566596664684048,0.005,0.9061679559110444,0.03270069998688996,0.028971799998544157,0.0902226000034716,0.15206490000127815
926,136.8821643569516,0.0005642699988209654,0.005,0.9061686159008638,0.031135600002016872,0.029871800012188032,0.06259940000018105,0.12377059998107143
927,136.95908522645507,0.0005619495415260472,0.005,0.9061692952278506,0.03273649999755435,0.030652499990537763,0.06569049999234267,0.12926310001057573
928,137.03573222925758,0.0005596343073975016,0.005,0.9061699938902664,0.03511590001289733,0.02996230000280775,0.06272469999385066,0.12798290001228452
929,137.1121058352978,0.0005573262155628844,0.005,0.9061707118923589,0.03284830000484362,0.031249599996954203,0.06700670000282116,0.1312653999775648
930,137.18820630083397,0.0005550236798753954,0.005,0.9061714492324865,0.03206080000381917,0.029138199985027313,0.06348499999148771,0.12484570001834072
931,137.2640339239344,0.0005527269810215615,0.005,0.9061722059110707,0.03245119997882284,0.02944690000731498,0.07040880000567995,0.13249809999251738
932,137.33958895412687,0.0005504357407589005,0.005,0.9061729819249671,0.03258479997748509,0.028958900016732514,0.06531540001742542,0.12696689998847432
933,137.41487176643733,0.0005481508491743592,0.005,0.9061737772794796,0.031465500011108816,0.0285845999896992,0.06556019998970442,0.1257696999819018
934,137.48988262766213,0.0005458714930964114,0.005,0.9061745919691206,0.03041300000040792,0.027767799998400733,0.06334339999011718,0.12168340000789613
935,137.56462182654505,0.0005435978084680284,0.005,0.9061754259987754,0.03304320000461303,0.02944850001949817,0.06297639998956583,0.12562129998696037
936,137.63908974046333,0.0005413304156949597,0.005,0.9061762793621043,0.03110610001021996,0.028653699991991743,0.06578400000580586,0.12569869999424554
937,137.7132865744148,0.0005390680372224454,0.005,0.9061771520618254,0.03251210000598803,0.02906469997833483,0.06799450001562946,0.12972910000826232
938,137.7872126687365,0.0005368116335073523,0.005,0.9061780440975816,0.038917799975024536,0.02884860002086498,0.06087899999693036,0.12880730000324547
939,137.86086833730073,0.0005345609881907054,0.005,0.9061789554708203,0.030868900008499622,0.03282359999138862,0.06568739999784157,0.12947629997506738
940,137.934253792229,0.0005323153394675168,0.005,0.9061798861793048,0.033227400010218844,0.030834599980153143,0.06293539999751374,0.12716240002191626
941,138.00736950810796,0.0005300765681387922,0.005,0.9061808362268642,0.03125400000135414,0.0390995999914594,0.06331629998749122,0.13381749999825843
942,138.080215541798,0.0005278416214270459,0.005,0.9061818056067229,0.035028900019824505,0.03436239997972734,0.060352200001943856,0.12990619998890907
943,138.15279242530977,0.0005256139210602719,0.005,0.906182794323899,0.06554790001246147,0.0517214999999851,0.06494430001475848,0.18238059998839162
944,138.22510028499804,0.0005233905042300029,0.005,0.9061838023794685,0.03268370000296272,0.0291002000158187,0.06492230002186261,0.12688720002188347
945,138.29713944248493,0.0005211727634008958,0.005,0.9061848297703727,0.03293360001407564,0.03122929998789914,0.0657016999903135,0.130162300018128
946,138.36891026715327,0.0005189610208689997,0.005,0.906185876502376,0.03362830000696704,0.028406500001437962,0.06265219999477267,0.12484219999169
947,138.4404129661171,0.0005167540802755009,0.005,0.9061869425722942,0.02987779999966733,0.0282811000070069,0.06696550000924617,0.12546119999024086
948,138.51164785109722,0.0005145526761579604,0.005,0.9061880279826868,0.03246930000022985,0.027403199987020344,0.06482179998420179,0.12486099998932332
949,138.582615233371,0.0005123567828033478,0.005,0.9061891327348148,0.030929299973649904,0.028450400015572086,0.0673584999749437,0.12691199997789226
950,138.65331531188858,0.0005101655672936843,0.005,0.9061902568320409,0.030381299991859123,0.028782000008504838,0.06431829999201,0.12365510000381619
951,138.7237484170293,0.0005079799569327944,0.005,0.906191400272993,0.0306601999909617,0.028351199987810105,0.06865420000394806,0.12780620000557974
952,138.79391485692105,0.0005057997689106321,0.005,0.9061925630617143,0.03323669999372214,0.028173600003356114,0.061520100018242374,0.12308580000535585
953,138.86381485799157,0.0005036243926297491,0.005,0.9061937452018172,0.030452099977992475,0.027336099999956787,0.06835459999274462,0.12631299998611212
954,138.93344869759602,0.000501454174189729,0.005,0.9061949466943251,0.032499799999641255,0.027932199998758733,0.06127160001778975,0.12187400000402704
955,139.00281673221926,0.0004992896618741938,0.005,0.9061961675444299,0.03222959997947328,0.030989799997769296,0.0655276000034064,0.12890989999868907
956,139.0719190949728,0.000497129226428999,0.005,0.9061974077539836,0.03130799997597933,0.0293268000241369,0.06511570001021028,0.12591219999012537
957,139.1407561159714,0.0004949742654489838,0.005,0.9061986673266749,0.030440600006841123,0.030380699987290427,0.09331319999182597,0.15430719999130815
958,139.20932809744147,0.00049282455683153,0.005,0.9061999462693773,0.03142310000839643,0.027909500000532717,0.06091600001673214,0.1204112000123132
959,139.27763528289083,0.000490679657627136,0.005,0.9062012445867375,0.031722100015031174,0.03274840000085533,0.06557550001889467,0.13021460000891238
960,139.34567789531448,0.0004885394003527556,0.005,0.9062025622831958,0.03173600000445731,0.03482410000287928,0.06052749999798834,0.12729980002040975
961,139.41345624591588,0.00048640439822123806,0.005,0.9062038993650691,0.029724599997280166,0.030723500007297844,0.06453199998941272,0.12513910001143813
962,139.48097055500136,0.00048427397830515777,0.005,0.9062052558378453,0.032440299983136356,0.031119299994315952,0.062060500000370666,0.12578229999053292
963,139.54822108556803,0.0004821484271228863,0.005,0.9062066317090525,0.03334480000194162,0.028456100000767037,0.06435970001621172,0.1263263000000734
964,139.6152080866254,0.0004800276244029015,0.005,0.906208026986619,0.03146800000104122,0.026506900001550093,0.06170190000557341,0.11993439999059774
965,139.68193178787007,0.00047791141208115406,0.005,0.9062094416778479,0.030861200008075684,0.028214899997692555,0.06570879998616874,0.12497230002190918
966,139.74839245843077,0.000475800053092284,0.005,0.9062108757921187,0.03155340001103468,0.030831300013232976,0.06717239998397417,0.12985050000133924
967,139.81459034879106,0.0004736933942190201,0.005,0.9062123293373212,0.03096700002788566,0.027929300005780533,0.0635558000067249,0.12261699998634867
968,139.88052562777673,0.00047159083198105575,0.005,0.906213802322517,0.03161789997830056,0.03135949998977594,0.06072629999835044,0.12396080000326037
969,139.94619863216053,0.00046949354879143913,0.005,0.9062152947594021,0.03218799998285249,0.03068250001524575,0.06739040001411922,0.1305313000048045
970,140.0116095496059,0.00046740045878134113,0.005,0.9062168066604037,0.030593000003136694,0.031063799979165196,0.05959630000870675,0.12141759999212809
971,140.07675858940476,0.0004653116981400866,0.005,0.9062183380356658,0.0302291999978479,0.029588200006401166,0.06446569997933693,0.12444700000924058
972,140.14164596860934,0.0004632273037868943,0.005,0.9062198888953147,0.03164550001383759,0.030687500024214387,0.0654946000140626,0.12811930000316352
973,140.2062719936091,0.00046114789471106855,0.005,0.9062214592551744,0.031206399988150224,0.02881580000394024,0.06417949998285621,0.12438309998833574
974,140.27063681968195,0.0004590723735652907,0.005,0.9062230491312414,0.03143659999477677,0.03525799998897128,0.06054400000721216,0.12739869998767972
975,140.334740633287,0.00045700094516181274,0.005,0.9062246585346144,0.032102500001201406,0.0329096999776084,0.06563110000570305,0.130808399990201
976,140.3985836979843,0.00045493414110569537,0.005,0.9062262874806032,0.032021199993323535,0.029367399984039366,0.07305219999398105,0.1346033999870997
977,140.46216625263912,0.00045287176679505094,0.005,0.906227935987419,0.033203500002855435,0.030751799989957362,0.06831890001194552,0.13243480000528507
978,140.52548833437913,0.00045081236769564474,0.005,0.906229604067783,0.03132690000347793,0.028540500003146008,0.06155759998364374,0.1216093999973964
979,140.58855032292135,0.00044875836611334814,0.005,0.9062312917454165,0.030376999988220632,0.02882030000910163,0.06287900000461377,0.12224309999146499
980,140.6513523549032,0.0004467080131176723,0.005,0.9062329990355363,0.031584000011207536,0.028373600012855604,0.06479100001160987,0.12490699999034405
981,140.71389466619408,0.0004446619975119146,0.005,0.9062347259599501,0.03152089999639429,0.03287669998826459,0.06623989998479374,0.13081010000314564
982,140.776177391505,0.0004426195825129508,0.005,0.9062364725356489,0.03243730001850054,0.027938199986238033,0.06345250000595115,0.1240323000238277
983,140.8382007140671,0.0004405810962576599,0.005,0.9062382387848879,0.03202769998461008,0.028190200013341382,0.06539350000093691,0.12578419997589663
984,140.89996479703967,0.00043854637917416727,0.005,0.9062400247321241,0.03410789999179542,0.028995900007430464,0.06624869999359362,0.12952129999757744
985,140.96146988822562,0.00043651601527754287,0.005,0.9062418303999156,0.03002320000086911,0.02896540000801906,0.06640949999564327,0.12563500000396743
986,141.02271612824686,0.0004344892265226693,0.005,0.9062436558096457,0.03248080000048503,0.028357600007439032,0.06362119998084381,0.1246341000078246
987,141.08370366387794,0.0004324660402627812,0.005,0.906245500988767,0.032046300009824336,0.03024110000114888,0.09256900000036694,0.1550229999993462
988,141.14443265908236,0.0004304465620572075,0.005,0.9062473659652321,0.0304988999851048,0.0275209000101313,0.06067480001365766,0.11886229997617193
989,141.20490330242026,0.00042843094976312333,0.005,0.9062492507638057,0.03025599999818951,0.03363959997659549,0.0653947000100743,0.12945069998386316
990,141.26511572489676,0.00042641877915201506,0.005,0.9062511554152383,0.03138660002150573,0.031074300000909716,0.06262140002218075,0.12525649997405708
991,141.3250701266373,0.0004244105236660946,0.005,0.9062530799461139,0.030800499982433394,0.0319047000084538,0.06634889999986626,0.12922629999229684
992,141.38476656440807,0.00042240515230073023,0.005,0.9062550243872879,0.03235809999750927,0.029000200011068955,0.06397040002048016,0.1255026999861002
993,141.44420521206428,0.0004204034783982934,0.005,0.9062569887697542,0.03244089998770505,0.029746899992460385,0.07221859999117441,0.13457090000156313
994,141.50338621338614,0.0004184052731826782,0.005,0.9062589731286322,0.03390009998111054,0.029015500011155382,0.06963340000947937,0.13271700000041164
995,141.56230968266038,0.0004164103125093542,0.005,0.9062609774971356,0.031798699987120926,0.029454800009261817,0.06368269998347387,0.12510699999984354
996,141.6209757792654,0.0004144188996105003,0.005,0.906263001910944,0.03605460000107996,0.030200099979992956,0.061684400017838925,0.12810890001128428
997,141.67938462643298,0.0004124307634952455,0.005,0.9062650464044645,0.03149880000273697,0.03279719999409281,0.06544410000788048,0.1299009000067599
998,141.73753623471615,0.0004104450935928124,0.005,0.9062671110153998,0.03136279998579994,0.030290499998955056,0.06461669999407604,0.12643510001362301
999,141.79543082160063,0.0004084633359833062,0.005,0.9062691957845104,0.03163620000123046,0.02802480000536889,0.06556019998970442,0.12538189999759197
1000,141.85306845529848,0.00040648442170444695,0.005,0.9062713007522623,0.030694799992488697,0.028529200004413724,0.0634254000033252,0.12281339999753982
1001,141.91044926878828,0.00040450879289849364,0.005,0.9062734259600139,0.03161159998853691,0.028628600004594773,0.06487069997820072,0.12526899998192675
1002,141.96757326234234,0.0004025354993123916,0.005,0.9062755714484456,0.033035999978892505,0.029139899997971952,0.06241400001454167,0.12475729998550378
1003,142.02444057141147,0.00040056547958348287,0.005,0.9062777372612146,0.03002450001076795,0.029284899996127933,0.06540019999374636,0.12487260001944378
1004,142.08105128921665,0.0003985984213520377,0.005,0.906279923447283,0.03171989999827929,0.028298899997025728,0.06231230002595112,0.12248959997668862
1005,142.13740545524198,0.00039663393192816503,0.005,0.9062821300519999,0.029358700005104765,0.026720299996668473,0.06838879999122582,0.12461100000655279
1006,142.19350312737274,0.0003946721269541244,0.005,0.9062843571214405,0.03348539999569766,0.02888399999937974,0.062393900007009506,0.12506600000779144
1007,142.24934446008743,0.0003927136717679095,0.005,0.9062866047084187,0.033834699977887794,0.02966460000607185,0.06288620000123046,0.12655590000213124
1008,142.30492941850514,0.00039075722020854144,0.005,0.9062888728629518,0.032363300008000806,0.030227199982618913,0.06385070001124404,0.12659830000484362
1009,142.36025808466636,0.0003888035810656983,0.005,0.9062911616380052,0.031638799991924316,0.030923199985409155,0.06606979999924079,0.12879950000206009
1010,142.41533048607923,0.0003868523572085579,0.005,0.9062934710875383,0.03215980000095442,0.031247700011590496,0.060894499998539686,0.12445949998800643
1011,142.4701465887702,0.0003849031035063763,0.005,0.9062958012687615,0.031213699985528365,0.02785250000306405,0.0628279999946244,0.12205510001513176
1012,142.52470657323028,0.000382957312576884,0.005,0.9062981522373296,0.03222449999884702,0.028370699990773574,0.06224379999912344,0.12300589997903444
1013,142.57901034851974,0.00038101306499843494,0.005,0.9063005240518828,0.03157710001687519,0.029878399975132197,0.07447290001437068,0.13608180001028813
1014,142.63305790209628,0.0003790708986156127,0.005,0.9063029167737879,0.03354530001524836,0.029059799999231473,0.0627921000123024,0.12556290000793524
1015,142.68684930268546,0.0003771313703874945,0.005,0.9063053304655873,0.030661400000099093,0.027904999995371327,0.06694389999029227,0.12570259999483824
1016,142.74038454632384,0.00037519395725679777,0.005,0.906307765191443,0.03308739999192767,0.030219100008253008,0.06265320000238717,0.12613399999099784
1017,142.79366360699325,0.0003732584919029689,0.005,0.9063102210165659,0.03308580000884831,0.028407499979948625,0.08930680001503788,0.15096709999488667
1018,142.84668653063366,0.00037132546571776404,0.005,0.9063126980077861,0.031050300021888688,0.02967779999016784,0.060847399989143014,0.12170299998251721
1019,142.89945315719967,0.00036939342344980287,0.005,0.9063151962331895,0.03204460002598353,0.0285755000077188,0.06790880000335164,0.12869350000983104
1020,142.95196354779566,0.0003674639016163248,0.005,0.9063177157660752,0.03207480002311058,0.028588100016349927,0.0645105000003241,0.12544000000343658
1021,143.0042176547445,0.00036553612592652563,0.005,0.9063202566774364,0.03236459998879582,0.028447199991205707,0.06643800000892952,0.12741680000908673
1022,143.0562154555741,0.0003636102604688256,0.005,0.9063228190427329,0.03127320000203326,0.029475599993020296,0.06324600000516511,0.12419329999829642
1023,143.10795684052678,0.00036168568270813773,0.005,0.9063254029385249,0.031232499983161688,0.02878330001840368,0.06339070000103675,0.12357229998451658
1024,143.15944174363926,0.00035976268719882304,0.005,0.9063280084403404,0.0330246000085026,0.029102300002705306,0.061871100013377145,0.12415180000243708
1025,143.21067012373945,0.000357841435229405,0.005,0.9063306356299105,0.031853599997702986,0.027141999977175146,0.06480270001338795,0.12396739999530837
1026,143.26164185081433,0.0003559212943479654,0.005,0.9063332845907769,0.032145599980140105,0.02909600001294166,0.06149960000766441,0.12329920000047423
1027,143.31235693320144,0.0003540032190886554,0.005,0.9063359554051554,0.0383363000000827,0.029588100005639717,0.06549459998495877,0.13355639998917468
1028,143.36281520103904,0.00035208595348911224,0.005,0.9063386481610173,0.03103949999785982,0.029721600003540516,0.06237890000920743,0.12330109998583794
1029,143.41301656571375,0.0003501700535407879,0.005,0.9063413629433534,0.0316902999766171,0.031588700017891824,0.06536590002360754,0.12879879999672994
1030,143.46296086544368,0.000348254997530469,0.005,0.9063440998460839,0.03096560001722537,0.02653280002414249,0.06345110002439469,0.12119229999370873
1031,143.5126480891728,0.0003463418253003959,0.005,0.9063468589573617,0.03139680001186207,0.029311199992662296,0.07260039998800494,0.1334779000026174
1032,143.56207795242213,0.0003444286194106171,0.005,0.9063496403765006,0.032227000017883256,0.028474399994593114,0.06350920000113547,0.12437340000178665
1033,143.61125039894355,0.0003425169600688069,0.005,0.9063524441935845,0.03069000001414679,0.028116000001318753,0.06264859999646433,0.12162170000374317
1034,143.66016523409445,0.0003406058718590179,0.005,0.9063552705119938,0.032686399994418025,0.03298819999326952,0.061059200001182035,0.12690180001663975
1035,143.70882238373488,0.00033869618318444,0.005,0.9063581194307615,0.030952900007832795,0.031195899995509535,0.12493309998535551,0.18730380001943558
1036,143.75722156238183,0.00033678641188575944,0.005,0.9063609910542935,0.03399510000599548,0.03022469999268651,0.0643057000124827,0.12877740000840276
1037,143.80536261917266,0.00033487748488471807,0.005,0.9063638854849434,0.03272529999958351,0.028518200007965788,0.0645815999887418,0.1259907000057865
1038,143.8532453804739,0.0003329692330602196,0.005,0.9063668028353309,0.03296709997812286,0.02783350000390783,0.06310619998839684,0.1240778999926988
1039,143.9008695572146,0.00033106084339451297,0.005,0.9063697432118691,0.03066200000466779,0.028827000001911074,0.0645070000027772,0.12415950000286102
1040,143.94823505675473,0.00032915367145358414,0.005,0.9063727067272948,0.033280700008617714,0.033922100003110245,0.06065869997837581,0.1280358000076376
1041,143.99534163007655,0.00032724661961471067,0.005,0.9063756934982461,0.031523099984042346,0.030339899996761233,0.06436570000369102,0.12641399999847636
1042,144.04218901347124,0.00032533957601935744,0.005,0.9063787036434137,0.03140659999917261,0.030877699988195673,0.05998610000824556,0.12243200000375509
1043,144.0887768873226,0.0003234321428356533,0.005,0.9063817372789679,0.0312835999939125,0.028046499995980412,0.06879349998780526,0.12831810000352561
1044,144.13510509602318,0.00032152544911114733,0.005,0.9063847945274155,0.03129929999704473,0.029450599977280945,0.06370540001080371,0.12462170000071637
1045,144.18117329087812,0.0003196181445474268,0.005,0.906387875514791,0.03098769998177886,0.027858100016601384,0.06497990002389997,0.12398400000529364
1046,144.22698122405112,0.0003177109197230602,0.005,0.9063909803694813,0.03247409997857176,0.02912540000397712,0.06480319998809136,0.12656539998715743
1047,144.27252862771186,0.00031580362616057415,0.005,0.9063941092205888,0.03207099999417551,0.028785300004528835,0.09313140000449494,0.15415439999196678
1048,144.31781510190936,0.00031389533841439646,0.005,0.9063972622004933,0.031267100013792515,0.028118399990489706,0.06058259998098947,0.12012069998309016
1049,144.36284048520653,0.00031198770065482263,0.005,0.9064004394478568,0.029458000004524365,0.032717699999921024,0.07127470002160408,0.1336058999877423
1050,144.4076042511565,0.0003100781738535642,0.005,0.9064036410947675,0.03326060000108555,0.028808900009607896,0.06034130000625737,0.12257239999598823
1051,144.4521061628708,0.0003081687556902708,0.005,0.9064068672903951,0.029769000015221536,0.030419699993217364,0.06528029998298734,0.1256371999916155
1052,144.4963458793001,0.0003062587151164282,0.005,0.9064101181720329,0.03318090000539087,0.03207129999645986,0.06362269999226555,0.1290484000055585
1053,144.54032290149215,0.0003043469502598164,0.005,0.906413393888359,0.030389799998374656,0.028556100005516782,0.06439230000250973,0.12362090000533499
1054,144.58403702767234,0.00030243550936290275,0.005,0.9064166945919662,0.03044550001504831,0.029188399988925084,0.06186479999450967,0.12165850002202205
1055,144.62748774032835,0.0003005221983647786,0.005,0.9064200204314466,0.0308218999998644,0.028180699999211356,0.06690049997996539,0.12606430001324043
1056,144.67067463209918,0.00029860777121683805,0.005,0.906423371567097,0.032278900005621836,0.028137999994214624,0.06733759999042377,0.12796240000170656
1057,144.71359733427312,0.0002966924864565175,0.005,0.906426748154715,0.030400599993299693,0.02852510000229813,0.06703340000240132,0.12612249999074265
1058,144.7562552920022,0.0002947750488888442,0.005,0.906430150356148,0.032465700001921505,0.02993290001177229,0.06216410000342876,0.12482420000014827
1059,144.7986481662253,0.0002928569417436775,0.005,0.9064335783384404,0.031422400003066286,0.028964900004211813,0.06482850000611506,0.12537759999395348
1060,144.84077537394018,0.00029093647108171345,0.005,0.9064370322686811,0.033187099994393066,0.029211999994004145,0.06190630001947284,0.12447070001508109
1061,144.88263649487803,0.0002890147531299685,0.005,0.906440512317548,0.030155399988871068,0.030209100019419566,0.06284009999944828,0.12337149999802932
1062,144.9242309779522,0.0002870908763151488,0.005,0.9064440186617501,0.03082179999910295,0.028687200014246628,0.0603372999757994,0.12002790000406094
1063,144.9655584559519,0.00028516610176805107,0.005,0.9064475514781994,0.032341300015104935,0.028945499972905964,0.06636910000815988,0.12781979999272153
1064,145.0066181845476,0.0002832378189206925,0.005,0.9064511109496428,0.03318800000124611,0.026651699998183176,0.06319379998603836,0.123194899992086
1065,145.04740979852508,0.0002813086360346321,0.005,0.906454697262257,0.030629600019892678,0.028293699986534193,0.06777530000545084,0.12686260000918992
1066,145.08793255223756,0.0002793759210782695,0.005,0.9064583106022727,0.030633000016678125,0.027911299985134974,0.06271689999266528,0.12143720002495684
1067,145.12818601731414,0.00027744185452557586,0.005,0.9064619511637689,0.031975100020645186,0.02987349999602884,0.06292970001231879,0.12493920000270009
1068,145.16816942809768,0.0002755041035156239,0.005,0.9064656191414465,0.031723300024168566,0.028720200003590435,0.06603240000549704,0.1266462999919895
1069,145.2078824326354,0.0002735655116004789,0.005,0.9064693147375994,0.031677399994805455,0.02876970000215806,0.0655593000119552,0.12619829998584464
1070,145.24732406776423,0.00027162186010897975,0.005,0.9064730381525299,0.03205559999332763,0.03215990000171587,0.06035019998671487,0.12475010001799092
1071,145.28649379469695,0.000269676065869911,0.005,0.9064767895938698,0.03181729998323135,0.041064999997615814,0.06369300000369549,0.13673579998430796
1072,145.32539105362773,0.000267727976048066,0.005,0.9064805692746203,0.03314049998880364,0.0368159000063315,0.06166610002401285,0.13179159999708645
1073,145.36401502143784,0.0002657757707038106,0.005,0.9064843774075846,0.02962149999802932,0.033760599995730445,0.06628849997650832,0.12984270000015385
1074,145.40236502416465,0.0002638204697439033,0.005,0.9064882142153914,0.03245619998779148,0.029642000008607283,0.06098319997545332,0.12324240000452846
1075,145.44044037709588,0.00026186199189333885,0.005,0.9064920799195971,0.032960599986836314,0.029232400003820658,0.09537840000120923,0.15773589999298565
1076,145.47824021657593,0.0002598990994666779,0.005,0.9064959747456133,0.03162819999852218,0.0296678000013344,0.06230629998026416,0.12376780001795851
1077,145.51576381609271,0.0002579327290523063,0.005,0.9064998989272179,0.03168310000910424,0.028920499986270443,0.06555480000679381,0.1263199000095483
1078,145.55301042709186,0.00025596272199224576,0.005,0.906503852700775,0.031895199994323775,0.027799700008472428,0.06266779999714345,0.12253819999750704
1079,145.58997908109913,0.00025398756026269583,0.005,0.9065078363037405,0.030307200009701774,0.027603000024100766,0.06620170001406223,0.12427000000025146
1080,145.62666919349226,0.00025200987475033275,0.005,0.9065118499855751,0.03188299998873845,0.029015200008871034,0.06763539998792112,0.12870020000264049
1081,145.66307977237423,0.0002500268603520122,0.005,0.9065158939928429,0.03246809999109246,0.030579200014472008,0.06381990000954829,0.12703259999398142
1082,145.69920983983204,0.0002480386074100908,0.005,0.9065199685813697,0.032314699987182394,0.02914769999915734,0.063461699988693,0.1250747999874875
1083,145.73505857688002,0.00024604620085032507,0.005,0.9065240740064305,0.03156549998675473,0.02944220000063069,0.06713829998625442,0.1283838000090327
1084,145.770624969945,0.00024404829841420835,0.005,0.9065282105337872,0.03211070000543259,0.02886630001012236,0.062195900012739,0.12337159999879077
1085,145.80590817504265,0.00024204605766708077,0.005,0.9065323784331183,0.03150380001170561,0.028724799980409443,0.06654359999811277,0.12703070000861771
1086,145.84090721769854,0.00024003857658415662,0.005,0.9065365779781406,0.03207210000255145,0.027161199977854267,0.0610854999977164,0.12048610000056215
1087,145.875621008274,0.0002380250592081734,0.005,0.9065408094456434,0.031700999999884516,0.042158500000368804,0.06567399998311885,0.13968560000648722
1088,145.91004845696645,0.00023600549875628504,0.005,0.9065450731178567,0.03455710000707768,0.03042189998086542,0.06033820001175627,0.12548960000276566
1089,145.9441885953491,0.0002339807212983582,0.005,0.9065493692879304,0.037508900015382096,0.029832400003215298,0.06431990000419319,0.1318137000198476
1090,145.97804038016486,0.00023195020741542037,0.005,0.9065536982472245,0.03368029999546707,0.029517700022552162,0.060715200001141056,0.12408810001215898
1091,146.0116026543768,0.0002299131713545842,0.005,0.9065580603011739,0.036065799999050796,0.029701399995246902,0.06330370000796393,0.1292433000053279
1092,146.0448741622937,0.00022786893172910708,0.005,0.9065624557462564,0.03197469998849556,0.028714599990053102,0.06253240001387894,0.12339190000784583
1093,146.07785378590566,0.0002258184260223739,0.005,0.9065668849012118,0.032305700005963445,0.02802140000858344,0.0661668999819085,0.1266532999870833
1094,146.11054040600595,0.00022376163979105954,0.005,0.9065713480822258,0.03041279999888502,0.030845200002659112,0.0634491000091657,0.12486100001842715
1095,146.14293268308182,0.00022169705885599362,0.005,0.9065758456116348,0.030608100001700222,0.032698099996196106,0.06398530001752079,0.1274750999873504
1096,146.17502936671,0.00021962528764748186,0.005,0.9065803778159706,0.031361800007289276,0.030005000007804483,0.06200400000670925,0.12353080001776107
1097,146.2068291867228,0.00021754618521775833,0.005,0.9065849450361142,0.031669799995142967,0.030149600002914667,0.0661114000249654,0.12808749999385327
1098,146.2383308400924,0.00021545952090484778,0.005,0.9065895476133253,0.03168990000267513,0.028570499998750165,0.062478700012434274,0.12293159999535419
1099,146.26953293626102,0.00021336469029266793,0.005,0.906594185892777,0.03200439998181537,0.03094629998668097,0.0653355999966152,0.12844989998848177
1100,146.30043392144185,0.0002112605719080339,0.005,0.9065988602308255,0.03214239998487756,0.026793600001838058,0.06393529998604208,0.12303990000509657
1101,146.33103256919426,0.00020914939848260008,0.005,0.9066035709936769,0.033103000023402274,0.029367800016188994,0.06305070000234991,0.1256885000038892
1102,146.36132717003449,0.00020702786215833253,0.005,0.9066083185428943,0.03240299999015406,0.027579699992202222,0.06185150000965223,0.12199479999253526
1103,146.39131644604166,0.00020489890729353323,0.005,0.9066131032602439,0.030364800011739135,0.02852100000018254,0.09202349997940473,0.15107690001605079
1104,146.4209986116491,0.00020275905926697997,0.005,0.9066179255262459,0.032894000003580004,0.029001899994909763,0.06082909999531694,0.12288040001294576
1105,146.45037231336258,0.00020061126472286253,0.005,0.9066227857377653,0.030302800005301833,0.033127899980172515,0.06658700000843965,0.13017700001364574
1106,146.47943572519358,0.0001984522905057304,0.005,0.9066276842880303,0.031128200003877282,0.03008669998962432,0.06387589999940246,0.12529349999385886
1107,146.50818716942175,0.0001962831443596165,0.005,0.9066326215866065,0.031223800004227087,0.029826999991200864,0.07899830001406372,0.14025360002415255
1108,146.5366250181775,0.0001941041610381666,0.005,0.9066375980433631,0.031275699991965666,0.02933449999545701,0.06444009998813272,0.1252284999936819
1109,146.56474745722545,0.00019191406274352008,0.005,0.9066426140882418,0.03196560000651516,0.02880239998921752,0.07248319999780506,0.13342070000362583
1110,146.5925525928266,0.00018971230178837232,0.005,0.9066476701494206,0.03300699999090284,0.028430100006517023,0.06814879999728873,0.12973600000259466
1111,146.62003861241925,0.0001874994268569879,0.005,0.9066527666660412,0.029306399985216558,0.028024200000800192,0.07436840000445955,0.13186270001460798
1112,146.64720359125673,0.00018527466705478657,0.005,0.9066579040886377,0.03245870000682771,0.027489400003105402,0.0635900000052061,0.12370090000331402
1113,146.6740456860226,0.00018303857222319822,0.005,0.9066630828772427,0.03182080000988208,0.028911100002005696,0.0661604999913834,0.12705640000058338
1114,146.70056265270617,0.00018078840438025859,0.005,0.9066683034982906,0.03185110000777058,0.03306650000740774,0.062201500026276335,0.12727900000754744
1115,146.7267524943722,0.00017852584333998345,0.005,0.9066735664295921,0.030825599998934194,0.031446399982087314,0.06557599999359809,0.12801769998623058
1116,146.75261307142495,0.00017624991089300977,0.005,0.9066788721557195,0.03172749999794178,0.02922019999823533,0.06086609998601489,0.12197010000818409
1117,146.77814225475754,0.00017396067298760124,0.005,0.906684221181042,0.03258190001361072,0.027977499994449317,0.06947220000438392,0.13019850000273436
1118,146.80333773231226,0.00017165687729571303,0.005,0.9066896140087517,0.031245199992554262,0.028717700013658032,0.06156960001681,0.12169550001272
1119,146.82819725823364,0.00016933896943621067,0.005,0.9066950511615895,0.030870999995386228,0.029400200000964105,0.06556680001085624,0.12600380001822487
1120,146.8527182414691,0.00016700459239665932,0.005,0.9067005331680018,0.030521700013196096,0.02896070000133477,0.06266869997489266,0.12237280001863837
1121,146.87689840833494,0.00016465590256278044,0.005,0.9067060605713133,0.031280299997888505,0.028312200010987,0.06653369998093694,0.12633290002122521
1122,146.90073526042406,0.00016229136336232627,0.005,0.9067116339260084,0.03103370001190342,0.028121199982706457,0.05962320000980981,0.11892330000409856
1123,146.92422612811288,0.00015990980335923213,0.005,0.9067172537963678,0.038691499998094514,0.028078899980755523,0.06334230001084507,0.13028789998497814
1124,146.94736837789029,0.00015751146279462718,0.005,0.9067229207632214,0.033586200006539,0.031752799986861646,0.06033290000050329,0.12584470000001602
1125,146.97015916998868,0.0001550949319472132,0.005,0.9067286354180418,0.031009600003017113,0.028205999988131225,0.06397509999806061,0.12340380001114681
1126,146.99259584898343,0.00015266145945178077,0.005,0.9067343983705167,0.03133259998867288,0.02846329999738373,0.06440709999878891,0.12436330001219176
1127,147.0146754018242,0.00015020860549645035,0.005,0.9067402102354982,0.029061000008368865,0.02885600001900457,0.13795599999139085,0.19606210000347346
1128,147.03639474809765,0.00014773590605209302,0.005,0.9067460716471588,0.043561600003158674,0.04242389998398721,0.060203000000910833,0.1463485000131186
1129,147.05775100121036,0.00014524467326134665,0.005,0.90675198325882,0.03150330000789836,0.029601300018839538,0.088875299989013,0.1501509000081569
1130,147.0787408423105,0.00014273196045255286,0.005,0.9067579457322015,0.03217039999435656,0.02963640002417378,0.061361400003079325,0.12333960001706146
1131,147.09936097603716,0.00014019792125334957,0.005,0.9067639597472097,0.03245699999388307,0.029953899997053668,0.0645756000012625,0.12714759999653324
1132,147.11960816687423,0.00013764295577304778,0.005,0.9067700260026672,0.031784199993126094,0.02920540000195615,0.06216050000512041,0.12331019999692217
1133,147.13947880028735,0.00013506448026004425,0.005,0.9067761452136455,0.031608000019332394,0.028596999996807426,0.0673926999734249,0.12776990002021194
1134,147.15896930138962,0.0001324627575222204,0.005,0.9067823181098045,0.03215700000873767,0.028290799993555993,0.06265429998165928,0.12326679998659529
1135,147.17807597642715,0.00012983697241316392,0.005,0.9067885454449384,0.031957700004568323,0.027758600015658885,0.06590090002282523,0.12578259999281727
1136,147.19679501741132,0.0001271863411719308,0.005,0.9067948279877226,0.03253930000937544,0.028030899993609637,0.06166089998441748,0.12241310000536032
1137,147.21512243616303,0.00012450963181326116,0.005,0.9068011665277419,0.03191920000244863,0.027506699989316985,0.06233799998881295,0.12192820000927895
1138,147.2330541267068,0.00012180603627559789,0.005,0.9068075618728038,0.03238089999649674,0.029599200002849102,0.06281299999682233,0.12496079999255016
1139,147.2505859163303,0.00011907509307252764,0.005,0.9068140148606185,0.032101300021167845,0.02776949998224154,0.06746359998942353,0.12748989998362958
1140,147.2677134184284,0.00011631534089676031,0.005,0.9068205263385531,0.031235399976139888,0.029099000006681308,0.06162150000454858,0.12215299997478724
1141,147.28443216197272,0.00011352619767249465,0.005,0.9068270971919716,0.0323019000061322,0.03273629999603145,0.06426300000748597,0.12946389999706298
1142,147.30073736283816,0.00011070552824968488,0.005,0.906833728318269,0.03132859998731874,0.02877249999437481,0.06750000000465661,0.12777700001606718
1143,147.3166243636345,0.00010785418376560109,0.005,0.9068404206461254,0.03134770001634024,0.028244799992535263,0.06638360000215471,0.1261481000110507
1144,147.3320879853148,0.00010496861265393257,0.005,0.906847175128821,0.033096700004534796,0.02747929998440668,0.06254879999323748,0.12330830001155846
1145,147.34712317722534,0.00010204967645626675,0.005,0.9068539927456656,0.031082900008186698,0.029182400001445785,0.06700909999199212,0.1274363000120502
1146,147.36172447482556,9.909455498944818e-05,0.005,0.9068608745101429,0.03216100001009181,0.027801799995359033,0.059878200001548976,0.12000260001514107
