month_end,中债-新综合财富(3-5年)指数,中债-新综合净价(3-5年)指数,中债-新综合全价(3-5年)指数,中债-综合财富(3-5年)指数,中债-综合净价(3-5年)指数,中债-综合全价(3-5年)指数,中债-新综合财富(5-7年)指数,中债-新综合净价(5-7年)指数,中债-新综合全价(5-7年)指数,中债-综合财富(5-7年)指数,中债-综合净价(5-7年)指数,中债-综合全价(5-7年)指数
2002-01-04,99.8904,99.8904,99.9381,99.9381,99.9381,99.9381,100.013,100.013,99.9719,99.9719,100.013,100.013
2002-01-07,99.9069,99.9069,99.9886,99.9886,99.9886,99.9886,100.0597,100.0597,99.9887,99.9887,100.0597,100.0597
2002-01-08,99.6617,99.6617,99.7593,99.7593,99.7593,99.7593,99.8114,99.8114,99.7273,99.7273,99.8114,99.8114
2002-01-09,99.8892,99.8892,99.994,99.994,99.994,99.994,99.6368,99.6368,99.5403,99.5403,99.6368,99.6368
2002-01-10,99.9073,99.9073,100.0232,100.0232,100.0232,100.0232,99.6883,99.6883,99.5823,99.5823,99.6883,99.6883
2002-01-11,100.2621,100.2621,100.383,100.383,100.383,100.383,100.0626,100.0626,99.9509,99.9509,100.0626,100.0626
2002-01-14,100.1902,100.1902,100.3467,100.3467,100.3467,100.3467,99.9676,99.9676,99.8243,99.8243,99.9676,99.9676
2002-01-15,100.3062,100.3062,100.4719,100.4719,100.4719,100.4719,100.2121,100.2121,100.0615,100.0615,100.2121,100.2121
2002-01-16,100.4001,100.4001,100.5755,100.5755,100.5755,100.5755,100.322,100.322,100.1625,100.1625,100.322,100.322
2002-01-17,100.0399,100.0399,100.2333,100.2333,100.2333,100.2333,100.312,100.312,100.1423,100.1423,100.312,100.312
2002-01-18,100.2313,100.2313,100.4327,100.4327,100.4327,100.4327,100.2919,100.2919,100.1117,100.1117,100.2919,100.2919
2002-01-21,100.196,100.196,100.4323,100.4323,100.4323,100.4323,100.6823,100.6823,100.4763,100.4763,100.6823,100.6823
2002-01-22,100.4177,100.4177,100.6614,100.6614,100.6614,100.6614,100.6417,100.6417,100.425,100.425,100.6417,100.6417
2002-01-23,100.0053,100.0053,100.2679,100.2679,100.2679,100.2679,100.576,100.576,100.3483,100.3483,100.576,100.576
2002-01-24,100.3885,100.3885,100.6555,100.6555,100.6555,100.6555,100.6832,100.6832,100.4466,100.4466,100.6832,100.6832
2002-01-25,100.5096,100.5096,100.7859,100.7859,100.7859,100.7859,100.7436,100.7436,100.4984,100.4984,100.7436,100.7436
2002-01-28,100.5005,100.5005,100.8112,100.8112,100.8112,100.8112,101.2188,101.2188,100.951,100.951,101.2188,101.2188
2002-01-29,100.5928,100.5928,100.9133,100.9133,100.9133,100.9133,100.8086,100.8086,100.5256,100.5256,100.8086,100.8086
2002-01-30,100.5977,100.5977,100.9295,100.9295,100.9295,100.9295,100.9443,100.9443,100.6528,100.6528,100.9443,100.9443
2002-01-31,100.5868,100.5868,100.9302,100.9302,100.9302,100.9302,101.0643,101.0643,100.764,100.764,101.0643,101.0643
2002-02-01,100.7443,100.7443,101.0963,101.0963,101.0963,101.0963,101.0778,101.0778,100.7675,100.7675,101.0778,101.0778
2002-02-04,100.7406,100.7406,101.1269,101.1269,101.1269,101.1269,101.2495,101.2495,100.9107,100.9107,101.2495,101.2495
2002-02-05,100.7283,100.7283,101.1262,101.1262,101.1262,101.1262,101.3426,101.3426,100.9947,100.9947,101.3426,101.3426
2002-02-06,100.748,100.748,101.1569,101.1569,101.1569,101.1569,101.3292,101.3292,100.971,100.971,101.3292,101.3292
2002-02-07,100.5658,100.5658,100.9895,100.9895,100.9895,100.9895,101.2795,101.2795,100.9105,100.9105,101.2795,101.2795
2002-02-08,100.5505,100.5505,100.9859,100.9859,100.9859,100.9859,101.3749,101.3749,100.9969,100.9969,101.3749,101.3749
2002-02-25,100.2134,100.2134,100.8563,100.8563,100.8563,100.8563,101.5106,101.5118,100.9325,100.9325,101.3372,101.3372
2002-02-26,100.6924,100.6924,100.9303,100.9303,101.3374,101.3398,101.8047,101.8059,101.2195,101.2195,101.6308,101.6308
2002-02-27,100.457,100.457,100.7097,100.7097,101.1174,101.1183,101.7698,101.771,101.1739,101.1739,101.596,101.596
2002-02-28,100.4255,100.4255,100.6897,100.6897,101.0975,101.0982,101.9541,101.9553,101.3499,101.3499,101.78,101.78
2002-03-01,100.4041,100.4041,100.6797,100.6797,101.0874,101.0882,101.9085,101.9097,101.2934,101.2934,101.7344,101.7344
2002-03-04,100.4246,100.4246,100.7329,100.7329,101.1409,101.1416,101.9952,101.9964,101.35,101.35,101.821,101.821
2002-03-05,100.6162,100.6162,100.9325,100.9325,101.3412,101.342,102.1452,102.1464,101.4913,101.4913,101.9707,101.9707
2002-03-06,100.5733,100.5733,100.9013,100.9013,101.3099,101.3106,102.1459,102.1471,101.4817,101.4817,101.9714,101.9714
2002-03-07,100.5681,100.5681,100.9071,100.9071,101.3158,101.3165,102.1294,102.1306,101.4547,101.4547,101.955,101.955
2002-03-08,100.8263,100.8263,101.1723,101.1723,101.582,101.5828,102.1995,102.2007,101.5152,101.5152,102.0249,102.0249
2002-03-11,100.6884,100.6884,101.0696,101.0696,101.479,101.4797,102.0544,102.0556,101.3375,101.3375,101.8801,101.8801
2002-03-12,100.8853,100.8853,101.2744,101.2744,101.6845,101.6853,102.3287,102.3299,101.6044,101.6044,102.1539,102.1539
2002-03-13,100.845,100.845,101.2457,101.2457,101.6558,101.6565,102.3659,102.367,101.6317,101.6317,102.191,102.191
2002-03-14,100.9065,100.9065,101.3173,101.3173,101.7276,101.7284,102.4307,102.4319,101.6869,101.6869,102.2558,102.2558
2002-03-15,100.6358,100.6358,101.062,101.062,101.4713,101.472,102.3891,102.3903,101.6345,101.6345,102.2142,102.2142
2002-03-18,100.9089,100.9089,101.3637,101.3637,101.7743,101.775,102.5227,102.5239,101.7386,101.7386,102.3476,102.3476
2002-03-19,100.9923,100.9923,101.4569,101.4569,101.8678,101.8685,102.7014,102.7026,101.9088,101.9088,102.526,102.526
2002-03-20,100.8992,100.8992,101.3763,101.3763,101.7868,101.7876,102.4123,102.4134,101.6062,101.6062,102.2373,102.2373
2002-03-21,101.0041,101.0041,101.4905,101.4905,101.9015,101.9022,102.8379,102.8391,102.0262,102.0262,102.6623,102.6623
2002-03-22,100.9128,100.9128,101.4116,101.4116,101.8223,101.8231,102.9267,102.9279,102.1056,102.1056,102.7509,102.7509
2002-03-25,101.0075,101.0075,101.5379,101.5379,101.9491,101.9498,102.9841,102.9853,102.1328,102.1328,102.8082,102.8082
2002-03-26,101.1176,101.1176,101.6573,101.6573,102.069,102.0698,103.034,103.0352,102.1729,102.1729,102.858,102.858
2002-03-27,101.0117,101.0117,101.5641,101.5641,101.9754,101.9762,102.7921,102.7933,101.9182,101.9182,102.6165,102.6165
2002-03-28,101.012,101.012,101.5754,101.5754,101.9868,101.9875,102.7867,102.7879,101.9024,101.9024,102.6111,102.6111
2002-03-29,101.3184,101.3184,101.888,101.888,102.3006,102.3014,103.0142,103.0154,102.122,102.122,102.8383,102.8383
2002-04-01,101.3478,101.3478,101.95,101.95,102.3629,102.3636,103.3423,103.3435,102.4226,102.4226,103.1658,103.1658
2002-04-02,101.8175,101.8175,102.4232,102.4232,102.838,102.8388,103.4719,103.4731,102.5433,102.5433,103.2951,103.2951
2002-04-03,101.5293,101.5293,102.1506,102.1506,102.5643,102.5651,103.3261,103.3273,102.3857,102.3857,103.1496,103.1496
2002-04-04,101.2229,101.2229,101.8601,101.8601,102.2726,102.2734,103.2304,103.2316,102.2788,102.2788,103.0541,103.0541
2002-04-05,101.1609,101.1609,101.8101,101.8101,102.2224,102.2231,102.9489,102.9501,101.984,101.984,102.7731,102.7731
2002-04-08,101.2907,101.2907,101.9709,101.9709,102.3839,102.3846,103.739,103.7403,102.7516,102.7516,103.5619,103.5619
2002-04-09,101.1049,101.1049,101.799,101.799,102.2113,102.2121,103.3012,103.3024,102.2988,102.2988,103.1248,103.1248
2002-04-10,101.2904,101.2904,101.9926,101.9926,102.4057,102.4064,103.7483,103.7496,102.7404,102.7404,103.5711,103.5711
2002-04-11,101.3032,101.3032,102.0162,102.0162,102.4294,102.4301,103.7732,103.7744,102.7552,102.7552,103.5959,103.5959
2002-04-12,101.4117,101.4117,102.1341,102.1341,102.5477,102.5485,103.9427,103.9439,102.9162,102.9162,103.7652,103.7652
2002-04-15,101.6219,101.6219,102.374,102.374,102.7886,102.7894,104.0707,104.0719,103.0146,103.0146,103.8929,103.8929
2002-04-16,101.7838,101.7838,102.5444,102.5444,102.9597,102.9604,104.0568,104.058,102.9903,102.9903,103.879,103.879
2002-04-17,101.5073,101.5073,102.2833,102.2833,102.6975,102.6983,104.0358,104.037,102.9588,102.9588,103.8581,103.8581
2002-04-18,101.5506,101.5506,102.3369,102.3369,102.7514,102.7521,104.1633,104.1646,103.0774,103.0774,103.9854,103.9854
2002-04-19,101.5216,101.5216,102.3194,102.3194,102.7337,102.7345,104.1975,104.1987,103.1016,103.1016,104.0195,104.0195
2002-04-22,101.7646,101.7646,102.5915,102.5915,103.007,103.0078,104.3483,104.3495,103.2232,103.2232,104.1701,104.1701
2002-04-23,101.5267,101.5267,102.3684,102.3684,102.783,102.7837,104.3165,104.3177,103.1807,103.1807,104.1383,104.1383
2002-04-24,101.604,101.604,102.4555,102.4555,102.8704,102.8712,104.3666,104.3681,103.2211,103.2211,104.0674,104.0674
2002-04-25,101.3459,101.3459,102.2126,102.2126,102.6265,102.6273,104.516,104.5177,103.3618,103.3618,104.2166,104.2166
2002-04-26,101.6799,101.6799,102.5523,102.5523,102.9676,102.9684,104.5882,104.5899,103.4244,103.4244,104.2886,104.2886
2002-04-29,101.7022,101.7022,102.6079,102.6079,103.0235,103.0242,104.543,104.5447,103.3438,103.3438,104.2435,104.2435
2002-04-30,101.5886,101.5886,102.5061,102.5061,102.9212,102.922,104.3018,104.3032,103.0898,103.0898,104.0027,104.0027
2002-05-08,101.6013,101.6013,102.6013,102.6013,103.0168,103.0176,104.4876,104.489,103.1943,103.1943,104.1879,104.1879
2002-05-09,101.6885,101.6885,102.6978,102.6978,103.1137,103.1144,104.5824,104.5838,103.2795,103.2795,104.2825,104.2825
2002-05-10,101.6835,101.6835,102.7032,102.7032,103.1191,103.1199,104.5513,104.5526,103.2377,103.2377,104.2514,104.2514
2002-05-13,101.6955,101.6955,102.7461,102.7461,103.1622,103.163,104.6276,104.629,103.2838,103.2838,104.3276,104.3276
2002-05-14,101.6545,101.6545,102.7159,102.7159,103.1319,103.1327,104.6469,104.6476,103.2929,103.2929,104.2633,104.2633
2002-05-15,101.7318,101.7318,102.8026,102.8026,103.219,103.2197,104.7219,104.7227,103.3582,103.3582,104.3381,104.3381
2002-05-16,101.9383,101.9383,103.0169,103.0169,103.4341,103.4349,104.7739,104.7747,103.4003,103.4003,104.3899,104.3899
2002-05-17,101.4595,101.4595,102.554,102.554,102.9693,102.9701,104.7541,104.7549,103.37,103.37,104.3702,104.3702
2002-05-20,101.8612,101.8612,102.9816,102.9816,103.3987,103.3994,104.8697,104.8706,103.4556,103.4556,104.4855,104.4855
2002-05-21,101.9759,101.9759,103.1052,103.1052,103.5228,103.5236,104.8357,104.8366,103.411,103.411,104.4516,104.4516
2002-05-22,101.6077,101.6077,102.7515,102.7515,103.1676,103.1684,104.906,104.9069,103.4715,103.4715,104.5216,104.5216
2002-05-23,101.6472,101.6472,102.8009,102.8009,103.2172,103.218,105.0036,105.0046,103.5596,103.5596,104.619,104.619
2002-05-24,101.5378,101.5378,102.7029,102.7029,103.1189,103.1196,105.085,105.0861,103.6313,103.6313,104.7002,104.7002
2002-05-27,101.3438,101.3438,102.5419,102.5419,102.9572,102.9579,105.1778,105.179,103.6938,103.6938,104.7927,104.7927
2002-05-28,102.0098,102.0098,103.2104,103.2104,103.6284,103.6291,105.2516,105.2529,103.7579,103.7579,104.8663,104.8663
2002-05-29,101.8348,101.8348,103.0476,103.0476,103.465,103.4657,105.2615,105.2628,103.7576,103.7576,104.8762,104.8762
2002-05-30,102.1547,102.1547,103.374,103.374,103.7927,103.7934,105.3736,105.3749,103.8602,103.8602,104.9879,104.9879
2002-05-31,102.1282,102.1282,103.3581,103.3581,103.7766,103.7774,105.4782,105.4796,103.9553,103.9553,105.0922,105.0922
2002-06-03,102.1788,102.1788,103.4388,103.4388,103.8577,103.8585,105.5868,105.5882,104.0338,104.0338,105.2005,105.2005
2002-06-04,101.9668,101.9668,103.2394,103.2394,103.6575,103.6583,105.333,105.3344,103.7678,103.7678,104.9476,104.9476
2002-06-05,102.1475,102.1475,103.4283,103.4283,103.8472,103.848,105.2446,105.2461,103.6684,103.6684,104.8596,104.8596
2002-06-06,102.1301,102.1301,103.4214,103.4214,103.8402,103.841,105.3628,105.3642,103.7771,103.7771,104.9772,104.9772
2002-06-07,101.8402,101.8402,103.145,103.145,103.5627,103.5635,104.8652,104.8666,103.2655,103.2655,104.4815,104.4815
2002-06-10,102.0801,102.0801,103.4129,103.4129,103.8317,103.8324,105.199,105.2004,103.5707,103.5707,104.8141,104.8141
2002-06-11,102.0391,102.0391,103.3826,103.3826,103.8013,103.8021,104.9662,104.9676,103.3259,103.3259,104.5821,104.5821
2002-06-12,101.9416,101.9416,103.2965,103.2965,103.7148,103.7156,105.1296,105.131,103.4802,103.4802,104.7449,104.7449
2002-06-13,102.0789,102.0789,103.4424,103.4424,103.8613,103.8621,105.4663,105.4677,103.809,103.809,105.0804,105.0804
2002-06-14,102.1098,102.1098,102.323,102.323,103.9022,103.903,105.7418,105.7432,104.0761,104.0761,105.3549,105.3549
2002-06-17,101.9581,101.9581,102.2038,102.2038,103.7826,103.782,105.8497,105.8515,104.1538,104.1538,105.378,105.378
2002-06-18,102.0647,102.0647,102.2037,102.2037,103.8986,103.8995,105.2929,105.2942,103.5826,103.5826,104.8233,104.8233
2002-06-19,101.9406,101.9406,102.0913,102.0913,103.7857,103.7852,105.0042,105.0053,103.2815,103.2815,104.5356,104.5356
2002-06-20,101.8847,101.8847,102.0462,102.0462,103.7405,103.7394,104.9873,104.9884,103.2542,103.2542,104.5188,104.5188
2002-06-21,102.0425,102.0425,101.9819,101.9819,103.9075,103.9084,104.9764,104.9774,103.2329,103.2329,104.5079,104.5079
2002-06-24,102.0599,102.0599,102.0302,102.0302,103.9561,103.9577,104.6858,104.679,102.9092,102.9092,104.0233,104.0233
2002-06-25,101.7506,101.7506,101.7353,101.7353,103.6597,103.6571,104.813,104.8066,103.0271,103.0271,104.1501,104.1501
2002-06-26,101.7659,101.7659,101.7608,101.7608,103.6853,103.6831,104.7298,104.7231,102.933,102.933,104.0672,104.0672
2002-06-27,101.8493,101.8493,101.8535,101.8535,103.7785,103.7776,105.0634,105.0576,103.2587,103.2587,104.3996,104.3996
2002-06-28,101.7752,101.7752,101.7904,101.7904,103.715,103.7133,105.2431,105.2377,103.4294,103.4294,104.5785,104.5785
2002-07-01,101.8243,101.8243,101.8693,101.8693,103.7954,103.7936,105.0931,105.0877,103.25,103.25,104.4295,104.4295
2002-07-02,102.0539,102.0539,102.1063,102.1063,104.0369,104.0351,105.3269,105.3214,103.4744,103.4744,104.6618,104.6618
2002-07-03,101.8112,101.8112,101.8765,101.8765,103.8028,103.801,104.8008,104.7954,102.9377,102.9377,104.139,104.139
2002-07-04,102.0493,102.0493,102.1219,102.1219,104.0528,104.051,105.2264,105.221,103.3544,103.3544,104.562,104.562
2002-07-05,102.1054,102.1054,102.1874,102.1874,104.1196,104.1178,105.0979,105.0925,103.2159,103.2159,104.4343,104.4343
2002-07-08,101.8835,101.8835,101.9985,101.9985,103.9271,103.9253,105.3193,105.3139,103.4085,103.4085,104.6543,104.6543
2002-07-09,101.3391,101.3391,101.4705,101.4705,103.3891,103.3873,105.4303,105.4248,103.51,103.51,104.7645,104.7645
2002-07-10,101.2571,101.2571,101.3996,101.3996,103.3169,103.3151,104.7471,104.7417,102.8159,102.8159,104.0857,104.0857
2002-07-11,101.3876,101.3876,101.5387,101.5387,103.4586,103.4568,104.1569,104.1515,102.2149,102.2149,103.4992,103.4992
2002-07-12,101.394,101.394,101.5551,101.5551,103.4753,103.4736,104.1451,104.1397,102.1934,102.1934,103.4875,103.4875
2002-07-15,101.229,101.229,101.1624,101.1624,103.3401,103.3411,104.6071,104.6017,102.627,102.627,103.9465,103.9465
2002-07-16,101.1951,101.1951,101.1389,101.1389,103.3162,103.3171,104.8323,104.8269,102.8429,102.8429,104.1703,104.1703
2002-07-17,101.2443,101.2443,101.1977,101.1977,103.3761,103.3771,104.584,104.5786,102.5844,102.5844,103.9236,103.9236
2002-07-18,101.1182,101.1182,101.0832,101.0832,103.2594,103.2602,104.4377,104.4324,102.4282,102.4282,103.7783,103.7783
2002-07-19,101.0076,101.0076,100.984,100.984,103.1583,103.1588,104.3886,104.3832,102.3692,102.3692,103.7294,103.7294
2002-07-22,100.7006,100.7006,100.7108,100.7108,102.8801,102.8798,104.4492,104.4439,102.4009,102.4009,103.7897,103.7897
2002-07-23,101.1766,101.1766,101.1914,101.1914,103.3697,103.3708,104.8346,104.8292,102.7772,102.7772,104.1726,104.1726
2002-07-24,100.8819,100.8819,100.9103,100.9103,103.0833,103.0835,104.3088,104.3034,102.2407,102.2407,103.5771,103.5771
2002-07-25,101.4724,101.4724,101.5039,101.5039,103.6881,103.69,104.8114,104.8064,102.7345,102.7345,104.0766,104.0766
2002-07-26,101.0944,101.0944,101.1404,101.1404,103.3178,103.3187,102.9756,102.9694,100.8859,100.8859,102.2524,102.2524
2002-07-29,101.1657,101.1657,101.2412,101.2412,103.4205,103.4216,103.0665,103.0604,100.9478,100.9478,102.3427,102.3427
2002-07-30,100.8941,100.8941,100.9829,100.9829,103.1573,103.1578,104.5833,104.5781,102.4575,102.4575,103.8499,103.8499
2002-07-31,100.8381,100.8381,100.9377,100.9377,103.1113,103.1116,104.9082,104.9033,102.7731,102.7731,104.1728,104.1728
2002-08-01,100.9354,100.9354,101.044,101.044,103.2198,103.2201,104.5501,104.5451,102.4053,102.4053,103.8171,103.8171
2002-08-02,100.9597,100.9597,100.9519,100.9519,103.2546,103.255,104.2968,104.2918,102.1424,102.1424,103.5656,103.5656
2002-08-05,101.0548,101.0548,101.0763,101.0763,103.3818,103.3822,104.3762,104.3712,102.193,102.193,103.6445,103.6445
2002-08-06,101.4781,101.4781,101.5047,101.5047,103.82,103.8203,104.4235,104.4185,102.2307,102.2307,103.6914,103.6914
2002-08-07,101.355,101.355,101.3932,101.3932,103.7059,103.7063,104.6497,104.6447,102.4473,102.4473,103.916,103.916
2002-08-08,101.3418,101.3418,101.3903,101.3903,103.703,103.7033,104.2821,104.2771,102.0701,102.0701,103.551,103.551
2002-08-09,100.9205,100.9205,100.9843,100.9843,103.2877,103.2881,104.585,104.58,102.3634,102.3634,103.8518,103.8518
2002-08-12,100.692,100.692,100.789,100.789,103.088,103.0884,104.4041,104.3991,102.1537,102.1537,103.6722,103.6722
2002-08-13,101.5251,101.5251,101.6222,101.6222,103.9401,103.9405,104.457,104.4521,102.197,102.197,103.7247,103.7247
2002-08-14,101.294,101.294,101.404,101.404,103.717,103.7174,104.2436,104.2386,101.974,101.974,103.5128,103.5128
2002-08-15,100.8348,100.8348,100.9606,100.9606,103.2635,103.2638,104.2987,104.2938,102.0195,102.0195,103.5675,103.5675
2002-08-16,100.8552,100.8552,100.991,100.991,103.2945,103.2949,104.0414,104.0364,101.7526,101.7526,103.312,103.312
2002-08-19,100.6919,100.6919,100.6923,100.6923,103.1607,103.1609,104.1403,104.1354,101.8227,101.8227,103.4103,103.4103
2002-08-20,100.714,100.714,100.7241,100.7241,103.1932,103.1935,104.4345,104.4292,102.1072,102.1072,103.5721,103.5721
2002-08-21,100.4204,100.4204,100.4446,100.4446,102.9073,102.907,103.8659,103.8599,101.5291,101.5291,103.0075,103.0075
2002-08-22,100.909,100.909,100.9371,100.9371,103.4111,103.4116,104.4025,104.3972,102.0564,102.0564,103.5403,103.5403
2002-08-23,100.7086,100.7086,100.7494,100.7494,103.2191,103.2194,104.179,104.1734,101.8228,101.8228,103.3184,103.3184
2002-08-26,100.1841,100.1841,100.2614,100.2614,102.7199,102.7194,103.9141,103.9082,101.5287,101.5287,103.0553,103.0553
2002-08-27,100.3422,100.3422,100.4275,100.4275,102.8899,102.8896,103.7978,103.7912,101.4027,101.4027,102.8108,102.8108
2002-08-28,100.2672,100.2672,100.3635,100.3635,102.8243,102.824,103.8163,103.8098,101.4116,101.4116,102.8292,102.8292
2002-08-29,100.0097,100.0097,100.1191,100.1191,102.5744,102.5736,103.5704,103.5633,101.1559,101.1559,102.585,102.585
2002-08-30,100.5376,100.5376,100.6508,100.6508,103.1183,103.1183,103.5556,103.5484,101.1314,101.1314,102.5703,102.5703
2002-09-02,100.484,100.484,100.6273,100.6273,103.0943,103.0943,103.493,103.4858,101.04,101.04,102.5083,102.5083
2002-09-03,100.6286,100.6286,100.7801,100.7801,103.2508,103.2508,103.9084,103.923,101.4447,101.4668,102.9197,102.9414
2002-09-04,100.1673,100.1673,100.3342,100.3342,102.7939,102.7939,103.799,103.8009,101.3264,101.335,101.905,101.8221
2002-09-05,101.0826,101.0826,101.2485,101.2485,103.7307,103.7307,104.6951,104.8032,102.2096,102.3146,102.4934,102.4743
2002-09-06,101.2193,101.2193,101.3936,101.3936,103.8793,103.8793,104.454,104.5443,101.961,102.0506,102.255,102.2211
2002-09-09,101.2518,101.2518,101.457,101.457,103.9442,103.9443,104.3561,104.427,101.8379,101.9088,102.1581,102.1064
2002-09-10,101.1357,101.1357,101.3527,101.3527,103.8374,103.8374,104.077,104.1209,101.5516,101.5987,101.8818,101.8071
2002-09-11,101.1222,101.1222,101.3497,101.3497,103.8343,103.8344,104.1218,104.1735,101.5875,101.6418,101.9261,101.8585
2002-09-12,100.5394,100.5394,100.7837,100.7837,103.2545,103.2545,104.3502,104.4394,101.806,101.8948,102.1521,102.1186
2002-09-13,100.5956,100.5956,100.8498,100.8498,103.3222,103.3222,103.9266,103.9737,101.3762,101.4276,101.733,101.6632
2002-09-16,100.5926,100.5926,100.8782,100.8782,103.3512,103.3513,103.9643,104.0073,101.3879,101.4344,101.7702,101.6961
2002-09-17,100.5075,100.5075,100.8044,100.8044,103.2757,103.2757,103.7618,103.7484,101.1779,101.1708,101.5699,101.4429
2002-09-18,100.0841,100.0841,100.3961,100.3961,102.8574,102.8574,104.2129,104.2828,101.6178,101.6881,102.0162,101.9654
2002-09-19,100.3286,100.3286,100.6484,100.6484,103.1158,103.1158,103.6789,103.6904,101.0782,101.0961,101.4878,101.3862
2002-09-20,100.3624,100.3624,100.6923,100.6923,103.1608,103.1608,103.5852,103.5872,100.9764,100.9858,101.3951,101.2853
2002-09-23,100.2328,100.2328,100.5954,100.5954,103.0615,103.0615,103.8355,103.8612,101.1995,101.2293,101.6427,101.5532
2002-09-24,100.3229,100.3229,100.6949,100.6949,103.1635,103.1635,103.7408,103.7617,101.0967,101.1225,101.549,101.4559
2002-09-25,99.8717,99.8717,100.2591,100.2591,102.717,102.7171,102.9468,102.8749,100.2985,100.2408,100.7633,100.5888
2002-09-26,100.3159,100.3159,100.7089,100.7089,103.1778,103.1778,103.7139,103.6909,101.0521,101.035,101.522,101.3866
2002-09-27,100.3097,100.3097,100.7132,100.7132,103.1822,103.1823,103.8481,103.8601,101.1767,101.1927,101.6547,101.5521
2002-10-08,99.7651,99.7651,100.2915,100.2915,102.7502,102.7502,103.8883,103.9159,101.1182,101.1482,101.6953,101.6067
2002-10-09,99.8477,99.8477,100.3836,100.3836,102.8445,102.8446,103.8477,103.8753,101.0697,101.0997,101.6556,101.567
2002-10-10,100.3051,100.3051,100.8464,100.8464,103.3187,103.3187,103.9024,103.9301,101.1149,101.1449,101.7091,101.6206
2002-10-11,99.9439,99.9439,100.4996,100.4996,102.9633,102.9634,104.1162,104.1439,101.3165,101.3466,101.9184,101.8296
2002-10-14,100.2822,100.2822,100.8655,100.8655,103.3382,103.3383,103.8854,103.9131,101.0637,101.0938,101.6925,101.6039
2002-10-15,99.9082,99.9082,100.506,100.506,102.97,102.97,103.6811,103.7087,100.8543,100.8842,101.4925,101.4041
2002-10-16,99.6175,99.6175,100.229,100.229,102.6861,102.6862,103.7202,103.7478,100.8841,100.914,101.5308,101.4423
2002-10-17,100.111,100.111,100.7276,100.7276,103.197,103.197,103.684,103.7116,100.8398,100.8698,101.4953,101.4069
2002-10-18,99.7853,99.7853,100.4158,100.4158,102.8776,102.8776,103.5143,103.5419,100.6644,100.6943,101.3292,101.241
2002-10-21,99.803,99.803,100.353,100.353,102.9276,102.9277,103.6406,103.6682,100.7627,100.7927,101.4528,101.3644
2002-10-22,100.052,100.052,100.6096,100.6096,103.1908,103.1909,103.417,103.4443,100.5341,100.564,101.2338,101.1456
2002-10-23,99.5385,99.5385,100.1125,100.1125,102.681,102.681,103.4635,103.4909,100.5713,100.6012,101.2793,101.1911
2002-10-24,99.502,99.502,100.0869,100.0869,102.6547,102.6548,103.3158,103.3431,100.4174,100.4472,101.1347,101.0466
2002-10-25,99.4932,99.4932,100.0887,100.0887,102.6566,102.6566,103.394,103.4214,100.4858,100.5156,101.2113,101.1232
2002-10-28,99.4257,99.4257,100.0535,100.0535,102.6205,102.6205,103.6062,103.6337,100.6686,100.6985,101.4191,101.3308
2002-10-29,99.1406,99.1406,99.7822,99.7822,102.3421,102.3422,103.0282,103.0552,100.0914,100.1212,100.853,100.7651
2002-10-30,99.2779,99.2779,99.9283,99.9283,102.4921,102.4921,103.0623,103.0893,100.1164,100.1461,100.8863,100.7985
2002-10-31,99.3572,99.3572,100.0172,100.0172,102.5832,102.5833,103.5376,103.565,100.5753,100.6052,101.3519,101.2636
2002-11-01,99.2546,99.2546,99.9263,99.9263,102.49,102.49,102.9344,102.9617,99.9737,100.0034,100.7614,100.6737
2002-11-04,99.3055,99.3055,100.0073,100.0073,102.5731,102.5731,103.0153,103.0426,100.0274,100.0571,100.8406,100.7528
2002-11-05,99.4982,99.4982,100.2084,100.2084,102.7793,102.7793,103.0833,103.1107,100.0857,100.1154,100.9072,100.8193
2002-11-06,99.5211,99.5211,100.2412,100.2412,102.8129,102.813,103.0604,103.0875,100.0546,100.0843,100.8476,100.7597
2002-11-07,99.4743,99.4743,100.2051,100.2051,102.7759,102.776,103.0584,103.0855,100.044,100.0738,100.8456,100.7578
2002-11-08,99.5112,99.5112,100.2518,100.2518,102.8239,102.8239,103.1,103.1271,100.0763,100.1061,100.8864,100.7985
2002-11-11,99.5166,99.5166,100.1495,100.1495,102.8607,102.8607,103.0923,103.1194,100.0429,100.0726,100.8788,100.7909
2002-11-12,99.5216,99.5216,100.1647,100.1647,102.8762,102.8763,103.1693,103.1964,100.11,100.1397,100.9542,100.8662
2002-11-13,99.5168,99.5168,100.1701,100.1701,102.8818,102.8818,103.1102,103.1373,100.0433,100.073,100.8963,100.8084
2002-11-14,99.4379,99.4379,100.102,100.102,102.812,102.812,103.1584,103.1854,100.082,100.1118,100.8799,100.7921
2002-11-15,99.3072,99.3072,99.9828,99.9828,102.6897,102.6895,103.1347,103.1616,100.0501,100.0799,100.8567,100.7688
2002-11-18,99.6173,99.6173,100.3201,100.3201,103.0357,103.0359,103.1849,103.2119,100.0736,100.1033,100.9059,100.818
2002-11-19,99.534,99.534,100.2477,100.2477,102.9614,102.9616,103.0755,103.1024,99.9574,99.9871,100.7988,100.711
2002-11-20,99.4611,99.4611,100.1855,100.1855,102.8976,102.8977,103.2393,103.2664,100.1098,100.1396,100.9591,100.8712
2002-11-21,99.369,99.369,100.1043,100.1043,102.8144,102.8143,103.2488,103.2759,100.1106,100.1403,100.9685,100.8805
2002-11-22,99.5404,99.5404,100.2841,100.2841,102.9988,102.9989,103.4131,103.4404,100.2635,100.2933,101.1293,101.0412
2002-11-25,99.671,99.671,100.4437,100.4437,103.1624,103.1628,103.4313,103.4575,100.2555,100.2853,101.0723,100.9843
2002-11-26,99.59,99.59,100.3734,100.3734,103.0903,103.0906,103.4568,103.483,100.2719,100.3017,101.0972,101.0092
2002-11-27,99.5696,99.5696,100.1959,100.1959,103.08,103.0803,103.4021,103.4281,100.2095,100.2392,101.0437,100.9557
2002-11-28,99.7506,99.7506,100.3853,100.3853,103.2741,103.275,103.3797,103.4056,100.1787,100.2085,101.0217,100.9337
2002-11-29,99.2748,99.2748,99.924,99.924,102.801,102.8005,103.3392,103.365,100.1302,100.16,100.982,100.8941
2002-12-02,99.6139,99.6139,100.29,100.29,103.1776,103.177,103.0417,103.0675,99.8124,99.842,100.6913,100.6036
2002-12-03,99.5136,99.5136,100.2007,100.2007,103.0857,103.0852,103.1038,103.1296,99.8647,99.8944,100.752,100.6643
2002-12-04,99.466,99.466,100.1636,100.1636,103.0475,103.0469,103.3171,103.3429,100.0654,100.0951,100.9604,100.8725
2002-12-05,99.3502,99.3502,100.0589,100.0589,102.9398,102.9393,103.4938,103.5197,100.2302,100.26,101.1331,101.045
2002-12-06,99.4794,99.4794,100.1969,100.1969,103.0818,103.0813,103.3643,103.3901,100.0944,100.1241,101.0065,100.9185
2002-12-09,99.5746,99.5746,100.3213,100.3213,103.2098,103.2093,103.425,103.4509,100.1281,100.1579,101.0659,100.9778
2002-12-10,99.6555,99.6555,100.4115,100.4115,103.3026,103.302,103.6998,103.7211,100.3891,100.419,101.2171,101.129
2002-12-11,99.6605,99.6605,100.4265,100.4265,103.318,103.3175,103.6517,103.673,100.3333,100.3632,101.1702,101.0821
2002-12-12,99.6532,99.6532,100.4293,100.4293,103.3209,103.3203,103.1727,103.1933,99.8546,99.8843,100.7021,100.6144
2002-12-13,99.4675,99.4675,100.0713,100.0713,103.1418,103.139,103.329,103.3493,99.9993,100.029,100.7663,100.6785
2002-12-16,99.4457,99.4457,100.0793,100.0793,103.15,103.1472,103.5001,103.5206,100.1412,100.1709,100.9333,100.8454
2002-12-17,99.5508,99.5508,100.1933,100.1933,103.2672,103.2648,103.3033,103.3236,99.9395,99.9692,100.7412,100.6535
2002-12-18,99.615,99.615,100.2668,100.2668,103.3428,103.3405,103.7612,103.7823,100.3801,100.4099,101.0633,100.9753
2002-12-19,99.3451,99.3451,100.0091,100.0091,103.0779,103.0749,103.4283,103.4485,100.0448,100.0745,100.7382,100.6505
2002-12-20,99.6236,99.6236,100.2951,100.2951,103.3718,103.3696,103.5995,103.6201,100.2041,100.2338,100.7556,100.6679
2002-12-23,99.3772,99.3772,100.0015,100.0015,103.1506,103.1475,103.4314,103.4516,100.0132,100.043,100.5918,100.5042
2002-12-24,99.6285,99.6285,100.2606,100.2606,103.4165,103.4147,103.5522,103.5728,100.1239,100.1536,100.7096,100.6219
2002-12-25,99.7909,99.7909,100.4315,100.4315,103.5919,103.5911,103.8973,103.919,100.4543,100.4842,101.0463,100.9583
2002-12-26,99.671,99.671,100.3221,100.3221,103.4797,103.4782,103.7231,103.7442,100.2758,100.3056,100.8763,100.7885
2002-12-27,99.6396,99.6396,100.3006,100.3006,103.4576,103.4561,104.5551,104.579,101.0835,101.1135,101.688,101.5994
2002-12-30,99.5421,99.5421,100.2329,100.2329,103.3882,103.3862,103.8719,103.8936,100.3907,100.4206,101.0215,100.9335
2002-12-31,100.039,100.039,100.736,100.736,103.9044,103.9051,104.3359,104.3589,100.8374,100.8673,101.474,101.3857
2003-01-02,100.11,100.11,100.8258,100.8258,103.997,103.9977,104.3774,104.4005,100.8624,100.8924,101.5144,101.426
2003-01-03,99.8223,99.8223,100.5498,100.5498,103.7123,103.713,104.342,104.3651,100.8202,100.8501,101.4801,101.3917
2003-01-06,100.0226,100.0226,100.7776,100.7776,103.9473,103.948,103.9452,103.9682,100.4094,100.4392,101.0941,101.0061
2003-01-07,99.5528,99.5528,100.3208,100.3208,103.4762,103.4769,103.5887,103.6116,100.0535,100.0832,100.7474,100.6596
2003-01-08,99.5231,99.5231,100.301,100.301,103.4557,103.4564,103.6865,103.7095,100.1412,100.171,100.8425,100.7547
2003-01-09,99.459,99.459,100.247,100.247,103.4,103.4008,103.7063,103.7293,100.1528,100.1826,100.8618,100.774
2003-01-10,99.7925,99.7925,100.5878,100.5878,103.7515,103.7522,103.9569,103.9799,100.3898,100.4196,101.1055,101.0174
2003-01-13,99.8364,99.8364,100.6604,100.6604,103.8264,103.8271,104.0183,104.0414,100.4265,100.4564,101.1652,101.0771
2003-01-14,99.6845,99.6845,100.5192,100.5192,103.6808,103.6815,103.852,103.875,100.2563,100.2861,101.0034,100.9155
2003-01-15,99.7142,99.7142,100.5584,100.5584,103.7212,103.7219,104.0496,104.0726,100.4415,100.4714,101.1956,101.1075
2003-01-16,99.6932,99.6932,100.5472,100.5472,103.7096,103.7104,103.7093,103.7323,100.1015,100.1312,100.8647,100.7768
2003-01-17,99.7328,99.7328,100.5961,100.5961,103.7601,103.7608,104.0996,104.1226,100.4748,100.5047,101.2442,101.156
2003-01-20,99.7406,99.7406,100.6329,100.6329,103.798,103.7988,103.8201,103.8431,100.1787,100.2085,100.9724,100.8845
2003-01-21,99.7556,99.7556,100.6574,100.6574,103.8233,103.824,104.0299,104.0529,100.3758,100.4056,101.1765,101.0883
2003-01-22,99.7333,99.7333,100.6449,100.6449,103.8104,103.8111,104.3585,104.3816,100.6888,100.7187,101.4961,101.4077
2003-01-23,99.7057,99.7057,100.6272,100.6272,103.7922,103.7929,104.0776,104.1006,100.4068,100.4366,101.2228,101.1347
2003-01-24,99.7752,99.7752,100.7059,100.7059,103.8733,103.874,104.0175,104.0405,100.3404,100.3702,101.1644,101.0763
2003-01-27,99.8856,99.8856,100.8445,100.8445,104.0163,104.017,104.4334,104.4565,100.723,100.753,101.5689,101.4804
2003-01-28,99.8737,99.8737,100.8423,100.8423,104.014,104.0147,104.7386,104.7617,101.0132,101.0432,101.8657,101.777
2003-01-29,100.1017,100.1017,101.0783,101.0783,104.2574,104.2582,104.4227,104.4458,100.6971,100.727,101.5585,101.47
2003-02-10,99.596,99.596,100.6906,100.6906,103.8576,103.8583,104.0657,104.0887,100.256,100.2857,101.2113,101.1232
2003-02-11,99.2993,99.2993,100.4057,100.4057,103.5637,103.5644,104.0463,104.0693,100.2292,100.259,101.1924,101.1043
2003-02-12,99.5742,99.5742,100.6882,100.6882,103.8551,103.8558,104.0779,104.1009,100.2523,100.2821,101.2232,101.135
2003-02-13,99.777,99.777,100.8992,100.8992,104.0728,104.0735,104.2354,104.2585,100.3983,100.4282,101.3764,101.2881
2003-02-14,99.7059,99.7059,100.8383,100.8383,104.0099,104.0106,104.0969,104.1199,100.2553,100.2851,101.2416,101.1534
2003-02-17,99.3749,99.3749,100.5386,100.5386,103.7008,103.7015,104.0165,104.0395,100.1536,100.1833,101.1634,101.0753
2003-02-18,99.3049,99.3049,100.4787,100.4787,103.639,103.6397,103.8271,103.8501,99.961,99.9907,100.9793,100.8913
2003-02-19,99.7376,99.7376,100.918,100.918,104.0921,104.0928,104.1647,104.1878,100.2827,100.3125,101.3076,101.2193
2003-02-20,99.598,99.598,100.7891,100.7891,103.9592,103.9599,103.6105,103.6334,99.734,99.7636,100.7685,100.6808
2003-02-21,99.8547,99.8547,101.0536,101.0536,104.232,104.2327,104.1706,104.1937,100.273,100.3028,101.3133,101.2251
2003-02-24,99.7511,99.7511,100.849,100.849,104.1558,104.1566,104.1264,104.1495,100.2065,100.2363,101.2703,101.1821
2003-02-25,99.6532,99.6532,100.7614,100.7614,104.0654,104.0661,104.0828,104.1059,100.1562,100.186,101.2279,101.1398
2003-02-26,99.2621,99.2621,100.1645,100.1645,103.6749,103.6606,104.2157,104.2388,100.2782,100.308,101.3572,101.2689
2003-02-27,99.6841,99.6841,100.5932,100.5932,104.117,104.1041,103.4433,103.4662,99.5165,99.546,100.606,100.5184
2003-02-28,99.6135,99.6135,100.5326,100.5326,104.0546,104.0415,104.3664,104.3895,100.4088,100.4386,101.5037,101.4153
2003-03-03,99.8177,99.8177,100.7638,100.7638,104.2938,104.2807,104.4817,104.5048,100.498,100.5278,101.6158,101.5273
2003-03-04,99.8132,99.8132,100.7688,100.7688,104.299,104.2859,104.3672,104.3903,100.3786,100.4084,101.5045,101.4161
2003-03-05,99.8338,99.8338,100.7987,100.7987,104.33,104.3169,104.6445,104.6677,100.6413,100.6712,101.7742,101.6856
2003-03-06,99.8714,99.8714,100.8455,100.8455,104.3785,104.3653,104.467,104.4902,100.4605,100.4904,101.6016,101.5131
2003-03-07,99.9627,99.9627,100.9457,100.9457,104.4821,104.469,104.4781,104.5012,100.4636,100.4935,101.6124,101.5239
2003-03-10,99.8934,99.8934,100.9055,100.9055,104.4405,104.4273,104.6621,104.6853,100.6199,100.6498,101.7914,101.7027
2003-03-11,99.5904,99.5904,100.6143,100.6143,104.1392,104.126,104.8608,104.884,100.8058,100.8358,101.9846,101.8957
2003-03-12,100.0825,100.0825,101.1121,101.1121,104.6544,104.6412,104.7262,104.7494,100.6669,100.6968,101.8537,101.765
2003-03-13,99.988,99.988,101.0278,101.0278,104.5671,104.5539,104.5891,104.6122,100.5255,100.5553,101.7203,101.6317
2003-03-14,99.8598,99.8598,100.9101,100.9101,104.4453,104.4321,104.6553,104.6784,100.5823,100.6122,101.7847,101.696
2003-03-17,100.0345,100.0345,101.112,101.112,104.6543,104.641,104.9066,104.9298,100.8042,100.8341,102.0291,101.9403
2003-03-18,99.9574,99.9574,101.045,101.045,104.585,104.5718,104.6579,104.6811,100.554,100.5839,101.7873,101.6986
2003-03-19,100.1823,100.1823,101.2776,101.2776,104.8257,104.8125,104.4345,104.4576,100.3284,100.3582,101.5699,101.4815
2003-03-20,99.9161,99.9161,101.023,101.023,104.5622,104.549,104.8558,104.8791,100.7315,100.7614,101.9092,101.8205
2003-03-21,99.9736,99.9736,101.0896,101.0896,104.6311,104.6179,104.733,104.7562,100.604,100.6339,101.7898,101.7012
2003-03-24,100.05,100.05,101.1939,101.1939,104.7391,104.7259,104.7733,104.7964,100.6201,100.65,101.8289,101.7402
2003-03-25,100.2489,100.2489,101.4007,101.4007,104.9531,104.9399,104.6007,104.6237,100.4441,100.474,101.6611,101.5726
2003-03-26,99.7752,99.7752,100.9403,100.9403,104.4766,104.4634,105.0957,105.1191,100.919,100.949,102.1425,102.0535
2003-03-27,99.3587,99.3587,100.5366,100.5366,104.0587,104.0456,104.7382,104.7613,100.5627,100.5926,101.7948,101.7062
2003-03-28,99.9878,99.9878,101.1703,101.1703,104.7146,104.7014,105.0138,105.0372,100.8237,100.8537,102.0629,101.974
2003-03-31,100.0831,100.0831,101.2934,101.2934,104.842,104.8288,104.8452,104.8685,100.6362,100.6661,101.8989,101.8102
2003-04-01,100.1326,100.1326,101.3519,101.3519,104.9026,104.8894,104.669,104.6922,100.4556,100.4854,101.7277,101.6391
2003-04-02,100.3954,100.3954,101.6221,101.6221,105.1823,105.169,104.3236,104.3467,100.1099,100.1396,101.392,101.3037
2003-04-03,99.9971,99.9971,101.2365,101.2365,104.7832,104.77,104.7884,104.8116,100.555,100.5849,101.8437,101.755
2003-04-04,99.8554,99.8554,101.1055,101.1055,104.6476,104.6344,105.0308,105.0541,100.7831,100.813,102.0793,101.9904
2003-04-07,100.0465,100.0465,101.3236,101.3236,104.8733,104.86,104.8147,104.8377,100.5464,100.5763,101.869,101.7803
2003-04-08,100.3327,100.3327,101.617,101.617,105.177,105.1637,104.9587,104.9819,100.6785,100.7084,102.0091,101.9203
2003-04-09,99.999,99.999,101.2955,101.2955,104.8442,104.831,105.217,105.2405,100.9221,100.9521,102.2604,102.1713
2003-04-10,100.1883,100.1883,101.2842,101.2842,105.0484,105.037,104.8699,104.893,100.5749,100.6047,101.9228,101.834
2003-04-11,99.6084,99.6084,100.7184,100.7184,104.4628,104.4502,104.9477,104.9709,100.6423,100.6722,101.9984,101.9096
2003-04-14,99.9314,99.9314,101.0674,101.0674,104.824,104.8122,104.8151,104.8381,100.4873,100.5171,101.8694,101.7807
2003-04-15,100.2139,100.2139,101.3572,101.3572,105.124,105.1127,104.8858,104.9089,100.5478,100.5777,101.9382,101.8494
2003-04-16,100.1398,100.1398,101.2932,101.2932,105.0577,105.0463,104.9851,105.0083,100.6362,100.6661,102.0348,101.9459
2003-04-17,99.9016,99.9016,101.0664,101.0664,104.823,104.8111,104.9062,104.9293,100.5507,100.5806,101.9581,101.8693
2003-04-18,99.9443,99.9443,101.1181,101.1181,104.8766,104.8648,105.061,105.0842,100.6932,100.7231,102.1086,102.0197
2003-04-21,100.002,100.002,101.2038,101.2038,104.9652,104.9536,105.1296,105.153,100.7349,100.7649,102.1754,102.0864
2003-04-22,99.9983,99.9983,101.2096,101.2096,104.9712,104.9596,105.1739,105.1974,100.7697,100.7996,102.2185,102.1295
2003-04-23,99.9293,99.9293,101.1505,101.1505,104.91,104.8983,105.4626,105.4867,101.0431,101.0732,102.4997,102.4104
2003-04-24,99.9461,99.9461,101.1766,101.1766,104.937,104.9253,105.1719,105.1954,100.7509,100.7809,102.154,102.065
2003-04-25,100.0506,100.0506,101.2897,101.2897,105.0542,105.0427,105.0961,105.1194,100.6685,100.6984,102.0802,101.9912
2003-04-28,99.8606,99.8606,101.1292,101.1292,104.888,104.8762,104.8276,104.8501,100.3809,100.4108,101.8186,101.7299
2003-04-29,100.0319,100.0319,101.3088,101.3088,105.0739,105.0625,105.1898,105.2141,100.7263,100.7562,102.0485,101.9596
2003-04-30,100.0881,100.0881,101.3741,101.3741,105.1416,105.1302,105.6943,105.7206,101.2105,101.2406,102.5398,102.4505
2003-05-12,99.8717,99.8717,101.2868,101.2868,105.051,105.0397,105.6688,105.6954,101.0722,101.1022,102.4623,102.373
2003-05-13,100.1375,100.1375,101.5605,101.5605,105.3349,105.3235,105.2237,105.25,100.631,100.6609,102.0305,101.9416
2003-05-14,100.0239,100.0239,101.3963,101.3963,105.2273,105.2156,105.3153,105.3417,100.7117,100.7416,102.1193,102.0304
2003-05-15,100.1673,100.1673,101.5482,101.5482,105.3849,105.3732,105.3943,105.4207,100.78,100.81,102.1959,102.1069
2003-05-16,99.7049,99.7049,101.0974,101.0974,104.9173,104.9054,105.9474,105.9742,101.3095,101.3396,102.7325,102.643
2003-05-19,100.2308,100.2308,101.6484,101.6484,105.4888,105.4771,105.4,105.4264,100.752,100.7819,102.2014,102.1124
2003-05-20,100.0979,100.0979,101.5254,101.5254,105.3613,105.3496,105.6615,105.688,100.9978,101.0278,102.4551,102.3659
2003-05-21,100.1813,100.1813,101.6177,101.6177,105.457,105.4453,105.4574,105.4838,100.791,100.8209,102.2571,102.168
2003-05-22,100.125,100.125,101.5709,101.5709,105.4085,105.3968,105.3543,105.3806,100.6823,100.7122,102.1571,102.0681
2003-05-23,100.0386,100.0386,101.4942,101.4942,105.3289,105.3172,105.5209,105.5473,100.8359,100.8659,102.3187,102.2296
2003-05-26,100.2412,100.2412,101.7236,101.7236,105.5668,105.5552,105.4523,105.4787,100.7442,100.7741,102.2522,102.1631
2003-05-27,100.1574,100.1574,101.6495,101.6495,105.4899,105.4783,105.4988,105.5253,100.7808,100.8108,102.2973,102.2082
2003-05-28,100.1767,100.1767,101.6779,101.6779,105.5194,105.5078,105.5496,105.5761,100.8216,100.8516,102.3466,102.2575
2003-05-29,100.1128,100.1128,101.6236,101.6236,105.4631,105.4514,105.4803,105.5067,100.7456,100.7756,102.2793,102.1902
2003-05-30,100.1077,100.1077,101.6278,101.6278,105.4675,105.4558,105.6524,105.679,100.9044,100.9344,102.4463,102.3571
2003-06-02,99.8248,99.8248,101.3741,101.3741,105.2042,105.1926,105.2219,105.2484,100.4608,100.4906,102.0289,101.94
2003-06-03,100.126,100.126,101.6831,101.6831,105.5248,105.5131,105.5303,105.5569,100.7518,100.7817,102.3279,102.2388
2003-06-04,100.0727,100.0727,101.6393,101.6393,105.4794,105.4677,105.2205,105.2471,100.4424,100.4723,102.0276,101.9387
2003-06-05,100.0789,100.0789,101.6547,101.6547,105.4954,105.4837,105.3802,105.4068,100.589,100.6189,102.1824,102.0934
2003-06-06,100.0339,100.0339,101.6192,101.6192,105.4585,105.4469,105.6492,105.6817,100.8417,100.8716,102.3143,102.2252
2003-06-09,100.1417,100.1417,101.7543,101.7543,105.5987,105.587,105.504,105.5363,100.6751,100.705,102.1736,102.0846
2003-06-10,99.9984,99.9984,101.621,101.621,105.4603,105.4487,105.47,105.5023,100.6336,100.6635,102.1406,102.0516
2003-06-11,100.0426,100.0426,101.6741,101.6741,105.5155,105.5038,105.5722,105.6046,100.7243,100.7542,102.2397,102.1506
2003-06-12,99.9289,99.9289,101.5703,101.5703,105.4078,105.3961,105.5012,105.5335,100.6469,100.6768,102.1709,102.0819
2003-06-13,99.8587,99.8587,101.5097,101.5097,105.3449,105.3333,105.7082,105.7408,100.8394,100.8693,102.3716,102.2824
2003-06-16,100.0185,100.0185,101.5913,101.5913,105.5358,105.5259,105.5228,105.5551,100.6338,100.6637,102.1917,102.1027
2003-06-17,99.8753,99.8753,101.4561,101.4561,105.3954,105.3854,105.3965,105.4287,100.5028,100.5326,102.0332,101.9443
2003-06-18,99.9821,99.9821,101.4968,101.4968,105.5146,105.5047,105.4585,105.4907,100.5544,100.5843,102.0933,102.0043
2003-06-19,99.8106,99.8106,101.3333,101.3333,105.3449,105.3347,105.4773,105.5096,100.5642,100.594,102.1115,102.0225
2003-06-20,99.9017,99.9017,101.4325,101.4325,105.4478,105.4378,105.5261,105.5585,100.6031,100.633,102.1588,102.0698
2003-06-23,99.9043,99.9043,101.459,101.459,105.4754,105.4654,105.3398,105.3718,100.3965,100.4264,101.8846,101.7958
2003-06-24,99.8109,99.8109,101.3735,101.3735,105.3867,105.3766,105.52,105.5525,100.563,100.5929,102.0593,101.9704
2003-06-25,98.9652,98.9652,100.535,100.535,104.5164,104.5049,105.3867,105.4188,100.425,100.4549,101.93,101.8413
2003-06-26,99.6428,99.6428,101.2213,101.2213,105.2287,105.2183,105.5775,105.61,100.6019,100.6318,102.0746,101.9857
2003-06-27,99.6708,99.6708,101.2574,101.2574,105.2662,105.2559,105.5619,105.5944,100.5783,100.6082,102.0595,101.9706
2003-06-30,99.8778,99.8778,101.4888,101.4888,105.5064,105.4964,105.1994,105.2307,100.2006,100.2304,101.708,101.6194
2003-07-01,99.7636,99.7636,101.3826,101.3826,105.3959,105.386,105.2595,105.2907,100.2503,100.2801,101.766,101.6774
2003-07-02,99.1996,99.1996,100.826,100.826,104.8173,104.8074,104.8669,104.8981,99.8615,99.8912,101.3865,101.2982
2003-07-03,99.7306,99.7306,101.3657,101.3657,105.3783,105.3684,105.3573,105.3886,100.3281,100.3579,101.8606,101.7719
2003-07-04,99.7375,99.7375,101.3806,101.3806,105.3939,105.3839,105.7501,105.7815,100.7001,100.73,102.2403,102.1513
2003-07-07,99.8435,99.8435,101.511,101.511,105.5294,105.5195,105.5969,105.6283,100.5263,100.5562,102.0923,102.0034
2003-07-08,99.7618,99.7618,101.4372,101.4372,105.4527,105.4428,105.3633,105.3946,100.2915,100.3213,101.8664,101.7777
2003-07-09,99.7298,99.7298,101.4133,101.4133,105.4278,105.4179,105.2896,105.3208,100.2116,100.2413,101.7951,101.7065
2003-07-10,99.8569,99.8569,101.5486,101.5486,105.5685,105.5585,105.4774,105.5087,100.3851,100.4149,101.9767,101.8879
2003-07-11,99.7919,99.7919,101.4915,101.4915,105.5092,105.4992,105.8194,105.8508,100.7079,100.7378,102.3074,102.2183
2003-07-14,99.7097,99.7097,101.2754,101.2754,105.4488,105.4387,105.5451,105.5765,100.4167,100.4466,102.0422,101.9533
2003-07-15,99.8215,99.8215,101.3952,101.3952,105.5735,105.5635,105.5194,105.5507,100.3833,100.4131,102.0173,101.9285
2003-07-16,99.858,99.858,101.4398,101.4398,105.6199,105.6099,104.9907,105.0218,99.8627,99.8924,101.5061,101.4177
2003-07-17,99.6981,99.6981,101.2878,101.2878,105.4617,105.4517,105.4905,105.5218,100.3384,100.3682,101.9894,101.9006
2003-07-18,99.7582,99.7582,101.356,101.356,105.5327,105.5227,105.7275,105.7589,100.5595,100.5894,102.2185,102.1295
2003-07-21,99.7184,99.7184,101.3403,101.3403,105.5163,105.5063,105.5772,105.6091,100.3885,100.4184,101.999,101.9102
2003-07-22,99.8255,99.8255,101.4554,101.4554,105.6362,105.6261,105.5808,105.6126,100.3835,100.4133,102.0024,101.9136
2003-07-23,99.8426,99.8426,101.4805,101.4805,105.6623,105.6523,105.6456,105.6775,100.4378,100.4677,102.0651,101.9762
2003-07-24,99.7182,99.7182,101.364,101.364,105.541,105.531,105.6596,105.6915,100.4429,100.4728,102.0412,101.9523
2003-07-25,99.7798,99.7798,101.4337,101.4337,105.6136,105.6035,105.8859,105.9181,100.6536,100.6835,102.26,102.1709
2003-07-28,99.9099,99.9099,101.5879,101.5879,105.7741,105.7641,105.55,105.5816,100.3026,100.3324,101.9351,101.8464
2003-07-29,99.7709,99.7709,101.4568,101.4568,105.6376,105.6276,105.7245,105.7565,100.4633,100.4931,102.1039,102.015
2003-07-30,99.6758,99.6758,101.3696,101.3696,105.5469,105.5369,105.6171,105.6488,100.3507,100.3805,102.0,101.9112
2003-07-31,99.7134,99.7134,101.4152,101.4152,105.5944,105.5843,105.728,105.7599,100.4497,100.4795,102.1073,102.0183
2003-08-01,99.7859,99.7859,101.4958,101.4958,105.6782,105.6682,105.64,105.6719,100.356,100.3858,102.0223,101.9334
2003-08-04,99.971,99.971,101.705,101.705,105.8961,105.886,105.8004,105.8323,100.4858,100.5156,102.1772,102.0882
2003-08-05,99.8352,99.8352,101.5769,101.5769,105.7627,105.7527,105.8537,105.8857,100.5289,100.5588,102.2287,102.1397
2003-08-06,99.8648,99.8648,101.6146,101.6146,105.8019,105.7919,105.6345,105.6664,100.3082,100.338,102.017,101.9281
2003-08-07,99.7486,99.7486,101.506,101.506,105.6888,105.6788,105.6296,105.6615,100.295,100.3248,102.0122,101.9234
2003-08-08,99.7785,99.7785,101.5439,101.5439,105.7283,105.7182,105.6294,105.6613,100.2864,100.3161,102.0121,101.9232
2003-08-11,99.682,99.682,101.4709,101.4709,105.6524,105.6423,105.6528,105.6847,100.2835,100.3133,102.0346,101.9458
2003-08-12,99.9594,99.9594,101.757,101.757,105.9502,105.9401,105.9341,105.9661,100.5472,100.5771,102.3063,102.2172
2003-08-13,99.8008,99.8008,101.6059,101.6059,105.7929,105.7829,105.6484,105.6803,100.2623,100.292,102.0304,101.9416
2003-08-14,99.8193,99.8193,101.6323,101.6323,105.8204,105.8104,105.7474,105.7793,100.3496,100.3794,102.126,102.0371
2003-08-15,100.0408,100.0408,101.8623,101.8623,106.0598,106.0498,106.076,106.1081,100.6592,100.6891,102.4434,102.3542
2003-08-18,100.2999,100.2999,102.052,102.052,106.3551,106.3449,106.081,106.113,100.6385,100.6684,102.379,102.2898
2003-08-19,99.6709,99.6709,101.4293,101.4293,105.7068,105.6961,105.8399,105.8717,100.3967,100.4265,102.1461,102.0572
2003-08-20,100.0161,100.0161,101.5773,101.5773,106.0752,106.0647,105.8908,105.9226,100.4374,100.4672,102.1953,102.1062
2003-08-21,99.5409,99.5409,101.109,101.109,105.5876,105.5757,105.4144,105.4458,99.9678,99.9975,101.7352,101.6466
2003-08-22,99.4822,99.4822,101.0581,101.0581,105.5346,105.5225,105.6691,105.7008,100.2059,100.2357,101.9812,101.8924
2003-08-25,99.7705,99.7705,101.3709,101.3709,105.8603,105.8491,105.6322,105.6635,100.1446,100.1744,101.869,101.7803
2003-08-26,100.5432,100.5432,102.1534,102.1534,106.6752,106.6663,106.0943,106.1265,100.5834,100.6133,102.3153,102.2262
2003-08-27,99.4944,99.4944,101.11,101.11,105.5887,105.5767,105.2453,105.2742,99.7532,99.7829,101.4262,101.3379
2003-08-28,99.3851,99.3851,101.0083,101.0083,105.4828,105.4705,105.5687,105.5983,100.0577,100.0874,101.7385,101.6499
2003-08-29,99.5955,99.5955,101.2271,101.2271,105.7107,105.699,105.7668,105.7969,100.2409,100.2707,101.9298,101.841
2003-09-01,99.5072,99.5072,101.1625,101.1625,105.6432,105.6315,105.869,105.8992,100.3141,100.3439,102.0283,101.9395
2003-09-02,99.6421,99.6421,101.3057,101.3057,105.7927,105.781,105.6193,105.6494,100.0647,100.0944,101.7877,101.6991
2003-09-03,99.4622,99.4622,101.1333,101.1333,105.6127,105.601,105.4501,105.478,99.8929,99.9226,101.4195,101.3311
2003-09-04,100.5117,100.5117,102.1937,102.1937,106.7201,106.7083,105.8283,105.8566,100.2494,100.2792,101.2064,101.1183
2003-09-05,99.4249,99.4249,100.8484,100.8484,105.5901,105.578,105.7358,105.7634,100.1517,100.1815,101.1173,101.0292
2003-09-08,99.389,99.389,100.8386,100.8386,105.5798,105.5676,105.4781,105.5032,99.8789,99.9085,100.8686,100.7807
2003-09-09,99.5022,99.5022,100.9609,100.9609,105.7077,105.6958,105.1204,105.1424,99.525,99.5546,100.5236,100.436
2003-09-10,99.2566,99.2566,100.7229,100.7229,105.459,105.4466,105.301,105.3245,99.6918,99.7215,100.6977,100.61
2003-09-11,99.252,99.252,100.727,100.727,105.4633,105.4509,105.4319,105.4566,99.8107,99.8403,100.824,100.7362
2003-09-12,99.1415,99.1415,100.6248,100.6248,105.3565,105.3439,105.2408,105.2637,99.6178,99.6474,100.6396,100.5519
2003-09-15,99.8653,99.8653,101.3779,101.3779,106.1432,106.1322,105.8426,105.8712,100.1768,100.2065,101.2204,101.1322
2003-09-16,99.3451,99.3451,100.8641,100.8641,105.6065,105.5944,105.1247,105.1466,99.4739,99.5034,100.5276,100.44
2003-09-17,99.0849,99.0849,100.6115,100.6115,105.3426,105.3299,105.0807,105.102,99.4233,99.4528,100.485,100.3975
2003-09-18,98.968,98.968,100.5027,100.5027,105.229,105.2161,104.9297,104.9496,99.3487,99.3783,100.3393,100.2519
2003-09-19,99.0422,99.0422,100.586,100.586,105.316,105.3032,105.0583,105.0794,99.4656,99.4952,100.4634,100.3759
2003-09-22,99.2266,99.2266,100.7973,100.7973,105.5368,105.5245,105.3108,105.3342,99.6872,99.7168,100.707,100.6193
2003-09-23,98.8867,98.8867,100.4646,100.4646,105.1892,105.1761,104.3639,104.3777,98.7633,98.7926,99.6792,99.5924
2003-09-24,97.3839,97.3839,98.9638,98.9638,103.6214,103.605,104.6204,104.6368,99.0038,99.0332,99.9267,99.8396
2003-09-25,98.2833,98.2833,99.876,99.876,104.5743,104.5599,104.7717,104.7895,99.1425,99.1719,100.0725,99.9854
2003-09-26,98.4764,98.4764,100.0786,100.0786,104.786,104.7721,104.9817,105.0016,99.3379,99.3675,100.275,100.1877
2003-09-29,97.4869,97.4869,99.1125,99.1125,103.7769,103.7606,104.9932,105.0122,99.3214,99.3509,100.2852,100.1978
2003-09-30,98.5732,98.5732,100.2124,100.2124,104.9259,104.9121,104.4874,104.5013,98.8248,98.8541,99.7973,99.7104
2003-10-08,98.4651,98.4651,100.1735,100.1735,104.8852,104.8714,104.2493,104.2632,98.5364,98.5657,99.5699,99.4832
2003-10-09,98.9648,98.9648,100.6842,100.6842,105.4199,105.406,104.3078,104.3217,98.5849,98.6142,99.6258,99.5391
2003-10-10,98.4988,98.4988,100.2248,100.2248,104.9388,104.9251,104.3406,104.3546,98.6088,98.6381,99.6572,99.5704
2003-10-13,97.8298,97.8298,99.5789,99.5789,104.2626,104.2489,103.1813,103.195,97.476,97.505,98.5498,98.464
2003-10-14,98.0924,98.0924,99.8514,99.8514,104.5479,104.5342,103.6973,103.7111,97.9626,97.9917,99.0427,98.9564
2003-10-15,98.5818,98.5818,100.3516,100.3516,105.0717,105.0579,103.8528,103.8666,98.1039,98.1331,99.1912,99.1048
2003-10-16,98.3256,98.3256,100.103,100.103,104.8114,104.7976,103.8062,103.8201,98.0518,98.0809,99.1467,99.0604
2003-10-17,97.9998,97.9998,99.7844,99.7844,104.4778,104.4641,103.3627,103.3765,97.6195,97.6485,98.7232,98.6372
2003-10-20,97.7652,97.7652,99.5749,99.5749,104.2584,104.2447,102.8621,102.8748,97.1174,97.1463,98.1916,98.1061
2003-10-21,98.4489,98.4489,100.2704,100.2704,104.9867,104.9729,103.8575,103.8708,98.0632,98.0923,99.1424,99.056
2003-10-22,98.6119,98.6119,100.4429,100.4429,105.1672,105.1534,103.9252,103.9385,98.1205,98.1496,99.207,99.1206
2003-10-23,98.044,98.044,99.8811,99.8811,104.579,104.5653,103.6773,103.6905,97.8756,97.9047,98.9702,98.884
2003-10-24,97.9983,97.9983,99.7024,99.7024,104.5401,104.5265,103.6516,103.6648,97.8435,97.8725,98.9457,98.8595
2003-10-27,98.0424,98.0424,99.7143,99.7143,104.6138,104.6016,103.999,104.0124,98.1534,98.1826,99.1944,99.108
2003-10-28,97.7638,97.7638,99.4431,99.4431,104.3299,104.3171,103.496,103.5087,97.6644,97.6934,98.714,98.628
2003-10-29,97.7709,97.7709,99.459,99.459,104.3465,104.3338,103.5461,103.5588,97.7048,97.7338,98.7618,98.6758
2003-10-30,97.9937,97.9937,99.6915,99.6915,104.59,104.5777,104.1176,104.1312,98.2443,98.2735,99.3077,99.2212
2003-10-31,97.8111,97.8111,99.5168,99.5168,104.407,104.3944,103.2865,103.2988,97.4412,97.4702,98.5138,98.428
2003-11-03,97.9584,97.9584,99.6908,99.6908,104.5897,104.577,103.5739,103.5863,97.6935,97.7225,98.788,98.7019
2003-11-04,98.0259,98.0259,99.7673,99.7673,104.6699,104.6573,103.3886,103.401,97.509,97.538,98.6113,98.5254
2003-11-05,98.512,98.512,100.2643,100.2643,105.1914,105.1787,103.4377,103.45,97.5484,97.5773,98.658,98.5721
2003-11-06,98.3194,98.3194,100.0796,100.0796,104.9975,104.9848,103.814,103.8266,97.9005,97.9296,98.9901,98.9039
2003-11-07,98.1785,98.1785,99.9467,99.9467,104.8581,104.8454,104.0986,104.1113,98.1649,98.1941,99.2615,99.1751
2003-11-10,98.1907,98.1907,99.9124,99.9124,104.8985,104.8856,104.2159,104.2287,98.2547,98.2839,99.3734,99.2869
2003-11-11,97.9497,97.9497,99.679,99.679,104.6536,104.6406,102.9357,102.9479,97.0239,97.0527,98.1524,98.0669
2003-11-12,98.2243,98.2243,99.9635,99.9635,104.9521,104.9393,103.8691,103.8817,97.9084,97.9374,99.0426,98.9564
2003-11-13,98.1853,98.1853,99.9331,99.9331,104.9202,104.9073,103.5289,103.5414,97.5759,97.6049,98.7182,98.6322
2003-11-14,98.1145,98.1145,99.8194,99.8194,104.8548,104.8423,103.7932,103.8058,97.821,97.85,98.9703,98.8841
2003-11-17,98.1007,98.1007,99.8318,99.8318,104.8678,104.8553,104.374,104.3868,98.3535,98.3827,99.5242,99.4375
2003-11-18,98.0181,98.0181,99.7576,99.7576,104.79,104.7774,103.6112,103.6237,97.6172,97.6462,98.7967,98.7106
2003-11-19,97.9829,97.9829,99.731,99.731,104.7621,104.7495,103.9165,103.9291,97.9015,97.9306,99.0878,99.0015
2003-11-20,98.0344,98.0344,99.7915,99.7915,104.8256,104.813,103.2641,103.2764,97.2706,97.2995,98.4655,98.3798
2003-11-21,98.0213,98.0213,99.7871,99.7871,104.821,104.8084,103.1203,103.1326,97.1258,97.1546,98.3284,98.2428
2003-11-24,98.5355,98.5355,100.3298,100.3298,105.3903,105.3784,103.9885,104.0015,97.933,97.9621,99.1114,99.0251
2003-11-25,98.162,98.162,99.9635,99.9635,105.006,104.9936,103.3621,103.3756,97.327,97.3559,98.4597,98.3739
2003-11-26,98.0868,98.0868,99.8968,99.8968,104.936,104.9235,103.5288,103.5425,97.4788,97.5078,98.6187,98.5328
2003-11-27,97.6575,97.6575,99.3706,99.3706,104.4929,104.4803,103.5749,103.5887,97.5154,97.5444,98.6627,98.5768
2003-11-28,97.7966,97.7966,99.5191,99.5191,104.6488,104.6364,103.588,103.6018,97.5205,97.5495,98.6752,98.5892
2003-12-01,97.6563,97.6563,99.4047,99.4047,104.5285,104.5162,103.664,103.6778,97.5708,97.5998,98.7476,98.6616
2003-12-02,98.2404,98.2404,100.0,100.0,105.1544,105.142,103.7549,103.7687,97.6502,97.6792,98.8341,98.7481
2003-12-03,97.7833,97.7833,99.5499,99.5499,104.6811,104.6688,103.5532,103.567,97.4502,97.4792,98.642,98.5561
2003-12-04,97.9401,97.9401,99.7162,99.7162,104.8559,104.8436,103.855,103.8689,97.7307,97.7597,98.9295,98.8434
2003-12-05,97.8206,97.8206,99.6049,99.6049,104.739,104.7267,103.9099,103.9238,97.7756,97.8046,98.9818,98.8956
2003-12-08,98.0236,98.0236,99.8353,99.8353,104.9812,104.9688,104.3138,104.326,98.1384,98.1676,99.1309,99.0445
2003-12-09,98.2524,98.2524,100.0738,100.0738,105.232,105.2197,103.922,103.9332,97.7572,97.7862,98.7577,98.6716
2003-12-10,97.6812,97.6812,99.4482,99.4482,104.6383,104.6262,102.574,102.5818,96.4636,96.4922,97.3958,97.311
2003-12-11,97.6846,97.6846,99.4604,99.4604,104.6511,104.639,102.582,102.5898,96.4637,96.4924,97.4034,97.3186
2003-12-12,98.5556,98.5556,100.3437,100.3437,105.5799,105.5683,104.0986,104.1113,97.9031,97.9322,98.848,98.7619
2003-12-15,97.8638,97.8638,99.6014,99.6014,104.8767,104.865,104.3841,104.3979,98.1532,98.1823,99.1201,99.0337
2003-12-16,98.4038,98.4038,100.1529,100.1529,105.4566,105.4457,104.3045,104.3179,98.0697,98.0988,99.0442,98.9579
2003-12-17,98.2635,98.2635,100.0207,100.0207,105.3176,105.3065,104.3944,104.4082,98.148,98.1772,99.1299,99.0435
2003-12-18,98.156,98.156,99.9215,99.9215,105.2133,105.2021,104.4939,104.5083,98.1526,98.1818,99.1419,99.0556
2003-12-19,98.43,98.43,100.2058,100.2058,105.5123,105.5014,104.352,104.3658,98.0094,98.0386,99.0067,98.9205
2003-12-22,98.1473,98.1473,99.7773,99.7773,105.2411,105.2298,104.465,104.4793,98.0943,98.1234,99.1144,99.0281
2003-12-23,98.3703,98.3703,100.0102,100.0102,105.4862,105.4755,104.3839,104.3978,98.0091,98.0382,99.0371,98.9508
2003-12-24,98.5485,98.5485,100.1982,100.1982,105.684,105.6738,104.7352,104.7507,98.3369,98.3661,99.3719,99.2853
2003-12-25,98.0971,98.0971,99.7532,99.7532,105.2158,105.2044,104.4703,104.4843,98.0762,98.1054,98.8984,98.8122
2003-12-26,98.2091,98.2091,99.8747,99.8747,105.3436,105.3326,104.8317,104.848,98.4135,98.4428,99.2426,99.1562
2003-12-29,98.2132,98.2132,99.9059,99.9059,105.3765,105.3655,105.025,105.0427,98.5759,98.6052,99.4268,99.3403
2003-12-30,98.5468,98.5468,100.2505,100.2505,105.7391,105.729,104.9332,104.9502,98.4808,98.51,99.3393,99.2528
2003-12-31,98.4545,98.4545,100.1668,100.1668,105.6511,105.6407,104.2103,104.2224,97.7825,97.8116,98.6504,98.5645
2004-01-02,98.5316,98.5316,100.2624,100.2624,105.7519,105.7415,104.6949,104.707,98.2276,98.2567,99.1091,99.0228
2004-01-05,97.9158,97.9158,99.6702,99.6702,105.1272,105.1169,103.9747,103.9867,97.5216,97.5506,98.4274,98.3417
2004-01-06,97.5784,97.5784,99.3398,99.3398,104.7787,104.7684,104.1782,104.1903,97.7073,97.7363,98.62,98.5341
2004-01-07,98.0694,98.0694,99.8428,99.8428,105.3093,105.2989,103.9493,103.9613,97.4826,97.5116,98.4033,98.3176
2004-01-08,98.1731,98.1731,99.9562,99.9562,105.4289,105.4185,104.0174,104.0295,97.5398,97.5688,98.4678,98.3821
2004-01-09,97.7212,97.7212,99.5107,99.5107,104.959,104.9487,103.426,103.438,96.971,96.9998,97.908,97.8227
2004-01-12,98.104,98.104,99.9229,99.9229,105.3938,105.3834,103.1523,103.1643,96.6888,96.7176,97.6489,97.5638
2004-01-13,97.8838,97.8838,99.7104,99.7104,105.1697,105.1593,103.1655,103.1774,96.6939,96.7226,97.6613,97.5763
2004-01-14,98.3287,98.3287,100.1671,100.1671,105.6513,105.6409,104.8412,104.8533,98.2769,98.3061,99.2476,99.1612
2004-01-15,98.2052,98.2052,100.0519,100.0519,105.5298,105.5194,104.8574,104.8686,98.2849,98.3141,99.197,99.1106
2004-01-16,98.4483,98.4483,100.3054,100.3054,105.7973,105.7869,105.2026,105.214,98.6051,98.6344,99.5238,99.4371
2004-01-29,98.2292,98.2292,100.2041,100.2041,105.6903,105.6799,104.6328,104.6437,97.9682,97.9974,98.9843,98.8981
2004-01-30,98.1418,98.1418,100.1252,100.1252,105.6071,105.5968,104.6786,104.6895,98.0042,98.0334,99.0276,98.9414
2004-02-02,97.8412,97.8412,99.85,99.85,105.3169,105.3065,104.8187,104.8296,98.1148,98.144,99.1602,99.0738
2004-02-03,97.9612,97.9612,99.9798,99.9798,105.4538,105.4434,104.1417,104.1525,97.4651,97.4941,98.5197,98.4339
2004-02-04,97.9971,97.9971,100.0249,100.0249,105.5014,105.491,104.2777,104.2886,97.5867,97.6157,98.6484,98.5625
2004-02-05,97.9909,97.9909,100.0278,100.0278,105.5044,105.494,104.7567,104.7676,98.0336,98.0628,99.1015,99.0152
2004-02-06,97.9242,97.9242,99.9697,99.9697,105.4432,105.4328,104.5693,104.5802,97.8484,97.8775,98.9242,98.8381
2004-02-09,97.888,97.888,99.9605,99.9605,105.4334,105.423,104.9922,105.0032,98.2272,98.2564,99.3243,99.2378
2004-02-10,98.3594,98.3594,100.4437,100.4437,105.9431,105.9327,105.2918,105.3028,98.5039,98.5332,99.6077,99.521
2004-02-11,98.2601,98.2601,100.3529,100.3529,105.8473,105.8369,105.2187,105.2296,98.4271,98.4563,99.5385,99.4518
2004-02-12,98.0196,98.0196,100.12,100.12,105.6016,105.5913,105.2867,105.2977,98.4842,98.5134,99.6029,99.5161
2004-02-13,98.2331,98.2331,100.3438,100.3438,105.8378,105.8274,105.0612,105.0721,98.2628,98.292,99.3895,99.303
2004-02-16,97.8059,97.8059,99.9412,99.9412,105.4131,105.4027,104.9409,104.9518,98.1264,98.1555,99.2757,99.1893
2004-02-17,98.2767,98.2767,100.4239,100.4239,105.9223,105.9118,105.1333,105.1442,98.3014,98.3306,99.4577,99.3711
2004-02-18,97.9675,97.9675,100.122,100.122,105.6038,105.5934,104.117,104.1278,97.3299,97.3589,98.4963,98.4105
2004-02-19,98.1391,98.1391,100.3036,100.3036,105.7953,105.7849,104.5507,104.562,97.7339,97.7629,98.6319,98.546
2004-02-20,98.1025,98.1025,100.2759,100.2759,105.7661,105.7557,104.815,104.8271,97.9771,98.0062,98.8819,98.7958
2004-02-23,98.0452,98.0452,100.2454,100.2454,105.7339,105.7235,104.8295,104.8416,97.9685,97.9977,98.8956,98.8095
2004-02-24,98.153,98.153,100.2727,100.2727,105.8579,105.85,104.7632,104.7751,97.8982,97.9273,98.8329,98.7469
2004-02-25,98.055,98.055,100.1831,100.1831,105.7634,105.7554,104.7235,104.7353,97.8531,97.8821,98.7953,98.7093
2004-02-26,97.9423,97.9423,100.079,100.079,105.6536,105.6455,105.1309,105.1439,98.2321,98.2613,99.1808,99.0944
2004-02-27,98.1869,98.1869,100.334,100.334,105.9225,105.9147,104.8909,104.9031,97.9969,98.026,98.9537,98.8675
2004-03-01,98.0384,98.0384,100.203,100.203,105.7843,105.7764,104.9277,104.94,98.0169,98.046,98.9884,98.9022
2004-03-02,98.2013,98.2013,100.3759,100.3759,105.9668,105.9589,104.7105,104.7227,97.8039,97.833,98.7835,98.6974
2004-03-03,97.9631,97.9631,100.1455,100.1455,105.7236,105.7158,104.5304,104.5426,97.6261,97.6551,98.6136,98.5277
2004-03-04,98.0203,98.0203,100.2122,100.2122,105.794,105.7861,104.7583,104.7705,97.8342,97.8633,98.8286,98.7425
2004-03-05,97.9966,97.9966,100.1975,100.1975,105.7785,105.7706,104.5103,104.5225,97.5923,97.6212,98.5947,98.5088
2004-03-08,98.0194,98.0194,100.2478,100.2478,105.8316,105.8238,105.0189,105.0312,98.051,98.0801,99.0745,98.9882
2004-03-09,98.0982,98.0982,100.3362,100.3362,105.9249,105.9171,104.2716,104.2838,97.3367,97.3656,98.3695,98.2838
2004-03-10,97.7806,97.7806,100.026,100.026,105.5974,105.5896,104.5802,104.5924,97.621,97.65,98.6605,98.5746
2004-03-11,97.7709,97.7709,100.0253,100.0253,105.5967,105.5889,104.4335,104.4457,97.4749,97.5038,98.5222,98.4364
2004-03-12,98.04,98.04,100.305,100.305,105.892,105.8842,104.42,104.4322,97.4546,97.4836,98.5094,98.4236
2004-03-15,97.9992,97.9992,100.2914,100.2914,105.8777,105.8698,104.6472,104.6594,97.6472,97.6762,98.7238,98.6378
2004-03-16,98.5505,98.5505,100.8549,100.8549,106.4725,106.4646,104.9556,104.9679,97.9315,97.9606,99.0147,98.9285
2004-03-17,98.1747,98.1747,100.4861,100.4861,106.0832,106.0753,104.6507,104.6629,97.6356,97.6646,98.7271,98.6411
2004-03-18,97.7456,97.7456,100.0638,100.0638,105.6374,105.6296,104.5013,104.5135,97.4868,97.5158,98.5861,98.5003
2004-03-19,97.5057,97.5057,99.8318,99.8318,105.3924,105.3846,104.4948,104.507,97.4733,97.5022,98.58,98.4942
2004-03-22,97.6193,97.6193,99.9184,99.9184,105.5418,105.5342,104.839,104.8513,97.7764,97.8055,98.9047,98.8186
2004-03-23,97.7984,97.7984,100.1076,100.1076,105.7415,105.734,103.9983,104.0104,96.974,97.0028,98.1116,98.0262
2004-03-24,97.221,97.221,99.5364,99.5364,105.1385,105.1307,103.998,104.0102,96.9663,96.9951,98.1113,98.0259
2004-03-25,97.3314,97.3314,99.6564,99.6564,105.2652,105.2575,104.074,104.0861,97.0306,97.0595,98.183,98.0975
2004-03-26,97.6455,97.6455,99.9812,99.9812,105.6081,105.6006,104.409,104.4212,97.3399,97.3689,98.4991,98.4133
2004-03-29,97.5278,97.5278,99.8903,99.8903,105.5122,105.5046,104.3629,104.3751,97.2741,97.303,98.4556,98.3698
2004-03-30,97.8113,97.8113,100.1843,100.1843,105.8226,105.8151,103.9736,103.9858,96.8987,96.9275,98.0883,98.0029
2004-03-31,97.9183,97.9183,100.2007,100.2007,105.9457,105.9424,104.5855,104.5977,97.4697,97.4986,98.6656,98.5796
2004-04-01,97.6239,97.6239,99.914,99.914,105.6426,105.6393,104.1678,104.18,97.0674,97.0963,98.2715,98.1859
2004-04-02,97.6526,97.6526,99.952,99.952,105.6827,105.6794,104.3427,104.3549,97.2254,97.2543,98.4366,98.3508
2004-04-05,97.7131,97.7131,100.0401,100.0401,105.7759,105.7726,104.418,104.4295,97.2742,97.3031,98.4333,98.3476
2004-04-06,97.682,97.682,100.018,100.018,105.7525,105.7492,104.203,104.2143,97.0636,97.0924,98.2305,98.145
2004-04-07,97.3123,97.3123,99.6555,99.6555,105.3692,105.3659,104.196,104.2073,97.0495,97.0784,98.2239,98.1383
2004-04-08,97.3648,97.3648,99.7174,99.7174,105.4347,105.4314,103.9305,103.9416,96.7912,96.8199,97.9734,97.8881
2004-04-09,97.3785,97.3785,99.7403,99.7403,105.4589,105.4556,103.8934,103.9044,96.7487,96.7774,97.9384,97.8531
2004-04-12,96.7716,96.7716,99.1581,99.1581,104.8433,104.84,103.8199,103.8308,96.6569,96.6856,97.8691,97.7838
2004-04-13,97.4236,97.4236,99.823,99.823,105.5463,105.543,103.6769,103.6877,96.5143,96.543,97.7342,97.649
2004-04-14,96.9606,96.9606,99.3668,99.3668,105.064,105.0607,103.2273,103.2378,96.082,96.1105,97.3101,97.2253
2004-04-15,96.9395,96.9395,99.3549,99.3549,105.0514,105.0481,103.0501,103.0604,95.9071,95.9356,97.1429,97.0583
2004-04-16,95.961,95.961,98.3804,98.3804,104.021,104.0177,102.4552,102.465,95.3373,95.3656,96.5817,96.4975
2004-04-19,96.4568,96.4568,98.9069,98.9069,104.5777,104.5744,102.7242,102.7342,95.5693,95.5977,96.7323,96.6481
2004-04-20,96.9945,96.9945,99.4568,99.4568,105.1591,105.1558,103.1127,103.1235,95.9292,95.9577,97.0989,97.0144
2004-04-21,96.7957,96.7957,99.2663,99.2663,104.9577,104.9544,102.3846,102.394,95.2334,95.2617,96.412,96.328
2004-04-22,96.7819,96.7819,99.2616,99.2616,104.9528,104.9495,102.5791,102.5888,95.4099,95.4382,96.5955,96.5113
2004-04-23,96.6104,96.6104,99.0986,99.0986,104.7804,104.7771,102.7402,102.7502,95.5547,95.5831,96.7475,96.6632
2004-04-26,96.5782,96.5782,98.9023,98.9023,104.7758,104.7725,102.4223,102.4317,95.232,95.2603,96.4475,96.3635
2004-04-27,97.1201,97.1201,99.4565,99.4565,105.3617,105.3595,102.5429,102.5526,95.3386,95.3669,96.5614,96.4773
2004-04-28,97.1051,97.1051,99.4507,99.4507,105.3555,105.3533,102.9911,103.0016,95.7548,95.7832,96.9842,96.8997
2004-04-29,96.2915,96.2915,98.642,98.642,104.5005,104.4967,102.0569,102.0648,94.8645,94.8927,95.9946,95.911
2004-04-30,96.7891,96.7891,99.1517,99.1517,105.0394,105.0366,102.5679,102.5773,95.34,95.3683,96.4766,96.3926
2004-05-10,96.535,96.535,99.0028,99.0028,104.8817,104.8789,102.4563,102.4626,95.1504,95.1787,96.2405,96.1566
2004-05-11,96.5943,96.5943,99.0719,99.0719,104.9549,104.9521,102.3764,102.3827,95.0678,95.0961,96.1654,96.0816
2004-05-12,96.7359,96.7359,99.2237,99.2237,105.1157,105.1129,103.4789,103.4865,96.0998,96.1284,97.2021,97.1174
2004-05-13,96.441,96.441,98.9363,98.9363,104.8113,104.8085,102.3044,102.3106,94.9854,95.0136,96.0977,96.014
2004-05-14,96.8128,96.8128,99.2725,99.2725,105.2177,105.2151,103.2705,103.2778,95.8888,95.9173,97.0061,96.9216
2004-05-17,97.2209,97.2209,99.7122,99.7122,105.6837,105.681,103.4237,103.4312,96.0113,96.0399,97.1502,97.0656
2004-05-18,97.1361,97.1361,99.6364,99.6364,105.6033,105.6007,103.2189,103.2262,95.811,95.8394,96.9577,96.8732
2004-05-19,97.0632,97.0632,99.5725,99.5725,105.5357,105.533,103.7712,103.7791,96.3243,96.3529,97.477,97.3921
2004-05-20,96.7847,96.7847,99.3017,99.3017,105.2486,105.2459,103.1669,103.1741,95.7475,95.7759,96.9088,96.8244
2004-05-21,96.406,96.406,98.9299,98.9299,104.8546,104.8519,103.275,103.2824,95.8421,95.8705,97.0104,96.9259
2004-05-24,96.6404,96.6404,99.1946,99.1946,105.1352,105.1325,102.3028,102.3085,94.9038,94.932,96.0425,95.9589
2004-05-25,96.9562,96.9562,99.5222,99.5222,105.4824,105.4797,102.983,102.9899,95.5376,95.566,96.6822,96.598
2004-05-26,96.7925,96.7925,99.367,99.367,105.3178,105.3151,103.8416,103.85,96.3395,96.3681,97.4896,97.4047
2004-05-27,96.5183,96.5183,99.1005,99.1005,105.0353,105.0327,103.5622,103.5701,96.0689,96.0974,97.2269,97.1422
2004-05-28,96.8581,96.8581,99.4521,99.4521,105.4081,105.4054,103.8214,103.8298,96.3059,96.3345,97.4706,97.3857
2004-05-31,96.5864,96.5864,99.2073,99.2073,105.1486,105.146,103.0016,103.0083,95.5113,95.5397,96.6995,96.6153
2004-06-01,96.8983,96.8983,99.5309,99.5309,105.4916,105.4889,103.8364,103.8432,96.2894,96.318,97.4832,97.3983
2004-06-02,97.1438,97.1438,99.7877,99.7877,105.7638,105.7611,103.5276,103.5343,95.9915,96.02,97.1933,97.1086
2004-06-03,96.4279,96.4279,99.0764,99.0764,105.0099,105.0072,103.0963,103.1031,95.5785,95.6069,96.7884,96.7041
2004-06-04,95.9637,95.9637,98.6186,98.6186,104.5246,104.5219,103.3814,103.3882,95.8394,95.8679,97.0561,96.9715
2004-06-07,96.3051,96.3051,98.9911,98.9911,104.9194,104.9168,103.2591,103.2666,95.7024,95.7309,96.8671,96.7827
2004-06-08,97.1601,97.1601,99.8622,99.8622,105.8419,105.84,102.8972,102.9047,95.3547,95.3831,96.5276,96.4436
2004-06-09,96.8733,96.8733,99.5825,99.5825,105.5457,105.5436,103.6194,103.6269,96.0258,96.0544,97.2051,97.1204
2004-06-10,96.4613,96.4613,99.1768,99.1768,105.1161,105.1136,103.3904,103.3979,95.8029,95.8314,96.9903,96.9058
2004-06-11,96.7901,96.7901,99.5176,99.5176,105.4769,105.4747,103.4964,103.504,95.8949,95.9234,97.0898,97.0052
2004-06-14,95.6279,95.6279,98.3415,98.3415,104.2666,104.2634,103.5283,103.5358,95.9016,95.9301,97.0833,96.9987
2004-06-15,96.2087,96.2087,98.9361,98.9361,104.8965,104.8938,103.1786,103.186,95.5653,95.5937,96.7553,96.671
2004-06-16,96.5667,96.5667,99.2703,99.2703,105.2886,105.2861,102.5374,102.5445,94.955,94.9832,96.1538,96.07
2004-06-17,96.4567,96.4567,99.1245,99.1245,105.1813,105.1788,102.0733,102.0802,94.5111,94.5392,95.7184,95.635
2004-06-18,96.8674,96.8674,99.5476,99.5476,105.6297,105.6278,102.5648,102.5719,94.9653,94.9935,96.1794,96.0957
2004-06-21,96.0027,96.0027,98.7055,98.7055,104.7373,104.7342,102.0117,102.0185,94.4223,94.4504,95.6606,95.5772
2004-06-22,96.2132,96.2132,98.8133,98.8133,104.972,104.969,102.0695,102.0764,94.4689,94.497,95.7148,95.6314
2004-06-23,97.0507,97.0507,99.6663,99.6663,105.8759,105.8752,103.2801,103.2876,95.5989,95.6273,96.8505,96.7662
2004-06-24,96.4772,96.4772,99.0983,99.0983,105.2741,105.2718,102.5325,102.5396,94.8886,94.9168,96.1492,96.0654
2004-06-25,96.9316,96.9316,99.5654,99.5654,105.7691,105.768,102.4799,102.487,94.8314,94.8596,96.0998,96.0161
2004-06-28,96.629,96.629,99.2422,99.2422,105.4764,105.4747,102.8299,102.8372,95.1371,95.1653,96.4282,96.3442
2004-06-29,96.7017,96.7017,99.3249,99.3249,105.5641,105.5626,102.2324,102.2394,94.568,94.5961,95.8677,95.7842
2004-06-30,96.5325,96.5325,99.164,99.164,105.3936,105.3917,102.4284,102.4354,94.7442,94.7724,96.0515,95.9678
2004-07-01,96.5243,96.5243,99.1653,99.1653,105.3949,105.393,101.9231,101.9301,94.2621,94.2901,95.5777,95.4944
2004-07-02,95.944,95.944,98.5545,98.5545,104.784,104.7822,101.369,101.376,93.7341,93.7619,95.0581,94.9753
2004-07-05,96.2668,96.2668,98.9081,98.9081,105.1599,105.1581,101.8264,101.8334,94.1401,94.1681,95.487,95.4038
2004-07-06,95.9592,95.9592,98.6078,98.6078,104.8407,104.8389,102.2989,102.3059,94.576,94.6041,95.93,95.8465
2004-07-07,96.4337,96.4337,99.0952,99.0952,105.3587,105.357,102.3869,102.3939,94.6508,94.6789,96.0126,95.9289
2004-07-08,96.5173,96.5173,99.1889,99.1889,105.4583,105.4566,102.594,102.6011,94.8375,94.8657,96.2068,96.123
2004-07-09,96.2573,96.2573,98.9365,98.9365,105.19,105.1883,102.3965,102.4035,94.6442,94.6723,96.0215,95.9379
2004-07-12,96.1888,96.1888,98.8961,98.8961,105.1471,105.1454,102.9027,102.9098,95.0962,95.1244,96.4787,96.3947
2004-07-13,96.3605,96.3605,99.0785,99.0785,105.341,105.3393,102.4813,102.4882,94.6927,94.7208,96.0835,95.9998
2004-07-14,96.2434,96.2434,98.9702,98.9702,105.2258,105.2241,102.7329,102.7399,94.9212,94.9494,96.3195,96.2356
2004-07-15,95.9303,95.9303,98.6644,98.6644,104.9008,104.899,102.6566,102.6635,94.8417,94.8699,96.2479,96.1641
2004-07-16,95.725,95.725,98.4672,98.4672,104.6912,104.6893,102.6088,102.6158,94.7891,94.8173,96.2031,96.1193
2004-07-19,96.0541,96.0541,98.8271,98.8271,105.0737,105.072,103.5191,103.5263,95.6204,95.6488,97.0567,96.9722
2004-07-20,95.8555,95.8555,98.6366,98.6366,104.8713,104.8695,102.7635,102.77,94.9032,94.9314,96.2761,96.1922
2004-07-21,95.9414,95.9414,98.7326,98.7326,104.9733,104.9715,102.7198,102.7263,94.8544,94.8826,96.2351,96.1513
2004-07-22,95.9532,95.9532,98.7539,98.7539,104.996,104.9942,102.9114,102.9181,95.0265,95.0548,96.4148,96.3308
2004-07-23,96.1002,96.1002,98.9115,98.9115,105.1635,105.1618,103.2184,103.2254,95.3071,95.3354,96.7027,96.6185
2004-07-26,96.0218,96.0218,98.7117,98.7117,105.1097,105.1092,102.9982,103.005,95.0769,95.1051,96.4962,96.4122
2004-07-27,95.9782,95.9782,98.6772,98.6772,105.0731,105.0725,103.4235,103.4308,95.4686,95.4969,96.8951,96.8107
2004-07-28,96.0351,96.0351,98.744,98.744,105.144,105.1437,102.8445,102.8511,94.9169,94.9451,96.3521,96.2681
2004-07-29,95.7838,95.7838,98.4103,98.4103,104.8849,104.8844,103.4157,103.4229,95.4456,95.474,96.8877,96.8033
2004-07-30,96.2801,96.2801,98.9199,98.9199,105.4265,105.4275,103.4717,103.479,95.4904,95.5188,96.9402,96.8558
2004-08-02,96.3065,96.3065,98.9748,98.9748,105.485,105.486,103.0022,103.0095,95.0265,95.0547,96.5004,96.4164
2004-08-03,95.883,95.883,98.5576,98.5576,105.0403,105.0413,103.1925,103.1998,95.1972,95.2255,96.6787,96.5945
2004-08-04,95.9886,95.9886,98.6734,98.6734,105.1638,105.1648,102.7995,102.8067,94.8206,94.8488,96.3104,96.2266
2004-08-05,95.9789,95.9789,98.6731,98.6731,105.1634,105.1644,103.417,103.4243,95.3923,95.4206,96.889,96.8046
2004-08-06,96.2281,96.2281,98.9336,98.9336,105.4411,105.4421,103.6805,103.6878,95.6318,95.6602,97.1359,97.0513
2004-08-09,96.1072,96.1072,98.8402,98.8402,105.3416,105.3426,102.8506,102.8578,94.8295,94.8577,96.3583,96.2744
2004-08-10,95.9654,95.9654,98.7068,98.7068,105.1994,105.2004,103.2471,103.2543,95.1938,95.2221,96.7298,96.6455
2004-08-11,96.0795,96.0795,98.8314,98.8314,105.3322,105.3331,103.1275,103.1347,95.0737,95.102,96.6177,96.5336
2004-08-12,95.6846,95.6846,98.4427,98.4427,104.9179,104.9189,103.1706,103.1778,95.1064,95.1347,96.6581,96.5739
2004-08-13,96.1205,96.1205,98.8917,98.8917,105.3964,105.3974,103.2464,103.2536,95.1697,95.198,96.7291,96.6449
2004-08-16,95.8473,95.8473,98.6448,98.6448,105.1333,105.1343,103.1588,103.1659,95.0642,95.0924,96.579,96.4949
2004-08-17,95.6218,95.6218,98.358,98.358,104.9011,104.9021,102.8383,102.8451,94.7556,94.7837,96.2787,96.1948
2004-08-18,96.0299,96.0299,98.779,98.779,105.3501,105.3511,103.3342,103.3414,95.2133,95.2416,96.7433,96.6591
2004-08-19,95.8866,95.8866,98.6439,98.6439,105.206,105.207,102.8821,102.8889,94.781,94.8092,96.3197,96.2358
2004-08-20,95.9841,95.9841,98.6081,98.6081,105.321,105.322,103.9132,103.9203,95.7413,95.7698,97.1067,97.0221
2004-08-23,95.9376,95.9376,98.5898,98.5898,105.3014,105.3024,103.0033,103.0087,94.8635,94.8917,96.1769,96.0931
2004-08-24,95.7541,95.7541,98.4144,98.4144,105.1141,105.115,104.0708,104.0799,95.8579,95.8864,97.1771,97.0924
2004-08-25,95.5005,95.5005,98.1682,98.1682,104.8512,104.8521,104.7522,104.7638,96.4902,96.5189,97.8155,97.7303
2004-08-26,95.8396,95.8396,98.5195,98.5195,105.2263,105.2273,104.0784,104.0875,95.8494,95.8778,97.1841,97.0995
2004-08-27,95.7174,95.7174,98.3301,98.3301,105.1049,105.106,105.0061,105.0185,96.713,96.7417,98.0534,97.968
2004-08-30,95.6836,95.6836,98.3244,98.3244,105.0989,105.0999,104.4141,104.4244,96.1333,96.1619,97.4987,97.4138
2004-08-31,96.0536,96.0536,98.7075,98.7075,105.5074,105.5094,104.3156,104.3256,96.033,96.0615,97.4064,97.3216
2004-09-01,95.7582,95.7582,98.4189,98.4189,105.1989,105.2009,104.7094,104.7194,96.3938,96.4224,97.7741,97.689
2004-09-02,95.4991,95.4991,98.1669,98.1669,104.9295,104.9316,104.6659,104.6759,96.3453,96.3739,97.7335,97.6484
2004-09-03,95.4226,95.4226,98.0993,98.0993,104.8573,104.8593,104.6346,104.6466,96.3081,96.3368,97.5041,97.4192
2004-09-06,95.2655,95.2655,97.4406,97.4406,104.7165,104.7202,104.7727,104.7848,96.4133,96.442,97.6329,97.5478
2004-09-07,95.5868,95.5868,97.7749,97.7749,105.0732,105.0796,104.6258,104.6379,96.2678,96.2964,97.496,97.4111
2004-09-08,94.9263,94.9263,97.1152,97.1152,104.3694,104.3706,103.2204,103.2323,94.9464,94.9746,96.1863,96.1025
2004-09-09,95.4637,95.4637,97.6684,97.6684,104.9596,104.9651,103.9459,103.9579,95.6161,95.6445,96.8624,96.7781
2004-09-10,95.5166,95.5166,97.731,97.731,105.0264,105.0323,104.3428,104.3548,95.9786,96.0072,97.2322,97.1476
2004-09-13,95.4131,95.4131,97.6534,97.6534,104.9436,104.9489,104.0263,104.0383,95.6582,95.6866,96.9373,96.8529
2004-09-14,95.1643,95.1643,97.4104,97.4104,104.6844,104.6878,103.8533,103.8653,95.4883,95.5167,96.7761,96.6919
2004-09-15,94.8134,94.8134,97.0643,97.0643,104.3152,104.3158,104.1129,104.1249,95.7226,95.751,97.018,96.9335
2004-09-16,95.6687,95.6687,97.9392,97.9392,105.2486,105.2561,104.326,104.3381,95.9135,95.942,97.2166,97.132
2004-09-17,95.5452,95.5452,97.8233,97.8233,105.1249,105.1315,104.5855,104.5976,96.1477,96.1763,97.4585,97.3736
2004-09-20,94.7251,94.7251,97.0201,97.0201,104.268,104.2683,103.2305,103.2391,94.8562,94.8844,96.0622,95.9785
2004-09-21,95.4143,95.4143,97.7269,97.7269,105.0221,105.0279,104.4353,104.4469,95.9748,96.0033,97.1163,97.0317
2004-09-22,95.4824,95.4824,97.8048,97.8048,105.1053,105.1117,103.8575,103.8672,95.426,95.4544,96.5773,96.4931
2004-09-23,95.1419,95.1419,97.4692,97.4692,104.7472,104.751,104.3051,104.3165,95.8364,95.8649,96.9009,96.8165
2004-09-24,95.3357,95.3357,97.6744,97.6744,104.9662,104.9715,104.4238,104.4357,95.9391,95.9676,97.0115,96.927
2004-09-27,95.4232,95.4232,97.7902,97.7902,105.0898,105.096,104.0192,104.0294,95.5354,95.5638,96.55,96.466
2004-09-28,95.5029,95.5029,97.8799,97.8799,105.1855,105.1924,104.2642,104.2757,95.7564,95.7849,96.7786,96.6943
2004-09-29,95.1947,95.1947,97.5769,97.5769,104.8622,104.8667,103.7545,103.7634,95.2709,95.2992,96.3031,96.2192
2004-09-30,95.6197,95.6197,98.0164,98.0164,105.3311,105.339,105.0123,105.0276,96.4402,96.4689,97.4765,97.3916
2004-10-08,95.8142,95.8142,98.2864,98.2864,105.6214,105.6293,104.7886,104.8039,96.1663,96.1949,97.2688,97.1841
2004-10-11,95.6182,95.6144,98.1181,98.1119,105.4404,105.4417,105.0744,105.178,96.4055,96.5189,97.5341,97.531
2004-10-12,95.3083,95.2304,97.8135,97.732,105.1131,105.0335,104.8769,104.9281,96.2133,96.2778,97.3507,97.2993
2004-10-13,95.6734,95.6184,98.1922,98.1346,105.5201,105.466,104.6669,104.6566,96.0095,96.0167,97.1376,97.0265
2004-10-14,95.484,95.4304,98.0097,97.9534,105.3239,105.2713,104.5219,104.5047,95.8663,95.8669,97.003,96.8857
2004-10-15,95.571,95.4824,98.1069,98.0154,105.4285,105.338,104.7992,104.8146,96.1163,96.1474,97.2604,97.173
2004-10-18,95.504,95.4244,98.0665,97.9846,105.385,105.3049,104.5767,104.5456,95.8844,95.8722,97.0538,96.9236
2004-10-19,95.4236,95.3138,97.9944,97.8818,105.3075,105.1944,104.4016,104.3415,95.7131,95.6742,96.8471,96.6839
2004-10-20,95.5743,95.4781,98.1561,98.0576,105.4812,105.3833,104.6571,104.6278,95.9428,95.9326,97.0843,96.9492
2004-10-21,95.6326,95.5766,98.2242,98.1667,105.5545,105.5006,105.497,105.6113,96.717,96.8404,97.8268,97.8176
2004-10-22,95.6869,95.6502,98.2884,98.2507,105.6234,105.5909,104.8266,104.8399,96.0843,96.114,97.2045,97.1031
2004-10-25,95.4288,95.3413,98.0546,97.9655,105.3722,105.2843,104.5941,104.5752,95.843,95.843,96.9887,96.8579
2004-10-26,95.4022,95.2984,98.0368,97.9313,105.3531,105.2476,105.1123,105.1811,96.3176,96.3985,97.3962,97.334
2004-10-27,95.4049,95.3214,98.0487,97.9638,105.3659,105.2826,104.5227,104.4981,95.76,95.7551,96.8489,96.702
2004-10-28,95.5421,95.4747,98.197,98.1287,105.5253,105.4597,104.7086,104.7107,95.925,95.9447,97.0215,96.8988
2004-10-29,95.3189,95.3619,97.98,98.0235,105.2921,105.3467,105.2699,105.4703,96.4397,96.6431,97.5425,97.6017
2004-11-01,95.1985,95.2415,97.8858,97.9292,105.1908,105.2454,104.4235,104.621,95.6274,95.8291,96.5112,96.5698
2004-11-02,95.1844,95.2273,97.8806,97.9241,105.1852,105.2398,104.4413,104.6389,95.6356,95.8373,96.5277,96.5863
2004-11-03,95.0945,95.1375,97.7988,97.8422,105.0973,105.1519,104.3972,104.5946,95.5863,95.7878,96.4868,96.5453
2004-11-04,95.0794,95.1223,97.7926,97.8361,105.0907,105.1453,104.7582,104.9572,95.9139,96.1161,96.8213,96.8801
2004-11-05,94.9833,95.0262,97.7045,97.7479,104.996,105.0505,104.2328,104.4294,95.4166,95.6178,96.3344,96.3929
2004-11-08,94.8293,94.8721,97.5525,97.5958,104.8581,104.9124,104.2759,104.4727,95.4318,95.6331,96.3744,96.4328
2004-11-09,95.3387,95.3817,98.0778,98.1214,105.4226,105.4774,104.4671,104.6648,95.6015,95.8031,96.5516,96.6101
2004-11-10,95.0762,95.1191,97.8211,97.8645,105.1467,105.2013,105.1816,105.3824,96.258,96.461,97.2136,97.2726
2004-11-11,94.9601,95.003,97.7127,97.7561,105.0302,105.0847,104.7053,104.904,95.8065,96.0085,96.7723,96.831
2004-11-12,95.1343,95.1772,97.8983,97.9418,105.2297,105.2843,104.4374,104.6349,95.5489,95.7504,96.524,96.5826
2004-11-15,95.1351,95.178,97.9269,97.9704,105.2605,105.3151,104.3377,104.5347,95.431,95.6323,96.4316,96.4901
2004-11-16,95.293,95.336,98.0962,98.1397,105.4424,105.4972,104.5488,104.7469,95.6192,95.8208,96.6273,96.686
2004-11-17,95.0738,95.1167,97.8833,97.9268,105.2136,105.2682,104.2892,104.4859,95.3691,95.5702,96.3866,96.445
2004-11-18,95.1937,95.2367,98.0141,98.0576,105.3541,105.4089,104.4108,104.6082,95.474,95.6754,96.4994,96.5579
2004-11-19,95.3455,95.3885,98.1771,98.2207,105.5293,105.5842,104.6231,104.8229,95.6633,95.865,96.524,96.5826
2004-11-22,94.9939,95.0368,97.8487,97.8922,105.1764,105.231,104.0901,104.286,95.1421,95.3427,95.9872,96.0454
2004-11-23,95.0844,95.1273,97.9497,97.9932,105.2849,105.3396,104.1419,104.3382,95.1819,95.3826,95.9926,96.0508
2004-11-24,95.384,95.427,98.2625,98.3061,105.6211,105.676,104.0143,104.2096,95.0547,95.2551,95.8743,95.9324
2004-11-25,95.0996,95.1425,97.9361,97.9796,105.3213,105.3761,104.8328,105.0346,95.8085,96.0105,96.6333,96.6919
2004-11-26,94.9753,95.0182,97.8193,97.8628,105.1959,105.2505,103.9866,104.1815,95.0121,95.2124,95.8485,95.9066
2004-11-29,95.4825,95.5256,98.3612,98.4048,105.7781,105.8335,104.2004,104.3971,95.1861,95.3868,96.0468,96.1051
2004-11-30,95.1816,95.2246,98.0655,98.1091,105.4604,105.5154,104.8234,105.0251,95.7578,95.9597,96.6245,96.6832
2004-12-01,95.0633,95.1061,97.9548,97.9983,105.3414,105.3963,104.295,104.4957,95.2605,95.4614,96.0882,96.1465
2004-12-02,95.2068,95.2498,98.1099,98.1534,105.5081,105.5631,105.0395,105.2421,95.9412,96.1436,96.7745,96.8332
2004-12-03,95.2614,95.3043,98.1323,98.1758,105.5777,105.6329,104.4104,104.6114,95.3506,95.5516,96.1946,96.253
2004-12-06,95.1072,95.1502,98.0042,98.0477,105.4399,105.495,104.81,105.024,95.6952,95.897,96.3217,96.3802
2004-12-07,95.3788,95.4218,98.289,98.3327,105.7463,105.8016,105.1927,105.4087,96.041,96.2435,96.6745,96.7332
2004-12-08,95.0912,95.1341,98.0063,98.0498,105.4422,105.4973,104.9631,105.1779,95.8198,96.0219,96.4628,96.5213
2004-12-09,95.2272,95.2702,98.1537,98.1973,105.6008,105.656,104.9012,105.1156,95.754,95.9559,96.4057,96.4642
2004-12-10,95.6142,95.6574,98.4911,98.5348,106.0334,106.0912,105.422,105.6392,96.2282,96.4311,96.8859,96.9447
2004-12-13,95.1596,95.2026,98.013,98.0565,105.567,105.6246,105.1855,105.4014,95.9837,96.186,96.6678,96.7265
2004-12-14,95.169,95.212,98.0318,98.0754,105.5873,105.645,105.1825,105.3984,95.9724,96.1748,96.6651,96.7237
2004-12-15,95.4066,95.4497,98.2823,98.326,105.8569,105.9149,105.4346,105.6519,96.1976,96.4005,96.8975,96.9563
2004-12-16,95.5855,95.6286,98.4733,98.517,106.0623,106.1207,105.0818,105.2971,95.8622,96.0644,96.5722,96.6308
2004-12-17,95.4889,95.532,98.3846,98.4282,105.9668,106.0251,104.9219,105.1364,95.7056,95.9074,96.4248,96.4833
2004-12-20,95.5842,95.6274,98.3671,98.4108,106.1012,106.1617,105.6188,105.837,96.3261,96.5292,97.0674,97.1263
2004-12-21,95.2154,95.2583,98.0023,98.0458,105.7083,105.768,105.5239,105.7415,96.2296,96.4325,96.9798,97.0386
2004-12-22,95.4627,95.5058,98.2627,98.3063,105.9887,106.049,105.9972,106.2175,96.6598,96.8636,97.4163,97.4754
2004-12-23,95.3414,95.3844,98.149,98.1925,105.8663,105.9263,105.4128,105.6299,96.1099,96.3125,96.8774,96.9361
2004-12-24,95.6203,95.6634,98.4414,98.4851,106.1812,106.2419,105.7998,106.019,96.46,96.6634,97.2342,97.2932
2004-12-27,95.3724,95.4154,97.951,97.9945,105.9407,105.9997,105.5793,105.7973,96.2303,96.4333,97.0309,97.0898
2004-12-28,95.583,95.6261,98.1741,98.2177,106.181,106.2412,105.6807,105.8992,96.3158,96.5189,97.1244,97.1834
2004-12-29,96.0409,96.0842,98.6482,98.692,106.6914,106.7542,105.7235,105.9422,96.347,96.5501,97.1638,97.2228
2004-12-30,95.65,95.6932,98.261,98.3046,106.2746,106.3352,105.6742,105.8927,96.2929,96.4959,97.1184,97.1773
2004-12-31,96.1806,96.224,98.8088,98.8527,106.8644,106.9281,105.9033,106.123,96.4967,96.7002,97.3297,97.3887
2005-01-04,96.1351,96.1793,98.8003,98.845,106.8551,106.9197,105.9941,106.214,96.5458,96.7493,97.4131,97.4722
2005-01-05,96.5696,96.6132,99.2507,99.2948,107.3423,107.4062,106.1461,106.3663,96.6774,96.8813,97.5528,97.612
2005-01-06,95.9468,95.9914,98.628,98.6732,106.6688,106.7339,106.0018,106.2217,96.5355,96.7391,97.4202,97.4793
2005-01-07,95.7939,95.8387,98.4822,98.5276,106.5111,106.5764,106.1752,106.3954,96.6868,96.8907,97.5795,97.6387
2005-01-10,95.7523,95.7975,98.4683,98.514,106.4961,106.5618,105.9149,106.1346,96.4205,96.6238,97.3403,97.3993
2005-01-11,95.809,95.8543,98.5352,98.5812,106.5684,106.6343,106.3839,106.6046,96.8448,97.049,97.7714,97.8307
2005-01-12,95.8022,95.8476,98.5377,98.5838,106.5712,106.6372,106.3787,106.5994,96.8313,97.0355,97.7666,97.8259
2005-01-13,95.486,95.5313,98.2262,98.2722,106.2343,106.3001,106.4552,106.676,96.8932,97.0975,97.8368,97.8962
2005-01-14,95.8043,95.8498,98.5587,98.6048,106.5938,106.6599,106.6285,106.8497,97.0445,97.2491,97.9961,98.0556
2005-01-17,96.0292,96.0742,98.7311,98.7769,106.8709,106.9367,106.5904,106.8115,96.9831,97.1876,97.9611,98.0205
2005-01-18,95.7665,95.8109,98.4739,98.5192,106.5929,106.6576,106.413,106.6338,96.8108,97.0149,97.7981,97.8574
2005-01-19,95.9364,95.9807,98.6557,98.7009,106.7894,106.8543,106.4391,106.6599,96.8261,97.0303,97.8221,97.8814
2005-01-20,95.9122,95.9565,98.6405,98.6857,106.773,106.8379,106.7363,106.9577,97.0916,97.2963,98.0952,98.1547
2005-01-21,95.9661,96.0104,98.7046,98.7498,106.8423,106.9072,106.6048,106.826,96.9616,97.166,97.9743,98.0338
2005-01-24,96.0611,96.1054,98.8291,98.8743,106.977,107.042,106.8151,107.0367,97.1294,97.3342,98.1676,98.2272
2005-01-25,95.8862,95.9308,98.661,98.7066,106.7952,106.8605,106.6349,106.8561,96.9545,97.1589,98.002,98.0615
2005-01-26,95.8649,95.9096,98.6488,98.6944,106.782,106.8473,106.63,106.8512,96.9412,97.1456,97.9975,98.057
2005-01-27,95.8694,95.9142,98.6628,98.7085,106.7971,106.8626,106.945,107.1669,97.2231,97.4281,98.287,98.3466
2005-01-28,96.1751,96.2199,98.9822,99.028,107.1426,107.2085,107.083,107.3051,97.3416,97.5469,98.4138,98.4735
2005-01-31,96.3081,96.3522,99.1453,99.1904,107.319,107.3842,106.6883,106.9097,96.9514,97.1559,98.0511,98.1106
2005-02-01,96.2399,96.2844,99.0854,99.131,107.2542,107.32,107.0924,107.3145,97.3154,97.5206,98.4225,98.4822
2005-02-02,96.1733,96.2177,99.0273,99.0728,107.1912,107.2569,107.0751,107.2972,97.2908,97.4959,98.4066,98.4663
2005-02-03,96.1033,96.1484,98.9657,99.0119,107.1246,107.191,107.1547,107.377,97.3555,97.5608,98.4797,98.5395
2005-02-04,96.1977,96.2426,99.0708,99.1168,107.2383,107.3046,107.441,107.6639,97.6109,97.8167,98.7429,98.8028
2005-02-16,96.6088,96.6512,99.6042,99.6478,107.8157,107.8795,107.7346,107.9581,97.7717,97.9779,99.0127,99.0727
2005-02-17,96.4372,96.4798,99.4395,99.4834,107.6375,107.7014,107.3747,107.5975,97.431,97.6365,98.682,98.7418
2005-02-18,96.5886,96.6313,99.6025,99.6465,107.8139,107.878,107.5112,107.7342,97.5482,97.7539,98.8074,98.8673
2005-02-21,96.299,96.3428,99.1426,99.188,107.5262,107.589,107.5782,107.8014,97.5834,97.7892,98.8689,98.9289
2005-02-22,96.4544,96.4981,99.3093,99.3546,107.7067,107.7697,107.6906,107.914,97.6781,97.884,98.9722,99.0323
2005-02-23,96.5434,96.587,99.4088,99.4539,107.8144,107.8775,108.11,108.3343,98.0556,98.2624,99.3577,99.418
2005-02-24,96.759,96.8023,99.6366,99.6815,108.061,108.1243,107.6785,107.9019,97.6492,97.8552,98.9611,99.0212
2005-02-25,96.9924,97.0355,99.8825,99.9271,108.3271,108.3907,108.2838,108.5084,98.198,98.4051,99.5174,99.5778
2005-02-28,97.433,97.4755,100.3563,100.4003,108.8399,108.904,107.9124,108.1362,97.83,98.0363,99.1761,99.2362
2005-03-01,96.9573,97.0004,99.8836,99.9283,108.3272,108.392,107.9623,108.1863,97.8674,98.0738,99.2219,99.2821
2005-03-02,96.6228,96.6656,99.5539,99.5983,107.9696,108.0341,107.7839,108.0075,97.6944,97.9004,99.058,99.1181
2005-03-03,96.5324,96.5754,99.4715,99.5161,107.8803,107.9449,107.8224,108.0461,97.7214,97.9274,99.0934,99.1535
2005-03-04,96.6882,96.731,99.6386,99.6831,108.0616,108.126,107.9285,108.1525,97.8103,98.0165,99.1909,99.2511
2005-03-07,96.844,96.8867,99.8243,99.8687,108.2629,108.3274,108.0712,108.2954,97.9151,98.1216,99.322,99.3823
2005-03-08,96.8626,96.9053,99.8524,99.8969,108.2934,108.3579,108.0622,108.2864,97.898,98.1045,99.3138,99.374
2005-03-09,96.8062,96.8491,99.8046,99.8491,108.2415,108.3061,108.1514,108.3758,97.9713,98.1779,99.3958,99.4561
2005-03-10,97.0439,97.0864,100.0547,100.099,108.5128,108.5771,108.1883,108.4127,97.9965,98.2031,99.4296,99.49
2005-03-11,97.0294,97.072,100.0493,100.0936,108.5069,108.5713,108.573,108.7983,98.3421,98.5494,99.7832,99.8438
2005-03-14,97.184,97.2263,100.2262,100.2702,108.7071,108.7713,108.3881,108.613,98.1452,98.3521,99.6133,99.6737
2005-03-15,97.1977,97.2407,100.2493,100.2941,108.7322,108.7972,108.6061,108.8314,98.3371,98.5444,99.8136,99.8742
2005-03-16,97.0722,97.1151,100.1313,100.176,108.6043,108.6691,108.7503,108.9759,98.4611,98.6688,99.9462,100.0068
2005-03-17,97.5102,97.5522,100.5845,100.6283,109.0958,109.1598,108.7632,108.9889,98.4642,98.6718,99.9581,100.0187
2005-03-18,97.8232,97.8648,100.9111,100.9545,109.4499,109.5136,109.1368,109.3632,98.7995,99.0078,100.3014,100.3622
2005-03-21,97.8135,97.8554,100.8961,100.9398,109.4693,109.5334,109.3165,109.5434,98.9386,99.1473,100.4667,100.5276
2005-03-22,97.7911,97.833,100.8826,100.9264,109.4547,109.5188,108.9417,109.1675,98.5844,98.7922,100.1219,100.1826
2005-03-23,97.6444,97.6865,100.7432,100.7872,109.3035,109.3678,108.909,109.1346,98.5454,98.7532,100.0106,100.0713
2005-03-24,97.7011,97.7429,100.8099,100.8537,109.3759,109.4399,109.1957,109.4225,98.8008,99.0092,100.2744,100.3353
2005-03-25,97.83,97.8716,100.9498,100.9934,109.5276,109.5915,108.9055,109.1312,98.5245,98.7323,100.0075,100.0681
2005-03-28,97.5843,97.6263,100.7285,100.7725,109.2876,109.3519,109.1357,109.3623,98.7101,98.9183,100.2192,100.28
2005-03-29,97.7748,97.817,100.9309,100.9751,109.5071,109.5716,109.2072,109.434,98.7672,98.9754,100.285,100.3458
2005-03-30,97.562,97.6041,100.7245,100.7686,109.2832,109.3476,109.1567,109.3833,98.7117,98.9199,100.2385,100.2993
2005-03-31,97.7132,97.7551,100.8869,100.9309,109.4594,109.5237,109.1912,109.4179,98.7347,98.9428,100.2702,100.331
2005-04-01,97.5347,97.5769,100.7153,100.7595,109.2732,109.3377,109.3017,109.5286,98.8275,99.0359,100.3717,100.4326
2005-04-04,97.9086,97.9503,101.1221,101.1658,109.7145,109.7786,109.3977,109.6251,98.8893,99.0978,100.3787,100.4396
2005-04-05,97.9811,98.0228,101.2048,101.2485,109.8043,109.8684,109.7666,109.9951,99.2198,99.429,100.7174,100.7785
2005-04-06,97.704,97.746,100.933,100.9772,109.5095,109.5739,109.6399,109.868,99.0943,99.3032,100.6011,100.6621
2005-04-07,98.1294,98.1711,101.3737,101.4174,109.9875,110.0517,109.7727,110.0013,99.2077,99.4169,100.7231,100.7842
2005-04-08,98.2266,98.2681,101.4815,101.5251,110.1045,110.1685,110.0315,110.2608,99.4371,99.6467,100.9607,101.022
2005-04-11,98.2912,98.3331,101.5747,101.6188,110.2056,110.2702,110.0576,110.287,99.4344,99.6441,100.9847,101.046
2005-04-12,98.2906,98.3324,101.5834,101.6273,110.215,110.2794,110.183,110.4127,99.5409,99.7508,101.0998,101.1612
2005-04-13,98.2726,98.3144,101.5743,101.6183,110.2052,110.2697,109.9095,110.1384,99.2803,99.4896,100.8487,100.9099
2005-04-14,98.7339,98.7754,102.0514,102.095,110.7228,110.7869,110.4837,110.7143,99.8,100.0104,101.376,101.4375
2005-04-15,98.4355,98.4772,101.758,101.8019,110.4045,110.4688,110.4765,110.707,99.7844,99.9948,101.3693,101.4308
2005-04-18,98.471,98.5125,101.8217,101.8655,110.4736,110.5378,110.3535,110.5836,99.6445,99.8547,101.1404,101.2018
2005-04-19,98.669,98.7103,102.0317,102.0753,110.7015,110.7655,110.2541,110.4838,99.5441,99.754,101.0491,101.1104
2005-04-20,98.2708,98.3113,101.3538,101.3969,110.2732,110.3382,109.619,109.8461,98.9499,99.1586,100.4658,100.5268
2005-04-21,98.6402,98.6805,101.7377,101.7807,110.6898,110.7558,110.0192,110.2478,99.3095,99.519,100.7896,100.8508
2005-04-22,98.5748,98.6178,101.6806,101.7262,110.6278,110.6966,110.1015,110.3305,99.3763,99.5859,100.8652,100.9264
2005-04-25,98.7554,98.7981,101.7886,101.8343,110.8565,110.9258,110.3112,110.5411,99.5425,99.7524,101.0577,101.1191
2005-04-26,98.699,98.7419,101.7407,101.7865,110.8044,110.8738,110.5853,110.8165,99.7858,99.9962,101.3095,101.371
2005-04-27,98.6651,98.7081,101.7156,101.7615,110.7772,110.8466,110.4939,110.7247,99.6928,99.903,101.2256,101.287
2005-04-28,98.3845,98.4259,101.4404,101.4847,110.4783,110.5451,110.7101,110.9419,99.8829,100.0935,101.4242,101.4857
2005-04-29,98.3049,98.3465,101.2906,101.3352,110.4007,110.4678,110.6147,110.846,99.7861,99.9965,101.3365,101.398
2005-05-09,98.2712,98.3128,101.2766,101.3215,110.4722,110.5404,111.0501,111.2827,100.0834,100.2944,101.7358,101.7975
2005-05-10,98.589,98.6303,101.6081,101.6526,110.8335,110.9016,111.0285,111.2611,100.0546,100.2656,101.716,101.7777
2005-05-11,98.5302,98.5716,101.5578,101.6024,110.7786,110.8468,110.978,111.2105,99.9993,100.2101,101.6697,101.7314
2005-05-12,98.6082,98.6495,101.6461,101.6907,110.8749,110.9431,110.9476,111.18,99.9624,100.1732,101.6419,101.7035
2005-05-13,98.5268,98.5674,101.5729,101.6167,110.7951,110.8624,111.2411,111.4741,100.2227,100.434,101.9107,101.9726
2005-05-16,99.0359,99.0758,102.1169,102.16,111.3881,111.4552,109.8619,110.0921,98.9303,99.1389,100.6473,100.7083
2005-05-17,98.7216,98.7598,101.8075,101.8489,111.0508,111.1158,109.3273,109.5563,98.4307,98.6383,100.1574,100.2182
2005-05-18,98.9261,98.9669,102.024,102.0681,111.2869,111.355,110.5334,110.7665,99.5285,99.7383,101.2194,101.2808
2005-05-19,98.6427,98.683,101.746,101.7896,110.9838,111.0511,111.1178,111.3524,100.0557,100.2667,101.7548,101.8165
2005-05-20,98.8137,98.854,101.9286,101.9723,111.1828,111.2504,111.5692,111.805,100.4609,100.6728,102.1683,102.2303
2005-05-23,98.9346,98.9747,102.079,102.1225,111.3468,111.4143,111.9707,112.2095,100.8024,101.015,102.4766,102.5388
2005-05-24,98.8094,98.8499,101.9613,102.0052,111.2185,111.2863,111.8751,112.1135,100.7057,100.918,102.389,102.4511
2005-05-25,98.9562,98.9965,102.1195,102.1632,111.3909,111.4587,111.9632,112.2069,100.7775,100.99,102.1906,102.2526
2005-05-26,99.0093,99.0495,102.1825,102.2262,111.4596,111.5274,111.872,112.1151,100.6847,100.897,102.107,102.1689
2005-05-27,98.9518,98.9921,102.1335,102.1772,111.4062,111.4739,111.6407,111.8824,100.4634,100.6752,101.8951,101.9569
2005-05-30,98.8354,98.8756,102.0432,102.0869,111.3078,111.3754,111.727,111.9692,100.5155,100.7275,101.939,102.0009
2005-05-31,98.8979,98.938,102.1158,102.1594,111.387,111.4546,111.3622,111.6021,100.1716,100.3828,101.6047,101.6664
2005-06-01,99.115,99.1549,102.3453,102.3887,111.6372,111.7046,111.4397,111.6798,100.2332,100.4446,101.6122,101.6738
2005-06-02,99.1394,99.1741,102.3793,102.4174,111.6743,111.736,111.4229,111.663,100.2088,100.4201,101.5969,101.6585
2005-06-03,99.1774,99.2173,102.4271,102.4704,111.7264,111.7939,111.69,111.9309,100.444,100.6558,101.8406,101.9024
2005-06-06,99.1834,99.2234,102.375,102.4186,111.7634,111.8311,111.5862,111.8268,100.322,100.5336,101.7459,101.8076
2005-06-07,99.2733,99.3132,102.4754,102.5189,111.873,111.9407,111.5561,111.7965,100.2854,100.4969,101.7184,101.7801
2005-06-08,99.3546,99.3945,102.5672,102.6106,111.9731,112.0408,111.6111,111.8518,100.3267,100.5383,101.7686,101.8304
2005-06-09,99.3764,99.4163,102.5985,102.6421,112.0073,112.0751,111.9451,112.1867,100.623,100.8352,102.0733,102.1353
2005-06-10,99.3531,99.3931,102.5841,102.6278,111.9916,112.0595,111.8796,112.121,100.5541,100.7661,102.0135,102.0754
2005-06-13,99.6399,99.6796,102.9028,102.9462,112.3392,112.4072,112.353,112.5957,100.9597,101.1726,102.4021,102.4643
2005-06-14,99.4277,99.4677,102.6899,102.7337,112.1144,112.1825,112.2549,112.4974,100.861,101.0737,102.3127,102.3748
2005-06-15,99.9598,99.9992,103.2391,103.2822,112.7133,112.7815,112.5371,112.7804,101.1099,101.3231,102.5701,102.6323
2005-06-16,99.8993,99.9389,103.1869,103.2303,112.6565,112.7248,112.6721,112.9157,101.2242,101.4376,102.6931,102.7555
2005-06-17,100.1557,100.1951,103.4314,103.4745,112.9503,113.0188,112.8541,113.0982,101.3815,101.5953,102.8592,102.9216
2005-06-20,99.9312,99.9707,103.2313,103.2747,112.7321,112.8005,113.0212,113.2658,101.5071,101.7212,103.0115,103.074
2005-06-21,99.9902,100.0296,103.3004,103.3437,112.8074,112.8758,113.1108,113.3557,101.58,101.7942,103.0933,103.1559
2005-06-22,100.0713,100.1106,103.231,103.2744,112.9072,112.9764,113.1049,113.3497,101.5656,101.7798,103.0879,103.1505
2005-06-23,100.1175,100.1569,103.2872,103.3306,112.9685,113.0378,113.0475,113.2921,101.5041,101.7181,103.0355,103.098
2005-06-24,99.9338,99.9733,103.1101,103.1537,112.7754,112.8443,112.8521,113.0962,101.3165,101.5301,102.8573,102.9197
2005-06-27,99.6623,99.702,102.8342,102.878,112.5054,112.5737,113.0284,113.273,101.4506,101.6645,103.0181,103.0806
2005-06-28,99.3181,99.3582,102.4944,102.5386,112.1348,112.2023,112.7911,113.0351,101.2247,101.4382,102.8017,102.8641
2005-06-29,99.7058,99.7454,102.8966,102.9404,112.5735,112.6419,113.1104,113.3552,101.5074,101.7215,103.0929,103.1554
2005-06-30,99.6823,99.722,102.8821,102.9259,112.5576,112.626,113.3198,113.5652,101.6898,101.9042,103.2838,103.3465
2005-07-01,99.8359,99.8753,103.047,103.0906,112.738,112.8062,113.0781,113.323,101.4601,101.674,103.0636,103.1261
2005-07-04,99.8253,99.8647,103.0639,103.1075,112.7566,112.8248,113.1727,113.4177,101.5193,101.7334,103.1497,103.2123
2005-07-05,99.716,99.7555,102.9622,103.0059,112.6453,112.7136,113.1845,113.4296,101.5211,101.7351,103.1605,103.2231
2005-07-06,99.896,99.9354,103.1539,103.1975,112.855,112.9233,113.2821,113.5274,101.6011,101.8153,103.2495,103.3121
2005-07-07,99.9379,99.9773,103.2056,103.2492,112.9116,112.9799,113.4684,113.7141,101.762,101.9766,103.4193,103.4821
2005-07-08,99.9708,100.0102,103.2481,103.2918,112.9581,113.0264,113.6021,113.8481,101.875,102.0898,103.5412,103.604
2005-07-11,100.142,100.1811,103.4492,103.4927,113.1781,113.2462,113.6631,113.9092,101.9035,102.1183,103.5967,103.6596
2005-07-12,100.1604,100.1995,103.3942,103.4377,113.2086,113.2767,113.7555,114.0019,101.9788,102.1938,103.6612,103.7241
2005-07-13,100.3404,100.3794,103.586,103.6295,113.4183,113.4867,114.1084,114.3555,102.2916,102.5073,103.9828,104.0459
2005-07-14,100.3625,100.4014,103.6176,103.6609,113.453,113.5211,114.0601,114.3072,102.2385,102.4541,103.9388,104.0019
2005-07-15,100.3593,100.3981,103.6234,103.6667,113.4593,113.5275,114.2145,114.4619,102.3703,102.5862,104.0795,104.1427
2005-07-18,100.4125,100.4514,103.7049,103.7483,113.5485,113.6168,114.0972,114.3444,102.2362,102.4518,103.9727,104.0357
2005-07-19,100.2441,100.2835,103.5433,103.5871,113.3716,113.4403,113.8866,114.1333,102.035,102.2502,103.7807,103.8437
2005-07-20,100.2943,100.3333,103.5523,103.5959,113.4373,113.5069,113.9299,114.1767,102.0654,102.2806,103.8202,103.8832
2005-07-21,100.4495,100.4883,103.7188,103.7622,113.6196,113.6892,113.99,114.2369,102.1112,102.3265,103.875,103.938
2005-07-22,100.3832,100.4226,103.6608,103.7047,113.5561,113.6262,114.2175,114.465,102.3097,102.5254,104.0823,104.1455
2005-07-25,100.4407,100.4802,103.6562,103.7004,113.6499,113.7203,114.1889,114.4363,102.2565,102.4721,104.0562,104.1194
2005-07-26,100.3597,100.3992,103.5833,103.6275,113.5701,113.6403,114.3951,114.6429,102.4356,102.6516,104.2442,104.3074
2005-07-27,100.4103,100.4497,103.6438,103.6879,113.6363,113.7066,114.3876,114.6354,102.4197,102.6357,104.2373,104.3006
2005-07-28,100.3207,100.3596,103.5621,103.6059,113.5469,113.6166,114.1622,114.4095,102.2051,102.4206,104.0319,104.095
2005-07-29,100.3884,100.4274,103.6401,103.6838,113.6322,113.7021,114.3569,114.6047,102.3737,102.5896,104.2094,104.2726
2005-08-01,100.3865,100.4258,103.6658,103.7099,113.6604,113.7307,114.5791,114.8273,102.5492,102.7655,104.4118,104.4752
2005-08-02,100.4807,100.5195,103.7706,103.8142,113.7753,113.8451,114.3901,114.6379,102.3678,102.5837,104.2396,104.3028
2005-08-03,100.6491,100.6892,103.9505,103.9955,113.9725,114.0439,114.6725,114.921,102.6164,102.8328,104.497,104.5604
2005-08-04,100.4482,100.487,103.756,103.7997,113.7593,113.8292,114.4298,114.6777,102.386,102.6019,104.2758,104.3391
2005-08-05,100.5188,100.5575,103.8368,103.8805,113.8479,113.9177,114.47,114.718,102.4137,102.6296,104.3124,104.3757
2005-08-08,100.5596,100.599,103.906,103.9503,113.9237,113.9943,114.7884,115.0371,102.6769,102.8934,104.6026,104.666
2005-08-09,100.4515,100.491,103.8055,103.8499,113.8136,113.8843,114.568,114.8162,102.4669,102.683,104.4017,104.4651
2005-08-10,100.1911,100.2304,103.5507,103.5949,113.5342,113.6046,114.5641,114.8123,102.4543,102.6704,104.3981,104.4615
2005-08-11,100.5084,100.549,103.8816,103.9272,113.8971,113.969,114.6659,114.9144,102.5382,102.7544,104.491,104.5544
2005-08-12,100.5665,100.6076,103.9498,103.9959,113.9718,114.0444,114.8663,115.1152,102.7119,102.9285,104.6735,104.7371
2005-08-15,100.5297,100.5694,103.9402,103.9849,113.9612,114.0323,114.6731,114.9215,102.5086,102.7248,104.4975,104.5609
2005-08-16,100.6423,100.6819,104.0155,104.0602,114.0966,114.1688,114.5145,114.7626,102.355,102.5708,104.353,104.4163
2005-08-17,100.556,100.5957,103.9373,103.982,114.0108,114.083,114.7322,114.9808,102.5445,102.7607,104.5514,104.6148
2005-08-18,100.6707,100.7102,104.0628,104.1074,114.1484,114.2206,114.5851,114.8333,102.4013,102.6173,104.4173,104.4807
2005-08-19,100.7445,100.7839,104.1468,104.1914,114.2405,114.3127,114.5752,114.8234,102.3833,102.5992,104.4082,104.4716
2005-08-22,100.4322,100.472,103.7417,103.7869,113.9236,113.9961,114.5226,114.7707,102.308,102.5237,104.3603,104.4237
2005-08-23,100.5524,100.5914,103.8218,103.8662,114.0672,114.1391,114.9309,115.1799,102.671,102.8874,104.7324,104.7959
2005-08-24,100.4687,100.5079,103.7009,103.7456,113.9842,114.0557,114.7655,115.0141,102.5111,102.7272,104.5817,104.6451
2005-08-25,100.5538,100.5928,103.7963,103.8408,114.0888,114.1604,115.0394,115.2995,102.7516,102.9682,104.5577,104.6212
2005-08-26,100.6788,100.7175,103.9322,103.9763,114.2378,114.3094,114.6787,114.937,102.4137,102.6297,104.229,104.2923
2005-08-29,100.6879,100.7266,103.9688,104.013,114.278,114.3497,114.6204,114.8784,102.3331,102.5489,104.1759,104.2391
2005-08-30,100.5194,100.5582,103.807,103.8514,114.1006,114.1721,115.0687,115.3289,102.7326,102.9493,104.5844,104.6479
2005-08-31,100.5116,100.551,103.8083,103.8532,114.102,114.174,114.8831,115.1425,102.5544,102.7706,104.3332,104.3966
2005-09-01,100.6054,100.6448,103.9074,103.9523,114.2166,114.2886,114.8322,115.0914,102.4989,102.715,104.2869,104.3502
2005-09-02,100.6845,100.7237,103.9968,104.0415,114.3147,114.3867,114.8065,115.0657,102.4664,102.6825,104.2636,104.3269
2005-09-05,100.5599,100.5992,103.3794,103.4249,114.206,114.2777,114.7683,115.0274,102.4043,102.6202,104.229,104.2922
2005-09-06,100.8612,100.9001,103.6936,103.7387,114.5525,114.6244,115.0469,115.3066,102.6482,102.8646,104.482,104.5454
2005-09-07,100.6588,100.698,103.4973,103.5427,114.336,114.4078,114.8257,115.0849,102.4381,102.6541,104.2811,104.3444
2005-09-08,100.6427,100.6819,103.4897,103.5351,114.3276,114.3994,114.9218,115.1812,102.5162,102.7324,104.3683,104.4317
2005-09-09,100.5421,100.5815,103.3965,103.4421,114.2249,114.2967,114.9131,115.1725,102.4992,102.7153,104.3605,104.4238
2005-09-12,100.7172,100.7563,103.6003,103.6456,114.4497,114.5216,115.1019,115.3617,102.6432,102.8596,104.5319,104.5953
2005-09-13,100.6678,100.7068,103.559,103.6043,114.4041,114.4759,114.9149,115.1743,102.4643,102.6804,104.3621,104.4254
2005-09-14,100.7267,100.7657,103.6217,103.6671,114.4795,114.5515,115.1168,115.3767,102.6385,102.8549,104.5454,104.6089
2005-09-15,100.7442,100.7832,103.6482,103.6936,114.5088,114.5808,115.1643,115.4243,102.6724,102.8889,104.5886,104.652
2005-09-16,100.8332,100.8721,103.7472,103.7925,114.618,114.6901,115.2982,115.5585,102.7849,103.0017,104.7102,104.7738
2005-09-19,100.8824,100.9212,103.8182,103.8635,114.702,114.7742,115.4374,115.6968,102.8838,103.1008,104.568,104.6314
2005-09-20,100.8373,100.8762,103.7813,103.8266,114.6613,114.7335,115.4202,115.6796,102.8591,103.076,104.5524,104.6158
2005-09-21,100.8137,100.8526,103.7661,103.8115,114.6446,114.7167,115.4417,115.7013,102.8695,103.0864,104.4928,104.5562
2005-09-22,100.8732,100.912,103.8353,103.8805,114.7208,114.793,115.7115,115.9725,103.1052,103.3226,104.7377,104.8012
2005-09-23,101.0537,101.0922,103.9584,104.0035,114.9323,115.0071,115.6483,115.9089,103.0385,103.2557,104.6802,104.7438
2005-09-26,100.9779,101.0165,103.9078,103.9529,114.8764,114.9512,115.7125,115.9735,103.0691,103.2864,104.6431,104.7066
2005-09-27,100.7501,100.789,103.6855,103.731,114.6313,114.7058,115.4765,115.7361,102.8456,103.0625,104.4289,104.4923
2005-09-28,100.8714,100.9102,103.8173,103.8627,114.7767,114.8514,115.5655,115.8256,102.9172,103.1342,104.5097,104.5731
2005-09-29,101.0576,101.096,104.0148,104.0599,114.9945,115.0695,115.7857,116.0472,103.1079,103.3253,104.7096,104.7732
2005-09-30,101.0419,101.0804,104.0077,104.0528,114.9866,115.0616,115.6983,115.9592,103.0193,103.2366,104.6303,104.6938
2005-10-10,100.9652,101.0036,104.0269,104.0721,115.0078,115.0829,115.9618,116.2234,103.1567,103.3742,104.8032,104.8668
2005-10-11,101.1528,101.191,104.2259,104.2708,115.2278,115.3027,116.0865,116.3485,103.2602,103.478,104.916,104.9796
2005-10-12,101.1841,101.2222,104.2664,104.3113,115.2726,115.3475,116.0583,116.3202,103.2256,103.4433,104.8904,104.9541
2005-10-13,101.0018,101.0401,104.0902,104.1354,115.0779,115.1529,116.4022,116.6651,103.5272,103.7455,105.1819,105.2457
2005-10-14,101.1681,101.2063,104.2677,104.3126,115.2741,115.3489,116.2067,116.469,103.3414,103.5593,105.0051,105.0688
2005-10-17,101.2415,101.2795,104.3683,104.4132,115.3853,115.4601,116.5129,116.7761,103.5906,103.8091,105.282,105.3459
2005-10-18,101.2485,101.2864,104.3841,104.429,115.4028,115.4776,116.599,116.8624,103.6593,103.8779,105.3599,105.4238
2005-10-19,101.35,101.3878,104.4637,104.5084,115.5264,115.601,116.7266,116.9904,103.7655,103.9843,105.4753,105.5393
2005-10-20,101.4028,101.4412,104.3764,104.4219,115.5952,115.6707,116.9715,117.2361,103.9776,104.1968,105.6967,105.7608
2005-10-21,101.6037,101.6431,104.5889,104.6355,115.8302,115.9073,117.0384,117.3036,104.0289,104.2482,105.7178,105.7819
2005-10-24,101.5867,101.6263,104.5979,104.6447,115.8401,115.9175,117.2547,117.5206,104.1968,104.4165,105.9133,105.9775
2005-10-25,101.476,101.5176,104.4944,104.5432,115.7256,115.805,116.6517,116.9158,103.6428,103.8614,105.3682,105.4321
2005-10-26,101.6239,101.6651,104.5127,104.5613,115.9012,115.9773,117.3427,117.6087,104.2579,104.4777,105.9328,105.9971
2005-10-27,101.5727,101.614,104.4696,104.5183,115.8535,115.9296,117.2578,117.5236,104.1721,104.3917,105.8561,105.9204
2005-10-28,101.3866,101.4278,104.2895,104.3381,115.6545,115.7298,117.0285,117.2934,103.9557,104.1749,105.6488,105.7129
2005-10-31,101.2267,101.2675,104.1536,104.2018,115.5042,115.5786,116.6437,116.907,103.5807,103.7991,105.0169,105.0806
2005-11-01,101.3313,101.3732,104.2684,104.3178,115.6316,115.7072,116.4858,116.7488,103.4295,103.6476,104.8748,104.9384
2005-11-02,101.3065,101.3478,104.2518,104.3006,115.6132,115.6882,116.7686,117.0321,103.6747,103.8933,105.1293,105.1931
2005-11-03,101.3278,101.37,104.282,104.3317,115.6467,115.7227,116.6876,116.951,103.5925,103.811,105.0564,105.1202
2005-11-04,101.168,101.2102,104.1283,104.178,115.4762,115.5522,116.8055,117.0691,103.6893,103.908,105.1626,105.2264
2005-11-07,101.266,101.3086,104.2362,104.2784,115.6152,115.6917,117.0681,117.3323,103.8977,104.1168,105.399,105.4629
2005-11-08,100.7736,100.8142,103.7448,103.7849,115.0701,115.1443,116.3959,116.6586,103.2832,103.501,104.7938,104.8574
2005-11-09,100.5852,100.6259,103.5621,103.6023,114.8674,114.9417,116.1058,116.3678,103.0127,103.2299,104.5326,104.596
2005-11-10,100.4287,100.4688,103.4118,103.4513,114.7007,114.7742,115.8065,116.0679,102.734,102.9506,104.2632,104.3264
2005-11-11,100.3917,100.4328,103.3827,103.4234,114.6685,114.7432,115.9317,116.1933,102.8373,103.0542,104.3758,104.4392
2005-11-14,100.694,100.7346,103.7155,103.7556,115.0376,115.1118,115.9278,116.1896,102.8059,103.0227,104.2782,104.3415
2005-11-15,100.6937,100.7337,103.7237,103.7633,115.0467,115.1203,116.0775,116.3397,102.9313,103.1484,104.413,104.4763
2005-11-16,100.4929,100.5322,103.5284,103.5674,114.8301,114.9029,115.6546,115.9155,102.5413,102.7575,104.0322,104.0954
2005-11-17,100.5224,100.5621,103.567,103.6063,114.8729,114.9461,115.6145,115.8752,102.4959,102.712,103.9961,104.0592
2005-11-18,100.3243,100.3647,103.3744,103.4144,114.6592,114.7332,115.4583,115.7186,102.346,102.5618,103.8555,103.9186
2005-11-21,100.3549,100.3952,103.3174,103.3576,114.7223,114.7963,115.4088,115.6689,102.2735,102.4892,103.8109,103.8739
2005-11-22,100.2978,100.3384,103.2377,103.278,114.6676,114.7418,115.4653,115.7256,102.315,102.5308,103.8618,103.9248
2005-11-23,100.1764,100.2174,103.1231,103.1639,114.5406,114.615,115.24,115.4997,102.1031,102.3184,103.6007,103.6635
2005-11-24,100.4579,100.4985,103.4174,103.4578,114.867,114.9415,115.4472,115.7077,102.2801,102.4958,103.7872,103.8502
2005-11-25,100.4143,100.4554,103.3483,103.3893,114.8274,114.9023,115.2467,115.5067,102.0904,102.3057,103.2885,103.3512
2005-11-28,100.0244,100.0753,102.9784,103.0294,114.4169,114.5023,115.4699,115.7315,102.2632,102.4788,103.4895,103.5523
2005-11-29,99.8548,99.904,102.8148,102.8642,114.2355,114.3187,115.1813,115.4408,101.9942,102.2093,103.2296,103.2923
2005-11-30,100.1404,100.1911,103.1133,103.1641,114.5666,114.6521,115.1907,115.4503,101.9933,102.2083,103.2381,103.3007
2005-12-01,99.9859,100.0369,102.9604,103.0115,114.402,114.4877,115.3541,115.6142,102.1304,102.3457,103.3185,103.3812
2005-12-02,100.074,100.1238,103.0584,103.1083,114.5109,114.5953,115.8116,116.073,102.5307,102.7469,103.7286,103.7915
2005-12-05,99.7618,99.8117,102.767,102.8171,114.1871,114.2717,115.7622,116.0235,102.4584,102.6745,103.6843,103.7472
2005-12-06,100.1828,100.2316,103.0463,103.0955,114.6715,114.7559,116.1742,116.4367,102.8179,103.0347,104.0535,104.1167
2005-12-07,100.1516,100.1999,103.0233,103.0718,114.6458,114.7296,115.8119,116.0734,102.4843,102.7004,103.7289,103.7918
2005-12-08,100.4077,100.4602,103.2918,103.3447,114.9442,115.0332,116.2276,116.4902,102.847,103.0639,104.1014,104.1646
2005-12-09,100.4455,100.4982,103.3387,103.3919,114.9963,115.0858,116.1868,116.4494,102.8012,103.018,104.0649,104.128
2005-12-12,100.579,100.6316,103.4999,103.553,115.1755,115.2651,116.4596,116.7229,103.0174,103.2347,104.3094,104.3727
2005-12-13,100.7249,100.7774,103.6567,103.7096,115.3496,115.4395,116.4154,116.6786,102.9685,103.1856,104.2697,104.333
2005-12-14,100.7057,100.7582,103.6406,103.6936,115.3374,115.4273,116.4993,116.7628,103.0343,103.2516,104.3449,104.4083
2005-12-15,100.7858,100.8383,103.7306,103.7835,115.4374,115.5274,116.7992,117.0636,103.2935,103.5113,104.6138,104.6773
2005-12-16,100.7437,100.7962,103.6963,103.7494,115.3993,115.4894,116.6405,116.9045,103.1421,103.3596,104.4716,104.535
2005-12-19,100.7343,100.7867,103.6524,103.7055,115.4173,115.5074,116.7864,117.0508,103.2447,103.4624,104.5785,104.6419
2005-12-20,100.7548,100.8072,103.6818,103.7349,115.45,115.5401,116.7279,116.9921,103.183,103.4006,104.526,104.5895
2005-12-21,100.8958,100.9487,103.8336,103.8871,115.6186,115.7096,116.7763,117.0406,103.2169,103.4346,104.5179,104.5813
2005-12-22,100.7536,100.8056,103.6978,103.7505,115.4677,115.5574,116.6764,116.9404,103.1182,103.3356,104.4284,104.4917
2005-12-23,101.0202,101.0724,103.977,104.0299,115.7781,115.8686,116.4779,116.741,102.931,103.1481,104.2503,104.3136
2005-12-26,100.9872,101.0401,103.7552,103.8091,115.7695,115.8611,116.7568,117.0211,103.1528,103.3703,104.5004,104.5638
2005-12-27,101.0639,101.116,103.8414,103.8945,115.8655,115.9564,116.2328,116.4949,102.6742,102.8907,104.0306,104.0937
2005-12-28,100.7516,100.8039,103.5329,103.5862,115.522,115.6124,116.8159,117.0804,103.187,103.4046,104.5534,104.6168
2005-12-29,100.4769,100.5294,103.2626,103.3161,115.2208,115.3109,116.8119,117.0764,103.1741,103.3917,104.5498,104.6133
2005-12-30,100.4564,100.5096,103.2502,103.3044,115.2071,115.2979,116.8963,117.1611,103.2404,103.4581,104.6255,104.689
2006-01-04,100.5364,100.5881,103.3735,103.4263,115.3444,115.4339,116.1416,116.4046,102.5184,102.7346,103.9499,104.013
2006-01-05,100.7498,100.803,103.5984,103.6528,115.5953,115.6867,116.7283,116.9927,103.0335,103.2508,104.4751,104.5385
2006-01-06,100.765,100.8181,103.6222,103.6764,115.6219,115.7131,117.0397,117.3048,103.3025,103.5204,104.7538,104.8174
2006-01-09,101.0795,101.1316,103.9666,104.0198,116.0062,116.0963,117.1805,117.4459,103.4004,103.6184,104.8798,104.9434
2006-01-10,101.2242,101.2758,104.1218,104.1745,116.1793,116.269,117.3156,117.5813,103.5118,103.7301,105.0007,105.0644
2006-01-11,101.2988,101.3511,104.2059,104.2593,116.2731,116.3637,117.3688,117.6346,103.5501,103.7684,105.0483,105.1121
2006-01-12,101.3191,101.3718,104.2349,104.2888,116.3055,116.3966,117.5442,117.8104,103.6975,103.9162,105.2053,105.2691
2006-01-13,101.2637,101.3171,104.1871,104.2417,116.2522,116.344,117.7469,118.0136,103.8694,104.0884,105.3868,105.4507
2006-01-16,101.2081,101.2608,104.0763,104.1303,116.2173,116.3079,117.7046,117.9711,103.8037,104.0225,105.3488,105.4128
2006-01-17,101.3233,101.3762,104.2015,104.2558,116.357,116.4481,117.9657,118.2328,104.0277,104.247,105.5825,105.6466
2006-01-18,101.3052,101.3581,104.1916,104.2459,116.3459,116.437,118.0807,118.3481,104.1211,104.3407,105.6855,105.7496
2006-01-19,101.2342,101.2873,104.1279,104.1824,116.2749,116.3661,117.9153,118.1824,103.9641,104.1834,105.5375,105.6015
2006-01-20,101.1237,101.1771,104.0242,104.079,116.1591,116.2506,117.9471,118.2142,103.9832,104.2025,105.5659,105.63
2006-01-23,101.0536,101.1045,103.9782,104.0306,116.1079,116.1965,117.3608,117.6266,103.4315,103.6496,105.0412,105.1049
2006-01-24,101.0426,101.094,103.9754,104.0283,116.1047,116.1939,117.7045,117.9711,103.7293,103.948,105.3488,105.4127
2006-01-25,101.2261,101.279,104.17,104.2244,116.3219,116.413,118.1017,118.3692,104.075,104.2944,105.7043,105.7685
2006-02-06,101.4,101.4526,104.4476,104.5019,116.6318,116.723,117.9104,118.1774,103.7915,104.0104,105.533,105.5971
2006-02-07,101.0784,101.1029,104.1381,104.1553,116.2862,116.3358,118.295,118.5988,104.1149,104.3775,105.8773,105.9736
2006-02-08,101.0878,101.1235,104.1522,104.1804,116.3062,116.3685,117.9702,118.2633,103.8154,104.0684,105.5866,105.6738
2006-02-09,101.2202,101.2673,104.295,104.3349,116.4656,116.541,118.1477,118.4618,103.9647,104.2363,105.7454,105.8512
2006-02-10,101.3405,101.3924,104.4255,104.4703,116.6113,116.6924,118.2164,118.501,104.0168,104.2619,105.8069,105.8862
2006-02-13,101.3586,101.4244,104.469,104.5281,116.6599,116.7568,118.2992,118.6195,104.0629,104.3396,105.881,105.9921
2006-02-14,101.1606,101.2073,104.2764,104.3161,116.4448,116.5201,117.9561,118.214,103.7471,103.9679,105.5739,105.6298
2006-02-15,101.1923,101.2393,104.317,104.357,116.4902,116.5658,118.4421,118.756,104.172,104.4428,106.009,106.114
2006-02-16,101.2192,101.2801,104.3527,104.4068,116.53,116.6214,118.1992,118.4885,103.9457,104.1944,105.7915,105.875
2006-02-17,101.2971,101.3653,104.4401,104.5018,116.6277,116.7275,118.5433,118.8708,104.2438,104.5266,106.0995,106.2166
2006-02-20,101.2545,101.3206,104.2453,104.3366,116.6075,116.7051,118.1696,118.4482,103.8822,104.1209,105.7651,105.839
2006-02-21,101.0757,101.1322,104.0722,104.1537,116.4142,116.5006,117.7587,117.9957,103.5056,103.7074,105.3969,105.4347
2006-02-22,100.9913,101.043,103.9948,104.0715,116.3279,116.4087,117.8902,118.1684,103.6138,103.8522,105.5147,105.589
2006-02-23,101.0705,101.126,104.0837,104.1643,116.4271,116.5125,117.9096,118.1726,103.6219,103.8466,105.5321,105.5928
2006-02-24,100.9348,100.9717,103.9542,104.016,116.2826,116.3466,117.8808,118.1325,103.5868,103.8014,105.5063,105.5569
2006-02-27,101.0216,101.07,104.0675,104.1412,116.409,116.4866,118.0283,118.3027,103.6908,103.9252,105.6385,105.709
2006-02-28,101.1812,101.2428,104.238,104.325,116.5994,116.6923,118.2539,118.5615,103.8832,104.1469,105.8406,105.9403
2006-03-01,101.0849,101.1466,104.1437,104.2308,116.4995,116.5924,117.9952,118.3021,103.6429,103.906,105.609,105.7085
2006-03-02,101.1043,101.1658,104.1718,104.2588,116.5309,116.6237,117.8518,118.1583,103.5055,103.7683,105.4806,105.58
2006-03-03,101.1241,101.1855,104.2002,104.2872,116.5627,116.6555,118.2843,118.5919,103.8824,104.1462,105.8678,105.9675
2006-03-06,101.161,101.2227,104.2629,104.3501,116.6328,116.7259,118.0895,118.3967,103.6807,103.9439,105.6934,105.793
2006-03-07,101.2734,101.3352,104.3854,104.4728,116.7699,116.8631,118.3476,118.6554,103.9018,104.1656,105.9244,106.0241
2006-03-08,101.0766,101.1385,104.194,104.2814,116.5558,116.649,118.0683,118.3754,103.6431,103.9063,105.6744,105.774
2006-03-09,101.258,101.3201,104.3866,104.4743,116.7712,116.8648,118.6101,118.9186,104.1176,104.382,106.1593,106.2593
2006-03-10,101.1909,101.2527,104.3268,104.4142,116.7043,116.7976,118.4415,118.7495,103.9578,104.2217,106.0085,106.1083
2006-03-13,101.1682,101.2298,104.3289,104.4162,116.7067,116.7998,118.4957,118.8039,103.9783,104.2423,106.057,106.1568
2006-03-14,101.1799,101.2415,104.3431,104.4304,116.7294,116.8225,118.5416,118.8499,104.0101,104.2741,106.098,106.198
2006-03-15,101.0887,101.1502,104.2589,104.3461,116.6353,116.7282,118.4758,118.7839,103.942,104.2059,106.0391,106.139
2006-03-16,100.997,101.0581,104.1742,104.261,116.5405,116.633,118.3971,118.7051,103.8625,104.1262,105.9688,106.0686
2006-03-17,101.0761,101.1374,104.2572,104.3443,116.6398,116.7327,118.3569,118.6647,103.8173,104.0809,105.9328,106.0325
2006-03-20,101.0375,101.099,104.2107,104.298,116.6242,116.7173,118.4719,118.78,103.8921,104.1558,105.9505,106.0503
2006-03-21,101.1561,101.217,104.3395,104.4262,116.7682,116.8608,118.3708,118.6785,103.7925,104.056,105.86,105.9597
2006-03-22,101.0666,101.128,104.257,104.3442,116.676,116.7691,118.0752,118.3819,103.5193,103.7821,105.5954,105.6949
2006-03-23,101.0344,101.0966,104.2327,104.3207,116.6488,116.7428,118.2409,118.5483,103.658,103.9212,105.6548,105.7543
2006-03-24,100.981,101.0432,104.1869,104.2749,116.5976,116.6915,118.0446,118.3511,103.4734,103.7361,105.4791,105.5784
2006-03-27,100.9816,101.0437,104.2126,104.3005,116.6263,116.7202,118.3968,118.7048,103.7601,104.0235,105.7943,105.894
2006-03-28,100.9524,101.0145,104.1913,104.2793,116.6025,116.6964,118.4924,118.8008,103.8361,104.0997,105.8798,105.9795
2006-03-29,100.9923,101.0544,104.2402,104.3282,116.6572,116.7511,118.3272,118.6349,103.6793,103.9425,105.732,105.8316
2006-03-30,101.013,101.075,104.2695,104.3575,116.69,116.7839,118.244,118.5513,103.5956,103.8586,105.6575,105.757
2006-03-31,101.0047,101.0667,104.2695,104.3574,116.6899,116.7838,118.3415,118.6493,103.6734,103.9366,105.7448,105.8444
2006-04-03,101.0719,101.134,104.3628,104.4509,116.7944,116.8885,118.4083,118.7162,103.705,103.9683,105.8044,105.9041
2006-04-04,101.0077,101.0691,104.2532,104.3406,116.7307,116.8238,118.6221,118.9306,103.8863,104.1501,105.9956,106.0954
2006-04-05,101.0151,101.0765,104.2691,104.3565,116.7485,116.8416,118.5208,118.8291,103.7869,104.0504,105.9051,106.0048
2006-04-06,100.8857,100.9472,104.146,104.2336,116.6108,116.7039,118.3766,118.6845,103.6492,103.9124,105.7762,105.8758
2006-04-07,101.0478,101.1087,104.3191,104.406,116.8045,116.8969,118.2849,118.5925,103.5583,103.8212,105.6942,105.7938
2006-04-10,101.0242,101.0854,104.3201,104.4075,116.8057,116.8986,118.2846,118.5922,103.5305,103.7933,105.694,105.7935
2006-04-11,100.8803,100.9413,104.1824,104.2695,116.6515,116.7441,118.2301,118.5375,103.4727,103.7354,105.6452,105.7447
2006-04-12,100.6739,100.735,103.9812,104.0683,116.4264,116.5189,118.2196,118.527,103.4542,103.7169,105.6359,105.7354
2006-04-13,100.8238,100.8852,104.1418,104.2293,116.606,116.6991,118.1815,118.4889,103.4112,103.6737,105.6019,105.7013
2006-04-14,100.932,100.9933,104.26,104.3474,116.7384,116.8314,118.1085,118.4157,103.3371,103.5994,105.5366,105.636
2006-04-17,100.7978,100.8586,104.1098,104.1969,116.6139,116.7064,118.157,118.4643,103.3527,103.6151,105.5799,105.6794
2006-04-18,100.5331,100.594,103.7754,103.8626,116.3225,116.4148,117.721,118.027,102.9554,103.2168,105.1167,105.2157
2006-04-19,100.4017,100.4627,103.6504,103.7376,116.1825,116.2747,117.5013,117.8095,102.7507,103.0115,104.8376,104.9363
2006-04-20,100.4412,100.5025,103.4313,103.519,116.2368,116.3289,117.9307,118.2408,103.1239,103.3857,105.2213,105.3204
2006-04-21,100.7333,100.7945,103.7363,103.824,116.5781,116.6716,118.1601,118.4712,103.3189,103.5812,105.3842,105.4835
2006-04-24,100.648,100.7088,103.6742,103.7615,116.5086,116.6013,118.1105,118.4216,103.2473,103.5094,105.3002,105.3993
2006-04-25,100.7474,100.808,103.7831,103.8704,116.6305,116.7237,118.1864,118.4978,103.3057,103.5679,105.3679,105.4672
2006-04-26,100.5678,100.6287,103.4993,103.5869,116.4358,116.5282,118.0452,118.356,103.1708,103.4327,105.2418,105.3409
2006-04-27,100.5738,100.6346,103.5135,103.6011,116.4517,116.5442,117.9542,118.2646,103.0806,103.3423,105.1605,105.2596
2006-04-28,100.7442,100.8052,103.6945,103.7823,116.6542,116.7481,118.1363,118.4474,103.2335,103.4956,105.3231,105.4223
2006-05-08,100.6618,100.7219,103.5476,103.6347,116.6503,116.7442,118.1086,118.4197,103.1167,103.3785,105.2985,105.3976
2006-05-09,100.757,100.817,103.6211,103.7082,116.768,116.862,118.2349,118.5463,103.2197,103.4818,105.4111,105.5103
2006-05-10,100.7468,100.8069,103.6187,103.706,116.7654,116.8595,118.3701,118.6819,103.3307,103.5931,105.5317,105.631
2006-05-11,100.784,100.844,103.6645,103.7517,116.8169,116.911,118.4238,118.7358,103.3304,103.5927,105.5795,105.679
2006-05-12,100.7428,100.8026,103.6307,103.7177,116.7789,116.8727,118.3841,118.696,103.286,103.5482,105.5441,105.6435
2006-05-15,100.6831,100.743,103.5942,103.6813,116.7377,116.8317,118.3492,118.6609,103.2276,103.4897,105.513,105.6124
2006-05-16,100.6604,100.7201,103.5792,103.6661,116.7209,116.8146,118.3794,118.6912,103.2453,103.5075,105.5399,105.6393
2006-05-17,100.7513,100.811,103.6795,103.7663,116.8338,116.9275,118.4451,118.7572,103.2946,103.5568,105.5985,105.698
2006-05-18,100.671,100.7307,103.606,103.693,116.751,116.8448,118.2899,118.6015,103.1477,103.4095,105.4186,105.5179
2006-05-19,100.7469,100.8066,103.691,103.7779,116.8468,116.9406,118.442,118.754,103.2735,103.5357,105.5542,105.6536
2006-05-22,100.7593,100.8188,103.7276,103.8145,116.8879,116.9818,118.5159,118.8282,103.3118,103.574,105.6201,105.7196
2006-05-23,100.5186,100.5786,103.4515,103.5389,116.622,116.716,118.254,118.5655,103.0701,103.3317,105.3866,105.4859
2006-05-24,100.7731,100.8336,103.7177,103.8057,116.9218,117.0168,118.4933,118.8055,103.2734,103.5356,105.6,105.6994
2006-05-25,100.6412,100.7012,103.5919,103.6793,116.7801,116.8744,118.4537,118.7656,103.2291,103.4912,105.1561,105.2551
2006-05-26,100.5873,100.6468,103.5453,103.6322,116.7276,116.8212,118.3659,118.6772,103.142,103.4039,105.0778,105.1768
2006-05-29,100.5962,100.6556,103.5789,103.6656,116.7654,116.8589,118.3849,118.6964,103.1321,103.3939,105.0592,105.1581
2006-05-30,100.5139,100.5733,103.5034,103.5903,116.6805,116.774,118.4785,118.7907,103.2063,103.4683,105.1426,105.2417
2006-05-31,100.3711,100.4307,103.3667,103.4537,116.5266,116.6201,118.4346,118.7464,103.1583,103.4202,105.1035,105.2024
2006-06-01,100.597,100.6563,103.5312,103.6181,116.7942,116.8887,118.4801,118.7921,103.1895,103.4514,105.0852,105.1842
2006-06-02,100.4088,100.468,103.3483,103.435,116.588,116.6822,118.349,118.6606,103.0645,103.3262,104.9688,105.0677
2006-06-05,100.4357,100.4949,103.4003,103.4871,116.6467,116.7409,118.3472,118.6588,103.0361,103.2977,104.9672,105.0661
2006-06-06,100.4433,100.5024,103.3343,103.421,116.6646,116.7588,118.2466,118.5579,102.9382,103.1995,104.878,104.9767
2006-06-07,100.2389,100.2989,103.135,103.2226,116.4399,116.5347,117.8999,118.21,102.6223,102.8829,104.5702,104.6687
2006-06-08,100.3622,100.422,103.2684,103.3559,116.5903,116.6852,118.1164,118.4272,102.8051,103.0661,104.7624,104.8611
2006-06-09,100.2354,100.295,103.1481,103.2353,116.4547,116.5491,118.1685,118.4794,102.8422,103.1033,104.8086,104.9073
2006-06-12,100.2194,100.2794,103.1296,103.2173,116.4645,116.5595,118.1188,118.4296,102.7716,103.0325,104.7645,104.8632
2006-06-13,100.049,100.1089,102.965,103.0526,116.2789,116.3735,117.9747,118.285,102.635,102.8956,104.6366,104.7351
2006-06-14,100.0062,100.0661,102.9241,103.0117,116.2392,116.3336,117.7616,118.0713,102.4375,102.6976,104.4475,104.5459
2006-06-15,100.0684,100.1281,102.9956,103.083,116.3199,116.4142,117.7468,118.0564,102.4154,102.6754,104.4343,104.5327
2006-06-16,99.9008,99.9603,102.8338,102.921,116.1375,116.2312,117.6121,117.9226,102.2873,102.547,104.2804,104.3786
2006-06-19,99.9684,100.0276,102.9221,103.0091,116.243,116.3367,117.4752,117.7852,102.1395,102.3988,104.1589,104.257
2006-06-20,99.9855,100.0449,102.9478,103.035,116.272,116.3659,117.4239,117.7337,102.0852,102.3444,104.1134,104.2115
2006-06-21,99.8913,99.951,102.8605,102.948,116.1736,116.2677,117.2383,117.5474,101.9121,102.1708,103.9486,104.0465
2006-06-22,100.0868,100.1464,103.0674,103.1548,116.4068,116.5013,117.4531,117.763,102.0933,102.3525,104.1393,104.2374
2006-06-23,100.1191,100.1785,103.1085,103.1958,116.4531,116.5475,117.3957,117.7054,102.0336,102.2926,104.0884,104.1864
2006-06-26,100.2462,100.3058,103.2343,103.3219,116.6267,116.7217,117.2946,117.6046,101.9175,102.1762,103.9355,104.0334
2006-06-27,100.2842,100.3436,103.2812,103.3685,116.6794,116.7744,117.6576,117.9693,102.2298,102.4894,104.2578,104.356
2006-06-28,100.1272,100.1868,103.1301,103.2176,116.5091,116.6039,117.4525,117.7632,102.0394,102.2985,104.0757,104.1737
2006-06-29,100.3071,100.3668,103.321,103.4088,116.7244,116.8198,117.5224,117.8334,102.0923,102.3515,104.1377,104.2358
2006-06-30,100.2251,100.2843,103.2461,103.3332,116.6399,116.7345,117.4804,117.7912,102.0463,102.3054,104.1004,104.1985
2006-07-03,100.3783,100.4377,103.4264,103.514,116.8437,116.9387,117.6645,117.9759,102.1823,102.4417,104.2636,104.3618
2006-07-04,100.2057,100.2652,103.2595,103.3471,116.6551,116.7501,117.5807,117.8918,102.0995,102.3587,104.1894,104.2875
2006-07-05,100.1473,100.2063,103.2085,103.2955,116.5974,116.6919,117.5031,117.814,102.0221,102.2812,104.1205,104.2186
2006-07-06,100.2149,100.2739,103.2854,103.3725,116.6843,116.7788,117.4372,117.7479,101.9552,102.214,104.0622,104.1602
2006-07-07,99.8782,99.9372,102.9517,103.0387,116.3074,116.4018,117.4596,117.7704,101.9661,102.225,104.082,104.18
2006-07-10,100.216,100.2749,103.31,103.397,116.7231,116.8176,117.716,118.0275,102.166,102.4254,104.3092,104.4075
2006-07-11,100.23,100.2887,103.3325,103.4194,116.7485,116.8428,117.7479,118.0594,102.1853,102.4448,104.3374,104.4357
2006-07-12,100.265,100.3239,103.2857,103.3729,116.7982,116.8928,117.7303,118.0418,102.161,102.4204,104.3219,104.4202
2006-07-13,100.2309,100.2907,103.2594,103.3474,116.7685,116.8641,117.6317,117.9429,102.0651,102.3243,104.2345,104.3327
2006-07-14,100.0644,100.1242,103.0986,103.1866,116.5868,116.6823,117.6262,117.9375,102.0515,102.3106,104.2297,104.3278
2006-07-17,100.059,100.1185,103.1178,103.2057,116.6085,116.7038,117.5273,117.8382,101.9377,102.1965,104.142,104.2401
2006-07-18,99.7073,99.7673,102.769,102.8572,116.2145,116.3098,117.621,117.9322,102.0116,102.2706,104.225,104.3232
2006-07-19,100.307,100.3672,103.3861,103.4747,116.9116,117.008,117.8064,118.1207,102.1665,102.4259,104.3197,104.4179
2006-07-20,100.1181,100.1775,103.1539,103.2417,116.7042,116.7992,117.4677,117.7809,101.8587,102.1173,104.0196,104.1176
2006-07-21,100.1739,100.2338,103.2188,103.3072,116.7776,116.8733,117.6272,117.9409,101.9907,102.2496,104.1609,104.259
2006-07-24,99.8709,99.9304,102.936,103.0239,116.4581,116.5528,117.3356,117.6483,101.7067,101.9649,103.9025,104.0003
2006-07-25,99.9332,99.9925,103.0075,103.0953,116.5389,116.6336,117.3005,117.6131,101.667,101.9251,103.8714,103.9693
2006-07-26,99.8964,99.9557,102.9785,103.0662,116.5061,116.6007,117.1992,117.5115,101.5687,101.8265,103.7816,103.8794
2006-07-27,99.8219,99.8809,102.911,102.9985,116.4299,116.5242,117.1713,117.4835,101.5352,101.793,103.7569,103.8546
2006-07-28,99.798,99.857,102.895,102.9825,116.4118,116.506,117.2541,117.5665,101.5995,101.8574,103.8302,103.928
2006-07-31,99.815,99.8739,102.937,103.0245,116.4593,116.5535,117.1233,117.4353,101.4575,101.7151,103.7143,103.812
2006-08-01,99.7304,99.7888,102.8594,102.9463,116.3715,116.4651,116.8726,117.184,101.2279,101.4848,103.4924,103.5899
2006-08-02,99.6156,99.6738,102.7511,102.8379,116.249,116.3424,116.8257,117.1369,101.1777,101.4346,103.4508,103.5483
2006-08-03,99.7511,99.8096,102.897,102.984,116.414,116.5078,117.1449,117.4569,101.4503,101.7078,103.7335,103.8312
2006-08-04,99.6504,99.7088,102.803,102.89,116.3077,116.4013,117.0893,117.4012,101.3926,101.65,103.6843,103.7819
2006-08-07,99.8438,99.9027,103.0242,103.1117,116.5579,116.6522,117.3405,117.6531,101.5877,101.8456,103.9067,104.0046
2006-08-08,99.7632,99.8218,102.9453,103.0325,116.4746,116.5685,117.2699,117.5823,101.5167,101.7744,103.8442,103.942
2006-08-09,99.8379,99.897,103.0294,103.1173,116.5698,116.6644,117.3888,117.7015,101.6127,101.8706,103.9494,104.0473
2006-08-10,99.8563,99.9154,103.0564,103.1442,116.6003,116.6948,117.4438,117.7567,101.6525,101.9105,103.9982,104.0962
2006-08-11,99.8453,99.9041,103.0536,103.141,116.5971,116.6912,117.4161,117.7289,101.6193,101.8773,103.9737,104.0716
2006-08-14,99.8746,99.9335,103.1082,103.1958,116.6588,116.7532,117.5375,117.8507,101.7,101.9582,104.0812,104.1792
2006-08-15,99.9029,99.9617,103.1452,103.2328,116.7007,116.795,117.5776,117.8908,101.7266,101.9848,104.1167,104.2147
2006-08-16,100.0931,100.1519,103.3024,103.3901,116.9287,117.0231,117.7092,118.0227,101.8338,102.0923,104.2332,104.3313
2006-08-17,100.0283,100.087,103.2449,103.3324,116.8636,116.9578,117.6227,117.936,101.7488,102.0071,104.1566,104.2547
2006-08-18,100.0499,100.1088,103.2751,103.3629,116.8978,116.9923,117.9519,118.2661,102.0302,102.2892,104.4481,104.5465
2006-08-21,99.9215,99.9805,103.0553,103.1434,116.7785,116.8729,117.6675,117.981,101.7533,102.0116,104.1963,104.2944
2006-08-22,99.8889,99.9472,102.9901,103.0775,116.7505,116.845,117.6563,117.9697,101.7346,101.9929,104.1864,104.2845
2006-08-23,100.0986,100.1572,103.1614,103.2493,117.0007,117.0961,117.7007,118.0142,101.7649,102.0233,104.2256,104.3238
2006-08-24,100.0012,100.0601,103.0265,103.1147,116.8983,116.9937,117.7444,118.058,101.7947,102.0531,104.2643,104.3625
2006-08-25,99.8682,99.9264,102.8913,102.9787,116.755,116.8491,117.7766,118.0902,101.8143,102.0728,103.9322,104.0301
2006-08-28,99.9946,100.0529,103.0448,103.1324,116.9285,117.0235,117.6973,118.0106,101.7188,101.977,103.8622,103.96
2006-08-29,100.0284,100.0866,103.0876,103.1751,116.9768,117.072,117.8094,118.1231,101.8088,102.0673,103.9611,104.0591
2006-08-30,100.1591,100.2179,103.2286,103.3168,117.1362,117.2328,117.9588,118.2731,101.9318,102.1906,104.0932,104.1912
2006-08-31,100.1663,100.2251,103.2444,103.3326,117.154,117.2507,118.0427,118.3574,101.9971,102.2561,104.0862,104.1842
2006-09-01,100.2515,100.3106,103.3335,103.422,117.2616,117.3587,118.1031,118.4178,102.0415,102.3006,104.1394,104.2375
2006-09-04,100.0572,100.1157,103.0245,103.1125,117.0664,117.1628,117.9705,118.285,101.8993,102.158,104.0225,104.1205
2006-09-05,100.1433,100.2018,103.1206,103.2088,117.1756,117.2722,118.0301,118.3447,101.943,102.2018,104.075,104.173
2006-09-06,100.1126,100.1712,103.098,103.1863,117.1499,117.2466,118.0944,118.4092,101.991,102.2499,104.1318,104.2299
2006-09-07,100.115,100.1733,103.1089,103.1968,117.1623,117.2586,118.076,118.3904,101.9661,102.225,104.028,104.126
2006-09-08,100.0991,100.1577,103.1013,103.1896,117.1537,117.2504,118.0927,118.4072,101.9722,102.2311,104.0428,104.1408
2006-09-11,100.1076,100.1662,103.1355,103.2238,117.1925,117.2892,118.1776,118.4924,102.021,102.28,104.0784,104.1764
2006-09-12,100.2244,100.2828,103.2626,103.3507,117.337,117.4334,118.2557,118.5708,102.081,102.3401,104.1473,104.2454
2006-09-13,100.2212,100.2796,103.2679,103.3561,117.343,117.4395,118.3511,118.6666,102.1562,102.4156,104.2314,104.3296
2006-09-14,100.231,100.2891,103.2796,103.3675,117.3639,117.4601,118.285,118.6002,102.0894,102.3486,104.1731,104.2712
2006-09-15,100.1972,100.2553,103.2538,103.3417,117.3346,117.4308,118.349,118.6645,102.1245,102.3838,104.2296,104.3277
2006-09-18,100.2393,100.2942,103.2888,103.3729,117.4121,117.5047,118.5265,118.8428,102.2546,102.5142,104.1663,104.2644
2006-09-19,100.2833,100.3382,103.342,103.4261,117.4726,117.5653,118.5837,118.9003,102.2962,102.5559,104.2167,104.3149
2006-09-20,100.283,100.338,103.3503,103.4345,117.482,117.5748,118.7189,119.0363,102.4065,102.6665,104.336,104.4342
2006-09-21,100.3414,100.3983,103.3687,103.4539,117.5592,117.6543,118.8549,119.1732,102.5176,102.7779,104.4559,104.5543
2006-09-22,100.5204,100.5819,103.559,103.6491,117.7755,117.8762,119.1344,119.4551,102.7548,103.0157,104.6088,104.7073
2006-09-25,100.3228,100.3845,103.3842,103.4744,117.5769,117.6776,119.0273,119.3471,102.6349,102.8955,104.422,104.5203
2006-09-26,100.4381,100.499,103.5099,103.5995,117.7197,117.8197,119.0955,119.4159,102.6863,102.947,104.4821,104.5805
2006-09-27,100.4401,100.5011,103.5206,103.6102,117.7318,117.8319,119.0897,119.41,102.6726,102.9333,104.477,104.5754
2006-09-28,100.4553,100.5163,103.5447,103.6343,117.7592,117.8594,119.1677,119.4886,102.7327,102.9935,104.5458,104.6443
2006-09-29,100.4566,100.5175,103.5545,103.6441,117.7704,117.8705,119.1504,119.4711,102.7089,102.9696,104.5305,104.6289
2006-10-09,100.5408,100.6104,103.7184,103.8126,117.9706,118.076,119.2341,119.5588,102.6904,102.9601,104.5452,104.641
2006-10-10,100.4289,100.4916,103.5887,103.6745,117.8511,117.9487,119.2798,119.5982,102.7218,102.9859,104.5853,104.6755
2006-10-11,100.3932,100.4491,103.5611,103.64,117.8196,117.9093,119.1923,119.495,102.6367,102.8872,104.5085,104.5852
2006-10-12,100.4456,100.5031,103.6223,103.7025,117.8901,117.9816,119.2359,119.5336,102.6664,102.9124,104.5468,104.619
2006-10-13,100.5436,100.6034,103.7177,103.7996,118.0131,118.1076,119.3667,119.6737,102.7723,103.0262,104.6616,104.7416
2006-10-16,100.4512,100.5043,103.6497,103.7249,117.9358,118.0225,119.3596,119.6593,102.7405,102.9879,104.6553,104.729
2006-10-17,100.5105,100.5665,103.7187,103.7968,118.0143,118.1043,119.4615,119.7653,102.8211,103.072,104.7447,104.8218
2006-10-18,100.5109,100.5642,103.7277,103.8031,118.0245,118.1115,119.4622,119.7558,102.8132,103.0551,104.7453,104.8134
2006-10-19,100.546,100.6001,103.7418,103.8161,118.0749,118.1629,119.526,119.8191,102.8605,103.1019,104.8012,104.8689
2006-10-20,100.6076,100.665,103.6198,103.6912,118.156,118.2479,119.6979,119.9929,103.0023,103.2453,104.9521,105.021
2006-10-23,100.6507,100.7131,103.6627,103.7377,118.235,118.3331,119.7338,120.0359,103.0082,103.2572,104.9836,105.0586
2006-10-24,100.6973,100.7622,103.7186,103.7961,118.2987,118.3998,119.6527,119.9407,102.9288,103.1654,104.9125,104.9753
2006-10-25,100.6955,100.7583,103.7253,103.8008,118.3063,118.405,119.843,120.1496,103.0867,103.3394,105.0794,105.1581
2006-10-26,100.7402,100.8037,103.6396,103.7072,118.3678,118.4674,119.8661,120.1693,103.0984,103.3479,104.9349,104.9949
2006-10-27,100.7385,100.8072,103.6465,103.7194,118.3755,118.4813,119.8007,120.1068,103.0327,103.2847,104.8775,104.9402
2006-10-30,100.7588,100.8301,103.6926,103.7682,118.4281,118.5371,119.2931,119.5498,102.5632,102.773,104.3356,104.4535
2006-10-31,100.7049,100.7741,103.5247,103.5906,118.3755,118.4818,119.6974,119.9959,102.9084,103.1538,104.6904,104.8433
2006-11-01,100.7127,100.7888,103.5412,103.6141,118.3942,118.5087,119.7492,120.0766,102.9451,103.2157,104.7357,104.9138
2006-11-02,100.7151,100.7959,103.5521,103.6298,118.4068,118.5267,119.8618,120.1819,103.0349,103.2991,104.8342,105.0058
2006-11-03,100.7283,100.8099,103.574,103.6526,118.4318,118.5528,119.9902,120.3103,103.1384,103.4026,104.9464,105.118
2006-11-06,100.6854,100.7713,103.5561,103.6303,118.4113,118.5372,119.924,120.2437,103.0552,103.3189,104.8885,105.0598
2006-11-07,100.6333,100.7192,103.5117,103.5859,118.3605,118.4864,119.9331,120.2528,103.0547,103.3184,104.8707,105.042
2006-11-08,100.6241,100.7099,103.5037,103.5779,118.3595,118.4852,119.8722,120.1917,102.9931,103.2566,104.8175,104.9886
2006-11-09,100.5412,100.6269,103.428,103.5021,118.2729,118.3985,119.8274,120.1468,102.9455,103.2089,104.7783,104.9494
2006-11-10,100.6455,100.7313,103.5425,103.6167,118.4039,118.5296,119.9485,120.2683,103.0427,103.3063,104.8843,105.0555
2006-11-13,100.6267,100.7125,103.549,103.6232,118.4113,118.537,119.9264,120.2461,102.9978,103.2613,104.7735,104.9447
2006-11-14,100.6136,100.6994,103.5442,103.6184,118.4059,118.5316,119.9319,120.2516,102.9942,103.2577,104.7783,104.9495
2006-11-15,100.5987,100.6845,103.5376,103.6118,118.3983,118.524,119.969,120.2888,103.0181,103.2817,104.8108,104.982
2006-11-16,100.6239,100.7097,103.5718,103.646,118.4374,118.5631,119.9761,120.296,103.0158,103.2794,104.817,104.9882
2006-11-17,100.5693,100.6224,103.5246,103.5655,118.3835,118.4711,119.6393,119.9579,102.7141,102.9766,104.5227,104.6932
2006-11-20,100.4494,100.5347,103.3184,103.3919,118.2734,118.3983,119.429,119.7526,102.5052,102.7723,104.3389,104.514
2006-11-21,100.4469,100.5326,103.3244,103.3983,118.2802,118.4056,119.4265,119.7503,102.4945,102.7618,104.3367,104.512
2006-11-22,100.4143,100.5,103.2706,103.3442,118.2521,118.3774,119.2452,119.5642,102.3281,102.5913,104.1783,104.3496
2006-11-23,100.3236,100.4094,103.1572,103.2304,118.1565,118.2816,119.0713,119.3863,102.1679,102.4278,104.0263,104.1943
2006-11-24,100.3199,100.4051,103.162,103.2346,118.162,118.2864,119.1041,119.4189,102.188,102.4477,104.055,104.2228
2006-11-27,100.3137,100.4033,103.0152,103.0946,118.1871,118.316,119.188,119.5125,102.2361,102.5039,103.9686,104.1442
2006-11-28,100.3442,100.4356,103.055,103.1362,118.2326,118.3637,119.3161,119.6449,102.3392,102.6106,104.0806,104.2596
2006-11-29,100.3605,100.4522,103.0803,103.1618,118.2615,118.3931,119.3294,119.6569,102.3424,102.6127,104.0922,104.27
2006-11-30,100.4321,100.5251,103.1618,103.2445,118.3547,118.488,119.3237,119.6447,102.3292,102.5939,104.0873,104.2594
2006-12-01,100.4252,100.5181,103.1228,103.2054,118.3566,118.49,119.41,119.7312,102.3957,102.6606,104.1625,104.3348
2006-12-04,100.43,100.5229,103.154,103.2366,118.3924,118.5258,119.4955,119.8169,102.445,102.71,104.2371,104.4095
2006-12-05,100.4456,100.5386,103.1786,103.2612,118.4206,118.5541,119.5461,119.8676,102.4805,102.7456,104.2812,104.4537
2006-12-06,100.4652,100.5582,103.0592,103.1418,118.4536,118.5871,119.5443,119.8658,102.4707,102.7357,104.2796,104.4521
2006-12-07,100.3947,100.4876,102.9965,103.079,118.3814,118.5148,119.5269,119.8484,102.4472,102.7122,104.2644,104.4369
2006-12-08,100.2734,100.3662,102.8822,102.9646,118.2501,118.3833,119.2896,119.6105,102.233,102.4975,104.0575,104.2296
2006-12-11,100.2909,100.3837,102.9264,103.0088,118.3009,118.4342,119.3804,119.7019,102.2868,102.5514,104.079,104.2512
2006-12-12,100.2594,100.3522,102.9032,102.9857,118.2744,118.4076,119.433,119.7547,102.3242,102.5889,104.125,104.2972
2006-12-13,100.2937,100.3865,102.9468,103.0292,118.3244,118.4577,119.376,119.6974,102.2663,102.5309,104.0752,104.2473
2006-12-14,100.2874,100.3802,102.9422,103.0247,118.3272,118.4605,119.3998,119.7214,102.2786,102.5432,104.0844,104.2565
2006-12-15,100.3768,100.4697,103.0166,103.0991,118.4415,118.575,119.4273,119.749,102.2942,102.5588,104.1084,104.2806
2006-12-18,100.2691,100.3619,102.9272,103.0096,118.3463,118.4796,119.3819,119.7033,102.2297,102.4942,104.026,104.1981
2006-12-19,100.2437,100.3364,102.9102,102.9926,118.3268,118.4601,119.4173,119.7389,102.2522,102.5167,104.0352,104.2073
2006-12-20,100.2417,100.3344,102.917,102.9994,118.3346,118.4679,119.4346,119.7563,102.2589,102.5234,104.0503,104.2224
2006-12-21,100.2702,100.363,102.9547,103.0372,118.378,118.5113,119.4643,119.7861,102.2763,102.5409,104.0374,104.2095
2006-12-22,100.2568,100.3496,102.95,103.0324,118.3726,118.5059,119.3924,119.7139,102.2056,102.47,103.9747,104.1466
2006-12-25,100.1235,100.2162,102.8372,102.9195,118.248,118.381,119.8206,120.1438,102.5518,102.817,104.3481,104.5207
2006-12-26,100.0713,100.1639,102.7932,102.8755,118.1974,118.3303,119.8417,120.165,102.5616,102.8269,104.3665,104.5391
2006-12-27,100.0922,100.1848,102.7789,102.8612,118.232,118.365,119.787,120.1101,102.5058,102.771,104.3188,104.4913
2006-12-28,100.1149,100.2076,102.7989,102.8812,118.2686,118.4017,119.8154,120.1386,102.522,102.7872,104.3321,104.5047
2006-12-29,100.125,100.2177,102.8119,102.8942,118.2906,118.4237,119.919,120.2427,102.6035,102.8689,104.4225,104.5952
2007-01-04,100.1357,100.2284,102.8274,102.9097,118.3649,118.4977,120.0481,120.3498,102.6455,102.911,104.5155,104.6884
2007-01-05,100.1606,100.2546,102.8616,102.9451,118.4042,118.5385,120.12,120.4409,102.6993,102.9814,104.5781,104.7676
2007-01-08,100.1305,100.2277,102.8458,102.9319,118.3996,118.5379,120.1262,120.455,102.6794,102.9683,104.5835,104.7799
2007-01-09,100.165,100.2627,102.8896,102.9762,118.4501,118.5889,120.2057,120.5536,102.7398,103.0452,104.6527,104.8656
2007-01-10,100.2544,100.3398,102.9892,103.0633,118.5646,118.6892,120.2125,120.5593,102.7373,103.0417,104.6586,104.8706
2007-01-11,100.2582,100.3502,103.0018,103.0827,118.5792,118.7115,120.3097,120.663,102.8131,103.123,104.7433,104.9609
2007-01-12,100.2099,100.3002,102.9617,103.0407,118.533,118.6633,120.1965,120.5517,102.7067,103.0182,104.6447,104.864
2007-01-15,100.2558,100.3448,102.966,103.0387,118.617,118.746,120.2153,120.5616,102.6977,103.0015,104.6584,104.8726
2007-01-16,100.2919,100.3506,103.0115,103.0534,118.6694,118.7631,120.3429,120.6909,102.7998,103.1049,104.7695,104.9851
2007-01-17,100.2702,100.3429,102.9983,103.0545,118.6541,118.7642,120.3733,120.7204,102.8176,103.1221,104.7959,105.0108
2007-01-18,100.2708,100.349,103.0078,103.0695,118.6651,118.7815,120.3515,120.7004,102.7904,103.0963,104.777,104.9933
2007-01-19,100.266,100.3441,102.9891,103.049,118.6696,118.786,120.2848,120.6354,102.7243,103.0316,104.7189,104.9368
2007-01-22,100.2667,100.3279,103.0119,103.0544,118.701,118.7978,120.3492,120.6937,102.7548,103.0568,104.7749,104.9875
2007-01-23,100.2242,100.2943,102.9776,103.0293,118.6614,118.7688,120.2992,120.6432,102.7032,103.0047,104.7314,104.9436
2007-01-24,100.2355,100.302,102.998,103.0459,118.6849,118.7879,120.3176,120.6622,102.7108,103.0127,104.7466,104.9601
2007-01-25,100.235,100.3112,103.0062,103.0642,118.6944,118.8089,120.3133,120.6559,102.6986,102.9988,104.7428,104.9546
2007-01-26,100.1968,100.2719,102.9764,103.0332,118.66,118.7732,120.3,120.6374,102.6787,102.9744,104.7312,104.9386
2007-01-29,100.2353,100.2916,103.0419,103.0797,118.7355,118.8269,120.3389,120.6668,102.6872,102.9746,104.7651,104.9642
2007-01-30,100.0939,100.1467,102.9074,102.9417,118.5806,118.6678,120.0895,120.3907,102.463,102.7272,104.548,104.724
2007-01-31,100.0304,100.0894,102.8503,102.8909,118.5166,118.6111,120.0527,120.3654,102.4228,102.6969,104.5159,104.7019
2007-02-01,100.0654,100.1289,102.8946,102.9398,118.5677,118.6675,119.8893,120.1978,102.2729,102.5434,104.3736,104.5561
2007-02-02,100.0092,100.0727,102.8465,102.8917,118.5122,118.612,119.8547,120.1631,102.2346,102.505,104.3435,104.526
2007-02-05,100.0027,100.0663,102.8664,102.9116,118.5352,118.635,119.8238,120.1321,102.1827,102.453,104.3166,104.4991
2007-02-06,99.8989,99.9624,102.7701,102.8152,118.4241,118.5239,119.7936,120.1019,102.1482,102.4184,104.2904,104.4727
2007-02-07,99.9168,99.9803,102.797,102.8422,118.4552,118.555,119.8134,120.1217,102.1569,102.4271,104.3076,104.49
2007-02-08,99.8932,99.9567,102.7779,102.823,118.4377,118.5375,119.8054,120.1137,102.1416,102.4118,104.3006,104.483
2007-02-09,99.8629,99.9264,102.756,102.8011,118.4125,118.5123,119.7603,120.0685,102.0942,102.3642,104.2614,104.4437
2007-02-12,99.8272,99.8907,102.7463,102.7914,118.4013,118.5011,119.7439,120.0521,102.0548,102.3248,104.2471,104.4294
2007-02-13,99.8159,99.8794,102.7437,102.7888,118.3983,118.4981,119.7478,120.0559,102.0498,102.3197,104.2505,104.4328
2007-02-14,99.8313,99.8947,102.768,102.8132,118.4264,118.5262,119.746,120.0542,102.0399,102.3098,104.2489,104.4312
2007-02-15,99.8496,99.913,102.7954,102.8406,118.4579,118.5578,119.7763,120.0845,102.0576,102.3276,104.2752,104.4576
2007-02-16,99.8405,99.9039,102.795,102.8402,118.4575,118.5573,119.8157,120.124,102.0834,102.3534,104.3096,104.492
2007-02-26,99.8966,99.9698,102.9294,102.9793,118.6319,118.7373,119.9137,120.2423,102.0896,102.3719,104.2573,104.4574
2007-02-27,99.8791,99.9637,102.9205,102.982,118.6216,118.7403,119.9362,120.2681,102.1006,102.3855,104.1317,104.3238
2007-02-28,99.8651,99.9388,102.9151,102.9656,118.6154,118.7214,119.9613,120.2813,102.114,102.3885,104.1536,104.3352
2007-03-01,99.8571,99.9296,102.9058,102.9544,118.6162,118.721,119.9844,120.3058,102.1256,102.4013,104.1737,104.3565
2007-03-02,99.8611,99.926,102.9187,102.9596,118.6311,118.727,119.9556,120.268,102.0923,102.3603,104.1486,104.3237
2007-03-05,99.7799,99.833,102.8625,102.8915,118.5663,118.6485,119.9634,120.2739,102.074,102.3399,104.1279,104.299
2007-03-06,99.8132,99.871,102.9051,102.9388,118.6154,118.703,119.9499,120.2596,102.0539,102.3192,104.1162,104.2866
2007-03-07,99.8781,99.9372,102.9797,103.0148,118.7014,118.7906,119.9489,120.2627,102.0447,102.3135,104.1153,104.2893
2007-03-08,99.8113,99.8723,102.9207,102.9577,118.6334,118.7248,119.9332,120.2611,102.0226,102.3037,104.1016,104.2879
2007-03-09,99.843,99.9039,102.9617,102.9986,118.6806,118.772,119.9305,120.2584,102.0119,102.293,104.0993,104.2856
2007-03-12,99.8564,99.9173,103.0016,103.0386,118.7266,118.818,120.016,120.3443,102.0606,102.3418,104.1736,104.3601
2007-03-13,99.8276,99.8885,102.9812,103.0181,118.7031,118.7945,119.9935,120.3217,102.0328,102.3139,104.154,104.3404
2007-03-14,99.8454,99.9064,103.0081,103.045,118.7341,118.8255,119.9671,120.2952,102.0016,102.2826,104.1311,104.3175
2007-03-15,99.8489,99.9099,103.0204,103.0574,118.7483,118.8397,119.9747,120.3028,101.9998,102.2808,104.1377,104.3241
2007-03-16,99.7794,99.8403,102.9586,102.9956,118.6771,118.7685,119.9087,120.2365,101.9344,102.2152,104.0803,104.2666
2007-03-19,99.7719,99.8328,102.9223,102.9593,118.6986,118.7899,119.9102,120.238,101.9104,102.1912,104.0816,104.2679
2007-03-20,99.7659,99.8269,102.9249,102.9619,118.7017,118.793,119.9497,120.2777,101.9361,102.2169,104.1159,104.3023
2007-03-21,99.7468,99.8078,102.9143,102.9513,118.6894,118.7807,119.8508,120.1784,101.8424,102.123,104.03,104.2162
2007-03-22,99.6365,99.6974,102.8111,102.8481,118.5705,118.6616,119.8279,120.1553,101.8141,102.0946,104.01,104.1962
2007-03-23,99.6587,99.7196,102.7919,102.8289,118.6064,118.6976,119.7846,120.1119,101.7684,102.0488,103.9724,104.1585
2007-03-26,99.6594,99.7203,102.819,102.856,118.6376,118.7289,119.808,120.1354,101.7633,102.0437,103.9927,104.1788
2007-03-27,99.6551,99.716,102.8234,102.8605,118.6427,118.734,119.7874,120.1146,101.7371,102.0174,103.9748,104.1609
2007-03-28,99.6409,99.7018,102.8177,102.8548,118.6362,118.7274,119.845,120.1725,101.7784,102.0588,104.0249,104.211
2007-03-29,99.6218,99.6827,102.8071,102.8441,118.6239,118.7151,119.8768,120.2045,101.7975,102.0779,104.0526,104.2388
2007-03-30,99.6734,99.7343,102.8683,102.9053,118.6944,118.7857,119.8534,120.181,101.7689,102.0492,104.0322,104.2184
2007-04-02,99.6647,99.7257,102.8858,102.9228,118.7147,118.806,119.9044,120.2321,101.7875,102.068,104.0758,104.2621
2007-04-03,99.6345,99.6954,102.8639,102.9009,118.6893,118.7807,119.8623,120.1898,101.7428,102.0231,104.0392,104.2254
2007-04-04,99.6112,99.6721,102.7991,102.8361,118.6722,118.7635,119.9403,120.2681,101.8016,102.0821,104.107,104.2933
2007-04-05,99.591,99.6518,102.7873,102.8244,118.6586,118.7499,119.9016,120.2293,101.7599,102.0402,104.0733,104.2596
2007-04-06,99.5719,99.6328,102.7633,102.8003,118.6464,118.7377,119.794,120.1214,101.6588,101.9389,103.98,104.1661
2007-04-09,99.4571,99.518,102.6642,102.7013,118.5424,118.6336,119.7266,120.0538,101.5754,101.8553,103.9214,104.1074
2007-04-10,99.3945,99.4554,102.6095,102.6466,118.4793,118.5704,119.5655,119.8922,101.4283,101.7077,103.7816,103.9673
2007-04-11,99.3779,99.4387,102.6014,102.6385,118.4699,118.5611,119.5276,119.8543,101.3872,101.6665,103.7487,103.9344
2007-04-12,99.3496,99.4105,102.5816,102.6185,118.4471,118.5382,119.5726,119.8993,101.4175,101.6969,103.7878,103.9735
2007-04-13,99.3475,99.4083,102.5882,102.6251,118.4547,118.5458,119.5117,119.8383,101.3566,101.6359,103.7349,103.9206
2007-04-16,99.3222,99.3831,102.5889,102.6258,118.4555,118.5467,119.4878,119.8143,101.3108,101.5899,103.7142,103.8998
2007-04-17,99.2396,99.3005,102.5139,102.5508,118.3689,118.46,119.2427,119.5683,101.0911,101.3696,103.5012,103.6864
2007-04-18,99.1165,99.1773,102.3259,102.3628,118.2348,118.3258,118.9825,119.3065,100.8584,101.1363,103.1968,103.3815
2007-04-19,99.0241,99.0849,102.241,102.2778,118.1367,118.2276,118.8249,119.1483,100.7141,100.9916,102.9695,103.1537
2007-04-20,98.9697,99.0304,102.1945,102.2314,118.0831,118.1739,118.6493,118.972,100.5543,100.8314,102.8171,103.0011
2007-04-23,98.9874,99.0482,102.2126,102.2495,118.1343,118.2252,118.7278,119.0509,100.5963,100.8734,102.841,103.025
2007-04-24,98.9592,99.02,102.1928,102.2297,118.1115,118.2023,118.772,119.0952,100.6257,100.9029,102.8793,103.0634
2007-04-25,99.0076,99.0684,102.2506,102.2875,118.1782,118.2692,118.8891,119.2128,100.718,100.9955,102.9809,103.1652
2007-04-26,99.0249,99.0857,102.1778,102.2147,118.2087,118.2997,118.9382,119.262,100.7516,101.0292,103.0234,103.2078
2007-04-27,99.0342,99.095,102.196,102.2329,118.2297,118.3207,118.9366,119.2604,100.7417,101.0192,103.022,103.2064
2007-04-30,99.1019,99.1477,102.291,102.3129,118.3394,118.4133,118.9945,119.3044,100.7653,101.0314,103.0722,103.2445
2007-05-08,99.085,99.1154,102.3404,102.3465,118.401,118.457,119.0437,119.3613,100.7389,101.0117,103.1148,103.2937
2007-05-09,99.0399,99.0863,102.3035,102.3258,118.3583,118.4331,119.0147,119.3449,100.7054,100.9888,102.9774,103.1628
2007-05-10,98.9994,99.0404,102.2154,102.2273,118.3209,118.3894,118.8975,119.2228,100.596,100.8753,102.876,103.0573
2007-05-11,98.9154,98.9608,102.139,102.1554,118.2325,118.3062,118.7535,119.078,100.4636,100.7423,102.7512,102.9321
2007-05-14,98.8686,98.9155,102.1179,102.1359,118.2081,118.2836,118.7324,119.062,100.4195,100.7026,102.6728,102.8559
2007-05-15,98.8361,98.883,102.0937,102.1117,118.1801,118.2556,118.5092,118.8379,100.219,100.5015,102.4795,102.6622
2007-05-16,98.8105,98.8573,102.012,102.03,118.1602,118.2357,118.5573,118.8861,100.2515,100.5342,102.5211,102.7039
2007-05-17,98.7596,98.8065,101.9692,101.9873,118.1107,118.1861,118.339,118.6669,100.0553,100.3373,102.3321,102.5146
2007-05-18,98.7039,98.7508,101.8962,101.9142,118.0555,118.1308,118.4095,118.7377,100.1071,100.3893,102.3932,102.5757
2007-05-21,98.5085,98.5554,101.7242,101.7423,117.8565,117.9315,118.0046,118.331,99.7329,100.0141,102.0386,102.2205
2007-05-22,98.4586,98.5055,101.6824,101.7005,117.8082,117.883,117.9715,118.2978,99.6957,99.9768,102.0099,102.1918
2007-05-23,98.4304,98.4773,101.6275,101.6457,117.7853,117.8601,118.0198,118.3463,99.7286,100.0098,102.0518,102.2337
2007-05-24,98.4254,98.4722,101.6313,101.6494,117.7896,117.8644,117.8948,118.2208,99.6125,99.8934,101.9435,102.1253
2007-05-25,98.4032,98.45,101.4515,101.4696,117.7738,117.8484,117.8928,118.2192,99.6021,99.8829,101.6401,101.8213
2007-05-28,98.3707,98.4175,101.4253,101.4435,117.7665,117.8411,117.9073,118.2337,99.5886,99.8694,101.6456,101.8269
2007-05-29,98.378,98.4249,101.4417,101.4599,117.7855,117.8602,117.8425,118.1686,99.5244,99.8049,101.5897,101.7708
2007-05-30,98.3764,98.4233,101.449,101.4672,117.7939,117.8686,117.8525,118.1786,99.5243,99.8048,101.5983,101.7794
2007-05-31,98.3667,98.4136,101.4481,101.4662,117.7929,117.8676,117.86,118.1862,99.5221,99.8026,101.6048,101.7859
2007-06-01,98.3856,98.4324,101.3725,101.3906,117.8255,117.9003,117.8622,118.1884,99.5153,99.7958,101.6067,101.7878
2007-06-04,98.3742,98.421,101.3877,101.4059,117.8432,117.918,117.8962,118.2225,99.5185,99.799,101.636,101.8172
2007-06-05,98.3753,98.4222,101.3977,101.4159,117.8549,117.9297,117.8867,118.2129,99.5017,99.7822,101.6278,101.809
2007-06-06,98.3316,98.3785,101.3623,101.3805,117.8137,117.8885,117.8568,118.183,99.4674,99.7478,101.602,101.7832
2007-06-07,98.2421,98.2889,101.2803,101.2985,117.7184,117.7932,117.897,118.2233,99.4932,99.7737,101.6367,101.8179
2007-06-08,98.2764,98.3233,101.3241,101.3423,117.7693,117.8441,117.6137,117.9392,99.2419,99.5217,101.3925,101.5732
2007-06-11,98.1854,98.2323,101.2584,101.2767,117.6931,117.7678,117.4888,117.8139,99.1091,99.3885,101.2847,101.4653
2007-06-12,97.9434,97.9902,100.9966,101.0149,117.4178,117.4924,117.2082,117.5326,98.8603,99.139,101.0289,101.209
2007-06-13,97.9184,97.9652,100.98,100.9983,117.3986,117.4732,117.1643,117.4885,98.8141,99.0927,100.991,101.1711
2007-06-14,97.9345,97.9813,101.0054,101.0237,117.428,117.5026,117.036,117.3598,98.6956,98.9739,100.8804,101.0603
2007-06-15,97.882,97.9288,100.9609,100.9792,117.3764,117.451,116.9891,117.3128,98.6469,98.925,100.84,101.0198
2007-06-18,97.7824,97.8292,100.8501,100.8684,117.2901,117.3634,116.8958,117.2192,98.5409,98.8187,100.7163,100.8958
2007-06-19,97.7002,97.747,100.7756,100.794,117.2035,117.2767,116.7533,117.0763,98.4102,98.6876,100.5934,100.7727
2007-06-20,97.7245,97.7713,100.8093,100.8276,117.2427,117.3159,116.7543,117.0772,98.4023,98.6797,100.5942,100.7736
2007-06-21,97.5034,97.5501,100.5937,100.6121,116.9921,117.0651,116.3837,116.7053,98.0765,98.353,100.2747,100.4535
2007-06-22,97.4315,97.4783,100.5165,100.5349,116.9177,116.9906,116.3632,116.6848,98.0502,98.3266,100.257,100.4358
2007-06-25,97.4647,97.5115,100.5417,100.5601,116.9882,117.0611,116.3349,116.6564,98.0,98.2763,100.2327,100.4114
2007-06-26,97.4456,97.4923,100.5312,100.5496,116.9761,117.0489,116.3058,116.6272,97.9665,98.2427,100.1635,100.3421
2007-06-27,97.3366,97.3833,100.4296,100.448,116.8579,116.9306,116.2982,116.6196,97.9513,98.2274,100.1569,100.3355
2007-06-28,97.2955,97.3422,100.3968,100.4153,116.8199,116.8925,116.3447,116.6662,97.9823,98.2585,100.197,100.3756
2007-06-29,97.2693,97.3161,100.3792,100.3977,116.7994,116.872,116.314,116.6354,97.9474,98.2235,100.1706,100.3491
2007-07-02,97.2488,97.2955,100.3853,100.4038,116.8065,116.8791,116.3225,116.644,97.9282,98.2043,100.1779,100.3565
2007-07-03,97.2444,97.2911,100.3898,100.4083,116.8117,116.8843,116.4288,116.7505,98.0102,98.2865,100.2694,100.4482
2007-07-04,97.26,97.3067,100.3733,100.3917,116.8407,116.9133,116.4442,116.766,98.0145,98.2908,100.2827,100.4615
2007-07-05,97.2598,97.3066,100.3821,100.4005,116.8509,116.9236,116.4953,116.8173,98.0494,98.3258,100.3267,100.5056
2007-07-06,97.2245,97.2712,100.3489,100.3674,116.8196,116.8922,116.3894,116.711,97.9501,98.2263,100.2319,100.4106
2007-07-09,97.2063,97.2531,100.3076,100.3261,116.8296,116.9024,116.4603,116.7822,97.9844,98.2606,100.293,100.4718
2007-07-10,97.186,97.2328,100.296,100.3145,116.8161,116.8889,116.5121,116.834,98.0197,98.2961,100.3375,100.5164
2007-07-11,97.2046,97.2514,100.3239,100.3424,116.8486,116.9214,116.2735,116.5948,97.8072,98.083,100.1321,100.3106
2007-07-12,97.1436,97.1903,100.2588,100.2771,116.7869,116.8597,116.3507,116.6723,97.8644,98.1403,100.1986,100.3772
2007-07-13,97.0972,97.1439,100.2207,100.239,116.7426,116.8153,116.4149,116.7367,97.9104,98.1865,100.2539,100.4326
2007-07-16,97.136,97.1827,100.2872,100.3055,116.8199,116.8927,116.1821,116.5032,97.6852,97.9606,100.0534,100.2318
2007-07-17,97.1469,97.1937,100.3073,100.3256,116.8434,116.9162,116.1167,116.4376,97.6206,97.8958,99.997,100.1753
2007-07-18,97.0947,97.1414,100.2633,100.2816,116.7922,116.8649,116.155,116.476,97.6445,97.9198,100.0276,100.2059
2007-07-19,97.1015,97.1482,100.2793,100.2976,116.8107,116.8835,116.1341,116.4551,97.6179,97.8931,99.9416,100.1198
2007-07-20,97.0906,97.1373,100.2772,100.2955,116.8083,116.8811,116.136,116.4569,97.6107,97.8858,99.9432,100.1214
2007-07-23,97.1125,97.1592,100.3264,100.3447,116.8656,116.9385,116.0949,116.4157,97.5491,97.8241,99.9079,100.086
2007-07-24,97.143,97.1897,100.3664,100.3847,116.9121,116.9851,116.2215,116.5427,97.6483,97.9236,100.0168,100.1951
2007-07-25,97.269,97.3157,100.498,100.5163,117.0715,117.1447,116.614,116.9363,97.9745,98.2507,100.3546,100.5335
2007-07-26,97.452,97.4988,100.6928,100.7111,117.2981,117.3717,116.7171,117.0397,98.0538,98.3302,100.4434,100.6225
2007-07-27,97.4924,97.5392,100.7431,100.7613,117.3566,117.4303,116.8279,117.1508,98.1395,98.4162,100.5387,100.718
2007-07-30,97.4875,97.5343,100.7651,100.7834,117.3823,117.456,116.8526,117.1755,98.1341,98.4108,100.4364,100.6155
2007-07-31,97.4628,97.5096,100.749,100.7673,117.3636,117.4372,116.8287,117.1515,98.1048,98.3814,100.4158,100.5948
2007-08-01,97.5321,97.5789,100.8285,100.8468,117.4562,117.5299,116.8994,117.2224,98.1563,98.4331,100.4766,100.6557
2007-08-02,97.5466,97.5934,100.8523,100.8705,117.4838,117.5576,116.9506,117.2738,98.1912,98.468,100.5206,100.6998
2007-08-03,97.4991,97.5458,100.813,100.8313,117.4381,117.5118,116.9705,117.2937,98.1992,98.4761,100.5377,100.7169
2007-08-06,97.51,97.5568,100.8514,100.8696,117.4827,117.5565,116.9463,117.2694,98.1521,98.4288,100.5169,100.6961
2007-08-07,97.4476,97.4943,100.797,100.8152,117.4194,117.4931,116.9224,117.2455,98.1229,98.3995,100.4964,100.6756
2007-08-08,97.3871,97.4338,100.7389,100.7571,117.3584,117.4321,116.8953,117.2183,98.0909,98.3674,100.4731,100.6522
2007-08-09,97.4729,97.5198,100.8352,100.8535,117.4706,117.5444,116.9828,117.3061,98.1567,98.4334,100.5483,100.7276
2007-08-10,97.5023,97.5492,100.8742,100.8925,117.5159,117.5898,117.0343,117.3577,98.1917,98.4685,100.5925,100.7719
2007-08-13,97.4838,97.5306,100.8825,100.9008,117.5256,117.5995,117.103,117.4266,98.2233,98.5002,100.6516,100.8311
2007-08-14,97.4919,97.5387,100.8998,100.9181,117.5458,117.6197,117.0884,117.412,98.2019,98.4787,100.6391,100.8185
2007-08-15,97.5028,97.5497,100.8522,100.8706,117.5692,117.6432,117.1284,117.4522,98.2271,98.504,100.6735,100.853
2007-08-16,97.5098,97.5568,100.8685,100.8868,117.5881,117.6622,117.1721,117.496,98.2554,98.5324,100.7111,100.8907
2007-08-17,97.5627,97.6097,100.9313,100.9497,117.6613,117.7355,117.231,117.5552,98.2967,98.5738,100.7618,100.9414
2007-08-20,97.5898,97.6367,100.8852,100.9034,117.725,117.7992,117.2992,117.6236,98.328,98.6052,100.8205,101.0002
2007-08-21,97.6527,97.6996,100.9582,100.9764,117.8101,117.8844,117.4329,117.7578,98.433,98.7105,100.9355,101.1155
2007-08-22,97.6613,97.7084,100.9389,100.9573,117.831,117.9054,117.7749,118.1011,98.7158,98.9941,101.2298,101.4103
2007-08-23,97.7642,97.8115,101.0525,101.071,117.9635,118.0382,117.8768,118.2035,98.7938,99.0723,101.3175,101.4981
2007-08-24,97.8094,97.8566,101.1076,101.126,118.0278,118.1024,117.9052,118.2319,98.809,99.0875,101.3419,101.5225
2007-08-27,97.8084,97.8563,100.8972,100.916,118.0585,118.134,117.9611,118.288,98.8296,99.1082,101.39,101.5707
2007-08-28,97.7981,97.8455,100.8958,100.9141,118.0569,118.1318,118.0136,118.3408,98.8654,99.1441,101.4352,101.616
2007-08-29,97.7422,97.7894,100.8481,100.8663,118.0013,118.0758,117.9511,118.278,98.8031,99.0817,101.3814,101.5621
2007-08-30,97.7248,97.772,100.8396,100.8578,117.9913,118.0658,117.9726,118.2996,98.8125,99.091,101.3999,101.5807
2007-08-31,97.709,97.7563,100.7826,100.8008,117.9834,118.0579,118.0385,118.3649,98.8597,99.1384,101.313,101.4937
2007-09-03,97.7501,97.7973,100.852,100.8702,118.0645,118.1391,118.0873,118.4138,98.8741,99.1529,101.3549,101.5356
2007-09-04,97.7195,97.7667,100.8301,100.8483,118.0389,118.1135,118.148,118.4747,98.9167,99.1956,101.3834,101.5642
2007-09-05,97.7016,97.7488,100.8192,100.8374,118.0262,118.1007,118.0598,118.3862,98.8327,99.1114,101.3077,101.4883
2007-09-06,97.6884,97.7357,100.815,100.8333,118.0213,118.0958,118.0958,118.4223,98.8543,99.133,101.3386,101.5193
2007-09-07,97.6291,97.6763,100.764,100.7822,117.9615,118.036,117.9225,118.2485,98.698,98.9762,101.0949,101.2751
2007-09-10,97.6542,97.7014,100.8172,100.8354,118.0238,118.0984,117.9113,118.2373,98.6614,98.9395,101.0852,101.2655
2007-09-11,97.5519,97.5991,100.7226,100.7408,117.9131,117.9876,117.8475,118.1734,98.5982,98.8762,101.0306,101.2107
2007-09-12,97.4529,97.5001,100.6312,100.6495,117.8062,117.8806,117.6874,118.0128,98.4531,98.7307,100.8933,101.0732
2007-09-13,97.4419,97.4892,100.6293,100.6476,117.804,117.8784,117.7986,118.1243,98.5386,98.8164,100.9886,101.1687
2007-09-14,96.7662,96.8133,99.94,99.9584,117.0116,117.0853,116.7291,117.0515,97.6206,97.8958,100.0715,100.2499
2007-09-17,96.4477,96.4948,99.7831,99.8016,116.8575,116.9311,116.127,116.4468,96.9333,97.2066,99.481,99.6584
2007-09-18,96.6985,96.7456,99.7354,99.7538,116.9993,117.0474,116.1701,116.49,97.1118,97.3856,99.5179,99.6954
2007-09-19,96.699,96.7462,99.7434,99.7618,117.0108,117.059,116.5423,116.8636,97.4191,97.6938,99.8371,100.0151
2007-09-20,96.7628,96.81,99.8175,99.8359,117.0975,117.1459,116.619,116.9406,97.4753,97.7501,99.9029,100.081
2007-09-21,96.986,97.0332,100.0041,100.0225,117.3737,117.4233,116.8108,117.1331,97.6293,97.9045,100.0674,100.2458
2007-09-24,97.0306,97.0778,100.0234,100.0418,117.4595,117.5092,116.8846,117.2072,97.6649,97.9402,100.1306,100.3092
2007-09-25,97.1092,97.1563,100.0639,100.0823,117.5638,117.6136,117.0556,117.3788,97.8011,98.0768,100.2772,100.456
2007-09-26,97.2067,97.2539,100.1722,100.1906,117.6906,117.7408,117.3614,117.6858,98.0519,98.3283,100.5395,100.7188
2007-09-27,97.2922,97.3394,100.2684,100.2868,117.8033,117.8539,117.3997,117.7242,98.0753,98.3518,100.5723,100.7516
2007-09-28,97.3191,97.3663,100.2978,100.3161,117.8462,117.897,117.5074,117.8324,98.1578,98.4345,100.6647,100.8442
2007-10-08,97.4585,97.5057,100.5214,100.5397,118.1227,118.1739,117.7106,118.036,98.2379,98.5149,100.8387,101.0185
2007-10-09,97.4344,97.4816,100.4755,100.4938,118.105,118.1562,117.7367,118.0623,98.2509,98.5279,100.8612,101.041
2007-10-10,97.4177,97.4649,100.4461,100.4644,118.0961,118.1473,117.7709,118.0966,98.2706,98.5477,100.8904,101.0703
2007-10-11,97.4166,97.4639,100.4544,100.4728,118.1059,118.1571,117.8448,118.1707,98.324,98.6012,100.9538,101.1337
2007-10-12,97.4039,97.4511,100.4509,100.4693,118.1018,118.153,117.7717,118.0974,98.2528,98.5298,100.8911,101.071
2007-10-15,97.38,97.4272,100.4549,100.4732,118.1064,118.1577,117.8232,118.149,98.2685,98.5456,100.9352,101.1151
2007-10-16,97.329,97.3762,100.3892,100.4075,118.0567,118.1079,117.7624,118.088,98.2077,98.4846,100.8831,101.063
2007-10-17,97.24,97.2871,100.3082,100.3265,117.9615,118.0126,117.583,117.9081,98.0463,98.3227,100.7294,100.909
2007-10-18,97.1344,97.1815,100.1624,100.1807,117.8467,117.8976,117.5646,117.8896,98.0215,98.2978,100.7136,100.8932
2007-10-19,97.0432,97.0902,100.0792,100.0975,117.7489,117.7997,117.6162,117.9414,98.056,98.3324,100.7579,100.9375
2007-10-22,97.0387,97.0857,100.1033,100.1216,117.7773,117.8281,117.4029,117.7274,97.8472,98.1231,100.5751,100.7544
2007-10-23,96.9976,97.0446,100.0649,100.0832,117.7395,117.7902,117.2527,117.5752,97.7106,97.986,100.3119,100.4907
2007-10-24,96.9493,96.9963,100.0237,100.042,117.691,117.7417,117.2122,117.5345,97.667,97.9423,100.2772,100.456
2007-10-25,96.9606,97.0076,99.9832,100.0014,117.7158,117.7665,117.1652,117.4873,97.6178,97.893,100.2369,100.4156
2007-10-26,96.8983,96.9452,99.8869,99.9051,117.6526,117.7031,117.2085,117.5308,97.6453,97.9206,100.2249,100.4036
2007-10-29,96.9356,96.9825,99.9534,99.9717,117.7308,117.7815,117.3783,117.7013,97.7613,98.0369,100.3623,100.5412
2007-10-30,96.9491,96.9961,99.9276,99.9459,117.7582,117.8088,117.3901,117.7132,97.762,98.0376,100.3724,100.5513
2007-10-31,96.9558,97.0028,99.8304,99.8487,117.7775,117.8282,117.2528,117.5753,97.6364,97.9116,100.2548,100.4335
2007-11-01,96.946,96.993,99.8302,99.8484,117.7771,117.8278,117.2381,117.5605,97.6147,97.8899,100.2422,100.4209
2007-11-02,96.8632,96.9102,99.7558,99.774,117.6894,117.7401,117.1515,117.4737,97.5321,97.8071,100.1682,100.3468
2007-11-05,96.7351,96.7819,99.6546,99.6728,117.5701,117.6206,116.8563,117.1777,97.2545,97.5286,99.9122,100.0904
2007-11-06,96.6407,96.6875,99.5685,99.5866,117.4684,117.5189,116.7747,117.0959,97.1762,97.4501,99.8425,100.0205
2007-11-07,96.5004,96.5472,99.4356,99.4538,117.3117,117.3622,116.6843,117.0051,97.0903,97.364,99.7393,99.9171
2007-11-08,96.2927,96.3393,99.2308,99.2489,117.0742,117.1245,116.2812,116.6009,96.74,97.0127,99.3947,99.5719
2007-11-09,96.234,96.2807,99.167,99.1851,117.0195,117.0697,116.1886,116.5081,96.6524,96.9248,99.3156,99.4926
2007-11-12,96.1348,96.1814,99.0467,99.0648,116.9352,116.9854,116.0684,116.3875,96.5228,96.7949,99.2128,99.3897
2007-11-13,96.1069,96.1535,99.0281,99.0462,116.9133,116.9634,116.1415,116.4609,96.5754,96.8476,99.2196,99.3965
2007-11-14,96.0646,96.1111,98.9949,99.0129,116.8741,116.9241,116.1016,116.4208,96.5322,96.8043,99.1854,99.3623
2007-11-15,95.9763,96.0228,98.9149,98.933,116.7798,116.8297,116.0089,116.3278,96.4444,96.7163,99.1022,99.2789
2007-11-16,95.6878,95.7341,98.6316,98.6496,116.4455,116.4951,115.981,116.2998,96.4114,96.6832,99.0784,99.255
2007-11-19,95.6509,95.6973,98.5219,98.5399,116.436,116.4853,116.0238,116.3428,96.4195,96.6913,99.1149,99.2916
2007-11-20,95.6401,95.6864,98.5207,98.5387,116.4346,116.4838,116.0218,116.3407,96.4084,96.6802,99.1132,99.2899
2007-11-21,95.6542,95.7006,98.5449,98.5629,116.4631,116.5124,116.0435,116.3625,96.4174,96.6892,99.1198,99.2965
2007-11-22,95.5988,95.6452,98.4985,98.5164,116.4083,116.4575,116.0021,116.3208,96.3729,96.6446,98.9913,99.1678
2007-11-23,95.655,95.7014,98.5327,98.5506,116.4873,116.5366,116.1423,116.4617,96.4822,96.7542,99.1113,99.288
2007-11-26,95.6911,95.7375,98.3568,98.3747,116.5654,116.6149,116.2106,116.5302,96.5117,96.7837,99.1696,99.3464
2007-11-27,95.7523,95.7987,98.4352,98.4532,116.658,116.7079,116.3346,116.6551,96.6071,96.8795,99.1227,99.2994
2007-11-28,95.7559,95.8023,98.4487,98.4666,116.674,116.7239,116.375,116.6958,96.6319,96.9043,99.1573,99.3341
2007-11-29,95.7568,95.8033,98.4595,98.4775,116.6868,116.7368,116.3536,116.6742,96.6043,96.8766,99.1389,99.3157
2007-11-30,95.7649,95.8113,98.4776,98.4956,116.7082,116.7581,116.4023,116.7232,96.6361,96.9085,99.1806,99.3574
2007-12-03,95.7416,95.788,98.44,98.4579,116.7152,116.7654,116.4133,116.7343,96.617,96.8893,99.1743,99.3511
2007-12-04,95.7573,95.8037,98.4658,98.4838,116.7458,116.796,116.4283,116.7493,96.6202,96.8926,99.1861,99.3629
2007-12-05,95.7635,95.8099,98.482,98.5,116.765,116.8152,116.464,116.7852,96.6408,96.9133,99.2166,99.3934
2007-12-06,95.77,95.8164,98.4985,98.5165,116.7845,116.8348,116.5102,116.8314,96.6701,96.9427,99.2559,99.4328
2007-12-07,95.7757,95.8221,98.4891,98.5071,116.8031,116.8534,116.527,116.8483,96.6747,96.9473,99.2702,99.4472
2007-12-10,95.7774,95.8238,98.5175,98.5355,116.8403,116.891,116.5556,116.877,96.67,96.9425,99.2476,99.4245
2007-12-11,95.8165,95.8629,98.5672,98.5852,116.8992,116.95,116.6027,116.9242,96.7,96.9726,99.2877,99.4647
2007-12-12,95.8021,95.8485,98.5625,98.5804,116.8936,116.9443,116.6096,116.9312,96.6962,96.9688,99.2806,99.4576
2007-12-13,95.7503,95.7967,98.5199,98.5378,116.8431,116.8938,116.4977,116.8189,96.5924,96.8647,99.1852,99.3621
2007-12-14,95.7651,95.8115,98.5391,98.5571,116.8726,116.9233,116.6055,116.9271,96.6736,96.9461,99.2771,99.4541
2007-12-17,95.7657,95.8122,98.5697,98.5877,116.9088,116.9596,116.6381,116.9598,96.672,96.9446,99.2533,99.4303
2007-12-18,95.7802,95.8266,98.5944,98.6124,116.9381,116.9889,116.6808,117.0027,96.6984,96.971,99.2897,99.4668
2007-12-19,95.7762,95.8227,98.568,98.586,116.9452,116.996,116.7555,117.0776,96.7515,97.0243,99.3533,99.5304
2007-12-20,95.7784,95.8248,98.5802,98.5982,116.9597,117.0105,116.7602,117.0824,96.7461,97.0188,99.3574,99.5345
2007-12-21,95.8217,95.8681,98.6116,98.6296,117.0224,117.0733,116.6473,116.969,96.6413,96.9138,99.2612,99.4381
2007-12-24,95.9111,95.9576,98.7326,98.7506,117.1657,117.2169,116.8398,117.1622,96.7745,97.0473,99.4251,99.6024
2007-12-25,95.9138,95.9603,98.7454,98.7634,117.1809,117.2321,116.8301,117.1524,96.7567,97.0295,99.4168,99.5941
2007-12-26,95.9362,95.9827,98.7782,98.7962,117.2197,117.271,116.8664,117.1889,96.7776,97.0505,99.4478,99.6251
2007-12-27,95.9695,96.016,98.8117,98.8297,117.2717,117.3231,116.9275,117.2502,96.8193,97.0922,99.4998,99.6772
2007-12-28,95.9844,96.0309,98.8181,98.8362,117.3015,117.353,116.9761,117.2991,96.8504,97.1234,99.533,99.7104
2008-01-02,95.9951,96.0361,98.8592,98.8725,117.3685,117.42,117.0494,117.3729,96.8741,97.1355,99.4578,99.6234
2008-01-03,95.9499,95.9909,98.8233,98.8367,117.326,117.3774,116.9214,117.2443,96.7564,97.0175,99.3488,99.5143
2008-01-04,95.9298,95.9708,98.8131,98.8265,117.3139,117.3653,116.9852,117.3084,96.8003,97.0614,99.4031,99.5687
2008-01-07,95.9436,95.9846,98.8576,98.8709,117.3666,117.4181,117.0219,117.3452,96.8013,97.0625,99.4343,99.5999
2008-01-08,95.9839,96.025,98.899,98.9124,117.4273,117.4789,117.0953,117.419,96.8532,97.1145,99.4968,99.6625
2008-01-09,95.9917,96.0327,98.9172,98.9306,117.4489,117.5005,117.0507,117.3741,96.8057,97.0669,99.4588,99.6244
2008-01-10,96.0158,96.0568,98.9518,98.9652,117.49,117.5416,117.0386,117.362,96.7857,97.0468,99.4486,99.6142
2008-01-11,95.9288,95.9698,98.8736,98.887,117.3972,117.4487,116.8662,117.1888,96.6306,96.8913,99.3018,99.4672
2008-01-14,95.9536,95.9946,98.9281,98.9415,117.4634,117.515,116.9337,117.2566,96.6577,96.9184,99.3592,99.5247
2008-01-15,95.9382,95.9792,98.9226,98.936,117.4568,117.5084,116.9233,117.2462,96.639,96.8997,99.3504,99.5158
2008-01-16,95.9755,96.0165,98.9707,98.9841,117.514,117.5656,116.9477,117.2707,96.6496,96.9103,99.3712,99.5367
2008-01-17,95.9584,95.9994,98.9636,98.977,117.5055,117.5572,116.9391,117.2621,96.6324,96.8931,99.3638,99.5293
2008-01-18,95.9515,95.9925,98.9669,98.9803,117.5095,117.5611,116.9855,117.3086,96.6615,96.9223,99.4033,99.5689
2008-01-21,95.955,95.996,98.9975,99.0109,117.5504,117.6021,117.017,117.3403,96.6583,96.919,99.4301,99.5957
2008-01-22,95.9359,95.9769,98.9884,99.0018,117.5396,117.5913,117.0503,117.3737,96.6764,96.9372,99.4585,99.6241
2008-01-23,96.0907,96.1317,99.1563,99.1697,117.7389,117.7907,117.3242,117.6487,96.8969,97.1583,99.6915,99.8575
2008-01-24,96.1452,96.1863,99.2221,99.2356,117.817,117.8689,117.6454,117.9713,97.1571,97.4192,99.9642,100.1307
2008-01-25,96.2309,96.2721,99.3046,99.3181,117.9329,117.9849,117.5993,117.925,97.1083,97.3703,99.925,100.0914
2008-01-28,96.2849,96.326,99.3907,99.4041,118.0351,118.0871,117.7998,118.1264,97.2469,97.5092,100.0956,100.2623
2008-01-29,96.2928,96.334,99.4092,99.4226,118.0571,118.1092,117.7862,118.1127,97.2254,97.4877,100.084,100.2507
2008-01-30,96.3357,96.3769,99.4632,99.4767,118.1212,118.1733,117.9552,118.2824,97.3575,97.6201,100.2278,100.3947
2008-01-31,96.3792,96.4203,99.5178,99.5313,118.186,118.2382,118.1837,118.5119,97.5397,97.8028,100.4222,100.5895
2008-02-01,96.5975,96.6388,99.7503,99.7638,118.4621,118.5145,118.6247,118.9541,97.9001,98.1642,100.7969,100.9648
2008-02-04,96.6051,96.6464,99.7354,99.7489,118.5097,118.562,118.6658,118.9955,97.9042,98.1683,100.8319,100.9998
2008-02-05,96.6222,96.666,99.7577,99.7729,118.5427,118.5971,118.7404,119.0766,97.9568,98.2268,100.8953,101.0688
2008-02-13,96.6583,96.7021,99.8777,99.8929,118.6852,118.7398,118.8137,119.1498,97.9382,98.2082,100.7664,100.9397
2008-02-14,96.649,96.6928,99.8787,99.8939,118.6863,118.7409,118.8628,119.1991,97.9694,98.2394,100.808,100.9814
2008-02-15,96.641,96.6848,99.881,99.8962,118.689,118.7436,118.8469,119.1831,97.946,98.216,100.7945,100.9679
2008-02-18,96.6566,96.7004,99.9281,99.9433,118.7451,118.7997,118.8074,119.1436,97.8828,98.1526,100.6727,100.8458
2008-02-19,96.6025,96.6463,99.8835,99.8987,118.6921,118.7466,118.7127,119.0485,97.7932,98.0628,100.5866,100.7597
2008-02-20,96.5933,96.637,99.8845,99.8997,118.6933,118.7478,118.7303,119.0661,97.798,98.0675,100.6016,100.7746
2008-02-21,96.6139,96.6577,99.9159,99.9311,118.7306,118.7852,118.7963,119.1324,97.8433,98.113,100.6576,100.8307
2008-02-22,96.6145,96.6582,99.9269,99.9421,118.7436,118.7982,118.8665,119.203,97.8922,98.162,100.7172,100.8904
2008-02-25,96.6283,96.672,99.9602,99.9755,118.7974,118.8521,118.8942,119.2312,97.8852,98.155,100.7329,100.9062
2008-02-26,96.6513,96.6951,99.9942,100.0094,118.8376,118.8924,118.974,119.3114,97.9421,98.212,100.8006,100.974
2008-02-27,96.6557,96.6995,100.0091,100.0244,118.8554,118.9102,119.017,119.3546,97.968,98.238,100.7346,100.9079
2008-02-28,96.6395,96.6833,100.0031,100.0183,118.8483,118.903,118.9682,119.3056,97.9168,98.1867,100.6932,100.8664
2008-02-29,96.6166,96.6603,99.9902,100.0054,118.8329,118.8876,118.9045,119.2415,97.853,98.1227,100.6392,100.8123
2008-03-03,96.5999,96.6437,100.0045,100.0198,118.85,118.9047,118.8391,119.1759,97.7673,98.0368,100.5838,100.7568
2008-03-04,96.5739,96.6177,99.9885,100.0038,118.831,118.8857,118.8164,119.1532,97.738,98.0074,100.5452,100.7181
2008-03-05,96.5703,96.6141,99.9953,100.0106,118.8391,118.8938,118.8074,119.1441,97.72,97.9894,100.4183,100.591
2008-03-06,96.5861,96.6298,100.0218,100.037,118.8705,118.9252,118.8457,119.1825,97.7414,98.0108,100.4506,100.6234
2008-03-07,96.5832,96.6269,100.0293,100.0445,118.8794,118.9342,118.8036,119.1403,97.6957,97.965,100.415,100.5878
2008-03-10,96.6038,96.6476,100.0584,100.0737,118.9417,118.9965,118.8834,119.2205,97.7307,98.0001,100.4826,100.6554
2008-03-11,96.598,96.6418,100.0629,100.0782,118.9471,119.002,118.8733,119.2103,97.7115,97.9809,100.474,100.6468
2008-03-12,96.647,96.6907,100.1232,100.1385,119.0188,119.0736,118.9921,119.3297,97.8002,98.0698,100.5747,100.7477
2008-03-13,96.6403,96.6841,100.1269,100.1422,119.0231,119.078,119.0235,119.3612,97.8158,98.0854,100.6012,100.7742
2008-03-14,96.6699,96.7137,100.1675,100.1827,119.0714,119.1262,119.0186,119.3563,97.801,98.0706,100.5971,100.7701
2008-03-17,96.6771,96.7209,100.2062,100.2215,119.1174,119.1724,119.0922,119.4303,97.8306,98.1002,100.6595,100.8326
2008-03-18,96.6703,96.7141,100.1722,100.1875,119.1216,119.1766,119.1181,119.4563,97.8415,98.1112,100.6814,100.8546
2008-03-19,96.6936,96.7374,100.2064,100.2217,119.1622,119.2172,119.2111,119.5498,97.9086,98.1785,100.7601,100.9334
2008-03-20,96.7119,96.7557,100.2355,100.2508,119.1968,119.2518,119.3059,119.645,97.9771,98.2472,100.8404,101.0138
2008-03-21,96.7666,96.8104,100.3017,100.317,119.2754,119.3306,119.3645,119.7038,98.0154,98.2856,100.89,101.0635
2008-03-24,96.7669,96.8107,100.3336,100.3489,119.3134,119.3685,119.4518,119.7916,98.0564,98.3267,100.964,101.1377
2008-03-25,96.844,96.8879,100.4226,100.4379,119.4191,119.4744,119.6721,120.013,98.2299,98.5006,101.1506,101.3245
2008-03-26,96.8655,96.9094,100.455,100.4703,119.4577,119.513,119.7891,120.1305,98.3169,98.5879,101.2496,101.4238
2008-03-27,96.8755,96.9194,100.4634,100.4787,119.4822,119.5376,119.867,120.2089,98.3713,98.6424,101.3156,101.4899
2008-03-28,96.8695,96.9133,100.4592,100.4745,119.4874,119.5428,119.8758,120.2176,98.3678,98.6389,101.323,101.4973
2008-03-31,96.8994,96.9433,100.4909,100.5062,119.5613,119.6168,119.9241,120.2662,98.3758,98.647,101.1985,101.3726
2008-04-01,96.8814,96.9252,100.4831,100.4984,119.552,119.6074,119.9202,120.2623,98.3617,98.6328,101.1952,101.3693
2008-04-02,96.8979,96.9418,100.5105,100.5258,119.5846,119.6401,119.8965,120.2385,98.331,98.602,101.1752,101.3492
2008-04-03,96.9269,96.9708,100.5506,100.566,119.6324,119.6879,119.9365,120.2786,98.3535,98.6246,101.1391,101.313
2008-04-07,96.9482,96.9921,100.6146,100.63,119.7085,119.764,120.0163,120.3587,98.3762,98.6473,101.2064,101.3805
2008-04-08,96.9434,96.9873,100.6092,100.6245,119.7151,119.7707,120.009,120.3514,98.3592,98.6303,101.2003,101.3743
2008-04-09,96.9194,96.9633,100.5954,100.6107,119.6987,119.7542,120.0768,120.4195,98.4047,98.676,101.1759,101.3499
2008-04-10,96.9264,96.9703,100.613,100.6284,119.7197,119.7753,120.1024,120.4451,98.415,98.6863,101.1974,101.3715
2008-04-11,96.976,97.02,100.6742,100.6895,119.7924,119.8481,120.1273,120.4702,98.4248,98.6961,101.2185,101.3926
2008-04-14,96.9896,97.0335,100.7196,100.7349,119.8464,119.9021,120.2145,120.5577,98.4643,98.7357,101.292,101.4662
2008-04-15,96.9728,97.0167,100.7131,100.7284,119.8387,119.8944,120.2234,120.5665,98.4606,98.732,101.2994,101.4737
2008-04-16,96.9885,97.0324,100.7396,100.755,119.8703,119.926,120.217,120.5596,98.4443,98.7156,101.1999,101.3739
2008-04-17,97.0133,97.0572,100.7755,100.7909,119.913,119.9687,120.234,120.5766,98.4473,98.7186,101.2141,101.3882
2008-04-18,97.0461,97.0901,100.7856,100.801,119.9655,120.0212,120.3236,120.6666,98.5108,98.7823,101.2897,101.4639
2008-04-21,97.0111,97.055,100.6728,100.6881,119.9609,120.0167,120.3934,120.7367,98.5356,98.8072,101.3486,101.5229
2008-04-22,96.987,97.031,100.6589,100.6742,119.9444,120.0001,120.4111,120.7545,98.5392,98.8108,101.3635,101.5378
2008-04-23,96.9886,97.0326,100.5886,100.604,119.959,120.0146,120.4036,120.7469,98.5218,98.7933,101.3571,101.5315
2008-04-24,96.9457,96.9896,100.5555,100.5708,119.9196,119.9751,120.2954,120.6381,98.4206,98.6918,101.1793,101.3533
2008-04-25,96.9655,97.0094,100.5864,100.6017,119.9563,120.0119,120.3277,120.6706,98.4363,98.7076,101.2066,101.3806
2008-04-28,96.9498,96.9937,100.5752,100.5905,119.9754,120.0312,120.3703,120.7134,98.4384,98.7097,101.1274,101.3013
2008-04-29,96.933,96.9769,100.5688,100.5841,119.9678,120.0235,120.288,120.6306,98.3586,98.6297,101.0504,101.2242
2008-04-30,96.9009,96.9448,100.5468,100.5621,119.9416,119.9973,120.2672,120.6096,98.3301,98.6011,101.0328,101.2066
2008-05-05,96.9093,96.9532,100.6053,100.6207,120.018,120.0737,120.3248,120.6674,98.3208,98.5918,101.0812,101.2551
2008-05-06,96.8944,96.9382,100.6008,100.6162,120.0126,120.0683,120.3509,120.6936,98.3313,98.6023,101.1032,101.2771
2008-05-07,96.7866,96.8304,100.5016,100.5169,119.8942,119.9499,120.1185,120.4605,98.1271,98.3976,100.9079,101.0815
2008-05-08,96.8482,96.8921,100.5752,100.5905,119.982,120.0377,120.2209,120.5632,98.2009,98.4716,100.994,101.1677
2008-05-09,96.8909,96.9348,100.6208,100.6361,120.0467,120.1025,120.2849,120.6274,98.2428,98.5136,100.9765,101.1501
2008-05-12,96.885,96.9289,100.647,100.6624,120.078,120.1338,120.3079,120.6505,98.228,98.4988,100.9958,101.1695
2008-05-13,96.8762,96.92,100.6488,100.6642,120.0801,120.1359,120.291,120.6335,98.2027,98.4733,100.9273,101.1009
2008-05-14,96.8691,96.913,100.6524,100.6677,120.0844,120.1401,120.3039,120.6465,98.2021,98.4728,100.9382,101.1118
2008-05-15,96.874,96.9249,100.6681,100.6799,120.1031,120.1546,120.3149,120.6444,98.1999,98.4711,100.9474,101.1101
2008-05-16,96.8574,96.9083,100.6137,100.6254,120.0958,120.1472,120.3114,120.6409,98.1857,98.4568,100.9445,101.1072
2008-05-19,96.8404,96.8913,100.6289,100.6407,120.1139,120.1654,120.2913,120.6205,98.135,98.4061,100.8801,101.0427
2008-05-20,96.8212,96.8721,100.6202,100.632,120.1036,120.155,120.3024,120.6317,98.1329,98.4039,100.8894,101.052
2008-05-21,96.8403,96.8912,100.6506,100.6623,120.1398,120.1913,120.313,120.6423,98.1303,98.4013,100.8983,101.0609
2008-05-22,96.8515,96.9025,100.6729,100.6846,120.1664,120.2179,120.3354,120.6648,98.1376,98.4086,100.9171,101.0798
2008-05-23,96.8556,96.9065,100.6855,100.6973,120.1842,120.2358,120.3555,120.6849,98.1428,98.4139,100.9339,101.0966
2008-05-26,96.8245,96.8754,100.5558,100.5675,120.1869,120.2385,120.4035,120.7332,98.1482,98.4192,100.8245,100.987
2008-05-27,96.8324,96.8833,100.5746,100.5863,120.2094,120.261,120.4009,120.7305,98.1345,98.4056,100.8223,100.9848
2008-05-28,96.8301,96.881,100.5627,100.5745,120.2194,120.271,120.4426,120.7725,98.1576,98.4287,100.8573,101.0199
2008-05-29,96.8325,96.8834,100.5719,100.5837,120.2351,120.2868,120.452,120.7819,98.154,98.425,100.8652,101.0278
2008-05-30,96.8331,96.884,100.5832,100.595,120.2486,120.3003,120.4895,120.8197,98.1736,98.4447,100.8967,101.0594
2008-06-02,96.819,96.8699,100.6009,100.6126,120.2697,120.3214,120.566,120.8963,98.2024,98.4736,100.9608,101.1235
2008-06-03,96.8231,96.874,100.6157,100.6275,120.2875,120.3392,120.5734,120.9038,98.1971,98.4683,100.967,101.1298
2008-06-04,96.8171,96.868,100.6203,100.6321,120.293,120.3447,120.5986,120.929,98.2064,98.4776,100.9881,101.1509
2008-06-05,96.8194,96.8703,100.6334,100.6452,120.3086,120.3604,120.6252,120.9557,98.2169,98.4881,101.0103,101.1731
2008-06-06,96.8257,96.8766,100.6506,100.6623,120.3291,120.3809,120.6127,120.9432,98.1951,98.4663,100.9999,101.1627
2008-06-10,96.7063,96.7572,100.5715,100.5832,120.2346,120.2863,120.3383,120.6681,97.9223,98.1928,100.7701,100.9326
2008-06-11,96.5499,96.6006,100.3745,100.3862,120.0565,120.1081,120.0619,120.3908,97.6822,97.952,100.5386,100.7007
2008-06-12,96.5552,96.6059,100.3906,100.4024,120.0757,120.1274,120.0198,120.3487,97.636,97.9056,100.4935,100.6555
2008-06-13,96.5056,96.5563,100.3264,100.3382,120.028,120.0796,119.9736,120.3023,97.5863,97.8558,100.4548,100.6167
2008-06-16,96.5794,96.6302,100.4108,100.4225,120.1566,120.2083,120.0574,120.3864,97.6211,97.8907,100.4858,100.6478
2008-06-17,96.5826,96.6334,100.4248,100.4365,120.1733,120.2251,120.1106,120.4398,97.6536,97.9233,100.5304,100.6925
2008-06-18,96.5617,96.6125,100.3979,100.4097,120.1608,120.2125,120.1132,120.4423,97.6442,97.9139,100.5325,100.6946
2008-06-19,96.5577,96.6084,100.4046,100.4163,120.1687,120.2205,120.1352,120.4644,97.6509,97.9206,100.551,100.7131
2008-06-20,96.5472,96.598,100.4047,100.4164,120.1689,120.2206,119.9209,120.2495,97.4621,97.7313,100.3716,100.5333
2008-06-23,96.5365,96.5872,100.4099,100.4216,120.1944,120.2462,119.9308,120.2594,97.4358,97.7049,100.3388,100.5006
2008-06-24,96.506,96.5568,100.3619,100.3737,120.1702,120.2219,119.9625,120.2911,97.4504,97.7195,100.3653,100.5271
2008-06-25,96.4997,96.5504,100.3662,100.3779,120.1753,120.2271,119.9832,120.3119,97.4559,97.7251,100.3826,100.5444
2008-06-26,96.4232,96.4739,100.2443,100.256,120.0949,120.1465,119.7419,120.0699,97.2449,97.5135,100.1395,100.3009
2008-06-27,96.3511,96.4017,100.1693,100.181,120.0198,120.0711,119.5648,119.8921,97.0868,97.355,99.9913,100.1524
2008-06-30,96.2977,96.3484,100.1388,100.1505,119.9935,120.0448,119.619,119.9465,97.097,97.3651,100.0367,100.1979
2008-07-01,96.2535,96.3041,100.1044,100.1162,119.9523,120.0036,119.5504,119.8777,97.0286,97.2966,99.9792,100.1404
2008-07-02,96.1752,96.2258,100.0194,100.0311,119.8695,119.9206,119.4038,119.7308,96.896,97.1636,99.8567,100.0177
2008-07-03,96.171,96.2216,100.0259,100.0376,119.8773,119.9284,119.5335,119.8608,96.9916,97.2594,99.9652,100.1263
2008-07-04,96.1462,96.1968,99.9792,99.9909,119.8599,119.9109,119.4395,119.7666,96.9023,97.17,99.8866,100.0476
2008-07-07,96.1406,96.1912,99.9658,99.9775,119.8921,119.9432,119.4139,119.7408,96.8464,97.1139,99.8643,100.0253
2008-07-08,96.1388,96.1894,99.9748,99.9865,119.9029,119.954,119.4664,119.7935,96.8782,97.1458,99.9082,100.0693
2008-07-09,96.1823,96.2329,100.0301,100.0418,119.9691,120.0203,119.5209,119.8482,96.9117,97.1793,99.9539,100.115
2008-07-10,96.2035,96.2541,99.9785,99.9902,120.0081,120.0593,119.6952,120.0229,97.044,97.3121,100.0996,100.261
2008-07-11,96.2748,96.3254,100.0622,100.0739,120.1084,120.1597,119.7619,120.0899,97.0876,97.3557,100.1554,100.3169
2008-07-14,96.2414,96.292,100.0606,100.0723,120.1065,120.1578,119.8234,120.1515,97.1036,97.3718,100.1958,100.3573
2008-07-15,96.2588,96.3094,100.0892,100.1009,120.1408,120.1922,119.8737,120.2019,97.1335,97.4018,100.2378,100.3994
2008-07-16,96.2632,96.3138,100.1046,100.1163,120.1592,120.2106,119.9538,120.2823,97.1882,97.4566,100.3049,100.4665
2008-07-17,96.2527,96.3033,100.1048,100.1165,120.1595,120.2109,119.9111,120.2395,97.1413,97.4096,100.2692,100.4308
2008-07-18,96.2256,96.2762,100.0879,100.0997,120.1393,120.1907,119.9647,120.2932,97.174,97.4424,100.312,100.4737
2008-07-21,96.2228,96.2734,100.086,100.0977,120.1751,120.2265,120.0113,120.3399,97.1777,97.4461,100.351,100.5128
2008-07-22,96.2401,96.2907,100.1145,100.1263,120.2092,120.2607,120.0727,120.4015,97.2168,97.4853,100.4024,100.5642
2008-07-23,96.2646,96.3152,100.1504,100.1622,120.2523,120.3039,120.0629,120.3916,97.197,97.4655,100.3941,100.556
2008-07-24,96.2634,96.314,100.1601,100.1719,120.2639,120.3155,120.0677,120.3965,97.1894,97.4579,100.3982,100.56
2008-07-25,96.2666,96.3172,100.158,100.1697,120.2809,120.3325,120.0878,120.4166,97.1944,97.4628,100.4149,100.5768
2008-07-28,96.2534,96.304,100.1773,100.189,120.304,120.3557,120.0915,120.4203,97.1626,97.431,100.4072,100.569
2008-07-29,96.2714,96.322,100.2065,100.2183,120.3391,120.3908,120.1466,120.4756,97.1965,97.4649,100.3621,100.5239
2008-07-30,96.2783,96.3289,100.2246,100.2363,120.3607,120.4125,120.1802,120.5094,97.2125,97.481,100.3902,100.552
2008-07-31,96.2133,96.2639,100.169,100.1807,120.2942,120.3458,120.0365,120.3652,97.0821,97.3502,100.2701,100.4317
2008-08-01,96.1536,96.2041,100.119,100.1307,120.2341,120.2856,119.9158,120.2441,96.9707,97.2385,100.1692,100.3307
2008-08-04,96.1875,96.2381,100.1865,100.1982,120.3151,120.3667,119.9772,120.3058,96.9863,97.2542,100.1081,100.2695
2008-08-05,96.1993,96.2499,100.2041,100.2158,120.3428,120.3944,120.0109,120.3396,97.0024,97.2703,100.1363,100.2977
2008-08-06,96.1946,96.2452,100.2102,100.2219,120.3501,120.4017,120.0284,120.3571,97.0052,97.2731,100.1509,100.3123
2008-08-07,96.2191,96.2697,100.2462,100.2579,120.3934,120.445,120.0655,120.3944,97.024,97.292,100.1819,100.3433
2008-08-08,96.2224,96.273,100.2605,100.2722,120.4106,120.4622,120.0919,120.4208,97.0341,97.3021,100.2039,100.3654
2008-08-11,96.1782,96.2288,100.2482,100.2599,120.3958,120.4474,120.0288,120.3574,96.9468,97.2145,100.0856,100.247
2008-08-12,96.2566,96.3072,100.3392,100.3509,120.5051,120.5567,120.0858,120.4147,96.9821,97.25,100.1333,100.2947
2008-08-13,96.2921,96.3428,100.3865,100.3982,120.5618,120.6136,120.2213,120.5508,97.0823,97.3504,100.2465,100.408
2008-08-14,96.3467,96.3974,100.4532,100.4649,120.6419,120.6937,120.2555,120.5852,97.0989,97.367,100.2751,100.4367
2008-08-15,96.4038,96.4545,100.4688,100.4805,120.7252,120.777,120.3731,120.7033,97.1842,97.4526,100.3733,100.535
2008-08-18,96.4468,96.4976,100.5457,100.5575,120.8177,120.8696,120.5449,120.8759,97.2909,97.5596,100.5168,100.6788
2008-08-19,96.4769,96.5276,100.5394,100.5512,120.8679,120.9197,120.7641,121.0961,97.4602,97.7294,100.6999,100.8622
2008-08-20,96.5302,96.581,100.524,100.5357,120.9466,120.9986,120.8308,121.1631,97.5036,97.7729,100.6745,100.8368
2008-08-21,96.5514,96.6021,100.5567,100.5684,120.9859,121.038,120.8733,121.2058,97.5269,97.7963,100.71,100.8723
2008-08-22,96.5783,96.6291,100.5952,100.607,121.0322,121.0844,120.9944,121.3276,97.6152,97.8848,100.8112,100.9737
2008-08-25,96.6103,96.6611,100.4854,100.4971,121.1114,121.1639,121.0777,121.4119,97.6488,97.9184,100.7428,100.9052
2008-08-26,96.6225,96.6733,100.5088,100.5206,121.1396,121.1922,121.1716,121.5064,97.7145,97.9844,100.8212,100.9837
2008-08-27,96.6839,96.7347,100.5826,100.5943,121.2283,121.2811,121.2485,121.5838,97.7662,98.0362,100.8854,101.048
2008-08-28,96.7697,96.8205,100.6776,100.6894,121.347,121.4001,121.3799,121.716,97.8629,98.1332,100.9227,101.0853
2008-08-29,96.8423,96.8932,100.7628,100.7746,121.4495,121.5029,121.4984,121.8353,97.949,98.2195,101.0216,101.1844
2008-09-01,96.9455,96.9964,100.8384,100.8502,121.6163,121.6697,121.7058,122.0437,98.0838,98.3546,101.0521,101.215
2008-09-02,96.9889,97.0399,100.8938,100.9056,121.6831,121.7366,121.8425,122.1809,98.1842,98.4553,101.1658,101.3289
2008-09-03,97.0147,97.0657,100.931,100.9429,121.728,121.7816,121.8464,122.1849,98.1755,98.4467,101.169,101.3321
2008-09-04,96.9818,97.0328,100.9085,100.9203,121.7008,121.7543,121.8613,122.1999,98.1759,98.4471,101.1409,101.3039
2008-09-05,96.9955,97.0465,100.9334,100.9452,121.7309,121.7844,121.8597,122.1983,98.1628,98.4339,101.1395,101.3026
2008-09-08,97.0009,97.0519,100.9164,100.9282,121.7773,121.8311,121.88,122.2187,98.1439,98.415,101.1019,101.2649
2008-09-09,97.0685,97.1196,100.9967,101.0085,121.874,121.928,122.0558,122.3954,98.2765,98.5479,101.2481,101.4113
2008-09-10,97.1924,97.2435,101.1343,101.1461,122.0399,122.0941,122.314,122.6549,98.4767,98.7487,101.4628,101.6263
2008-09-11,97.2549,97.3061,101.2093,101.2211,122.1302,122.1846,122.4675,122.8092,98.591,98.8633,101.5904,101.7541
2008-09-12,97.4449,97.4961,101.4144,101.4263,122.3775,122.4323,122.9519,123.296,98.977,99.2503,101.993,102.1574
2008-09-16,98.0498,98.1014,102.0772,102.0891,123.1762,123.2324,124.1224,124.4724,99.8912,100.1671,102.9484,103.1143
2008-09-17,98.6529,98.7048,102.7046,102.7167,123.9325,123.99,124.9477,125.3022,100.5573,100.835,103.5814,103.7484
2008-09-18,98.5588,98.6106,102.48,102.492,123.83,123.887,124.8537,125.2077,100.4682,100.7457,103.5034,103.6702
2008-09-19,98.4737,98.5254,102.4025,102.4145,123.7383,123.7951,124.7393,125.0927,100.3623,100.6395,103.4082,103.5749
2008-09-22,98.4574,98.5092,102.3583,102.3702,123.7582,123.8157,124.7435,125.0968,100.3301,100.6072,103.3326,103.4992
2008-09-23,98.4155,98.4672,102.3265,102.3384,123.7199,123.7773,124.7213,125.0745,100.2999,100.577,103.3142,103.4807
2008-09-24,98.5218,98.5736,102.4462,102.4581,123.8643,123.9221,125.0036,125.3585,100.5198,100.7975,103.5487,103.7156
2008-09-25,98.4971,98.5489,102.3941,102.4061,123.8471,123.9048,125.0328,125.3878,100.5319,100.8095,103.573,103.7399
2008-09-26,98.5245,98.5763,102.4331,102.4451,123.8942,123.9521,125.0442,125.3993,100.5293,100.807,103.5825,103.7494
2008-10-06,98.4822,98.534,102.4797,102.4917,123.9774,124.0353,125.1734,125.529,100.5158,100.7934,103.6713,103.8384
2008-10-07,98.7106,98.7625,102.7244,102.7364,124.2733,124.3314,125.748,126.1055,100.9743,101.2532,104.1474,104.3153
2008-10-08,99.1491,99.2012,103.1389,103.151,124.829,124.8872,126.6094,126.9694,101.6674,101.9482,104.8609,105.0299
2008-10-09,99.8379,99.8904,103.8292,103.8414,125.6943,125.7536,127.9544,128.3184,102.7565,103.0403,105.975,106.1458
2008-10-10,100.0661,100.1188,104.0361,104.0483,125.99,126.0494,128.0636,128.428,102.834,103.1181,106.0655,106.2365
2008-10-13,99.9825,100.035,103.984,103.9962,125.927,125.9863,127.9798,128.344,102.7298,103.0135,105.9715,106.1423
2008-10-14,99.7479,99.8003,103.7554,103.7676,125.6503,125.7093,127.7484,128.1118,102.5283,102.8115,105.7798,105.9503
2008-10-15,99.8995,99.952,103.9215,103.9337,125.8513,125.9105,128.0616,128.4261,102.7729,103.0567,106.0392,106.2102
2008-10-16,99.9402,99.9927,103.9469,103.9591,125.9152,125.9745,128.0354,128.3997,102.7396,103.0233,105.9784,106.1492
2008-10-17,99.9183,99.9708,103.9357,103.9478,125.9016,125.9609,128.028,128.3923,102.7216,103.0054,105.9723,106.1431
2008-10-20,99.8458,99.8983,103.8767,103.8888,125.8525,125.9117,127.9657,128.3297,102.6348,102.9183,105.9206,106.0914
2008-10-21,99.8629,99.9154,103.9053,103.9174,125.8871,125.9463,128.045,128.4094,102.6878,102.9714,105.9864,106.1572
2008-10-22,99.8332,99.8857,103.8136,103.8257,125.8639,125.9231,128.0239,128.3882,102.6586,102.9421,105.9689,106.1397
2008-10-23,99.8789,99.9314,103.8666,103.8787,125.934,125.9934,128.0389,128.4036,102.659,102.9425,105.8804,106.0511
2008-10-24,99.9076,99.9601,103.9071,103.9192,125.983,126.0425,128.1393,128.5044,102.7292,103.0129,105.9635,106.1343
2008-10-27,99.9081,99.9606,103.8359,103.848,126.0242,126.0839,128.1386,128.5036,102.6926,102.9762,105.9629,106.1337
2008-10-28,100.1626,100.2152,104.1075,104.1197,126.3528,126.4137,128.6719,129.0389,103.117,103.4018,106.3981,106.5696
2008-10-29,100.2548,100.3075,104.2131,104.2253,126.4806,126.542,128.9424,129.3104,103.3263,103.6117,106.622,106.7938
2008-10-30,100.4277,100.4805,104.3618,104.374,126.7081,126.7704,129.0949,129.4635,103.4391,103.7248,106.7482,106.9203
2008-10-31,100.473,100.5259,104.4195,104.4317,126.778,126.8405,129.1098,129.4785,103.4393,103.725,106.7605,106.9326
2008-11-03,100.5003,100.5531,104.4811,104.4934,126.8528,126.9153,129.1533,129.5221,103.4389,103.7246,106.7492,106.9213
2008-11-04,100.4706,100.5234,104.462,104.4743,126.8297,126.8922,129.0868,129.4553,103.3725,103.658,106.6916,106.8635
2008-11-05,100.5791,100.6319,104.579,104.5913,126.9781,127.0407,129.2132,129.5822,103.4639,103.7496,106.7927,106.9649
2008-11-06,100.7897,100.8427,104.8058,104.818,127.2534,127.3161,129.4315,129.8012,103.6304,103.9166,106.9733,107.1457
2008-11-07,100.9214,100.9744,104.9353,104.9476,127.4307,127.4935,129.5825,129.9527,103.7419,104.0284,107.0981,107.2708
2008-11-10,101.0676,101.1207,105.0784,105.0907,127.6534,127.7164,130.1853,130.5576,104.1989,104.4867,107.5966,107.7701
2008-11-11,101.1453,101.1985,105.1692,105.1816,127.7637,127.8268,130.2973,130.67,104.2785,104.5665,107.6892,107.8628
2008-11-12,101.3075,101.3608,105.3086,105.3209,127.9789,128.0424,130.5428,130.9163,104.4673,104.7558,107.8922,108.0661
2008-11-13,101.764,101.8175,105.7576,105.7699,128.56,128.6242,131.1562,131.532,104.9569,105.2467,108.3416,108.5162
2008-11-14,101.586,101.6394,105.583,105.5953,128.3524,128.4162,130.7378,131.1122,104.6028,104.8917,107.9958,108.1699
2008-11-17,101.4864,101.5397,105.4968,105.5092,128.2698,128.3335,130.4769,130.8504,104.3537,104.642,107.7727,107.9464
2008-11-18,101.4977,101.5511,105.5197,105.5321,128.2976,128.3613,130.6561,131.0302,104.4884,104.777,107.9208,108.0948
2008-11-19,101.2145,101.2677,105.2412,105.2535,127.9593,128.0225,130.0678,130.4399,103.9957,104.2829,107.4346,107.6078
2008-11-20,101.2526,101.3058,105.2914,105.3037,128.0204,128.0836,130.4177,130.791,104.2698,104.5578,107.7238,107.8974
2008-11-21,101.2888,101.3421,105.3398,105.3522,128.0792,128.1425,130.4047,130.7779,104.2473,104.5352,107.7003,107.8739
2008-11-24,101.3561,101.4093,105.4005,105.4128,128.2038,128.2673,130.4482,130.8216,104.247,104.5349,107.7363,107.9099
2008-11-25,101.316,101.3693,105.1914,105.2037,128.1678,128.2313,130.2534,130.6261,104.0759,104.3633,107.5753,107.7487
2008-11-26,101.5638,101.6172,105.4562,105.4685,128.4895,128.554,130.6809,131.0558,104.4131,104.7015,107.7695,107.9432
2008-11-27,101.7966,101.8501,105.7055,105.7179,128.7926,128.858,131.3258,131.7047,104.9281,105.2179,108.1883,108.3627
2008-11-28,101.7834,101.8369,105.7032,105.7156,128.7898,128.8551,131.0771,131.4549,104.7129,105.0021,107.9263,108.1003
2008-12-01,101.7384,101.7919,105.686,105.6984,128.7746,128.8399,131.0954,131.4732,104.692,104.9812,107.9377,108.1117
2008-12-02,101.9519,102.0055,105.9157,105.9281,129.0544,129.1198,131.3821,131.7607,104.9134,105.2032,108.1594,108.3338
2008-12-03,102.0604,102.114,105.974,105.9864,129.2032,129.269,131.5787,131.9579,105.0615,105.3516,108.3212,108.4958
2008-12-04,102.2779,102.3317,106.2078,106.2202,129.4881,129.5542,131.8188,132.1987,105.245,105.5356,108.5171,108.692
2008-12-05,102.6252,102.6791,106.5743,106.5867,129.9347,130.0013,132.3648,132.7464,105.6775,105.9693,108.9667,109.1424
2008-12-08,102.6628,102.7167,106.6463,106.6587,130.0224,130.0891,132.4034,132.7851,105.6732,105.965,108.9985,109.1742
2008-12-09,102.5056,102.5595,106.494,106.5065,129.84,129.9065,131.9676,132.3479,105.3064,105.5973,108.6209,108.7959
2008-12-10,102.631,102.685,106.605,106.6174,130.01,130.0768,132.2067,132.5878,105.4892,105.7805,108.8177,108.9931
2008-12-11,102.6348,102.6888,106.5747,106.5871,130.0283,130.0951,132.3085,132.6899,105.5602,105.8517,108.9015,109.0771
2008-12-12,102.7867,102.8408,106.7412,106.7537,130.2312,130.2984,132.6835,133.0661,105.8535,106.1459,109.2004,109.3765
2008-12-15,102.863,102.9171,106.8526,106.8651,130.3669,130.4343,132.895,133.2782,105.9901,106.2828,109.2992,109.4753
2008-12-16,102.9359,102.99,106.9097,106.9222,130.4713,130.5389,133.1527,133.5369,106.188,106.4813,109.5113,109.6878
2008-12-17,103.2922,103.3465,107.2855,107.298,130.9291,130.9978,133.9753,134.3628,106.8458,107.1409,110.1885,110.3662
2008-12-18,103.527,103.5814,107.5369,107.5495,131.2353,131.3048,134.3077,134.6965,107.1046,107.4004,110.4622,110.6403
2008-12-19,103.6142,103.6687,107.6059,107.6185,131.3576,131.4273,134.6097,134.9996,107.3386,107.635,110.7108,110.8893
2008-12-22,103.635,103.6895,107.66,107.6726,131.424,131.4939,134.6001,134.9898,107.2954,107.5917,110.5318,110.7099
2008-12-23,103.6536,103.708,107.6901,107.7027,131.4607,131.5307,134.4797,134.8687,107.1855,107.4815,110.4326,110.6106
2008-12-24,103.6126,103.667,107.6592,107.6718,131.4231,131.493,134.581,134.9706,107.2562,107.5524,110.516,110.6942
2008-12-25,103.6439,103.6984,107.7023,107.7149,131.4756,131.5456,134.4632,134.8521,107.1487,107.4446,110.419,110.597
2008-12-26,103.5813,103.6358,107.6492,107.6618,131.4109,131.4807,134.4176,134.8062,107.0999,107.3957,110.3815,110.5594
2008-12-29,103.6215,103.6759,107.6643,107.6769,131.5009,131.5709,134.4802,134.8692,107.1159,107.4118,110.426,110.604
2008-12-30,103.6079,103.6624,107.6613,107.6739,131.4972,131.5672,134.4156,134.8042,107.0518,107.3474,110.2606,110.4383
2008-12-31,103.58,103.6345,107.6436,107.6562,131.4756,131.5456,134.3947,134.7831,107.0231,107.3187,110.2398,110.4175
2009-01-05,103.6884,103.7429,107.7952,107.8078,131.6785,131.7485,134.5744,134.9634,107.1104,107.4062,110.3872,110.5651
2009-01-06,103.6868,103.7413,107.8043,107.817,131.6898,131.7598,134.613,135.0021,107.13,107.4259,110.4188,110.5968
2009-01-07,103.7827,103.8373,107.9134,107.926,131.823,131.8931,134.7422,135.1316,107.2231,107.5193,110.5248,110.703
2009-01-08,103.9522,104.0069,108.0978,108.1104,132.0482,132.1184,134.8185,135.2082,107.2734,107.5696,110.5874,110.7657
2009-01-09,104.0687,104.1234,108.2279,108.2406,132.2071,132.2775,135.106,135.4964,107.4947,107.7916,110.8232,111.0018
2009-01-12,104.0224,104.077,108.1388,108.1515,132.1884,132.2588,135.0606,135.4509,107.4231,107.7198,110.786,110.9646
2009-01-13,103.9661,104.0208,108.0909,108.1036,132.1311,132.2014,134.7455,135.1349,107.156,107.452,110.5275,110.7057
2009-01-14,103.8336,103.8881,107.9658,107.9784,131.9782,132.0484,134.26,134.648,106.7508,107.0457,110.1292,110.3068
2009-01-15,103.4301,103.4845,107.5278,107.5404,131.4865,131.5558,133.4102,133.7957,106.0499,106.3428,109.4322,109.6086
2009-01-16,103.1684,103.2227,107.2269,107.2394,131.1722,131.2407,132.9352,133.3194,105.6529,105.9447,109.0426,109.2184
2009-01-19,103.02,103.0742,107.107,107.1195,131.0258,131.094,132.7168,133.0999,105.4404,105.7316,108.7543,108.9296
2009-01-20,102.5932,102.6471,106.6804,106.6928,130.5047,130.5718,131.5366,131.915,104.4718,104.7603,107.7862,107.9599
2009-01-21,102.4971,102.551,106.5888,106.6013,130.3975,130.4644,131.6855,132.0645,104.5807,104.8696,107.9084,108.0823
2009-01-22,102.9141,102.9682,107.0267,107.0393,130.9324,131.0004,132.1663,132.5473,104.9589,105.2488,108.3028,108.4774
2009-01-23,102.9082,102.9623,107.0314,107.0439,130.938,131.0061,132.3477,132.7294,105.0943,105.3845,108.4516,108.6265
2009-02-02,102.8463,102.9003,107.0216,107.0341,130.9926,131.0611,132.2521,132.6335,104.8984,105.1881,108.3731,108.5478
2009-02-03,102.5253,102.5792,106.7034,106.7159,130.6032,130.6714,131.8333,132.2136,104.5474,104.8361,108.03,108.2041
2009-02-04,102.0606,102.1142,106.238,106.2504,130.0336,130.1015,131.3538,131.7326,104.1471,104.4347,107.637,107.8105
2009-02-05,101.804,101.8575,105.9813,105.9937,129.7249,129.7926,130.746,131.1231,103.6429,103.9292,107.139,107.3117
2009-02-06,101.9587,102.0123,106.1505,106.1629,129.9319,129.9997,131.1393,131.5178,103.9498,104.2369,107.3679,107.541
2009-02-09,102.1591,102.2128,106.3874,106.3999,130.2218,130.29,131.1956,131.5743,103.9597,104.2468,107.414,107.5871
2009-02-10,102.111,102.1647,106.3488,106.3612,130.1745,130.2427,131.2445,131.6234,103.9874,104.2746,107.3896,107.5627
2009-02-11,102.1318,102.1855,106.3807,106.3931,130.2135,130.2817,131.5741,131.9543,104.2425,104.5304,107.6595,107.8331
2009-02-12,102.4027,102.4566,106.6689,106.6813,130.566,130.6346,132.025,132.4068,104.5958,104.8847,108.0288,108.2029
2009-02-13,102.4274,102.4812,106.7047,106.7172,130.6099,130.6785,132.1269,132.5099,104.6664,104.9555,107.9871,108.1612
2009-02-16,102.518,102.5719,106.8292,106.8417,130.7622,130.831,132.1441,132.5271,104.6446,104.9336,108.0011,108.1752
2009-02-17,102.3077,102.3615,106.6244,106.6369,130.5116,130.5802,131.9184,132.3004,104.4499,104.7384,107.8164,107.9902
2009-02-18,102.3386,102.3924,106.628,106.6405,130.5633,130.632,132.0238,132.4062,104.5234,104.812,107.9026,108.0766
2009-02-19,102.4645,102.5183,106.7255,106.738,130.734,130.8029,132.2243,132.6078,104.6739,104.963,108.0607,108.2349
2009-02-20,102.4248,102.4786,106.6954,106.7078,130.6971,130.766,132.1904,132.5735,104.6346,104.9236,107.9559,108.1299
2009-02-23,102.3501,102.4039,106.6486,106.6611,130.6419,130.7107,132.213,132.5963,104.6181,104.907,107.9744,108.1485
2009-02-24,102.4318,102.4856,106.7428,106.7553,130.7571,130.8262,132.2017,132.5848,104.5973,104.8861,107.9588,108.1328
2009-02-25,102.541,102.5949,106.8652,106.8777,130.9068,130.9762,132.2735,132.6573,104.6438,104.9328,107.9446,108.1186
2009-02-26,102.5458,102.5997,106.8443,106.8568,130.9256,130.995,132.3057,132.6896,104.6582,104.9473,107.9709,108.145
2009-02-27,102.5272,102.5811,106.7895,106.802,130.9152,130.9845,132.3328,132.7169,104.6685,104.9576,107.9931,108.1672
2009-03-02,102.5065,102.5604,106.7997,106.8122,130.9278,130.997,132.3358,132.7198,104.6362,104.9252,107.8238,107.9976
2009-03-03,102.5264,102.5803,106.8306,106.8431,130.9656,131.0349,132.2823,132.6661,104.5815,104.8704,107.7801,107.9539
2009-03-04,102.5158,102.5697,106.8214,106.8339,130.9652,131.0344,132.1795,132.5628,104.4869,104.7755,107.4767,107.6499
2009-03-05,102.5056,102.5595,106.8215,106.834,130.9652,131.0345,132.033,132.4154,104.3572,104.6454,107.205,107.3778
2009-03-06,102.6631,102.7171,106.9935,107.006,131.1759,131.2454,132.1251,132.5081,104.42,104.7084,107.28,107.453
2009-03-09,102.6135,102.6674,106.9739,106.9865,131.152,131.2215,132.1789,132.5622,104.429,104.7174,107.3239,107.4969
2009-03-10,102.6161,102.67,106.9871,106.9996,131.1681,131.2376,132.3948,132.7796,104.5917,104.8805,107.4999,107.6731
2009-03-11,102.6666,102.7205,107.0493,107.0618,131.2443,131.314,132.3447,132.7292,104.5398,104.8285,107.459,107.6323
2009-03-12,102.6816,102.7356,107.0752,107.0877,131.276,131.3457,132.4378,132.8229,104.6034,104.8923,107.5349,107.7083
2009-03-13,102.5917,102.6456,106.9934,107.0059,131.1759,131.2454,132.5608,132.9466,104.6911,104.9803,107.6351,107.8086
2009-03-16,102.5763,102.6302,107.0091,107.0216,131.195,131.2646,132.6831,133.0701,104.7554,105.0447,107.7153,107.889
2009-03-17,102.5853,102.6393,107.0288,107.0413,131.2192,131.2888,132.7373,133.1246,104.7878,105.0772,107.7595,107.9332
2009-03-18,102.6019,102.6558,107.0269,107.0394,131.2528,131.3224,132.779,133.1666,104.81,105.0995,107.7935,107.9672
2009-03-19,102.6269,102.6809,107.063,107.0756,131.2972,131.3668,132.7912,133.1789,104.8084,105.0979,107.8034,107.9772
2009-03-20,102.6573,102.7113,107.1047,107.1172,131.3482,131.4179,132.6357,133.0223,104.6716,104.9607,107.6004,107.7739
2009-03-23,102.6648,102.7188,107.1236,107.1361,131.3963,131.4661,132.6946,133.0816,104.6853,104.9744,107.6364,107.8099
2009-03-24,102.647,102.701,107.0894,107.1019,131.3867,131.4566,132.5653,132.9514,104.5698,104.8586,107.531,107.7044
2009-03-25,102.5956,102.6496,107.0472,107.0597,131.3351,131.4049,132.4707,132.856,104.4823,104.7708,107.4539,107.6271
2009-03-26,102.6372,102.6912,107.1004,107.1129,131.4002,131.4701,132.4864,132.8719,104.4837,104.7723,107.4668,107.64
2009-03-27,102.5344,102.5883,107.0007,107.0132,131.2839,131.3536,132.4422,132.8274,104.4368,104.7253,107.4307,107.6039
2009-03-30,102.4725,102.5263,106.9651,106.9776,131.2446,131.3142,132.4932,132.8794,104.4444,104.7329,107.377,107.55
2009-03-31,102.4682,102.5221,106.9259,106.9384,131.2521,131.3217,132.5089,132.8952,104.4459,104.7344,107.3891,107.5622
2009-04-01,102.4506,102.5045,106.9183,106.9308,131.2428,131.3124,132.5315,132.9178,104.4528,104.7413,107.4074,107.5806
2009-04-02,102.421,102.4748,106.8899,106.9024,131.2183,131.2879,132.6054,132.9919,104.5009,104.7895,107.4673,107.6406
2009-04-03,102.3334,102.3872,106.8106,106.8231,131.121,131.1905,132.3496,132.7354,104.2848,104.5728,107.1703,107.343
2009-04-07,102.2157,102.2695,106.7317,106.7442,131.0242,131.0936,132.2523,132.6378,104.1624,104.4501,107.0873,107.2599
2009-04-08,102.1163,102.1699,106.6013,106.6138,130.9118,130.9811,131.9409,132.3254,103.9018,104.1887,106.8351,107.0073
2009-04-09,102.0695,102.1231,106.5248,106.5373,130.8656,130.9348,131.9583,132.3428,103.9046,104.1916,106.8491,107.0214
2009-04-10,102.0577,102.1113,106.5231,106.5356,130.8635,130.9327,131.9069,132.2912,103.8523,104.1391,106.8075,106.9797
2009-04-13,101.9452,101.9988,106.4387,106.4512,130.7599,130.829,131.777,132.1609,103.715,104.0014,106.7023,106.8743
2009-04-14,101.9099,101.9635,106.4128,106.4253,130.7281,130.7971,131.8359,132.2201,103.7511,104.0377,106.7501,106.9221
2009-04-15,101.8453,101.8988,106.3568,106.3693,130.6594,130.7283,131.7669,132.1507,103.6847,103.971,106.6941,106.8661
2009-04-16,101.7955,101.849,106.316,106.3285,130.6094,130.6781,131.7916,132.1754,103.6934,103.9798,106.5681,106.7399
2009-04-17,101.9396,101.9932,106.4744,106.4868,130.8036,130.8728,132.0119,132.3965,103.8588,104.1456,106.7464,106.9184
2009-04-20,101.9687,102.0223,106.5355,106.5479,130.8785,130.9479,132.1632,132.5484,103.947,104.2341,106.8646,107.0369
2009-04-21,101.9562,102.0098,106.4782,106.4906,130.8756,130.945,132.1925,132.5778,103.9595,104.2466,106.8884,107.0606
2009-04-22,101.9074,101.961,106.4384,106.4509,130.8269,130.8962,132.1707,132.5559,103.9311,104.2182,106.8707,107.043
2009-04-23,101.8432,101.8967,106.2648,106.2772,130.7588,130.8278,132.1014,132.4864,103.8649,104.1517,106.8147,106.9868
2009-04-24,101.8338,101.8874,106.2657,106.2781,130.7598,130.8289,132.1105,132.4954,103.8613,104.1481,106.7457,106.9177
2009-04-27,101.8279,101.8815,106.2615,106.2739,130.7909,130.86,132.1411,132.5259,103.8531,104.1399,106.6176,106.7894
2009-04-28,101.832,101.8855,106.2566,106.269,130.8088,130.878,132.1268,132.5115,103.8309,104.1177,106.606,106.7778
2009-04-29,101.923,101.9766,106.3606,106.373,130.9364,131.006,132.315,132.7008,103.9708,104.2579,106.7491,106.9212
2009-04-30,101.9768,102.0304,106.4262,106.4387,131.0169,131.0869,132.3538,132.7397,103.991,104.2782,106.7804,106.9526
2009-05-04,101.9649,102.0185,106.4558,106.4682,131.0533,131.1233,132.425,132.8111,104.0049,104.2921,106.8379,107.0101
2009-05-05,102.0112,102.0648,106.5122,106.5246,131.1247,131.1948,132.5617,132.9483,104.1033,104.3908,106.8917,107.064
2009-05-06,101.9888,102.0424,106.4996,106.5121,131.1093,131.1793,132.4898,132.8762,104.0352,104.3225,106.8337,107.0059
2009-05-07,101.998,102.0516,106.5195,106.5319,131.1337,131.2038,132.5412,132.9277,104.0655,104.3529,106.8751,107.0474
2009-05-08,102.0234,102.0771,106.5561,106.5685,131.1788,131.2489,132.7214,133.1086,104.1986,104.4864,107.0205,107.1931
2009-05-11,102.0543,102.1079,106.5704,106.5829,131.2564,131.3265,132.7484,133.1356,104.188,104.4758,107.0423,107.2148
2009-05-12,102.0809,102.1346,106.6082,106.6207,131.3029,131.373,132.8731,133.2608,104.2769,104.5649,107.143,107.3157
2009-05-13,102.1279,102.1816,106.6424,106.6548,131.3751,131.4454,132.9189,133.3067,104.3027,104.5908,107.1799,107.3526
2009-05-14,102.1768,102.2306,106.703,106.7155,131.4498,131.5201,132.9619,133.3499,104.3263,104.6144,107.2146,107.3874
2009-05-15,102.2742,102.328,106.8135,106.826,131.5858,131.6562,133.0822,133.4706,104.4115,104.6999,107.3116,107.4846
2009-05-18,102.3337,102.3875,106.9057,106.9182,131.6994,131.77,133.1878,133.5766,104.4638,104.7523,107.2503,107.4232
2009-05-19,102.3662,102.42,106.9483,106.9608,131.7533,131.824,133.3795,133.7698,104.6061,104.895,107.2973,107.4703
2009-05-20,102.3814,102.4352,106.9735,106.986,131.7853,131.8561,133.4463,133.837,104.6489,104.9379,107.3512,107.5243
2009-05-21,102.3446,102.3984,106.946,106.9585,131.7515,131.8222,133.4989,133.8898,104.6802,104.9693,107.3936,107.5667
2009-05-22,102.3531,102.4069,106.9652,106.9777,131.7751,131.8458,133.4159,133.8064,104.6033,104.8922,107.3267,107.4997
2009-05-25,102.347,102.4008,106.8257,106.8382,131.8057,131.8765,133.4493,133.8399,104.5979,104.8868,107.3536,107.5266
2009-05-26,102.371,102.4248,106.8608,106.8733,131.8489,131.9198,133.4227,133.8133,104.5661,104.8549,107.326,107.499
2009-05-27,102.3693,102.4231,106.8694,106.8819,131.8596,131.9305,133.4671,133.8579,104.5908,104.8797,107.3463,107.5193
2009-06-01,102.3035,102.3573,106.8401,106.8526,131.8412,131.9122,133.5216,133.9131,104.5809,104.8697,107.38,107.5531
2009-06-02,102.2896,102.3434,106.8362,106.8487,131.8364,131.9074,133.5407,133.9322,104.5854,104.8743,107.3954,107.5685
2009-06-03,102.2716,102.3253,106.828,106.8405,131.8263,131.8973,133.6008,133.9925,104.6225,104.9115,107.4437,107.6169
2009-06-04,102.2761,102.3298,106.843,106.8555,131.8448,131.9158,133.5792,133.9709,104.5947,104.8836,107.4264,107.5995
2009-06-05,102.2321,102.2859,106.8083,106.8208,131.802,131.873,133.5555,133.9471,104.5652,104.854,107.4073,107.5804
2009-06-08,102.2352,102.2889,106.8425,106.855,131.8441,131.9152,133.4792,133.8705,104.4724,104.7609,107.3177,107.4906
2009-06-09,102.1979,102.2516,106.8146,106.8271,131.8097,131.8807,133.4853,133.8767,104.4665,104.755,107.3136,107.4866
2009-06-10,102.1657,102.2194,106.7919,106.8044,131.7817,131.8527,133.4489,133.8402,104.4269,104.7153,107.2841,107.457
2009-06-11,102.1813,102.2351,106.7939,106.8064,131.8142,131.8853,133.5153,133.9068,104.469,104.7575,107.3375,107.5105
2009-06-12,102.144,102.1977,106.7614,106.7738,131.7796,131.8506,133.4746,133.866,104.426,104.7144,107.3048,107.4778
2009-06-15,102.1555,102.2092,106.804,106.8165,131.8323,131.9033,133.4885,133.88,104.4051,104.6934,107.3119,107.4849
2009-06-16,102.168,102.2218,106.7876,106.8001,131.8609,131.9322,133.4408,133.832,104.3564,104.6446,107.2735,107.4464
2009-06-17,102.1484,102.2021,106.7777,106.7902,131.8487,131.92,133.5453,133.937,104.4289,104.7173,107.3576,107.5306
2009-06-18,102.1545,102.2082,106.7861,106.7986,131.8691,131.9404,133.5182,133.9097,104.3966,104.6849,107.3358,107.5088
2009-06-19,102.1415,102.1952,106.783,106.7955,131.8653,131.9366,133.5176,133.9092,104.3855,104.6738,107.3353,107.5083
2009-06-22,102.135,102.1887,106.7924,106.8049,131.895,131.9664,133.5158,133.9074,104.352,104.6402,107.2816,107.4545
2009-06-23,102.1354,102.1891,106.803,106.8155,131.9081,131.9795,133.471,133.8624,104.3058,104.5939,107.2455,107.4184
2009-06-24,102.0658,102.1195,106.7217,106.7342,131.8326,131.9038,133.4365,133.8277,104.2679,104.5559,107.2178,107.3906
2009-06-25,102.0552,102.1089,106.7211,106.7336,131.8317,131.903,133.3753,133.7663,104.2087,104.4965,107.1686,107.3413
2009-06-26,102.0193,102.0729,106.6313,106.6438,131.7988,131.8701,133.4355,133.8267,104.246,104.534,107.217,107.3898
2009-06-29,102.0278,102.0814,106.6606,106.673,131.8475,131.9189,133.4553,133.8466,104.2302,104.5181,107.2329,107.4058
2009-06-30,102.0364,102.09,106.6737,106.6862,131.8711,131.9425,133.5076,133.8991,104.2612,104.5492,107.1909,107.3637
2009-07-01,101.9861,102.0397,106.6323,106.6448,131.8199,131.8912,133.3771,133.7683,104.1472,104.4349,107.0862,107.2588
2009-07-02,101.9396,101.9931,106.5878,106.6003,131.7735,131.8447,133.3917,133.7829,104.1483,104.436,107.0979,107.2706
2009-07-03,101.9315,101.9851,106.5898,106.6023,131.776,131.8472,133.2977,133.6886,104.0633,104.3507,107.0224,107.1949
2009-07-06,101.86,101.9135,106.5459,106.5583,131.7231,131.7944,133.2778,133.6686,104.0161,104.3034,106.9616,107.1341
2009-07-07,101.8214,101.875,106.5165,106.529,131.6868,131.7581,133.1875,133.578,103.934,104.221,106.8891,107.0614
2009-07-08,101.7907,101.8442,106.447,106.4595,131.6605,131.7317,133.2049,133.5955,103.9374,104.2244,106.9014,107.0737
2009-07-09,101.5926,101.646,106.2536,106.266,131.4214,131.4923,133.075,133.4651,103.8238,104.1106,106.7971,106.9692
2009-07-10,101.5227,101.5761,106.1557,106.1681,131.3452,131.4161,132.9167,133.3063,103.6878,103.9742,106.67,106.8419
2009-07-13,101.4118,101.4651,106.0723,106.0848,131.2421,131.3129,132.8694,133.2589,103.6189,103.9051,106.6226,106.7945
2009-07-14,101.347,101.4003,106.016,106.0284,131.1724,131.2431,132.8019,133.1911,103.5548,103.8408,106.5684,106.7401
2009-07-15,101.2598,101.3131,105.9365,105.9489,131.0742,131.1447,132.5363,132.9246,103.3337,103.6191,106.3552,106.5266
2009-07-16,101.0211,101.0742,105.7011,105.7135,130.7832,130.8534,132.079,132.4657,102.9605,103.2449,105.988,106.1588
2009-07-17,100.8501,100.9031,105.4887,105.501,130.5783,130.6481,131.769,132.1547,102.7042,102.9879,105.7391,105.9095
2009-07-20,100.7826,100.8356,105.449,105.4613,130.5303,130.6,131.8239,132.2098,102.7163,102.9999,105.7799,105.9504
2009-07-21,100.8161,100.8691,105.4936,105.506,130.5855,130.6553,131.8545,132.2405,102.73,103.0138,105.8045,105.975
2009-07-22,100.9213,100.9743,105.6096,105.622,130.732,130.802,131.9877,132.3741,102.8252,103.1092,105.9067,106.0774
2009-07-23,100.9344,100.9875,105.6333,105.6457,130.7613,130.8314,132.0385,132.4251,102.8551,103.1391,105.9475,106.1183
2009-07-24,100.9466,100.9997,105.6561,105.6685,130.7895,130.8596,132.036,132.4225,102.8426,103.1266,105.9454,106.1162
2009-07-27,100.9598,101.0129,105.7003,105.7127,130.8442,130.9144,132.1096,132.4964,102.8697,103.1538,105.9954,106.1662
2009-07-28,100.9071,100.9602,105.6494,105.6617,130.7897,130.8599,132.0977,132.4845,102.8498,103.1339,105.9858,106.1567
2009-07-29,100.8628,100.9158,105.5549,105.5673,130.746,130.8157,132.0147,132.4012,102.7735,103.0574,105.9099,106.0806
2009-07-30,100.8739,100.9269,105.5765,105.5889,130.7727,130.8424,131.9929,132.3794,102.7458,103.0296,105.8925,106.0631
2009-07-31,100.8321,100.8851,105.5438,105.5561,130.7323,130.8019,131.941,132.3272,102.6942,102.9779,105.8507,106.0214
2009-08-03,100.7987,100.8517,105.54,105.5524,130.7276,130.7972,131.8668,132.2527,102.6042,102.8876,105.6959,105.8663
2009-08-04,100.7687,100.8217,105.5194,105.5318,130.7021,130.7717,131.8285,132.2142,102.5634,102.8467,105.6652,105.8355
2009-08-05,100.741,100.794,105.4997,105.5121,130.6794,130.749,131.8363,132.222,102.5592,102.8424,105.6714,105.8417
2009-08-06,100.7675,100.8204,105.5342,105.5466,130.7258,130.7954,131.9364,132.3225,102.6281,102.9116,105.7518,105.9222
2009-08-07,100.7925,100.8454,105.5701,105.5825,130.7702,130.8399,131.9929,132.3792,102.6625,102.946,105.7971,105.9676
2009-08-10,100.7511,100.804,105.5581,105.5704,130.7553,130.8249,131.9172,132.3031,102.5714,102.8547,105.6811,105.8514
2009-08-11,100.7302,100.7831,105.5363,105.5487,130.7413,130.8109,131.8833,132.2689,102.5341,102.8173,105.6538,105.8242
2009-08-12,100.7412,100.7941,105.4875,105.4999,130.7679,130.8377,131.9435,132.3294,102.5715,102.8548,105.7022,105.8725
2009-08-13,100.7556,100.8085,105.5125,105.5249,130.7989,130.8687,131.9857,132.3718,102.5946,102.8779,105.736,105.9065
2009-08-14,100.7077,100.7607,105.4699,105.4823,130.7505,130.8203,131.9548,132.3408,102.5598,102.8431,105.7061,105.8765
2009-08-17,100.6731,100.726,105.4649,105.4772,130.7443,130.814,131.9986,132.3847,102.5635,102.8468,105.7329,105.9033
2009-08-18,100.6571,100.71,105.4586,105.4709,130.7365,130.8062,131.9874,132.3728,102.5443,102.8275,105.6126,105.7828
2009-08-19,100.6724,100.7253,105.4638,105.4761,130.7686,130.8383,131.9733,132.3586,102.5228,102.806,105.6013,105.7715
2009-08-20,100.6937,100.7466,105.4384,105.4507,130.8083,130.8781,132.0415,132.4272,102.5665,102.8498,105.6132,105.7834
2009-08-21,100.7327,100.7856,105.4887,105.5011,130.8707,130.9406,132.1485,132.5347,102.6408,102.9243,105.6986,105.869
2009-08-24,100.7011,100.7541,105.3947,105.407,130.8682,130.9381,132.1762,132.5626,102.6318,102.9152,105.7208,105.8912
2009-08-25,100.7216,100.7746,105.3843,105.3967,130.9069,130.9769,132.1666,132.5529,102.6139,102.8973,105.7131,105.8835
2009-08-26,100.7045,100.7574,105.3768,105.3892,130.8976,130.9677,132.2079,132.5945,102.6362,102.9197,105.7463,105.9167
2009-08-27,100.6786,100.7315,105.3553,105.3677,130.8771,130.9471,132.1583,132.5446,102.5867,102.8701,105.7065,105.8769
2009-08-28,100.6956,100.7485,105.3769,105.3892,130.9114,130.9815,132.1899,132.5763,102.6014,102.8848,105.6681,105.8384
2009-08-31,100.7115,100.7645,105.3218,105.3341,130.9696,131.0399,132.215,132.6016,102.5905,102.8739,105.6883,105.8586
2009-09-01,100.7336,100.7866,105.3523,105.3646,131.0105,131.0808,132.2663,132.653,102.6207,102.9041,105.7293,105.8997
2009-09-02,100.7731,100.8261,105.3426,105.3549,131.0737,131.1441,132.3599,132.7469,102.6842,102.9678,105.8041,105.9747
2009-09-03,100.7903,100.8433,105.3586,105.3709,131.1083,131.1788,132.3904,132.7775,102.6979,102.9816,105.8092,105.9797
2009-09-04,100.7205,100.7734,105.2314,105.2437,131.0317,131.1019,132.3679,132.7549,102.6699,102.9535,105.7911,105.9617
2009-09-07,100.7577,100.8106,105.2528,105.2651,131.1173,131.1877,132.2972,132.6838,102.5836,102.8669,105.6662,105.8365
2009-09-08,100.768,100.821,105.2709,105.2832,131.1432,131.2136,132.2963,132.6829,102.5727,102.856,105.6655,105.8358
2009-09-09,100.8279,100.8809,105.3426,105.3549,131.2325,131.3031,132.3365,132.7232,102.5941,102.8775,105.6976,105.868
2009-09-10,100.7997,100.8527,105.3238,105.3361,131.209,131.2796,132.3404,132.7272,102.5871,102.8704,105.7007,105.8711
2009-09-11,100.7113,100.7642,105.2429,105.2553,131.1085,131.1788,132.2994,132.686,102.5445,102.8277,105.6679,105.8383
2009-09-14,100.7428,100.7957,105.3058,105.3181,131.1867,131.2572,132.3455,132.7323,102.5501,102.8334,105.7048,105.8752
2009-09-15,100.779,100.8319,105.3532,105.3655,131.2457,131.3163,132.3978,132.7848,102.581,102.8644,105.7466,105.917
2009-09-16,100.7669,100.8199,105.305,105.3173,131.2429,131.3135,132.4245,132.8116,102.5919,102.8752,105.7624,105.9329
2009-09-17,100.7154,100.7684,105.2385,105.2508,131.1896,131.2601,132.3915,132.7785,102.5556,102.8389,105.736,105.9065
2009-09-18,100.6732,100.7261,105.1792,105.1915,131.1482,131.2185,132.363,132.7499,102.5229,102.8061,105.7132,105.8836
2009-09-21,100.6196,100.6725,105.1315,105.1438,131.1173,131.1876,132.2374,132.6238,102.3933,102.6761,105.5669,105.7371
2009-09-22,100.5368,100.5896,105.003,105.0153,131.024,131.0941,132.085,132.4708,102.263,102.5454,105.4451,105.615
2009-09-23,100.4856,100.5385,104.9605,104.9728,130.9711,131.041,132.0548,132.4404,102.2289,102.5112,105.4209,105.5908
2009-09-24,100.4531,100.5059,104.9107,104.923,130.9419,131.0118,132.0122,132.3976,102.185,102.4673,105.372,105.5419
2009-09-25,100.4071,100.4599,104.8665,104.8787,130.8957,130.9653,132.0063,132.3917,102.17,102.4522,105.3673,105.5371
2009-09-28,100.3845,100.4373,104.8699,104.8822,130.9048,130.9745,131.9714,132.3569,102.1117,102.3937,105.2551,105.4247
2009-09-29,100.3646,100.4174,104.8595,104.8718,130.8919,130.9616,132.0323,132.4181,102.1493,102.4315,105.2882,105.4579
2009-09-30,100.3798,100.4325,104.8853,104.8975,130.924,130.9937,132.0133,132.3991,102.1242,102.4062,105.2731,105.4428
2009-10-09,100.3114,100.3641,104.8804,104.8926,130.9498,131.0196,132.0749,132.4608,102.0798,102.3617,105.3073,105.4771
2009-10-12,100.2307,100.2834,104.7997,104.812,130.8842,130.954,131.9405,132.326,101.9432,102.2248,105.1794,105.349
2009-10-13,100.1099,100.1626,104.6557,104.6679,130.7418,130.8113,131.7701,132.1551,101.7992,102.0803,105.0436,105.2129
2009-10-14,100.034,100.0866,104.5854,104.5976,130.6568,130.7263,131.6148,131.9993,101.6669,101.9477,104.9132,105.0823
2009-10-15,99.9535,100.006,104.5127,104.5249,130.566,130.6354,131.5099,131.894,101.5743,101.8548,104.8222,104.9912
2009-10-16,99.9376,99.9902,104.5043,104.5165,130.5583,130.6276,131.4758,131.8599,101.5373,101.8177,104.7754,104.9443
2009-10-19,99.9011,99.9536,104.488,104.5002,130.5492,130.6185,131.5609,131.9453,101.5732,101.8538,104.8195,104.9885
2009-10-20,99.9582,100.0107,104.5569,104.5691,130.6352,130.7046,131.6184,132.003,101.6081,101.8887,104.8653,105.0344
2009-10-21,99.9741,100.0267,104.5834,104.5957,130.6683,130.7378,131.6744,132.0592,101.6418,101.9225,104.91,105.0791
2009-10-22,99.9709,100.0235,104.5298,104.5421,130.6769,130.7464,131.6631,132.0478,101.6226,101.9033,104.9009,105.07
2009-10-23,99.9739,100.0264,104.501,104.5133,130.6933,130.7629,131.7015,132.0864,101.6426,101.9233,104.9316,105.1008
2009-10-26,99.98,100.0326,104.4874,104.4996,130.739,130.8087,131.7125,132.0974,101.6203,101.901,104.9344,105.1035
2009-10-27,99.9514,100.004,104.4681,104.4803,130.7149,130.7845,131.7555,132.1406,101.6438,101.9245,104.9686,105.1378
2009-10-28,99.9122,99.9647,104.4316,104.4438,130.6771,130.7466,131.7121,132.097,101.5994,101.88,104.934,105.1032
2009-10-29,99.942,99.9946,104.4724,104.4847,130.728,130.7976,131.7439,132.1289,101.6141,101.8948,104.9594,105.1286
2009-10-30,99.9534,100.006,104.4905,104.5027,130.7553,130.825,131.8417,132.227,101.6806,101.9614,105.0373,105.2066
2009-11-02,99.9416,99.9941,104.4981,104.5104,130.778,130.8477,131.8553,132.2407,101.6606,101.9414,105.0117,105.1809
2009-11-03,99.9619,100.0145,104.5292,104.5414,130.8168,130.8865,131.8923,132.2779,101.6794,101.9603,105.0412,105.2105
2009-11-04,99.9206,99.9731,104.4956,104.5078,130.7762,130.8459,131.8235,132.2088,101.6152,101.8959,104.9782,105.1474
2009-11-05,99.8562,99.9087,104.4356,104.4478,130.7059,130.7756,131.7351,132.1201,101.5357,101.8161,104.9052,105.0743
2009-11-06,99.8661,99.9186,104.4208,104.433,130.7313,130.8009,131.7793,132.1645,101.5602,101.8407,104.9404,105.1095
2009-11-09,99.8959,99.9484,104.4819,104.4941,130.8077,130.8774,131.7834,132.1686,101.5331,101.8135,104.9352,105.1043
2009-11-10,99.895,99.9475,104.4911,104.5033,130.8192,130.8889,131.7903,132.1755,101.5284,101.8088,104.9407,105.1098
2009-11-11,99.8862,99.9387,104.4903,104.5025,130.8206,130.8903,131.8713,132.2568,101.5818,101.8624,105.0053,105.1745
2009-11-12,99.9114,99.9639,104.5229,104.5351,130.8657,130.9355,131.9326,132.3183,101.6197,101.9004,105.0541,105.2234
2009-11-13,99.9503,100.0029,104.5352,104.5474,130.9286,130.9984,131.9777,132.3636,101.645,101.9257,105.0901,105.2595
2009-11-16,99.9441,99.9966,104.5415,104.5537,130.9586,131.0284,131.9995,132.3855,101.6318,101.9125,105.1022,105.2716
2009-11-17,99.902,99.9545,104.5083,104.5205,130.917,130.9869,132.0268,132.413,101.6431,101.9239,105.124,105.2934
2009-11-18,99.872,99.9245,104.4819,104.4941,130.891,130.9608,132.0308,132.417,101.6362,101.9169,105.1271,105.2966
2009-11-19,99.9118,99.9643,104.533,104.5452,130.955,131.0249,132.0698,132.4564,101.6567,101.9374,105.1199,105.2893
2009-11-20,99.9198,99.9723,104.5514,104.5636,130.978,131.0479,132.167,132.554,101.7228,102.0037,105.1973,105.3669
2009-11-23,99.9329,99.9854,104.5577,104.57,131.033,131.103,132.1896,132.5767,101.7102,101.9912,105.2154,105.385
2009-11-24,99.9614,100.014,104.5973,104.6095,131.0826,131.1526,132.2444,132.6317,101.7431,102.0241,105.1628,105.3323
2009-11-25,99.9486,100.0011,104.5469,104.5591,131.0787,131.1488,132.3125,132.7003,101.7865,102.0676,105.2171,105.3867
2009-11-26,99.9353,99.9878,104.5389,104.5511,131.0743,131.1443,132.2862,132.6738,101.7558,102.0368,105.079,105.2484
2009-11-27,100.0261,100.0787,104.5948,104.6071,131.2041,131.2745,132.4898,132.8785,101.9053,102.1867,105.2412,105.4108
2009-11-30,100.0539,100.1065,104.6513,104.6636,131.2782,131.3488,132.5781,132.9672,101.9444,102.2259,105.3087,105.4784
2009-12-01,100.0078,100.0604,104.6079,104.6201,131.2315,131.302,132.4666,132.8555,101.8473,102.1285,105.2202,105.3898
2009-12-02,100.0099,100.0624,104.6202,104.6324,131.247,131.3175,132.5441,132.9332,101.8977,102.1792,105.2728,105.4425
2009-12-03,100.0527,100.1053,104.629,104.6413,131.3151,131.3857,132.6132,133.0024,101.9417,102.2233,105.3277,105.4975
2009-12-04,100.036,100.0886,104.6003,104.6125,131.3062,131.3768,132.6403,133.0296,101.9528,102.2344,105.3492,105.5191
2009-12-07,100.0505,100.1031,104.6458,104.658,131.3634,131.434,132.6263,133.0156,101.9118,102.1933,105.3142,105.484
2009-12-08,100.0075,100.0601,104.6116,104.6238,131.3205,131.3911,132.5423,132.9313,101.8362,102.1174,105.2475,105.4171
2009-12-09,100.0418,100.0944,104.6459,104.6581,131.3775,131.4482,132.6354,133.0248,101.8989,102.1804,105.3163,105.4861
2009-12-10,100.0399,100.0925,104.6338,104.646,131.3878,131.4585,132.6521,133.0415,101.9019,102.1833,105.2828,105.4525
2009-12-11,100.0564,100.109,104.641,104.6533,131.422,131.4927,132.6457,133.035,101.8868,102.1682,105.2777,105.4474
2009-12-14,100.0849,100.1375,104.6955,104.7077,131.4971,131.5679,132.737,133.1267,101.928,102.2095,105.3074,105.4771
2009-12-15,100.0641,100.1167,104.6842,104.6965,131.483,131.5538,132.6999,133.0894,101.8889,102.1704,105.2738,105.4435
2009-12-16,100.077,100.1297,104.6933,104.7056,131.5126,131.5833,132.7791,133.169,101.9408,102.2223,105.308,105.4778
2009-12-17,100.0931,100.1457,104.7086,104.7209,131.5461,131.6169,132.799,133.189,101.9463,102.2279,105.3238,105.4936
2009-12-18,100.0861,100.1387,104.6914,104.7036,131.5499,131.6207,132.8254,133.2155,101.9569,102.2385,105.3448,105.5146
2009-12-21,100.081,100.1336,104.648,104.6603,131.5818,131.6527,132.8137,133.2038,101.918,102.1994,105.3035,105.4732
2009-12-22,100.1093,100.1619,104.6874,104.6996,131.6313,131.7022,132.8298,133.22,101.9206,102.202,105.3162,105.486
2009-12-23,100.108,100.1607,104.6809,104.6931,131.6425,131.7135,132.8947,133.2851,101.9612,102.2428,105.3592,105.5291
2009-12-24,100.0916,100.1442,104.6652,104.6775,131.6341,131.7051,132.8935,133.2839,101.9503,102.2319,105.3583,105.5281
2009-12-25,100.0792,100.1318,104.6621,104.6743,131.631,131.7019,132.8858,133.2762,101.9344,102.2159,105.3522,105.522
2009-12-28,100.0994,100.1521,104.6727,104.6849,131.6957,131.7669,132.9095,133.3,101.9231,102.2046,105.3649,105.5347
2009-12-29,100.0919,100.1445,104.6702,104.6824,131.6988,131.7699,132.9829,133.3738,101.9704,102.252,105.4188,105.5887
2009-12-30,100.1035,100.1561,104.6873,104.6995,131.7267,131.7979,133.051,133.4422,102.0136,102.2953,105.3812,105.551
2009-12-31,100.1137,100.1663,104.7068,104.7191,131.7528,131.8241,133.0888,133.4803,102.0332,102.315,105.4112,105.5811
2010-01-04,100.1142,100.1668,104.7485,104.7607,131.8052,131.8766,133.106,133.4975,102.0069,102.2886,105.4248,105.5947
2010-01-05,100.1057,100.1583,104.7501,104.7623,131.8072,131.8786,133.1021,133.4936,101.9939,102.2756,105.4218,105.5917
2010-01-06,100.1379,100.1906,104.7885,104.8008,131.8619,131.9333,133.1518,133.5435,102.0226,102.3044,105.4611,105.6311
2010-01-07,100.1063,100.1589,104.7662,104.7785,131.8339,131.9053,133.0841,133.4755,101.96,102.2416,105.4075,105.5774
2010-01-08,100.0522,100.1048,104.7209,104.7331,131.7769,131.8482,133.0358,133.4271,101.9124,102.1939,105.3692,105.5391
2010-01-11,100.0351,100.0877,104.7327,104.745,131.7939,131.8652,133.0812,133.4727,101.9178,102.1993,105.4052,105.5751
2010-01-12,100.0,100.0526,104.7069,104.7192,131.7615,131.8328,133.0357,133.427,101.8724,102.1538,105.3691,105.539
2010-01-13,99.9428,99.9953,104.6567,104.6689,131.7003,131.7716,132.9095,133.3004,101.7642,102.0453,105.2692,105.4389
2010-01-14,100.0069,100.0595,104.7297,104.742,131.7965,131.8678,132.9811,133.3723,101.81,102.0912,105.3259,105.4957
2010-01-15,100.0185,100.0711,104.7171,104.7293,131.8246,131.8959,133.0914,133.4829,101.8859,102.1673,105.4133,105.5832
2010-01-18,100.0488,100.1014,104.7196,104.7319,131.903,131.9744,133.15,133.5416,101.9016,102.1831,105.4369,105.6069
2010-01-19,100.0379,100.0905,104.7145,104.7268,131.9019,131.9733,133.1681,133.5598,101.9058,102.1872,105.4476,105.6176
2010-01-20,100.1355,100.1881,104.8155,104.8277,132.0414,132.1131,133.2481,133.6401,101.9581,102.2397,105.4985,105.6685
2010-01-21,100.1478,100.2004,104.8385,104.8507,132.0704,132.1421,133.3281,133.7204,102.0104,102.2922,105.5619,105.7321
2010-01-22,100.1967,100.2494,104.8992,104.9115,132.1468,132.2186,133.4172,133.8098,102.0698,102.3517,105.6324,105.8027
2010-01-25,100.214,100.2666,104.948,104.9602,132.2082,132.2801,133.4408,133.8335,102.0585,102.3403,105.6512,105.8215
2010-01-26,100.2537,100.3064,104.9994,105.0117,132.273,132.345,133.5265,133.9194,102.1152,102.3972,105.719,105.8894
2010-01-27,100.2923,100.345,105.0495,105.0618,132.336,132.408,133.6565,134.0498,102.2063,102.4886,105.8201,105.9907
2010-01-28,100.3239,100.3767,105.0925,105.1047,132.39,132.4622,133.661,134.0544,102.1999,102.4822,105.8237,105.9943
2010-01-29,100.3309,100.3836,105.11,105.1223,132.4121,132.4843,133.7033,134.0968,102.2228,102.5051,105.8572,106.0278
2010-02-01,100.4037,100.4565,105.2121,105.2245,132.5458,132.6181,133.9135,134.3076,102.3563,102.639,106.0236,106.1946
2010-02-02,100.4587,100.5116,105.2792,105.2916,132.6304,132.7027,134.0532,134.4478,102.455,102.7379,106.1342,106.3052
2010-02-03,100.4796,100.5324,105.3111,105.3234,132.6705,132.7428,134.0854,134.48,102.47,102.753,106.1596,106.3307
2010-02-04,100.4969,100.5497,105.3393,105.3517,132.7061,132.7784,134.0808,134.4754,102.4566,102.7396,106.156,106.3271
2010-02-05,100.5074,100.5602,105.3605,105.3729,132.7328,132.8051,134.1334,134.5282,102.4875,102.7706,106.1977,106.3688
2010-02-08,100.5913,100.6442,105.4402,105.4525,132.881,132.9535,134.2704,134.6656,102.5643,102.8475,106.2973,106.4687
2010-02-09,100.6469,100.6998,105.5042,105.5166,132.9663,133.0389,134.3373,134.7327,102.6063,102.8897,106.3442,106.5157
2010-02-10,100.6606,100.7135,105.5038,105.5161,132.9973,133.0699,134.3526,134.7481,102.6083,102.8917,106.3563,106.5278
2010-02-11,100.6373,100.6902,105.4876,105.4999,132.9801,133.0528,134.351,134.7464,102.5971,102.8804,106.355,106.5265
2010-02-12,100.6361,100.689,105.4968,105.5091,132.9917,133.0644,134.378,134.7735,102.6081,102.8915,106.3168,106.4882
2010-02-22,100.5954,100.6483,105.4864,105.4987,133.0725,133.1453,134.4076,134.8033,102.5307,102.8139,106.2871,106.4584
2010-02-23,100.5768,100.6297,105.4698,105.4822,133.0616,133.1344,134.415,134.8108,102.5265,102.8097,106.2703,106.4416
2010-02-24,100.6521,100.705,105.5533,105.5657,133.1725,133.2455,134.5427,134.939,102.6157,102.8991,106.3714,106.5429
2010-02-25,100.7486,100.8015,105.6238,105.6361,133.3108,133.3842,134.6929,135.0898,102.7224,103.0061,106.4903,106.662
2010-02-26,100.8847,100.9377,105.7735,105.7859,133.4979,133.5734,135.0417,135.4408,102.9847,103.2691,106.767,106.9391
2010-03-01,100.9433,100.9964,105.8229,105.8353,133.614,133.6896,135.174,135.5738,103.0575,103.3421,106.8036,106.9757
2010-03-02,101.0215,101.0746,105.9095,105.9219,133.7289,133.8047,135.3204,135.7208,103.1611,103.446,106.9193,107.0917
2010-03-03,101.1481,101.2013,106.04,106.0524,133.9069,133.9829,135.5381,135.9392,103.32,103.6053,107.0914,107.2641
2010-03-04,101.125,101.1782,106.0201,106.0325,133.8902,133.9662,135.4847,135.8854,103.2686,103.5538,106.8838,107.0561
2010-03-05,101.1693,101.2225,106.0387,106.0511,133.9611,134.0372,135.6205,136.0217,103.364,103.6495,106.991,107.1635
2010-03-08,101.1929,101.2461,106.0925,106.105,134.0318,134.108,135.7575,136.1592,103.4406,103.7263,107.0992,107.2718
2010-03-09,101.1672,101.2204,106.076,106.0885,134.0117,134.0878,135.743,136.1446,103.4195,103.7051,107.0813,107.2539
2010-03-10,101.1385,101.1916,106.0263,106.0387,133.9876,134.0637,135.6929,136.0943,103.3708,103.6563,107.0366,107.2091
2010-03-11,101.1265,101.1796,106.0245,106.0369,133.9853,134.0614,135.6767,136.078,103.3483,103.6338,107.0237,107.1963
2010-03-12,101.1137,101.1669,106.0204,106.0328,133.9821,134.0581,135.7209,136.1224,103.3727,103.6582,107.0587,107.2312
2010-03-15,101.1621,101.2153,106.099,106.1114,134.085,134.1614,135.8047,136.2066,103.4079,103.6935,107.1249,107.2975
2010-03-16,101.2156,101.2688,106.1646,106.1771,134.1678,134.2444,135.8729,136.2752,103.4509,103.7366,107.1719,107.3447
2010-03-17,101.2962,101.3495,106.2537,106.2662,134.2861,134.3629,135.9682,136.3709,103.5149,103.8007,107.2472,107.4201
2010-03-18,101.3221,101.3754,106.291,106.3034,134.3331,134.4101,136.0474,136.4505,103.5664,103.8524,107.3098,107.4828
2010-03-19,101.356,101.4093,106.3348,106.3472,134.3905,134.4676,136.1042,136.5075,103.6005,103.8866,107.3547,107.5277
2010-03-22,101.3327,101.386,106.3204,106.3328,134.4001,134.4772,135.9591,136.3618,103.4583,103.7441,107.2303,107.4032
2010-03-23,101.3458,101.399,106.3428,106.3553,134.4303,134.5076,135.9542,136.3568,103.4446,103.7303,107.2265,107.3993
2010-03-24,101.3663,101.4196,106.3518,106.3642,134.4703,134.5477,135.9655,136.3682,103.4435,103.7292,107.232,107.4049
2010-03-25,101.3657,101.419,106.352,106.3644,134.4829,134.5603,135.9485,136.3511,103.4204,103.706,107.2086,107.3814
2010-03-26,101.3688,101.4221,106.3616,106.3741,134.5003,134.5777,135.926,136.3283,103.393,103.6786,107.1481,107.3208
2010-03-29,101.325,101.3782,106.3438,106.3562,134.4831,134.5605,135.86,136.2617,103.3121,103.5975,106.9779,107.1504
2010-03-30,101.2788,101.3321,106.3039,106.3163,134.4364,134.5137,135.8222,136.2237,103.273,103.5583,106.9352,107.1075
2010-03-31,101.2852,101.3385,106.2871,106.2996,134.4581,134.5354,135.8005,136.2018,103.2463,103.5315,106.918,107.0903
2010-04-01,101.2759,101.3292,106.2869,106.2994,134.4593,134.5366,135.8172,136.2187,103.2494,103.5346,106.9312,107.1035
2010-04-02,101.2886,101.3418,106.2463,106.2587,134.4892,134.5666,135.873,136.2746,103.2825,103.5678,106.9751,107.1475
2010-04-06,101.2744,101.3276,106.2476,106.26,134.524,134.6015,135.9329,136.3346,103.2892,103.5745,106.9891,107.1615
2010-04-07,101.1438,101.197,106.1219,106.1343,134.367,134.4443,135.793,136.1943,103.1714,103.4563,106.879,107.0512
2010-04-08,101.0638,101.1169,106.0164,106.0288,134.2759,134.353,135.7068,136.1078,103.0949,103.3797,106.8008,106.9729
2010-04-09,101.0929,101.1461,106.0272,106.0396,134.3274,134.4046,135.6955,136.0965,103.0763,103.361,106.7919,106.964
2010-04-12,101.0956,101.1488,106.0514,106.0638,134.3713,134.4486,135.7775,136.1788,103.11,103.3948,106.8565,107.0287
2010-04-13,101.1316,101.1848,106.0839,106.0964,134.4317,134.5091,135.9068,136.3085,103.1999,103.4849,106.9583,107.1307
2010-04-14,101.1454,101.1985,106.1068,106.1192,134.4632,134.5406,135.9343,136.3361,103.2112,103.4963,106.9799,107.1523
2010-04-15,101.182,101.2352,106.1505,106.1629,134.5244,134.6019,135.9386,136.3404,103.2047,103.4897,106.9238,107.0962
2010-04-16,101.205,101.2582,106.1558,106.1683,134.5679,134.6455,135.9803,136.3823,103.227,103.5121,106.878,107.0503
2010-04-19,101.2749,101.3281,106.2597,106.2722,134.6993,134.7773,136.191,136.594,103.36,103.6455,107.035,107.2075
2010-04-20,101.3375,101.3907,106.3334,106.3458,134.7945,134.8726,136.2997,136.7031,103.4339,103.7196,107.1205,107.2931
2010-04-21,101.3971,101.4505,106.3636,106.376,134.8858,134.9642,136.3752,136.779,103.4823,103.7681,107.1782,107.3509
2010-04-22,101.4637,101.517,106.415,106.4274,134.9861,135.0647,136.4938,136.8982,103.5639,103.85,107.2715,107.4445
2010-04-23,101.5511,101.6045,106.5074,106.5199,135.1137,135.1926,136.6933,137.0986,103.708,103.9945,107.4286,107.6018
2010-04-26,101.6553,101.7087,106.6123,106.6247,135.2901,135.3695,136.8851,137.2912,103.8263,104.113,107.577,107.7504
2010-04-27,101.6737,101.7272,106.6339,106.6464,135.3276,135.4071,136.9196,137.326,103.843,104.1298,107.5226,107.696
2010-04-28,101.7165,101.77,106.6733,106.6858,135.3968,135.4766,137.0492,137.4563,103.9331,104.2201,107.5745,107.7479
2010-04-29,101.6974,101.7509,106.6344,106.6469,135.3853,135.4651,137.1732,137.5809,104.0188,104.3061,107.672,107.8456
2010-04-30,101.7045,101.758,106.6398,106.6523,135.408,135.4878,137.1824,137.5901,104.016,104.3033,107.6507,107.8242
2010-05-04,101.6405,101.6939,106.6161,106.6285,135.3778,135.4576,137.0851,137.4925,103.9015,104.1884,107.5743,107.7477
2010-05-05,101.6174,101.6708,106.6009,106.6134,135.361,135.4408,137.0893,137.4967,103.8948,104.1817,107.5295,107.7029
2010-05-06,101.6523,101.7057,106.6449,106.6574,135.4201,135.4999,137.192,137.5998,103.9639,104.251,107.6059,107.7793
2010-05-07,101.7399,101.7934,106.7366,106.749,135.5484,135.6284,137.4765,137.8851,104.1728,104.4605,107.829,108.0028
2010-05-10,101.7593,101.8128,106.7884,106.8009,135.6142,135.6942,137.4588,137.8673,104.1295,104.4171,107.8151,107.9889
2010-05-11,101.7646,101.8181,106.8044,106.8169,135.6345,135.7146,137.4535,137.862,104.1155,104.403,107.811,107.9847
2010-05-12,101.8082,101.8617,106.86,106.8725,135.7052,135.7853,137.5531,137.9619,104.1822,104.4699,107.8851,108.059
2010-05-13,101.8469,101.9005,106.8974,106.9099,135.7694,135.8495,137.6999,138.1092,104.2852,104.5732,108.0003,108.1744
2010-05-14,101.8928,101.9464,106.9525,106.965,135.8429,135.9232,137.741,138.1505,104.307,104.595,108.0326,108.2067
2010-05-17,101.944,101.9976,107.0268,107.0393,135.9504,136.0308,137.953,138.3633,104.4404,104.7289,108.1465,108.3208
2010-05-18,102.0455,102.0991,107.1285,107.141,136.0968,136.1773,138.189,138.6003,104.6121,104.901,108.3278,108.5024
2010-05-19,102.1553,102.209,107.2495,107.2621,136.2542,136.3349,138.3236,138.7358,104.7058,104.9949,108.3449,108.5196
2010-05-20,102.1263,102.18,107.1863,107.1988,136.2295,136.3103,138.333,138.7453,104.7031,104.9923,108.344,108.5187
2010-05-21,102.0871,102.1408,107.1317,107.1442,136.1917,136.2723,138.3032,138.7154,104.6704,104.9594,108.3207,108.4953
2010-05-24,102.0273,102.0809,107.0409,107.0534,136.1535,136.2339,138.2577,138.6696,104.6057,104.8946,108.2816,108.4562
2010-05-25,102.0061,102.0598,106.9855,106.998,136.1393,136.2196,138.2386,138.6504,104.5812,104.87,108.2628,108.4373
2010-05-26,102.0191,102.0727,107.0031,107.0156,136.1697,136.2502,138.2513,138.6632,104.581,104.8699,108.2727,108.4473
2010-05-27,101.9972,102.0508,106.9668,106.9793,136.1544,136.2348,138.2333,138.6451,104.5573,104.8461,108.2462,108.4207
2010-05-28,101.9716,102.0252,106.951,106.9635,136.1343,136.2147,138.2116,138.6233,104.5308,104.8195,108.2292,108.4036
2010-05-31,101.9726,102.0262,106.9838,106.9963,136.176,136.2564,138.2023,138.6139,104.4942,104.7828,108.1447,108.3191
2010-06-01,101.9082,101.9618,106.9248,106.9373,136.1049,136.1853,138.0863,138.4975,104.3953,104.6837,108.0505,108.2247
2010-06-02,101.8662,101.9198,106.892,106.9045,136.0631,136.1435,138.1296,138.5409,104.4187,104.7071,108.0579,108.2321
2010-06-03,101.9066,101.9602,106.9407,106.9532,136.1297,136.2101,138.211,138.6226,104.4713,104.7599,108.1186,108.2929
2010-06-04,101.9378,101.9914,106.9476,106.9601,136.1842,136.2646,138.284,138.6958,104.5176,104.8062,108.1758,108.3501
2010-06-07,101.9414,101.995,106.9815,106.994,136.2294,136.3099,138.3824,138.7946,104.5637,104.8524,108.227,108.4015
2010-06-08,101.9374,101.991,106.9839,106.9964,136.2376,136.3181,138.3438,138.7559,104.5242,104.8129,108.1968,108.3712
2010-06-09,101.9095,101.9631,106.961,106.9735,136.2145,136.295,138.3439,138.756,104.5145,104.8032,108.182,108.3564
2010-06-10,101.8437,101.8973,106.8895,106.902,136.1414,136.2218,138.2855,138.6974,104.46,104.7485,108.1362,108.3105
2010-06-11,101.776,101.8295,106.8301,106.8426,136.0659,136.1462,138.1766,138.5881,104.3666,104.6549,108.0509,108.2251
2010-06-17,101.7629,101.8164,106.8568,106.8693,136.13,136.2104,138.2449,138.6566,104.3601,104.6484,108.0671,108.2413
2010-06-18,101.4677,101.521,106.5513,106.5638,135.7554,135.8352,137.822,138.2317,104.0259,104.3133,107.7359,107.9096
2010-06-21,101.44,101.4933,106.5525,106.5649,135.7593,135.8392,137.853,138.2628,104.0204,104.3077,107.7536,107.9273
2010-06-22,101.4701,101.5234,106.5832,106.5956,135.8123,135.8923,137.9281,138.3383,104.0683,104.3557,107.8062,107.98
2010-06-23,101.4599,101.5133,106.5833,106.5957,135.8125,135.8924,137.8843,138.2943,104.0249,104.3122,107.772,107.9457
2010-06-24,101.4729,101.5263,106.6073,106.6197,135.843,135.923,137.8816,138.2916,104.0131,104.3003,107.7698,107.9436
2010-06-25,101.3991,101.4524,106.5415,106.554,135.7594,135.8392,137.8633,138.2732,103.9892,104.2764,107.6967,107.8703
2010-06-28,101.4643,101.5177,106.6355,106.648,135.8856,135.9656,138.0377,138.4487,104.0935,104.3809,107.8094,107.9832
2010-06-29,101.5556,101.609,106.6885,106.701,136.0192,136.0995,138.1975,138.6094,104.2061,104.4939,107.9345,108.1085
2010-06-30,101.6401,101.6935,106.7808,106.7933,136.1437,136.2243,138.3532,138.7662,104.3158,104.6039,107.9944,108.1685
2010-07-01,101.6798,101.7332,106.8201,106.8326,136.2096,136.2902,138.4169,138.8301,104.3546,104.6429,108.0357,108.2098
2010-07-02,101.7071,101.7606,106.859,106.8715,136.2591,136.3398,138.5027,138.9161,104.4104,104.6988,108.1026,108.2769
2010-07-05,101.7546,101.8081,106.9103,106.9228,136.3623,136.4431,138.5304,138.9439,104.4023,104.6906,108.1119,108.2862
2010-07-06,101.8644,101.9179,107.0015,107.014,136.5205,136.6014,138.7276,139.1418,104.5432,104.832,108.2659,108.4404
2010-07-07,101.9186,101.9722,107.0682,107.0808,136.6056,136.6866,138.7305,139.1446,104.5356,104.8243,108.2681,108.4426
2010-07-08,101.9341,101.9877,107.0263,107.0389,136.6395,136.7206,138.7451,139.1594,104.5371,104.8258,108.2701,108.4447
2010-07-09,101.9619,102.0155,107.0657,107.0782,136.6897,136.7709,138.7408,139.155,104.524,104.8127,108.2668,108.4413
2010-07-12,101.9743,102.0279,107.1103,107.1228,136.7466,136.8278,138.8653,139.2799,104.5897,104.8786,108.3567,108.5314
2010-07-13,102.044,102.0976,107.1921,107.2046,136.8519,136.9334,139.0422,139.4574,104.7151,105.0043,108.4948,108.6697
2010-07-14,102.0771,102.1308,107.2369,107.2494,136.9091,136.9906,139.1059,139.5213,104.754,105.0433,108.5445,108.7195
2010-07-15,102.106,102.1597,107.272,107.2846,136.9606,137.0422,139.1663,139.582,104.7903,105.0797,108.5836,108.7586
2010-07-16,102.1346,102.1883,107.308,107.3206,137.0117,137.0934,139.2887,139.7048,104.874,105.1636,108.6601,108.8353
2010-07-19,102.1758,102.2295,107.3823,107.3948,137.1064,137.1883,139.3394,139.7557,104.8831,105.1728,108.6972,108.8724
2010-07-20,102.1557,102.2094,107.353,107.3656,137.0935,137.1753,139.3166,139.7328,104.8558,105.1454,108.677,108.8522
2010-07-21,102.1513,102.205,107.359,107.3715,137.101,137.1829,139.2931,139.7092,104.8279,105.1174,108.6586,108.8338
2010-07-22,102.1346,102.1883,107.3471,107.3597,137.0925,137.1742,139.3083,139.7245,104.8297,105.1192,108.667,108.8421
2010-07-23,102.1068,102.1605,107.3289,107.3415,137.0693,137.151,139.2071,139.6229,104.7424,105.0317,108.5795,108.7545
2010-07-26,102.0489,102.1025,107.3005,107.313,137.033,137.1147,139.1508,139.5664,104.6695,104.9586,108.4525,108.6274
2010-07-27,102.0392,102.0928,107.301,107.3135,137.0336,137.1153,139.1163,139.5317,104.6332,104.9222,108.4169,108.5917
2010-07-28,102.0481,102.1017,107.3158,107.3283,137.0588,137.1405,139.1577,139.5733,104.6551,104.9441,108.4492,108.6241
2010-07-29,102.0697,102.1233,107.3026,107.3151,137.1007,137.1825,139.1864,139.6022,104.6673,104.9564,108.4649,108.6397
2010-07-30,102.0612,102.1148,107.3006,107.3131,137.103,137.1848,139.1374,139.5529,104.6201,104.9091,108.3703,108.545
2010-08-02,102.0383,102.092,107.3046,107.3172,137.1132,137.1951,139.1609,139.5764,104.6086,104.8975,108.3161,108.4907
2010-08-03,102.0202,102.0739,107.2965,107.309,137.1028,137.1846,139.104,139.5194,104.5554,104.8442,108.2719,108.4464
2010-08-04,102.0554,102.109,107.3301,107.3427,137.1626,137.2445,139.1689,139.5845,104.5951,104.884,108.3224,108.497
2010-08-05,102.0758,102.1295,107.3575,107.37,137.2031,137.285,139.253,139.6688,104.6494,104.9384,108.3879,108.5626
2010-08-06,102.108,102.1617,107.3643,107.3768,137.2591,137.3411,139.3544,139.7705,104.7169,105.0061,108.4667,108.6416
2010-08-09,102.1197,102.1734,107.4079,107.4204,137.3148,137.3969,139.3768,139.793,104.7045,104.9937,108.4715,108.6464
2010-08-10,102.1091,102.1628,107.3842,107.3967,137.3143,137.3963,139.3965,139.8128,104.7098,104.999,108.4869,108.6618
2010-08-11,102.1241,102.1778,107.391,107.4036,137.3475,137.4297,139.4992,139.9158,104.7782,105.0676,108.5669,108.7419
2010-08-12,102.1747,102.2284,107.3984,107.4109,137.4277,137.5101,139.6867,140.1038,104.9112,105.201,108.7128,108.888
2010-08-13,102.1891,102.2429,107.4181,107.4307,137.4601,137.5425,139.7536,140.171,104.9524,105.2422,108.7648,108.9402
2010-08-16,102.1795,102.2332,107.4325,107.4451,137.4873,137.5698,139.7792,140.1967,104.9423,105.2321,108.7745,108.9498
2010-08-17,102.1689,102.2226,107.432,107.4446,137.4867,137.5691,139.7912,140.2087,104.9415,105.2314,108.7792,108.9546
2010-08-18,102.1792,102.233,107.4529,107.4654,137.5137,137.5962,139.775,140.1925,104.9194,105.2092,108.6876,108.8628
2010-08-19,102.1968,102.2505,107.4416,107.4542,137.5502,137.6328,139.8313,140.2489,104.9524,105.2423,108.7314,108.9066
2010-08-20,102.1894,102.2431,107.4275,107.44,137.5538,137.6364,139.8227,140.2403,104.936,105.2258,108.6668,108.842
2010-08-23,102.1913,102.245,107.4091,107.4217,137.5963,137.679,139.8883,140.3061,104.9563,105.2462,108.7178,108.8931
2010-08-24,102.2109,102.2647,107.4398,107.4524,137.6356,137.7184,139.9045,140.3224,104.9587,105.2486,108.7304,108.9057
2010-08-25,102.235,102.2887,107.4676,107.4802,137.6807,137.7637,139.97,140.3881,104.9987,105.2887,108.7814,108.9567
2010-08-26,102.1957,102.2495,107.4231,107.4357,137.6421,137.725,139.9367,140.3547,104.9635,105.2534,108.7555,108.9308
2010-08-27,102.1948,102.2486,107.4327,107.4452,137.6543,137.7372,139.8964,140.3142,104.923,105.2127,108.7166,108.8919
2010-08-30,102.1882,102.242,107.3829,107.3955,137.6856,137.7687,139.9338,140.3492,104.9218,105.2083,108.7358,108.3073
2010-08-31,102.1872,102.2409,107.3564,107.369,137.6976,137.7807,139.9143,140.3391,104.8972,105.1903,108.7207,108.2995
2010-09-01,102.1862,102.2399,107.3571,107.3697,137.7097,137.7928,139.9397,140.3603,104.9067,105.1961,108.6852,108.2765
2010-09-02,102.1912,102.2449,107.3183,107.3309,137.7298,137.8129,139.9565,140.3572,104.9096,105.1835,108.6982,108.2741
2010-09-03,102.1724,102.2261,107.2993,107.3119,137.7182,137.8013,139.942,140.3436,104.8887,105.1629,108.6741,108.2544
2010-09-06,102.1776,102.2313,107.3284,107.3409,137.765,137.8482,139.9543,140.3126,104.8685,105.1086,108.645,108.203
2010-09-07,102.1306,102.1843,107.2879,107.3004,137.716,137.7991,139.8383,140.1841,104.7705,105.001,108.5487,108.0995
2010-09-08,102.105,102.1586,107.267,107.2796,137.6954,137.7785,139.8812,140.2421,104.7933,105.0347,108.582,108.1442
2010-09-09,102.0857,102.1394,107.2575,107.2701,137.6831,137.7662,139.8257,140.1753,104.7413,104.9739,108.4908,108.0585
2010-09-10,102.0515,102.1051,107.2326,107.2451,137.6511,137.7342,139.7574,140.0623,104.6796,104.8782,108.4378,107.9715
2010-09-13,101.9855,102.0392,107.1923,107.2049,137.6037,137.6867,139.6807,139.9933,104.5919,104.7952,108.3781,107.9183
2010-09-14,101.9637,102.0173,107.1802,107.1927,137.5881,137.6711,139.6073,139.8707,104.5264,104.6923,108.3211,107.8238
2010-09-15,101.9402,101.9938,107.1662,107.1788,137.5702,137.6532,139.5686,139.8325,104.4872,104.6531,108.2796,107.7861
2010-09-16,101.8842,101.9378,107.0372,107.0497,137.5093,137.5923,139.5375,139.7774,104.4538,104.6012,108.2487,107.7389
2010-09-17,101.8667,101.9202,107.0096,107.0221,137.4994,137.5823,139.5367,139.7566,104.4435,104.5753,108.2481,107.7229
2010-09-20,101.8496,101.9031,106.993,107.0055,137.5171,137.6001,139.5344,139.7639,104.4121,104.5499,108.1542,107.6628
2010-09-21,101.8114,101.865,106.964,106.9765,137.4798,137.5627,139.5076,139.7445,104.382,104.525,108.1334,107.6478
2010-09-27,101.7681,101.8216,106.9269,106.9394,137.497,137.5861,139.5073,139.7453,104.322,104.4633,107.9899,107.5449
2010-09-28,101.7476,101.8011,106.9102,106.9227,137.4833,137.5723,139.5111,139.7509,104.315,104.4573,107.9928,107.5493
2010-09-29,101.7249,101.7784,106.8898,106.9023,137.4665,137.5555,139.5241,139.7877,104.3151,104.4749,107.9913,107.5691
2010-09-30,101.769,101.8225,106.9408,106.9534,137.5385,137.6276,139.5642,139.8444,104.3358,104.5075,108.0197,107.6108
2010-10-08,101.7198,101.7732,106.9736,106.9861,137.5805,137.6697,139.598,139.8604,104.283,104.4376,108.0387,107.6179
2010-10-11,101.6732,101.7266,106.9565,106.969,137.559,137.6482,139.395,139.5354,104.0997,104.1613,107.8787,107.3657
2010-10-12,101.6639,101.7174,106.9259,106.9384,137.5602,137.6493,139.3634,139.4741,104.066,104.1048,107.8542,107.3185
2010-10-13,101.6429,101.6963,106.8888,106.9013,137.5457,137.6348,139.3305,139.4679,104.0313,104.0899,107.8129,107.3022
2010-10-14,101.6147,101.6682,106.8702,106.8827,137.5217,137.6107,139.3341,139.4448,104.0243,104.0623,107.8028,107.2752
2010-10-15,101.6037,101.6571,106.8692,106.8817,137.5205,137.6096,139.3286,139.4329,104.0104,104.0431,107.7936,107.2625
2010-10-18,101.5867,101.6401,106.8751,106.8876,137.5383,137.6274,139.347,139.4567,103.9951,104.0305,107.7899,107.2677
2010-10-19,101.5661,101.6195,106.8643,106.8768,137.5244,137.6135,139.3178,139.4152,103.9632,103.989,107.7672,107.2359
2010-10-20,101.0227,101.0758,106.3102,106.3227,136.8148,136.9031,138.2402,138.107,103.1374,102.9913,106.9334,106.2295
2010-10-21,100.7772,100.8301,106.0668,106.0792,136.5017,136.5896,137.8427,137.5899,102.8268,102.5909,106.6257,105.8318
2010-10-22,100.7492,100.8022,106.0346,106.047,136.4781,136.5659,137.8803,137.6994,102.8457,102.6633,106.5702,105.8545
2010-10-25,100.7144,100.7674,106.0286,106.041,136.4725,136.5603,137.9267,137.7739,102.8519,102.6891,106.6042,105.9105
2010-10-26,100.6739,100.7269,105.9949,106.0073,136.4321,136.5199,137.7983,137.6299,102.7451,102.5704,106.5049,105.7998
2010-10-27,100.6303,100.6832,105.9529,105.9653,136.3876,136.4753,137.709,137.5391,102.6678,102.4918,106.4341,105.7287
2010-10-28,100.6304,100.6833,105.9421,105.9545,136.4012,136.489,137.6728,137.506,102.6309,102.4567,106.4059,105.7031
2010-10-29,100.6414,100.6944,105.9591,105.9715,136.4295,136.5173,137.7043,137.5404,102.645,102.4726,106.4303,105.7296
2010-11-01,100.6319,100.6848,105.9753,105.9877,136.4575,136.5453,137.7312,137.5804,102.6365,102.4724,106.4163,105.7352
2010-11-02,100.5158,100.5687,105.8657,105.8781,136.3164,136.4041,137.438,137.2216,102.4052,102.1917,106.1897,105.4594
2010-11-03,100.3024,100.3551,105.6553,105.6677,136.0455,136.133,136.9379,136.5867,102.0176,101.7029,105.8033,104.9714
2010-11-04,100.1375,100.1901,105.4926,105.505,135.8393,135.9266,136.6418,136.2623,101.7841,101.4482,105.5717,104.7201
2010-11-05,100.0858,100.1384,105.4469,105.4592,135.7841,135.8713,136.5757,136.2148,101.7245,101.4023,105.5206,104.6836
2010-11-08,100.0073,100.0599,105.3973,105.4096,135.7202,135.8074,136.4949,136.1863,101.6342,101.3503,105.3947,104.6156
2010-11-09,99.9517,100.0042,105.3502,105.3625,135.6596,135.7467,136.3556,136.0357,101.5192,101.2266,105.287,104.4999
2010-11-10,99.7296,99.7821,105.1291,105.1414,135.3773,135.4642,135.9547,135.5828,101.2065,100.8753,104.9771,104.1521
2010-11-11,99.5426,99.595,104.8995,104.9118,135.1416,135.2282,135.5992,135.2331,100.928,100.6016,104.7022,103.8834
2010-11-12,99.3706,99.4228,104.7185,104.7308,134.9258,135.0121,135.5188,135.2162,100.8575,100.5787,104.6401,103.8704
2010-11-15,99.2224,99.2746,104.5958,104.608,134.7691,134.8552,135.4883,135.2353,100.805,100.5624,104.5592,103.8432
2010-11-16,99.1921,99.2442,104.5692,104.5815,134.7423,134.8283,135.5753,135.3846,100.861,100.6647,104.6264,103.9579
2010-11-17,99.1908,99.2429,104.5767,104.589,134.7541,134.8402,135.8899,135.7663,101.0892,100.942,104.8641,104.2469
2010-11-18,99.2283,99.2805,104.6216,104.6339,134.8178,134.9039,136.0894,135.9888,101.2302,101.0993,104.9673,104.3803
2010-11-19,99.1704,99.2226,104.5696,104.5819,134.7542,134.8402,135.9797,135.8183,101.1374,100.9607,104.8507,104.2263
2010-11-22,98.9192,98.9712,104.3001,104.3123,134.46,134.5455,135.4349,135.2769,100.696,100.5223,104.4296,103.8109
2010-11-23,98.7879,98.8398,104.165,104.1772,134.2986,134.3837,135.1804,135.0257,100.4938,100.323,104.2329,103.6181
2010-11-24,98.6275,98.6794,104.0096,104.0218,134.0985,134.1832,134.9709,134.8465,100.3255,100.1778,104.0026,103.4306
2010-11-25,98.5496,98.6014,103.9246,103.9368,134.0082,134.0927,134.8861,134.7978,100.2516,100.1309,103.9371,103.3933
2010-11-26,98.4223,98.474,103.7488,103.7609,133.852,133.9359,134.6948,134.578,100.097,99.9551,103.7892,103.2247
2010-11-29,98.4133,98.465,103.7712,103.7833,133.8808,133.9649,134.7174,134.5928,100.0844,99.9353,103.7988,103.2303
2010-11-30,98.4438,98.4955,103.8134,103.8255,133.9352,134.0193,134.7834,134.7149,100.1244,100.0169,103.8498,103.3239
2010-12-01,98.5829,98.6347,103.962,103.9742,134.1347,134.2191,135.132,135.1414,100.3771,100.3274,104.1184,103.651
2010-12-02,98.5845,98.6364,103.9653,103.9775,134.1506,134.2349,135.2149,135.271,100.4296,100.4145,104.1823,103.7504
2010-12-03,98.6154,98.6673,103.9776,103.9898,134.2055,134.2899,135.3091,135.3534,100.4905,100.4661,104.2548,103.8136
2010-12-06,98.6991,98.751,104.0961,104.1082,134.3584,134.4429,135.5111,135.5842,100.6128,100.6087,104.394,103.9785
2010-12-07,98.7778,98.8298,104.1883,104.2005,134.4774,134.562,135.7213,135.7864,100.7611,100.7504,104.5559,104.1335
2010-12-08,98.7507,98.8026,104.1681,104.1803,134.4547,134.5394,135.6492,135.673,100.6968,100.6548,104.5004,104.0466
2010-12-09,98.7304,98.7823,104.148,104.1602,134.4414,134.526,135.5417,135.5346,100.6058,100.5402,104.4116,103.936
2010-12-10,98.7236,98.7755,104.1367,104.1488,134.4459,134.5306,135.5565,135.5513,100.607,100.5425,104.3906,103.9251
2010-12-13,98.7543,98.8062,104.1993,104.2114,134.5281,134.6129,135.7403,135.7845,100.7155,100.6868,104.5235,104.0975
2010-12-14,98.7651,98.817,104.221,104.2332,134.5562,134.641,135.7779,135.8164,100.7338,100.7003,104.5274,104.1034
2010-12-15,98.8134,98.8654,104.2798,104.292,134.6345,134.7194,135.9069,135.945,100.821,100.7866,104.6239,104.2
2010-12-16,98.8232,98.8752,104.2931,104.3053,134.6613,134.7463,135.9441,135.9891,100.839,100.8094,104.6259,104.2143
2010-12-17,98.8848,98.9367,104.3497,104.3619,134.7573,134.8424,136.1115,136.1461,100.955,100.917,104.7024,104.2962
2010-12-20,98.9104,98.9624,104.3241,104.3363,134.8327,134.9174,136.2584,136.2863,101.0355,100.9911,104.7888,104.384
2010-12-21,98.9592,99.0112,104.3818,104.394,134.9117,134.9965,136.2675,136.2717,101.0322,100.9697,104.7815,104.3623
2010-12-22,98.9672,99.0192,104.3969,104.4092,134.9361,135.021,136.2714,136.2781,101.0251,100.9641,104.7845,104.3672
2010-12-23,98.9409,98.9929,104.3679,104.3801,134.9148,134.9996,136.2392,136.2253,100.9907,100.914,104.757,104.3248
2010-12-24,98.9151,98.9671,104.3447,104.3569,134.8941,134.9789,136.2018,136.1906,100.9525,100.8775,104.6819,104.2642
2010-12-27,98.7334,98.7853,104.1814,104.1936,134.6924,134.7767,135.9927,135.9644,100.7647,100.6764,104.4659,104.0508
2010-12-28,98.7072,98.7591,104.161,104.1731,134.6712,134.7553,135.9843,135.939,100.7482,100.6469,104.4495,104.0241
2010-12-29,98.7246,98.7765,104.1512,104.1634,134.7083,134.7926,136.0266,135.9968,100.77,100.6798,104.4762,104.064
2010-12-30,98.7894,98.8413,104.1805,104.1927,134.8087,134.8933,136.1068,136.0987,100.8203,100.7458,104.538,104.1419
2010-12-31,98.8658,98.9178,104.2655,104.2777,134.9248,135.0098,136.2491,136.2405,100.9174,100.8418,104.6475,104.2504
2011-01-04,98.9693,99.0213,104.4155,104.4278,135.1189,135.2041,136.4725,136.4708,101.0448,100.973,104.8191,104.4267
2011-01-05,99.0962,99.1483,104.5578,104.5701,135.3031,135.3884,136.7584,136.8156,101.2495,101.2213,105.0387,104.6905
2011-01-06,99.1541,99.2063,104.6248,104.6371,135.3946,135.4799,136.7706,136.7671,101.2485,101.1745,105.0481,104.6534
2011-01-07,99.2199,99.2721,104.7037,104.7159,135.4966,135.582,136.9191,136.9028,101.35,101.2659,105.1621,104.7572
2011-01-10,99.2398,99.2919,104.7509,104.7631,135.5648,135.6503,136.9312,136.9001,101.3286,101.2324,105.1682,104.7527
2011-01-11,99.2253,99.2775,104.7466,104.7588,135.5593,135.6447,136.8794,136.8058,101.2796,101.1512,105.1284,104.6806
2011-01-12,99.241,99.2932,104.7735,104.7858,135.5941,135.6796,136.8799,136.8145,101.2698,101.1472,105.1287,104.6872
2011-01-13,99.2234,99.2756,104.765,104.7773,135.5844,135.6698,136.7555,136.678,101.1662,101.0342,105.0332,104.5828
2011-01-14,99.1381,99.1902,104.6837,104.696,135.4837,135.5692,136.6477,136.526,101.0751,100.9097,104.9504,104.4665
2011-01-17,99.0082,99.0603,104.5391,104.5513,135.3513,135.4366,136.4658,136.3101,100.9081,100.7162,104.7951,104.2898
2011-01-18,98.853,98.905,104.3872,104.3994,135.157,135.242,136.2071,136.0309,100.7035,100.4962,104.5964,104.0762
2011-01-19,98.7552,98.8071,104.2931,104.3053,135.0396,135.1246,136.1093,135.9494,100.6199,100.4246,104.5188,104.012
2011-01-20,98.7205,98.7724,104.259,104.2712,135.0071,135.092,136.0519,135.9136,100.5666,100.3872,104.3969,103.9272
2011-01-21,98.7039,98.7558,104.2461,104.2583,134.9988,135.0836,136.0465,135.9308,100.5524,100.3896,104.3928,103.9404
2011-01-24,98.7008,98.7527,104.241,104.2532,135.0365,135.1214,136.0274,135.9261,100.5076,100.3547,104.3618,103.9248
2011-01-25,98.6447,98.6966,104.1894,104.2016,134.9753,135.0601,135.9941,135.8903,100.4724,100.3173,104.3322,103.8944
2011-01-26,98.6172,98.669,104.1716,104.1838,134.9523,135.0371,135.9357,135.8353,100.4184,100.2656,104.2542,103.8279
2011-01-27,98.6265,98.6784,104.1903,104.2025,134.9789,135.0637,135.9646,135.8583,100.4299,100.2723,104.2748,103.8443
2011-01-28,98.6053,98.6572,104.1762,104.1884,134.9644,135.0492,135.9488,135.8503,100.4079,100.2558,104.2473,103.8268
2011-01-31,98.6123,98.6641,104.206,104.2182,135.0153,135.1009,135.9668,135.8501,100.3902,100.2237,104.2611,103.8266
2011-02-01,98.6401,98.692,104.2417,104.2539,135.0667,135.1524,136.0329,135.9167,100.4296,100.2631,104.3118,103.8775
2011-02-09,98.3873,98.439,103.988,104.0002,134.84,134.9253,135.7301,135.5838,100.1208,99.9295,104.0429,103.596
2011-02-10,98.324,98.3756,103.9124,103.9245,134.769,134.8542,135.6822,135.5549,100.0747,99.8973,104.0062,103.5739
2011-02-11,98.34,98.3917,103.9349,103.947,134.8048,134.89,135.6953,135.5847,100.0743,99.9091,104.0163,103.5967
2011-02-14,98.4048,98.4565,103.9948,104.0069,134.9343,135.0199,135.8449,135.7688,100.1554,100.0152,104.0876,103.7054
2011-02-15,98.4079,98.4597,104.0089,104.0211,134.9527,135.0383,135.8975,135.8052,100.1845,100.0319,104.1233,103.7298
2011-02-16,98.3693,98.421,103.9797,103.9919,134.9148,135.0004,135.8636,135.7449,100.1489,99.9761,104.0946,103.6816
2011-02-17,98.3592,98.4109,103.975,103.9871,134.9155,135.001,135.8922,135.7973,100.16,100.0048,104.1128,103.719
2011-02-18,98.3886,98.4403,104.0091,104.0213,134.9691,135.0548,135.9184,135.8178,100.1694,100.0096,104.1329,103.7346
2011-02-21,98.2684,98.3201,103.8974,103.9095,134.85,134.9354,135.7363,135.6218,100.0021,99.8311,103.9876,103.5807
2011-02-22,98.2369,98.2886,103.8757,103.8879,134.822,134.9073,135.7458,135.6941,99.999,99.8747,103.9949,103.636
2011-02-23,98.2587,98.3103,103.8983,103.9104,134.8654,134.9509,135.8639,135.8594,100.0772,99.988,104.0698,103.7507
2011-02-24,98.38,98.4317,104.0315,104.0437,135.0428,135.1287,136.0721,136.0989,100.223,100.1569,104.2294,103.9336
2011-02-25,98.3778,98.4295,104.0017,104.0139,135.054,135.1399,135.9912,135.9574,100.1521,100.0402,104.1674,103.8255
2011-02-28,98.4135,98.4653,104.0328,104.045,135.145,135.2312,136.0907,136.0474,100.1958,100.0757,104.1962,103.3056
2011-03-01,98.4218,98.4736,104.0418,104.054,135.1705,135.2567,136.1471,136.1476,100.2277,100.1397,104.2393,103.3816
2011-03-02,98.4457,98.4974,104.0671,104.0793,135.217,135.3033,136.2066,136.2576,100.2619,100.211,104.2849,103.4651
2011-03-03,98.4669,98.5187,104.0917,104.1039,135.26,135.3463,136.2528,136.2657,100.2861,100.2065,104.3203,103.4713
2011-03-04,98.4589,98.5106,104.0272,104.0394,135.2635,135.3498,136.2131,136.2046,100.2461,100.1503,104.2899,103.4249
2011-03-07,98.4902,98.542,104.0802,104.0923,135.349,135.4354,136.283,136.2852,100.2674,100.1784,104.3324,103.478
2011-03-08,98.5348,98.5866,104.1376,104.1498,135.4237,135.5102,136.4368,136.5199,100.3722,100.3426,104.4069,103.6242
2011-03-09,98.626,98.6779,104.2389,104.2511,135.5611,135.6478,136.5055,136.5765,100.4132,100.374,104.4462,103.6573
2011-03-10,98.6197,98.6715,104.215,104.2272,135.5671,135.6538,136.4906,136.5514,100.3917,100.3448,104.3952,103.6089
2011-03-11,98.6032,98.6551,104.205,104.2172,135.5594,135.6462,136.426,136.4684,100.333,100.2724,104.3032,103.5143
2011-03-14,98.6101,98.6619,104.2457,104.2579,135.6123,135.6991,136.5049,136.5733,100.3606,100.3183,104.3622,103.5928
2011-03-15,98.6363,98.6882,104.2808,104.293,135.6622,135.7492,136.6535,136.765,100.4614,100.4501,104.4408,103.7118
2011-03-16,98.6716,98.7235,104.3278,104.34,135.7244,135.8115,136.693,136.8159,100.4805,100.4773,104.4629,103.7443
2011-03-17,98.7232,98.7751,104.3724,104.3846,135.8085,135.8957,136.84,136.9817,100.5801,100.5898,104.5755,103.87
2011-03-18,98.7532,98.8051,104.4037,104.4159,135.8637,135.951,136.8503,136.9801,100.5773,100.5779,104.5834,103.8688
2011-03-21,98.7263,98.7782,104.3904,104.4026,135.8711,135.9585,136.8061,136.9369,100.5128,100.5136,104.4945,103.7948
2011-03-22,98.7037,98.7556,104.3782,104.3904,135.8552,135.9425,136.7903,136.8925,100.4906,100.4698,104.4541,103.7398
2011-03-23,98.6969,98.7488,104.3777,104.3899,135.8608,135.9481,136.8107,136.905,100.4954,100.4684,104.4697,103.7493
2011-03-24,98.6904,98.7423,104.3729,104.3851,135.8666,135.9539,136.8227,136.9052,100.4939,100.4578,104.4189,103.7044
2011-03-25,98.6758,98.7277,104.359,104.3712,135.8615,135.9488,136.8408,136.9407,100.4969,100.4735,104.4263,103.7264
2011-03-28,98.6714,98.7233,104.3701,104.3823,135.8995,135.987,136.8522,136.9578,100.474,100.4539,104.4068,103.7183
2011-03-29,98.6465,98.6984,104.3245,104.3367,135.8805,135.9679,136.8279,136.8949,100.4453,100.3965,104.3882,103.6707
2011-03-30,98.6223,98.6741,104.3033,104.3155,135.8625,135.9498,136.8146,136.904,100.4247,100.3925,104.369,103.6709
2011-03-31,98.5968,98.6486,104.2855,104.2977,135.8427,135.9299,136.8263,136.9148,100.423,100.3898,104.378,103.6791
2011-04-01,98.6068,98.6586,104.3062,104.3184,135.8709,135.9582,136.86,136.9531,100.4375,100.4074,104.4037,103.7081
2011-04-06,98.5478,98.5996,104.2286,104.2408,135.8653,135.9526,136.8232,136.9099,100.3573,100.3214,104.3756,103.6754
2011-04-07,98.5891,98.6409,104.2794,104.2916,135.9362,136.0235,136.8868,136.9795,100.3941,100.3623,104.4241,103.7281
2011-04-08,98.6183,98.6702,104.2785,104.2907,135.9906,136.078,136.9402,137.0431,100.4234,100.3987,104.4584,103.7713
2011-04-11,98.6321,98.684,104.3238,104.336,136.0539,136.1414,137.0107,137.1233,100.4443,100.426,104.5099,103.8303
2011-04-12,98.6801,98.7319,104.385,104.3972,136.1337,136.2212,137.17,137.3295,100.5524,100.5682,104.6314,103.9865
2011-04-13,98.7591,98.811,104.4597,104.4719,136.2556,136.3434,137.2314,137.3781,100.5876,100.5935,104.6782,104.0232
2011-04-14,98.7875,98.8394,104.4989,104.5112,136.3089,136.3967,137.3071,137.4481,100.6335,100.6347,104.736,104.0763
2011-04-15,98.7844,98.8364,104.5034,104.5156,136.3196,136.4075,137.3522,137.4854,100.6565,100.6516,104.7202,104.0667
2011-04-18,98.7643,98.8162,104.4861,104.4983,136.3369,136.4247,137.3463,137.4433,100.6203,100.5879,104.7122,104.0322
2011-04-19,98.7588,98.8107,104.4918,104.504,136.3443,136.4321,137.4165,137.509,100.6619,100.6258,104.7635,104.0803
2011-04-20,98.7588,98.8108,104.4994,104.5116,136.3592,136.447,137.4237,137.5179,100.6567,100.6215,104.7691,104.087
2011-04-21,98.7433,98.7952,104.4874,104.4997,136.3529,136.4408,137.4157,137.5139,100.6401,100.6078,104.7618,104.0832
2011-04-22,98.7562,98.8081,104.487,104.4992,136.3853,136.4732,137.4549,137.5489,100.6586,100.6229,104.7413,104.0719
2011-04-25,98.7223,98.7742,104.481,104.4933,136.3838,136.4717,137.4808,137.5789,100.646,100.6125,104.6993,104.048
2011-04-26,98.7063,98.7582,104.4758,104.488,136.377,136.4649,137.4649,137.5647,100.6235,100.5911,104.6871,104.0372
2011-04-27,98.7394,98.7913,104.4856,104.4978,136.4368,136.5248,137.5105,137.6082,100.6467,100.6125,104.7177,104.0669
2011-04-28,98.7394,98.7913,104.4932,104.5054,136.4517,136.5398,137.5327,137.6242,100.6526,100.6135,104.7037,104.0558
2011-04-29,98.7607,98.8126,104.475,104.4872,136.4955,136.5838,137.65,137.7482,100.7293,100.6946,104.7877,104.1455
2011-05-03,98.7767,98.8286,104.5189,104.5311,136.5769,136.6653,137.666,137.7606,100.6985,100.6602,104.7806,104.1403
2011-05-04,98.7814,98.8333,104.5286,104.5409,136.5982,136.6866,137.7251,137.824,100.7317,100.6963,104.8256,104.1883
2011-05-05,98.7892,98.8411,104.5082,104.5204,136.6238,136.7122,137.76,137.8409,100.747,100.6979,104.8096,104.1691
2011-05-06,98.837,98.889,104.5637,104.5759,136.7037,136.7923,137.896,137.995,100.8374,100.8012,104.8527,104.2401
2011-05-09,98.8509,98.9028,104.611,104.6232,136.7673,136.8559,137.9761,138.074,100.8648,100.8269,104.9137,104.2998
2011-05-10,98.8647,98.9167,104.6368,104.6491,136.801,136.8897,138.0238,138.1135,100.8894,100.8452,104.9385,104.321
2011-05-11,98.8829,98.9349,104.6619,104.6741,136.8407,136.9295,138.0738,138.1916,100.9159,100.8922,104.9766,104.3801
2011-05-12,98.9015,98.9535,104.6911,104.7033,136.8809,136.9697,138.1226,138.2254,100.9414,100.9063,105.0113,104.4037
2011-05-13,98.8438,98.8958,104.6425,104.6547,136.8174,136.9061,138.0409,138.1447,100.8699,100.8355,104.9491,104.3427
2011-05-16,98.8412,98.8931,104.6564,104.6687,136.8587,136.9475,138.0761,138.1698,100.8637,100.8213,104.8984,104.3034
2011-05-17,98.828,98.8799,104.6542,104.6664,136.8558,136.9445,138.0714,138.1682,100.8494,100.8091,104.8948,104.3022
2011-05-18,98.8485,98.9004,104.6737,104.686,136.8986,136.9874,138.1004,138.1968,100.8602,100.8193,104.9126,104.3205
2011-05-19,98.8437,98.8956,104.6335,104.6458,136.907,136.9959,138.0696,138.1784,100.8264,100.7947,104.8891,104.3066
2011-05-20,98.8449,98.8969,104.5252,104.5374,136.9237,137.0125,138.0797,138.1891,100.8231,100.7916,104.8921,104.3112
2011-05-23,98.8299,98.8818,104.5201,104.5323,136.9484,137.0372,138.0971,138.221,100.8036,100.7823,104.8973,104.3292
2011-05-24,98.7921,98.844,104.4469,104.4591,136.9121,137.0008,138.0837,138.2187,100.7827,100.7696,104.8728,104.3167
2011-05-25,98.8237,98.8757,104.4781,104.4904,136.9702,137.0591,138.1144,138.2333,100.7947,100.7694,104.8961,104.3277
2011-05-26,98.8514,98.9034,104.5088,104.5211,137.023,137.112,138.1414,138.2796,100.8039,100.7926,104.9167,104.3626
2011-05-27,98.8655,98.9174,104.509,104.5213,137.0571,137.1463,138.2171,138.3583,100.8493,100.8398,104.932,104.3901
2011-05-30,98.8584,98.9104,104.5331,104.5453,137.0929,137.1822,138.2331,138.382,100.8286,100.8243,104.8989,104.3738
2011-05-31,98.8476,98.8995,104.531,104.5432,137.0932,137.1825,138.2234,138.3467,100.8105,100.7871,104.8916,104.3471
2011-06-01,98.8143,98.8663,104.5004,104.5126,137.063,137.1523,138.1975,138.325,100.7804,100.7601,104.8719,104.3308
2011-06-02,98.7854,98.8374,104.4793,104.4915,137.0387,137.128,138.1748,138.3115,100.7526,100.739,104.7945,104.2752
2011-06-03,98.7857,98.8377,104.4843,104.4965,137.0543,137.1436,138.1848,138.3229,100.7492,100.7364,104.8001,104.2823
2011-06-07,98.776,98.8279,104.4949,104.5071,137.1018,137.1911,138.1779,138.3124,100.7006,100.6846,104.7924,104.2725
2011-06-08,98.7458,98.7977,104.4526,104.4648,137.0758,137.1651,138.1199,138.2392,100.6467,100.6195,104.7405,104.2114
2011-06-09,98.6957,98.7476,104.4018,104.414,137.0227,137.1119,138.1261,138.2503,100.6405,100.6167,104.7388,104.2149
2011-06-10,98.6505,98.7024,104.3312,104.3435,136.9762,137.0654,138.0381,138.1812,100.5644,100.5546,104.672,104.1628
2011-06-13,98.5982,98.65,104.3071,104.3193,136.9505,137.0397,138.0163,138.1493,100.5156,100.498,104.5925,104.0914
2011-06-14,98.4583,98.5101,104.1732,104.1854,136.7749,136.8638,137.7853,137.9217,100.3335,100.3188,104.4114,103.9154
2011-06-15,98.3029,98.3545,104.0195,104.0316,136.578,136.6666,137.4955,137.6289,100.1078,100.0915,104.1914,103.6948
2011-06-16,98.2316,98.2833,103.9501,103.9622,136.4961,136.5845,137.4383,137.5759,100.0545,100.0414,104.1154,103.6302
2011-06-17,98.1812,98.2328,103.9023,103.9144,136.4424,136.5307,137.3707,137.4859,99.9935,99.9639,104.0025,103.5161
2011-06-20,98.1833,98.2349,103.9356,103.9477,136.4911,136.5795,137.506,137.6863,100.0609,100.0786,104.0991,103.6625
2011-06-21,98.1883,98.2399,103.9524,103.9645,136.5131,136.6016,137.5433,137.7188,100.0776,100.0915,104.1244,103.6847
2011-06-22,98.138,98.1895,103.8819,103.894,136.4596,136.5479,137.4288,137.6122,99.9818,100.0017,104.0331,103.6011
2011-06-23,98.1109,98.1624,103.8653,103.8774,136.4379,136.5261,137.4301,137.6405,99.9719,100.0116,104.0341,103.6223
2011-06-24,98.1348,98.1864,103.9018,103.914,136.4858,136.5742,137.5828,137.8582,100.074,100.1611,104.1392,103.7782
2011-06-27,98.2073,98.259,103.9874,103.9996,136.6305,136.7192,137.7691,138.052,100.1788,100.2705,104.2248,103.8821
2011-06-28,98.2372,98.2888,104.0301,104.0422,136.6864,136.7753,137.8115,138.0735,100.1992,100.2753,104.2571,103.8983
2011-06-29,98.2389,98.2905,103.995,104.0072,136.704,136.7929,137.8159,138.0602,100.1914,100.2543,104.2224,103.8597
2011-06-30,98.2403,98.292,103.9759,103.9881,136.7212,136.8102,137.7982,138.0281,100.1672,100.2195,104.209,103.8356
2011-07-01,98.273,98.3246,104.0113,104.0235,136.7812,136.8702,137.8487,138.0673,100.1935,100.2372,104.241,103.8604
2011-07-04,98.2699,98.3216,104.03,104.0421,136.8229,136.912,137.8758,138.1185,100.1803,100.2415,104.2533,103.8927
2011-07-05,98.2825,98.3341,104.0542,104.0664,136.8554,136.9445,137.8902,138.1303,100.1799,100.239,104.2643,103.9016
2011-07-06,98.2569,98.3085,104.0116,104.0238,136.8357,136.9248,137.8763,138.1197,100.1585,100.22,104.2482,103.8895
2011-07-07,98.1715,98.2231,103.9344,103.9465,136.7341,136.8231,137.8805,138.1236,100.1506,100.2117,104.2514,103.8924
2011-07-08,98.185,98.2367,103.9019,103.9141,136.768,136.8571,137.9358,138.1694,100.1803,100.2343,104.2874,103.9225
2011-07-11,98.1569,98.2085,103.9077,103.9199,136.7757,136.8647,137.9644,138.1885,100.1682,100.2149,104.2934,103.9251
2011-07-12,98.1487,98.2003,103.9078,103.9199,136.7799,136.869,137.9801,138.2133,100.1687,100.222,104.3053,103.9437
2011-07-13,98.0944,98.146,103.854,103.8661,136.721,136.81,137.9179,138.1469,100.1117,100.1619,104.2583,103.8938
2011-07-14,98.0452,98.0967,103.8137,103.8258,136.669,136.758,137.8471,138.0761,100.0484,100.0985,104.1836,103.8245
2011-07-15,98.011,98.0625,103.7691,103.7812,136.6377,136.7266,137.7675,138.0086,99.9785,100.0376,104.1175,103.7693
2011-07-18,97.9359,97.9874,103.7149,103.7271,136.5813,136.6701,137.6633,137.8939,99.8682,99.9195,104.0387,103.6831
2011-07-19,97.7996,97.851,103.5815,103.5936,136.41,136.4986,137.4306,137.6368,99.6854,99.7189,103.8609,103.4884
2011-07-20,97.5625,97.6138,103.3166,103.3287,136.1009,136.1889,136.9918,137.1409,99.3503,99.3424,103.529,103.1155
2011-07-21,97.3837,97.4349,103.1353,103.1474,135.8716,135.9591,136.7122,136.8436,99.1328,99.1123,103.268,102.8545
2011-07-22,97.3163,97.3674,103.0688,103.0809,135.7948,135.8822,136.6891,136.8571,99.1047,99.111,103.2096,102.8335
2011-07-25,97.2792,97.3304,103.0619,103.074,135.7906,135.878,136.7604,136.927,99.1239,99.1288,103.2308,102.8613
2011-07-26,97.2489,97.3001,103.0422,103.0543,135.7647,135.852,136.743,136.9113,99.0998,99.106,103.1837,102.8237
2011-07-27,97.2367,97.2878,103.0382,103.0502,135.7635,135.8508,136.7537,136.9245,99.0965,99.1045,103.1686,102.816
2011-07-28,97.211,97.2621,103.0093,103.0213,135.7438,135.8311,136.7203,136.9034,99.0607,99.0777,103.1268,102.7877
2011-07-29,97.2191,97.2702,103.0254,103.0375,135.7705,135.8578,136.755,136.9609,99.075,99.1087,103.153,102.8309
2011-08-01,97.2022,97.2533,102.9889,103.0009,135.7938,135.8811,136.7689,136.9938,99.0514,99.0989,103.1574,102.851
2011-08-02,97.1883,97.2394,102.9492,102.9613,135.7902,135.8775,136.7268,136.9844,99.0092,99.0807,103.1257,102.8439
2011-08-03,97.0979,97.1489,102.8658,102.8779,135.6818,135.7689,136.4692,136.6401,98.8084,98.8163,102.9314,102.5855
2011-08-04,97.0769,97.128,102.8234,102.8354,135.6686,135.7557,136.4636,136.6191,98.7929,98.7895,102.9252,102.5682
2011-08-05,97.1561,97.2072,102.914,102.926,135.7927,135.8801,136.7047,136.9019,98.9591,98.9861,103.1071,102.7805
2011-08-08,97.215,97.2661,103.0107,103.0228,135.9202,136.0078,136.8627,137.0684,99.0415,99.0745,103.1979,102.8841
2011-08-09,97.2694,97.3205,103.0766,103.0887,136.0104,136.0982,137.0002,137.2241,99.1314,99.1776,103.3016,103.0009
2011-08-10,97.2981,97.3492,103.1,103.112,136.0654,136.1532,137.0358,137.2348,99.1463,99.1742,103.3224,103.0044
2011-08-11,97.3804,97.4316,103.1857,103.1978,136.1939,136.282,137.2553,137.4555,99.2966,99.3251,103.488,103.17
2011-08-12,97.4366,97.4878,103.2499,103.262,136.2865,136.3747,137.2837,137.4766,99.3062,99.3293,103.5095,103.1859
2011-08-15,97.4672,97.5184,103.3121,103.3241,136.3753,136.4636,137.407,137.5667,99.3631,99.3615,103.6003,103.2519
2011-08-16,97.4383,97.4896,103.2926,103.3047,136.3512,136.4396,137.4195,137.5566,99.361,99.3428,103.6089,103.2437
2011-08-17,97.4563,97.5076,103.3196,103.3317,136.3915,136.4799,137.4678,137.615,99.3852,99.3743,103.6453,103.2875
2011-08-18,97.4278,97.479,103.2643,103.2764,136.3679,136.4563,137.4462,137.585,99.358,99.341,103.6291,103.265
2011-08-19,97.4493,97.5005,103.2639,103.2759,136.413,136.5015,137.5557,137.6958,99.4273,99.411,103.6705,103.317
2011-08-22,97.4519,97.5031,103.2488,103.2609,136.4633,136.552,137.5645,137.7123,99.3996,99.3889,103.6034,103.2733
2011-08-23,97.4112,97.4624,103.1782,103.1903,136.423,136.5116,137.5863,137.7302,99.4043,99.3906,103.6199,103.2867
2011-08-24,97.3879,97.4391,103.1659,103.178,136.4068,136.4952,137.5361,137.6952,99.3559,99.3535,103.5666,103.2488
2011-08-25,97.357,97.4081,103.1238,103.1358,136.3799,136.4682,137.4794,137.6377,99.3028,99.2999,103.5239,103.2057
2011-08-26,97.3103,97.3615,103.0634,103.0755,136.3315,136.4198,137.4037,137.5566,99.2356,99.2289,103.4667,103.1449
2011-08-29,96.9877,97.0387,102.7311,102.7431,135.9356,136.0225,136.7904,136.9087,98.75,98.7217,102.9479,102.1129
2011-08-30,96.7635,96.8144,102.4685,102.4805,135.6436,135.7293,136.5003,136.5982,98.5251,98.4834,102.7291,101.8813
2011-08-31,96.7541,96.8049,102.4616,102.4736,135.6463,135.732,136.5244,136.6505,98.5314,98.5102,102.7472,101.9203
2011-09-01,96.7766,96.8275,102.4881,102.5001,135.693,135.7787,136.6883,136.8352,98.6403,98.6338,102.8223,102.0212
2011-09-02,96.7883,96.8392,102.5085,102.5205,135.7248,135.8105,136.7042,136.8359,98.6405,98.6228,102.8165,102.0081
2011-09-05,96.8119,96.8628,102.5519,102.5639,135.8044,135.8903,136.8785,137.0354,98.734,98.7342,102.9204,102.1362
2011-09-06,96.8246,96.8755,102.5601,102.5721,135.8375,135.9234,136.8963,137.0704,98.7357,98.7483,102.9297,102.1591
2011-09-07,96.7062,96.757,102.408,102.42,135.6902,135.7759,136.7626,136.9357,98.626,98.6386,102.7994,102.0361
2011-09-08,96.6259,96.6767,102.3344,102.3464,135.5955,135.681,136.7317,136.9086,98.5919,98.6073,102.7762,102.0158
2011-09-09,96.6233,96.6741,102.3436,102.3555,135.6076,135.6931,136.7676,136.9525,98.6067,98.6279,102.7504,102.0083
2011-09-13,96.6232,96.674,102.3889,102.4009,135.6705,135.7561,136.8383,137.0626,98.6126,98.6623,102.8009,102.0883
2011-09-14,96.5997,96.6505,102.3702,102.3822,135.654,135.7396,136.8498,137.0496,98.6095,98.6414,102.8095,102.0786
2011-09-15,96.5815,96.6323,102.3619,102.3739,135.6448,135.7303,136.8514,137.0446,98.5992,98.6262,102.8019,102.0681
2011-09-16,96.548,96.5988,102.2902,102.3021,135.6144,135.6998,136.7732,136.965,98.5303,98.5567,102.7431,102.0089
2011-09-19,96.5288,96.5795,102.2755,102.2874,135.6355,135.721,136.7803,136.9763,98.501,98.5306,102.6787,101.9643
2011-09-20,96.5203,96.571,102.256,102.268,135.6396,135.7251,136.8284,137.0215,98.5248,98.5521,102.6675,101.9619
2011-09-21,96.4977,96.5484,102.2445,102.2564,135.6244,135.7098,136.8184,137.0098,98.5059,98.5321,102.6501,101.9457
2011-09-22,96.5421,96.5928,102.3026,102.3146,135.7014,135.7871,136.8881,137.1086,98.5456,98.5926,102.6764,101.9993
2011-09-23,96.6261,96.6769,102.3992,102.4112,135.833,135.919,137.1524,137.4653,98.7281,98.8411,102.8752,102.2646
2011-09-26,96.8159,96.8668,102.6203,102.6323,136.1423,136.2291,137.4881,137.8036,98.94,99.0529,102.9869,102.408
2011-09-27,96.8258,96.8767,102.6277,102.6397,136.1719,136.2588,137.5003,137.7489,98.9373,99.0015,102.9937,102.3656
2011-09-28,96.8008,96.8517,102.5979,102.6099,136.1533,136.2402,137.5282,137.8005,98.9463,99.0275,103.0105,102.4006
2011-09-29,96.8364,96.8873,102.6326,102.6447,136.2183,136.3053,137.6484,137.9458,99.0229,99.1217,103.0934,102.5029
2011-09-30,96.872,96.9229,102.663,102.675,136.2832,136.3704,137.7112,138.0472,99.0574,99.1841,103.1385,102.5766
2011-10-10,97.1055,97.1565,103.0128,103.0249,136.7675,136.8551,138.4466,138.9258,99.4764,99.7063,103.6892,103.2294
2011-10-11,97.1794,97.2305,103.101,103.113,136.8855,136.9732,138.6084,139.0723,99.583,99.8014,103.8104,103.3383
2011-10-12,97.1859,97.237,103.0946,103.1067,136.9104,136.9981,138.5274,138.932,99.5121,99.6876,103.7481,103.2327
2011-10-13,97.161,97.2121,103.0685,103.0806,136.8919,136.9795,138.5104,138.8715,99.488,99.6319,103.7228,103.1782
2011-10-14,97.2091,97.2602,103.1277,103.1398,136.9743,137.062,138.6211,139.0246,99.5572,99.7317,103.7501,103.2491
2011-10-17,97.2779,97.329,103.2109,103.2229,137.117,137.2049,138.7309,139.106,99.6024,99.756,103.774,103.2646
2011-10-18,97.4552,97.5064,103.389,103.4011,137.378,137.4663,139.0303,139.3847,99.8096,99.9471,103.9938,103.468
2011-10-19,97.672,97.7233,103.6091,103.6212,137.6936,137.7825,139.3754,139.6363,100.0502,100.1185,104.2521,103.6547
2011-10-20,97.9206,97.9721,103.8748,103.887,138.0533,138.1428,139.8236,140.0038,100.366,100.3743,104.5841,103.9248
2011-10-21,97.9197,97.9712,103.859,103.8711,138.0679,138.1574,139.817,139.9973,100.3495,100.3579,104.5769,103.9182
2011-10-24,97.8974,97.9488,103.8245,103.8367,138.0848,138.1743,139.7619,139.9485,100.2739,100.2874,104.4836,103.8417
2011-10-25,97.8172,97.8686,103.751,103.7632,137.9899,138.0792,139.5997,139.7777,100.1436,100.1516,104.3591,103.7127
2011-10-26,97.8676,97.919,103.8136,103.8258,138.0754,138.1649,139.7284,139.9137,100.2259,100.2387,104.4554,103.8136
2011-10-27,97.8285,97.88,103.7675,103.7796,138.0373,138.1267,139.6317,139.8104,100.1435,100.152,104.3808,103.7352
2011-10-28,97.8149,97.8663,103.751,103.7632,138.0343,138.1237,139.6276,139.8304,100.1287,100.1548,104.3668,103.7415
2011-10-31,97.8775,97.9289,103.8377,103.8498,138.1686,138.2584,139.8027,140.0178,100.2214,100.2561,104.4979,103.8806
2011-11-01,98.0135,98.0651,103.9833,103.9954,138.3731,138.463,140.0351,140.2563,100.3791,100.4177,104.6706,104.0567
2011-11-02,98.1339,98.1854,104.1193,104.1314,138.5559,138.6459,140.2896,140.4849,100.553,100.5723,104.8608,104.2263
2011-11-03,98.1892,98.2408,104.1889,104.2011,138.6486,138.7386,140.4164,140.5988,100.6337,100.6434,104.9556,104.3109
2011-11-04,98.2801,98.3318,104.2867,104.2989,138.7905,138.8807,140.5383,140.7111,100.7109,100.7134,105.0468,104.3942
2011-11-07,98.3258,98.3775,104.3498,104.362,138.9017,138.992,140.6417,140.7907,100.7509,100.7361,105.0682,104.41
2011-11-08,98.4528,98.5045,104.4933,104.5056,139.0936,139.1841,140.9376,141.0678,100.9549,100.9257,105.2846,104.6118
2011-11-09,98.641,98.6929,104.6992,104.7115,139.3705,139.4613,141.3518,141.5258,101.245,101.2466,105.5941,104.9514
2011-11-10,99.092,99.1441,105.1712,105.1835,140.0116,140.1031,141.926,142.1032,101.6518,101.6542,106.0157,105.3737
2011-11-11,99.2184,99.2705,105.2792,105.2916,140.2027,140.2944,142.0889,142.186,101.7588,101.7027,106.1337,105.432
2011-11-14,99.2381,99.2903,105.3002,105.3125,140.278,140.3698,142.1348,142.2233,101.7568,101.6946,106.131,105.4309
2011-11-15,99.1708,99.2229,105.2285,105.2408,140.2007,140.2922,142.0201,142.0489,101.6613,101.5563,106.0382,105.2962
2011-11-16,99.1168,99.1689,105.1777,105.19,140.1419,140.2334,141.964,141.9936,101.6086,101.5044,105.9963,105.2553
2011-11-17,99.0342,99.0863,105.0962,105.1085,140.0433,140.1346,141.8755,141.9038,101.5323,101.4275,105.9258,105.1853
2011-11-18,99.0122,99.0643,105.0853,105.0976,140.0288,140.1201,141.8129,141.8876,101.4748,101.4041,105.8356,105.1397
2011-11-21,98.8967,98.9487,104.9713,104.9835,139.9167,140.0077,141.7027,141.7815,101.3589,101.2918,105.7532,105.061
2011-11-22,98.8571,98.9091,104.942,104.9543,139.8777,139.9686,141.687,141.7904,101.3356,101.2866,105.7388,105.0656
2011-11-23,98.9019,98.9539,104.9895,105.0018,139.9559,140.047,141.9336,142.1112,101.5035,101.5076,105.9231,105.3032
2011-11-24,98.9638,99.0158,105.0346,105.0469,140.0577,140.1491,142.0243,142.1599,101.5578,101.5312,105.9813,105.3319
2011-11-25,98.9653,99.0173,105.0268,105.0391,140.0758,140.1672,142.1179,142.2603,101.6142,101.5923,105.9964,105.3636
2011-11-28,98.9409,98.9929,105.024,105.0363,140.0902,140.1817,142.0812,142.2166,101.5519,101.5255,105.8978,105.2759
2011-11-29,98.8564,98.9083,104.945,104.9572,139.989,140.0802,141.9459,142.0823,101.4415,101.4166,105.6485,105.0614
2011-11-30,98.8804,98.9323,104.9806,104.9929,140.0384,140.1297,142.0017,142.1568,101.4703,101.4588,105.6869,105.114
2011-12-01,99.532,99.5843,105.6676,105.68,140.9605,141.0524,142.9775,143.1412,102.1665,102.1597,106.4132,105.8419
2011-12-02,99.682,99.7344,105.7918,105.8041,141.1853,141.2775,143.4058,143.5838,102.4654,102.4683,106.732,106.1691
2011-12-05,99.7037,99.7562,105.8297,105.8421,141.2639,141.3561,143.4559,143.6542,102.4663,102.4842,106.7692,106.2212
2011-12-06,99.6618,99.7142,105.7902,105.8026,141.2217,141.3139,143.3917,143.5743,102.4079,102.4146,106.7215,106.1621
2011-12-07,99.656,99.7084,105.7688,105.7811,141.2299,141.322,143.3244,143.465,102.3472,102.3238,106.6713,106.0813
2011-12-08,99.641,99.6934,105.7614,105.7738,141.2252,141.3173,143.3601,143.5214,102.3613,102.3529,106.6963,106.1217
2011-12-09,99.6324,99.6848,105.7553,105.7676,141.2294,141.3216,143.4072,143.5936,102.3836,102.3934,106.715,106.1623
2011-12-12,99.5437,99.596,105.6836,105.696,141.1545,141.2465,143.3873,143.5522,102.3337,102.3282,106.6956,106.128
2011-12-13,99.4762,99.5285,105.6226,105.6349,141.0767,141.1686,143.3176,143.4802,102.2713,102.2644,106.6048,106.0443
2011-12-14,99.4154,99.4676,105.5456,105.558,141.0083,141.1,143.3539,143.515,102.2857,102.2778,106.6318,106.07
2011-12-15,99.3958,99.4481,105.5345,105.5468,140.9972,141.0889,143.3709,143.5305,102.2863,102.2773,106.6445,106.0815
2011-12-16,99.4122,99.4645,105.5359,105.5482,141.0362,141.128,143.4233,143.5925,102.3124,102.3104,106.679,106.1237
2011-12-19,99.4199,99.4721,105.5194,105.5318,141.0952,141.1871,143.467,143.6003,102.3087,102.2809,106.6561,106.086
2011-12-20,99.4212,99.4735,105.4897,105.502,141.1132,141.2052,143.53,143.6754,102.3426,102.3235,106.7031,106.1415
2011-12-21,99.3976,99.4499,105.472,105.4843,141.0965,141.1885,143.5122,143.661,102.3178,102.3013,106.6757,106.1198
2011-12-22,99.4064,99.4586,105.4902,105.5025,141.1248,141.2169,143.5335,143.6893,102.3215,102.3101,106.6916,106.1407
2011-12-23,99.412,99.4642,105.5025,105.5148,141.1487,141.2408,143.4952,143.6589,102.2818,102.2764,106.6368,106.0977
2011-12-26,99.4204,99.4727,105.5218,105.5342,141.2089,141.3012,143.5392,143.6995,102.2783,102.2706,106.6113,106.082
2011-12-27,99.4148,99.4671,105.5271,105.5395,141.2172,141.3096,143.587,143.7305,102.3011,102.2813,106.6469,106.1049
2011-12-28,99.434,99.4863,105.5483,105.5607,141.26,141.3525,143.6311,143.7585,102.3213,102.2898,106.6718,106.1193
2011-12-29,99.4727,99.525,105.5739,105.5862,141.3301,141.4228,143.7775,143.9037,102.4156,102.3829,106.7762,106.2229
2011-12-30,99.5279,99.5802,105.6099,105.6222,141.423,141.516,143.8859,144.0408,102.4825,102.4702,106.857,106.3241
2012-01-04,99.544,99.5951,105.6812,105.6928,141.5247,141.6179,144.0183,144.1665,102.5199,102.5022,106.956,106.4169
2012-01-05,99.5233,99.5744,105.6703,105.6819,141.512,141.6052,144.0305,144.1858,102.5169,102.5045,106.965,106.4311
2012-01-06,99.6652,99.7163,105.8267,105.8383,141.7262,141.8196,144.2727,144.4319,102.6803,102.6705,107.1411,106.6098
2012-01-09,99.7428,99.7939,105.9312,105.9428,141.8831,141.9765,144.4233,144.5561,102.7538,102.7251,107.2516,106.7004
2012-01-10,99.8336,99.8849,106.038,106.0496,142.0261,142.1197,144.5767,144.67,102.853,102.7956,107.3655,106.7845
2012-01-11,99.8099,99.8611,106.0227,106.0344,142.0091,142.1027,144.5424,144.6626,102.8164,102.7785,107.3269,106.7687
2012-01-12,99.8349,99.8861,106.0543,106.066,142.0602,142.1538,144.5596,144.6406,102.8169,102.7513,107.335,106.7492
2012-01-13,99.8139,99.8651,106.0319,106.0435,142.047,142.1406,144.5195,144.6196,102.7761,102.7244,107.3002,106.7298
2012-01-16,99.792,99.8432,106.0336,106.0453,142.0649,142.1586,144.4999,144.5871,102.7264,102.6657,107.2649,106.6895
2012-01-17,99.7802,99.8314,106.0045,106.0162,142.0647,142.1583,144.5951,144.6715,102.7834,102.7149,107.3345,106.7508
2012-01-18,99.7718,99.823,106.0065,106.0181,142.0691,142.1627,144.6069,144.7145,102.7801,102.7342,107.3396,106.7798
2012-01-19,99.8333,99.8845,106.0814,106.0931,142.1711,142.2648,144.7296,144.8522,102.857,102.8219,107.4308,106.8814
2012-01-20,99.8908,99.942,106.1367,106.1484,142.2675,142.3614,144.8153,144.9412,102.9071,102.8743,107.4422,106.9059
2012-01-30,99.9136,99.9648,106.2315,106.2432,142.4611,142.5569,144.9896,145.072,102.9124,102.8493,107.4368,106.897
2012-01-31,99.9308,99.9821,106.2616,106.2733,142.5013,142.5972,145.0329,145.1119,102.9319,102.8662,107.4651,106.9234
2012-02-01,99.9174,99.9687,106.2597,106.2714,142.4988,142.5947,144.8801,144.9328,102.8097,102.7254,107.3468,106.7875
2012-02-02,99.9103,99.9616,106.2618,106.2735,142.505,142.6009,144.8189,144.8609,102.7535,102.6618,107.3014,106.7345
2012-02-03,99.9338,99.985,106.2566,106.2683,142.554,142.6501,144.8613,144.9149,102.7722,102.6889,107.3299,106.772
2012-02-06,99.8633,99.9146,106.2088,106.2205,142.5041,142.6002,144.7482,144.7768,102.6549,102.554,107.2461,106.6702
2012-02-07,99.831,99.8822,106.1872,106.1989,142.4751,142.5712,144.6642,144.7332,102.5825,102.5086,107.1839,106.6381
2012-02-08,99.7006,99.7517,106.0613,106.0729,142.3089,142.4048,144.509,144.5853,102.4586,102.3903,107.0461,106.5113
2012-02-09,99.6213,99.6724,105.9855,105.9972,142.2142,142.3101,144.3381,144.4267,102.3235,102.2642,106.9196,106.3945
2012-02-10,99.6387,99.6898,106.014,106.0257,142.2547,142.3507,144.3751,144.4825,102.3382,102.2926,106.9469,106.4356
2012-02-13,99.6947,99.7458,106.0447,106.0563,142.3817,142.4778,144.5412,144.6581,102.4225,102.3839,107.0699,106.565
2012-02-14,99.6715,99.7226,106.019,106.0307,142.3655,142.4616,144.5692,144.7105,102.4308,102.4099,107.0907,106.6035
2012-02-15,99.5978,99.6489,105.9528,105.9645,142.2786,142.3746,144.46,144.5904,102.3402,102.3116,107.0062,106.5123
2012-02-16,99.5377,99.5888,105.9009,105.9126,142.2108,142.3067,144.363,144.5191,102.2583,102.2484,106.9333,106.4589
2012-02-17,99.4508,99.5019,105.7554,105.7671,142.1054,142.2011,144.2336,144.3673,102.153,102.1272,106.8339,106.3443
2012-02-20,99.5932,99.6443,105.9171,105.9287,142.3533,142.4495,144.5094,144.6369,102.3164,102.2862,107.0333,106.539
2012-02-21,99.5743,99.6254,105.8981,105.9098,142.3431,142.4392,144.4759,144.6326,102.2804,102.2713,106.9993,106.5287
2012-02-22,99.5746,99.6257,105.8974,105.909,142.3597,142.4559,144.4882,144.625,102.2774,102.2541,107.0084,106.5231
2012-02-23,99.572,99.6231,105.8896,105.9012,142.3722,142.4684,144.5123,144.6514,102.2829,102.2613,107.0254,106.5419
2012-02-24,99.5945,99.6456,105.9126,105.9243,142.4199,142.5163,144.5131,144.6437,102.2715,102.244,107.0154,106.528
2012-02-27,99.5021,99.5532,105.8204,105.8321,142.3392,142.4353,144.4034,144.5277,102.1567,102.1249,106.878,106.3985
2012-02-28,99.4536,99.5046,105.7312,105.7428,142.2875,142.3835,144.3301,144.4577,102.0919,102.063,106.7881,105.8691
2012-02-29,99.4437,99.4947,105.7329,105.7445,142.2898,142.3858,144.3118,144.4744,102.0668,102.0632,106.7726,105.8798
2012-03-01,99.4483,99.4993,105.7397,105.7513,142.3125,142.4085,144.3444,144.502,102.0784,102.0711,106.7889,105.8939
2012-03-02,99.4405,99.4916,105.7366,105.7482,142.3179,142.4139,144.3098,144.441,102.0416,102.0156,106.7448,105.8346
2012-03-05,99.4244,99.4758,105.7441,105.7569,142.3448,142.4408,144.2669,144.4034,101.9746,101.9531,106.6625,105.7682
2012-03-06,99.4406,99.492,105.7732,105.7859,142.3839,142.4799,144.3408,144.5038,102.0159,102.0132,106.7172,105.8418
2012-03-07,99.4671,99.5184,105.7906,105.8031,142.4374,142.5333,144.4675,144.6529,102.0952,102.1082,106.7988,105.9414
2012-03-08,99.5244,99.5757,105.8626,105.875,142.5342,142.6301,144.5412,144.7217,102.1364,102.1456,106.8211,105.9662
2012-03-09,99.5325,99.5838,105.8735,105.8859,142.562,142.6579,144.5636,144.7493,102.1406,102.1536,106.7998,105.9565
2012-03-12,99.5558,99.6071,105.8458,105.8579,142.6436,142.7398,144.6629,144.8675,102.1761,102.2024,106.7719,105.9629
2012-03-13,99.5928,99.6442,105.8966,105.9087,142.712,142.8084,144.6438,144.8458,102.1503,102.1751,106.7566,105.9463
2012-03-14,99.5591,99.6104,105.8706,105.8827,142.6809,142.7772,144.5921,144.7967,102.1012,102.1281,106.7139,105.9067
2012-03-15,99.5433,99.5944,105.8622,105.874,142.6751,142.7711,144.5278,144.7177,102.043,102.0598,106.6388,105.8272
2012-03-16,99.5779,99.6291,105.8747,105.8864,142.7401,142.8363,144.5697,144.769,102.0612,102.0847,106.6698,105.8647
2012-03-19,99.5407,99.592,105.8497,105.8614,142.7368,142.8331,144.5806,144.7912,102.0331,102.065,106.6748,105.8785
2012-03-20,99.5044,99.556,105.8075,105.8196,142.7021,142.7989,144.5069,144.7126,101.9681,101.9969,106.5825,105.791
2012-03-21,99.4852,99.5371,105.7953,105.8076,142.6915,142.7885,144.4643,144.658,101.9255,101.946,106.5499,105.7502
2012-03-22,99.4724,99.5243,105.7919,105.8042,142.6899,142.787,144.4452,144.6917,101.8997,101.9582,106.4943,105.742
2012-03-23,99.5495,99.6016,105.8665,105.8789,142.8144,142.9121,144.5554,144.8011,101.9669,102.0244,106.5732,105.8198
2012-03-26,99.5534,99.6055,105.8597,105.8718,142.869,142.9666,144.6025,144.8391,101.9648,102.0161,106.4938,105.7574
2012-03-27,99.5329,99.5849,105.8372,105.8493,142.8564,142.9539,144.5708,144.8118,101.93,101.9847,106.4703,105.7374
2012-03-28,99.5549,99.607,105.8675,105.8795,142.9037,143.0014,144.657,144.9176,101.9799,102.0483,106.5341,105.8147
2012-03-29,99.6073,99.6594,105.9096,105.9217,142.9936,143.0918,144.7309,144.9831,102.0211,102.0832,106.5888,105.8625
2012-03-30,99.6013,99.6534,105.8907,105.9026,143.0016,143.0997,144.8053,145.0715,102.0625,102.1344,106.6408,105.9247
2012-04-05,99.5996,99.6516,105.9416,105.9533,143.0981,143.1962,144.8569,145.1144,102.0267,102.093,106.679,105.9561
2012-04-06,99.5975,99.6494,105.9516,105.9631,143.1115,143.2095,144.8624,145.1201,102.0186,102.0851,106.6831,105.9602
2012-04-09,99.5754,99.6272,105.9466,105.9579,143.1298,143.2276,144.8278,145.0896,101.9576,102.0275,106.649,105.9311
2012-04-10,99.5923,99.6441,105.9744,105.9858,143.1701,143.2677,144.8601,145.127,101.9687,102.0423,106.6728,105.9585
2012-04-11,99.6143,99.6661,106.0089,106.0202,143.2176,143.3153,144.874,145.1616,101.9665,102.055,106.6831,105.9837
2012-04-12,99.598,99.6498,105.9802,105.9914,143.2111,143.3087,144.8543,145.1096,101.9403,102.0059,106.66,105.9389
2012-04-13,99.5844,99.6364,105.973,105.9844,143.2084,143.3063,144.827,145.0817,101.9085,101.974,106.6398,105.9185
2012-04-16,99.5882,99.6402,105.9316,105.9425,143.2632,143.3612,144.8087,145.0767,101.859,101.9344,106.6051,105.898
2012-04-17,99.5949,99.6467,105.9508,105.9616,143.2892,143.387,144.8049,145.0835,101.8441,101.9273,106.6023,105.9029
2012-04-18,99.6029,99.6547,105.9558,105.9665,143.3169,143.4147,144.7871,145.0543,101.8192,101.8944,106.5865,105.8795
2012-04-19,99.5787,99.6303,105.9309,105.9415,143.2992,143.3968,144.786,145.0424,101.8063,101.874,106.5858,105.8708
2012-04-20,99.6378,99.6895,105.9877,105.9983,143.3991,143.4971,144.8512,145.1181,101.8408,101.9159,106.6337,105.926
2012-04-23,99.6733,99.7252,106.0211,106.0316,143.4986,143.5969,144.9243,145.183,101.8564,101.926,106.6384,105.9341
2012-04-24,99.7021,99.754,106.0619,106.0725,143.5557,143.6543,145.023,145.265,101.915,101.9724,106.6922,105.9788
2012-04-25,99.6778,99.7295,106.0402,106.0505,143.5378,143.6361,145.0179,145.2687,101.899,101.963,106.686,105.9796
2012-04-26,99.6869,99.7386,106.0593,106.0716,143.5672,143.6654,145.0638,145.3265,101.9197,101.9921,106.7172,106.0196
2012-04-27,99.706,99.7577,106.0561,106.0684,143.6106,143.7089,145.1129,145.3795,101.9426,102.0178,106.7519,106.0572
2012-05-02,99.6982,99.75,106.051,106.0631,143.6825,143.781,145.2167,145.474,101.9553,102.0245,106.8242,106.1229
2012-05-03,99.6972,99.7489,106.0621,106.0742,143.6975,143.796,145.2187,145.4651,101.9445,102.0061,106.8257,106.1163
2012-05-04,99.6978,99.7495,106.0683,106.0803,143.715,143.8135,145.2441,145.4919,101.9504,102.0131,106.8444,106.1359
2012-05-07,99.6997,99.7514,106.0626,106.0744,143.7673,143.8657,145.3096,145.5599,101.9603,102.0252,106.8576,106.1576
2012-05-08,99.7054,99.7572,106.0807,106.0926,143.7918,143.8904,145.298,145.5505,101.9397,102.0063,106.8405,106.1439
2012-05-09,99.7486,99.8004,106.1359,106.1478,143.8694,143.9681,145.3504,145.5862,101.9648,102.0196,106.879,106.1699
2012-05-10,99.794,99.846,106.1955,106.2076,143.9502,144.0492,145.4992,145.7407,102.0589,102.1175,106.9742,106.2712
2012-05-11,99.9275,99.9794,106.3429,106.3549,144.1556,144.2547,145.8094,146.0509,102.2684,102.3262,107.1989,106.4944
2012-05-14,100.2869,100.3393,106.7288,106.7411,144.7135,144.8141,146.3465,146.5788,102.6153,102.6657,107.5467,106.8413
2012-05-15,100.5216,100.5745,106.9831,106.9958,145.0619,145.1638,146.8365,147.1987,102.9532,103.0949,107.907,107.2931
2012-05-16,100.6536,100.7067,107.1132,107.1258,145.2653,145.3676,147.1202,147.4733,103.1436,103.2782,108.1157,107.4932
2012-05-17,100.6315,100.6842,107.1023,107.1146,145.2506,145.3523,146.9433,147.2031,103.0048,103.0737,107.9856,107.2963
2012-05-18,100.7183,100.771,107.2022,107.2145,145.39,145.492,147.0894,147.4115,103.097,103.2099,108.0901,107.4458
2012-05-21,100.7129,100.7654,107.167,107.1789,145.4323,145.5341,147.1176,147.4164,103.0801,103.1769,108.0472,107.398
2012-05-22,100.7196,100.7719,107.1853,107.1969,145.4585,145.56,147.1222,147.4146,103.0711,103.1634,108.0505,107.3967
2012-05-23,100.739,100.7912,107.2038,107.2152,145.5026,145.6041,147.1252,147.4245,103.0609,103.1583,108.0453,107.3979
2012-05-24,100.9463,100.9988,107.4205,107.4321,145.8127,145.9154,147.5444,147.9002,103.3482,103.4847,108.3434,107.7362
2012-05-25,101.2139,101.2667,107.7061,107.7181,146.2082,146.3124,148.1987,148.5665,103.8035,103.9467,108.8246,108.2216
2012-05-28,101.2316,101.2842,107.7415,107.7531,146.2832,146.3871,148.125,148.4689,103.7134,103.8404,108.767,108.1478
2012-05-29,101.1839,101.2363,107.7013,107.7127,146.2322,146.3358,148.0361,148.3424,103.6374,103.7381,108.6565,108.0191
2012-05-30,101.1411,101.1932,107.669,107.68,146.1883,146.2914,147.9973,148.2937,103.5972,103.6912,108.628,107.9836
2012-05-31,101.2236,101.2758,107.7652,107.7764,146.3217,146.4253,148.0923,148.315,103.6527,103.6941,108.6978,107.9992
2012-06-01,101.2936,101.3459,107.8453,107.8564,146.4379,146.5416,148.1273,148.3202,103.6652,103.6856,108.717,107.9978
2012-06-04,101.3148,101.367,107.8695,107.8804,146.5181,146.6217,148.2006,148.3871,103.6801,103.6965,108.7583,108.0364
2012-06-05,101.3253,101.3775,107.8917,107.9027,146.5497,146.6534,148.1885,148.3365,103.6591,103.6482,108.7476,107.9981
2012-06-06,101.3194,101.3715,107.8911,107.9019,146.558,146.6615,148.1825,148.2797,103.6423,103.5956,108.7432,107.9568
2012-06-07,101.313,101.3651,107.8802,107.891,146.5657,146.6692,148.1261,148.2507,103.5896,103.5626,108.7018,107.9356
2012-06-08,101.6111,101.6631,108.1829,108.1933,147.0056,147.1095,148.589,148.7099,103.9073,103.8769,109.0008,108.2372
2012-06-11,101.5411,101.5929,108.0888,108.099,146.9564,147.0601,148.463,148.504,103.7801,103.6938,108.8905,108.0729
2012-06-12,101.5219,101.5735,108.0811,108.091,146.9459,147.0493,148.4228,148.4727,103.7389,103.6595,108.8114,108.0106
2012-06-13,101.4388,101.4902,107.9741,107.9838,146.8446,146.9475,148.3314,148.3326,103.6612,103.5476,108.7352,107.9012
2012-06-14,101.3983,101.4498,107.9346,107.9445,146.8039,146.9068,148.3149,148.3178,103.6371,103.5249,108.716,107.8847
2012-06-15,101.3951,101.4468,107.9423,107.9523,146.8161,146.9192,148.3261,148.3204,103.6326,103.5144,108.7098,107.8749
2012-06-18,101.2988,101.3504,107.8397,107.8496,146.7294,146.8323,148.2317,148.1631,103.5278,103.3659,108.6139,107.7392
2012-06-19,101.2046,101.2563,107.7535,107.7634,146.6124,146.715,148.1522,148.1084,103.4587,103.3148,108.5467,107.6923
2012-06-20,101.1782,101.2298,107.7344,107.7443,146.5916,146.6941,148.0792,148.0512,103.3942,103.262,108.4931,107.6507
2012-06-21,101.1934,101.245,107.7508,107.7606,146.6299,146.7324,148.127,148.1268,103.4159,103.3034,108.52,107.699
2012-06-25,101.1982,101.2498,107.7781,107.7879,146.7035,146.8064,148.2432,148.2796,103.449,103.3629,108.5503,107.7657
2012-06-26,101.221,101.2727,107.8143,107.8242,146.7526,146.8557,148.3239,148.3888,103.494,103.4282,108.6044,107.8411
2012-06-27,101.2477,101.2996,107.8546,107.8646,146.8074,146.9108,148.4206,148.5281,103.5505,103.5148,108.6697,107.9378
2012-06-28,101.2724,101.3243,107.8928,107.9027,146.8591,146.9627,148.479,148.6051,103.5796,103.5572,108.7126,107.9938
2012-06-29,101.2842,101.3362,107.9086,107.9186,146.8926,146.9965,148.5471,148.6386,103.6157,103.5687,108.7343,107.9955
2012-07-02,101.2722,101.3241,107.9228,107.9329,146.9257,147.0296,148.5533,148.6217,103.5827,103.5198,108.6928,107.9461
2012-07-03,101.2592,101.3111,107.9216,107.9316,146.924,147.0278,148.5952,148.6866,103.6,103.5536,108.7235,107.9932
2012-07-04,101.2646,101.3164,107.9289,107.9388,146.9485,147.0522,148.6174,148.7037,103.6034,103.5534,108.7077,107.9798
2012-07-05,101.2912,101.3431,107.9639,107.9757,147.0032,147.107,148.6626,148.7661,103.6231,103.5854,108.7317,108.0179
2012-07-06,101.4374,101.4895,108.1202,108.1321,147.2283,147.3324,148.9877,149.1031,103.8418,103.8121,108.9635,108.2575
2012-07-09,101.4547,101.5068,108.1443,108.1562,147.3034,147.4076,149.1355,149.2632,103.9095,103.8885,108.9478,108.2734
2012-07-10,101.4597,101.5117,108.1618,108.1737,147.3273,147.4315,149.1919,149.3408,103.9372,103.9312,108.9892,108.3297
2012-07-11,101.4756,101.5277,108.1863,108.1981,147.3668,147.471,149.2573,149.4245,103.9713,103.9783,109.0255,108.3811
2012-07-12,101.5014,101.5534,108.1703,108.1821,147.4203,147.5247,149.3207,149.5031,104.0039,104.0217,109.0719,108.4381
2012-07-13,101.4899,101.5419,108.1585,108.1702,147.4207,147.5251,149.3209,149.5005,103.9916,104.0076,109.0721,108.4362
2012-07-16,101.4597,101.5117,108.1464,108.1581,147.4281,147.5325,149.3984,149.5498,104.0092,104.0057,109.0727,108.4265
2012-07-17,101.4412,101.4932,108.1394,108.151,147.4186,147.5229,149.3034,149.4485,103.9292,103.9217,109.0031,108.3531
2012-07-18,101.4118,101.4637,108.1209,108.1326,147.3935,147.4977,149.2737,149.418,103.8957,103.8879,108.9814,108.331
2012-07-19,101.3902,101.4421,108.0895,108.1011,147.3794,147.4837,149.2715,149.4235,103.8816,103.8795,108.9797,108.3349
2012-07-20,101.3729,101.4248,108.0637,108.0753,147.3717,147.4759,149.3266,149.4853,103.9084,103.9111,109.0201,108.3798
2012-07-23,101.3531,101.405,108.0322,108.0437,147.3935,147.4978,149.3698,149.5168,103.9017,103.8965,109.013,108.3712
2012-07-24,101.2964,101.3483,107.9851,107.9966,147.3294,147.4335,149.3587,149.5125,103.8813,103.8812,108.9719,108.3413
2012-07-25,101.2421,101.2939,107.9405,107.952,147.2687,147.3726,149.3226,149.4837,103.8433,103.8487,108.9353,108.3122
2012-07-26,101.2224,101.2742,107.9132,107.9247,147.2572,147.3611,149.2477,149.4258,103.7776,103.7955,108.8805,108.2702
2012-07-27,101.2009,101.2527,107.8971,107.9086,147.2433,147.3471,149.2811,149.4313,103.7889,103.7871,108.8894,108.2616
2012-07-30,101.1761,101.2279,107.8544,107.8658,147.2577,147.3616,149.2509,149.4017,103.7301,103.7294,108.8642,108.2376
2012-07-31,101.1068,101.1585,107.794,107.8055,147.1755,147.2791,149.1515,149.2995,103.6469,103.6449,108.7914,108.1636
2012-08-01,101.0833,101.1351,107.7786,107.79,147.1587,147.2623,149.0833,149.2423,103.5862,103.5922,108.7404,108.1211
2012-08-02,101.0392,101.091,107.7179,107.7293,147.1124,147.216,149.0682,149.2463,103.5631,103.5827,108.7227,108.1186
2012-08-03,100.9968,101.0486,107.6849,107.6964,147.0684,147.172,149.0304,149.2078,103.5238,103.5432,108.6951,108.0907
2012-08-06,100.9104,100.9621,107.6048,107.6162,146.9949,147.0984,148.9404,149.1076,103.4227,103.4356,108.5926,107.9881
2012-08-07,100.8047,100.8564,107.5063,107.5177,146.8604,146.9638,148.833,148.9913,103.3342,103.3411,108.5122,107.9023
2012-08-08,100.7355,100.7871,107.446,107.4574,146.7781,146.8813,148.6794,148.8145,103.213,103.2039,108.3863,107.763
2012-08-09,100.7309,100.7825,107.4312,107.4425,146.7882,146.8915,148.6457,148.8017,103.1767,103.1826,108.3617,107.7537
2012-08-10,100.666,100.7177,107.3641,107.3755,146.712,146.8153,148.6874,148.8413,103.1938,103.1983,108.3878,107.7788
2012-08-13,100.663,100.7146,107.3852,107.3966,146.7576,146.8609,148.7188,148.8397,103.1788,103.1605,108.3956,107.7654
2012-08-14,100.5993,100.6509,107.3269,107.3383,146.6831,146.7864,148.6768,148.7783,103.1366,103.1049,108.365,107.7209
2012-08-15,100.5358,100.5873,107.2717,107.2829,146.6089,146.7119,148.6682,148.7254,103.1181,103.0553,108.3586,107.6826
2012-08-16,100.4919,100.5433,107.2354,107.2467,146.5627,146.6657,148.6218,148.675,103.0729,103.0075,108.3223,107.644
2012-08-17,100.4397,100.4911,107.1868,107.1981,146.5047,146.6075,148.6069,148.6459,103.05,102.9747,108.3095,107.6214
2012-08-20,100.3008,100.3521,107.0216,107.0328,146.3558,146.4584,148.4898,148.5501,102.9298,102.8704,108.1748,107.512
2012-08-21,100.2647,100.3161,106.9949,107.0061,146.3209,146.4234,148.4108,148.4694,102.8615,102.8012,108.0552,107.4031
2012-08-22,100.1247,100.1759,106.8534,106.8645,146.1372,146.2392,148.2122,148.2184,102.7085,102.6117,107.9104,107.2215
2012-08-23,100.1065,100.1577,106.8465,106.8577,146.1277,146.2297,148.2699,148.3303,102.7369,102.6785,107.9524,107.3025
2012-08-24,100.1413,100.1926,106.8938,106.905,146.1942,146.2964,148.3855,148.5018,102.8063,102.7873,108.0251,107.4171
2012-08-27,100.1132,100.1644,106.8661,106.8773,146.2039,146.3061,148.3788,148.4885,102.7617,102.741,107.9458,107.3488
2012-08-28,100.0656,100.1169,106.8262,106.8373,146.1525,146.2545,148.3347,148.443,102.718,102.6966,107.9089,107.3121
2012-08-29,100.0568,100.108,106.829,106.8402,146.1564,146.2585,148.317,148.4311,102.693,102.6759,107.8943,106.9082
2012-08-30,100.0204,100.0674,106.7781,106.7875,146.121,146.2167,148.2768,148.3907,102.6521,102.6349,107.865,106.8791
2012-08-31,99.9914,100.0368,106.7526,106.7611,146.0962,146.1893,148.2474,148.3611,102.6189,102.6016,107.8436,106.8579
2012-09-03,100.024,100.0705,106.7657,106.7819,146.1928,146.2877,148.34,148.454,102.6469,102.6297,107.897,106.9109
2012-09-04,100.0413,100.0974,106.796,106.8223,146.2343,146.343,148.4292,148.5433,102.6973,102.6802,107.9429,106.9563
2012-09-05,100.0287,100.0839,106.7906,106.8165,146.2329,146.3402,148.3849,148.4991,102.6536,102.6366,107.9106,106.9245
2012-09-06,100.0055,100.0632,106.7669,106.7966,146.2163,146.3271,148.4076,148.5217,102.6571,102.6401,107.9226,106.9363
2012-09-07,99.9213,99.9624,106.6493,106.6682,146.1121,146.1987,148.2275,148.3411,102.5176,102.5003,107.7684,106.7832
2012-09-10,99.8391,99.8597,106.5629,106.5642,146.0442,146.1008,147.9908,148.1037,102.3131,102.2956,107.5694,106.5856
2012-09-11,99.7803,99.7969,106.5134,106.5105,145.9765,146.0271,147.8801,147.9929,102.2225,102.2051,107.4889,106.5059
2012-09-12,99.6277,99.6303,106.3657,106.3477,145.7742,145.8039,147.6587,147.771,102.0538,102.0363,107.3131,106.3315
2012-09-13,99.5781,99.5838,106.3241,106.3094,145.7198,145.7537,147.6069,147.7193,102.0049,101.9874,107.2735,106.2924
2012-09-14,99.3699,99.3794,106.1133,106.1026,145.4378,145.476,147.3042,147.416,101.7789,101.7614,107.0533,106.0742
2012-09-17,99.2542,99.2541,105.9755,105.9605,145.3217,145.3456,147.1905,147.3021,101.6613,101.6438,106.9706,105.9922
2012-09-18,99.2642,99.292,105.9982,106.0125,145.3529,145.4168,147.21,147.3221,101.6626,101.6455,106.9358,105.9579
2012-09-19,99.2353,99.2602,105.9787,105.99,145.328,145.3877,147.2353,147.3475,101.668,101.6509,106.9463,105.9684
2012-09-20,99.2447,99.2802,105.9961,106.0192,145.3582,145.4333,147.2852,147.3978,101.6908,101.6739,106.9465,105.9687
2012-09-21,99.2728,99.3061,106.0378,106.0586,145.4153,145.4873,147.3009,147.4138,101.6893,101.6726,106.9507,105.973
2012-09-24,99.2584,99.2878,106.0433,106.0615,145.4447,145.5109,147.3788,147.4921,101.7068,101.6901,106.7652,105.7892
2012-09-25,99.3152,99.3618,106.1142,106.1508,145.5429,145.6343,147.5398,147.6537,101.8079,101.7912,106.853,105.8763
2012-09-26,99.4194,99.487,106.1924,106.256,145.7092,145.8315,147.7403,147.8551,101.9368,101.9201,106.9851,106.0071
2012-09-27,99.5275,99.5956,106.3043,106.3701,145.881,146.0048,147.8941,148.0096,102.0328,102.016,107.0942,106.1153
2012-09-28,99.5619,99.6152,106.3398,106.3914,145.9472,146.0499,147.9614,148.0771,102.0677,102.0509,107.1401,106.1607
2012-10-08,99.5376,99.5758,106.4083,106.4469,146.0796,146.1601,148.001,148.1168,101.9703,101.9535,107.1562,106.1766
2012-10-09,99.5362,99.5732,106.4181,106.4556,146.0944,146.1731,147.9857,148.1015,101.947,101.9303,107.1451,106.1656
2012-10-10,99.5655,99.5939,106.4611,106.4895,146.1534,146.2197,148.0245,148.1403,101.9618,101.945,107.1732,106.1935
2012-10-11,99.6054,99.633,106.5146,106.5422,146.2276,146.2928,148.1244,148.2403,102.0195,102.0027,107.2116,106.2315
2012-10-12,99.6986,99.7266,106.6135,106.643,146.3784,146.4446,148.2715,148.3876,102.1103,102.0935,107.3169,106.3359
2012-10-15,99.7295,99.758,106.6365,106.6716,146.4731,146.54,148.4017,148.5182,102.1641,102.1473,107.2448,106.2645
2012-10-16,99.7302,99.7522,106.6452,106.6738,146.4909,146.5484,148.3865,148.503,102.1408,102.124,107.2122,106.2322
2012-10-17,99.7107,99.7296,106.6067,106.6353,146.4796,146.5324,148.3537,148.4701,102.1051,102.0884,107.1799,106.2002
2012-10-18,99.6939,99.7134,106.5878,106.6185,146.4721,146.5257,148.3686,148.4851,102.103,102.0863,107.1709,106.1912
2012-10-19,99.6664,99.6816,106.5556,106.5834,146.4493,146.4965,148.3014,148.4176,102.0432,102.0264,107.1222,106.1429
2012-10-22,99.6551,99.6738,106.515,106.5537,146.4832,146.5355,148.3117,148.4279,102.0127,101.996,107.1227,106.1435
2012-10-23,99.6213,99.6389,106.4917,106.5291,146.4513,146.5017,148.3233,148.4396,102.0083,101.9916,107.1001,106.1211
2012-10-24,99.5984,99.612,106.4717,106.5058,146.4351,146.4797,148.2987,148.4149,101.9785,101.9617,107.062,106.0833
2012-10-25,99.5634,99.5821,106.431,106.472,146.4015,146.4532,148.1784,148.2918,101.8813,101.8646,106.9328,105.9553
2012-10-26,99.5393,99.5568,106.3934,106.4359,146.3836,146.4333,148.1222,148.2354,101.8292,101.8125,106.8893,105.9122
2012-10-29,99.5232,99.5502,106.392,106.4467,146.4108,146.4742,148.147,148.2603,101.8089,101.7922,106.8861,105.909
2012-10-30,99.5433,99.5691,106.417,106.4712,146.4565,146.5182,148.2094,148.323,101.8401,101.8234,106.9313,105.9538
2012-10-31,99.5319,99.561,106.4108,106.4692,146.4568,146.5233,148.2083,148.3218,101.8267,101.8099,106.9099,105.9326
2012-11-01,99.4955,99.5187,106.3762,106.4293,146.421,146.4789,148.1348,148.2483,101.7626,101.7459,106.857,105.8802
2012-11-02,99.4832,99.5176,106.3721,106.4372,146.4202,146.4941,148.117,148.2304,101.7375,101.7208,106.8441,105.8674
2012-11-05,99.4813,99.5208,106.3815,106.4547,146.468,146.5492,148.1699,148.2834,101.7366,101.7199,106.8219,105.8454
2012-11-06,99.4976,99.5386,106.3833,106.461,146.5085,146.5917,148.1801,148.2936,101.7311,101.7144,106.8292,105.8526
2012-11-07,99.485,99.5271,106.3747,106.4544,146.5071,146.5919,148.1958,148.3093,101.7294,101.7127,106.8229,105.8464
2012-11-08,99.4889,99.5262,106.3576,106.4359,146.5295,146.6074,148.2469,148.3605,101.7525,101.7358,106.8564,105.8796
2012-11-09,99.4928,99.5407,106.3678,106.458,146.552,146.6453,148.3055,148.4192,101.7809,101.7641,106.8727,105.8958
2012-11-12,99.489,99.5341,106.363,106.4541,146.5972,146.6861,148.3848,148.4986,101.7983,101.7816,106.9297,105.9522
2012-11-13,99.5056,99.5557,106.3895,106.4862,146.638,146.7343,148.4347,148.5486,101.8206,101.8038,106.9422,105.9646
2012-11-14,99.5148,99.5648,106.4108,106.5075,146.6681,146.7643,148.5354,148.6495,101.8783,101.8616,107.0094,106.0312
2012-11-15,99.5271,99.5718,106.4205,106.5132,146.7028,146.7912,148.5881,148.7023,101.9026,101.8859,107.0458,106.0672
2012-11-16,99.5579,99.6074,106.4455,106.5455,146.7641,146.8596,148.668,148.7823,101.9459,101.9291,107.0988,106.1198
2012-11-19,99.6128,99.6731,106.4687,106.5877,146.8942,147.0054,148.8008,148.9155,102.0008,101.9841,107.1361,106.1567
2012-11-20,99.613,99.673,106.4811,106.5999,146.9113,147.0222,148.8317,148.9464,102.0098,101.993,107.1583,106.1788
2012-11-21,99.5921,99.6448,106.4672,106.5787,146.898,146.9981,148.822,148.9367,101.9904,101.9736,107.1459,106.1664
2012-11-22,99.568,99.6082,106.4425,106.5421,146.8801,146.962,148.7804,148.895,101.9486,101.9319,107.1079,106.1288
2012-11-23,99.536,99.5773,106.4072,106.5093,146.8509,146.9341,148.7714,148.886,101.9296,101.9129,107.0757,106.0969
2012-11-26,99.5137,99.5505,106.3821,106.4835,146.8694,146.946,148.8026,148.9173,101.9134,101.8966,107.0185,106.0402
2012-11-27,99.491,99.5223,106.3686,106.4645,146.8535,146.922,148.7894,148.9039,101.8914,101.8747,107.0079,106.0297
2012-11-28,99.4774,99.4999,106.3606,106.4478,146.8508,146.9065,148.7454,148.8598,101.8479,101.8312,106.9272,105.9498
2012-11-29,99.4697,99.4871,106.3594,106.4418,146.8567,146.9048,148.7324,148.8467,101.8262,101.8094,106.8114,105.835
2012-11-30,99.456,99.4699,106.3503,106.4297,146.8538,146.8969,148.7532,148.8676,101.8281,101.8113,106.8173,105.8408
2012-12-03,99.4499,99.4631,106.3642,106.4444,146.8962,146.9379,148.7683,148.8827,101.8006,101.7838,106.8281,105.8515
2012-12-04,99.4471,99.4536,106.3736,106.4468,146.9091,146.9412,148.7743,148.8887,101.7921,101.7754,106.8324,105.8558
2012-12-05,99.4254,99.4295,106.3615,106.4322,146.8947,146.9231,148.7769,148.8913,101.7812,101.7645,106.8307,105.8541
2012-12-06,99.4142,99.4225,106.337,106.4148,146.8956,146.93,148.777,148.8915,101.7687,101.752,106.8308,105.8542
2012-12-07,99.4021,99.4095,106.3176,106.3964,146.8952,146.9281,148.7641,148.8785,101.747,101.7303,106.8215,105.845
2012-12-10,99.3841,99.3892,106.3151,106.3936,146.9204,146.9498,148.8071,148.9215,101.7388,101.7221,106.8363,105.8596
2012-12-11,99.3739,99.3824,106.3168,106.3987,146.9228,146.9569,148.8277,148.9422,101.7405,101.7238,106.8499,105.8731
2012-12-12,99.3768,99.3872,106.3283,106.4127,146.944,146.981,148.8351,148.9496,101.733,101.7163,106.8506,105.8738
2012-12-13,99.3688,99.3799,106.3265,106.4122,146.9495,146.9874,148.8596,148.9741,101.7373,101.7206,106.8318,105.8552
2012-12-14,99.3629,99.3741,106.304,106.3927,146.9582,146.996,148.882,148.9966,101.7403,101.7236,106.8479,105.8711
2012-12-17,99.3543,99.3625,106.2695,106.3616,146.9971,147.0303,148.9041,149.0187,101.7176,101.7009,106.7903,105.8141
2012-12-18,99.3473,99.3588,106.2739,106.3696,147.0041,147.0421,148.9325,149.047,101.7246,101.7079,106.7947,105.8185
2012-12-19,99.3351,99.3473,106.2653,106.3625,147.0035,147.0425,148.9022,149.0167,101.6908,101.6741,106.7689,105.7929
2012-12-20,99.3216,99.3335,106.2587,106.356,147.0011,147.0395,148.8642,148.9787,101.6516,101.6349,106.7388,105.7631
2012-12-21,99.2958,99.3108,106.2223,106.3252,146.9808,147.0236,148.8689,148.9834,101.6422,101.6255,106.7057,105.7302
2012-12-24,99.2917,99.3061,106.2333,106.3376,147.0263,147.0679,148.8953,149.0098,101.6223,101.6056,106.6619,105.6869
2012-12-25,99.3117,99.3227,106.251,106.3534,147.0724,147.1091,148.9277,149.0423,101.6321,101.6154,106.6774,105.7022
2012-12-26,99.3296,99.3433,106.2768,106.3826,147.1156,147.1562,148.9633,149.078,101.6441,101.6274,106.7013,105.7259
2012-12-27,99.3706,99.3985,106.3275,106.4488,147.1922,147.2537,149.0266,149.1415,101.6754,101.6587,106.7467,105.7709
2012-12-28,99.399,99.4287,106.3309,106.4582,147.2506,147.3147,149.0891,149.2041,101.7061,101.6894,106.7887,105.8125
2012-12-31,99.4064,99.4412,106.3577,106.4923,147.3127,147.3843,149.1555,149.2707,101.714,101.6973,106.8155,105.8391
2013-01-04,99.3558,99.374,106.3543,106.4711,147.3081,147.355,149.0793,149.1944,101.61,101.5933,106.7609,105.785
2013-01-07,99.4445,99.4661,106.4727,106.5943,147.4887,147.5404,149.2714,149.3867,101.7052,101.6885,106.8919,105.9147
2013-01-08,99.4921,99.52,106.531,106.6596,147.5751,147.6358,149.3296,149.4449,101.7328,101.7161,106.9325,105.955
2013-01-09,99.557,99.5703,106.6102,106.7237,147.6866,147.7262,149.4484,149.5639,101.8026,101.7859,107.0176,106.0394
2013-01-10,99.5555,99.5637,106.621,106.7291,147.7017,147.7337,149.4512,149.5667,101.7917,101.775,107.0168,106.0385
2013-01-11,99.5351,99.5242,106.6057,106.6943,147.6892,147.6933,149.444,149.5595,101.7739,101.7572,106.9868,106.0088
2013-01-14,99.5334,99.521,106.6353,106.7227,147.7426,147.74,149.4969,149.6125,101.7722,101.7555,107.0036,106.0254
2013-01-15,99.5639,99.5516,106.6782,106.766,147.8041,147.8017,149.5133,149.629,101.7708,101.7541,107.0154,106.0371
2013-01-16,99.5789,99.5642,106.6935,106.78,147.8432,147.8372,149.5475,149.6632,101.7817,101.765,107.0301,106.0517
2013-01-17,99.6034,99.5918,106.728,106.8183,147.8961,147.8946,149.5869,149.7027,101.7963,101.7795,107.0522,106.0736
2013-01-18,99.6721,99.6634,106.8126,106.9058,148.0132,148.0159,149.6926,149.8086,101.8569,101.8402,107.1179,106.1387
2013-01-21,99.7226,99.7106,106.8758,106.9685,148.1383,148.1361,149.8388,149.9549,101.9199,101.9032,107.2225,106.2424
2013-01-22,99.7571,99.7408,106.9188,107.0075,148.2058,148.1972,149.9051,150.0214,101.9532,101.9364,107.27,106.2894
2013-01-23,99.7917,99.7622,106.9675,107.0424,148.2732,148.2455,150.0391,150.1556,102.0334,102.0167,107.3497,106.3683
2013-01-24,99.7889,99.7555,106.9771,107.0477,148.2865,148.2529,150.0476,150.1641,102.0264,102.0097,107.3557,106.3743
2013-01-25,99.8073,99.773,107.0075,107.0773,148.3305,148.2955,150.1072,150.2238,102.055,102.0382,107.3984,106.4166
2013-01-28,99.7885,99.7477,106.9515,107.022,148.3547,148.3101,150.1165,150.2331,102.0227,102.0059,107.3925,106.4108
2013-01-29,99.7888,99.7464,106.9643,107.0329,148.3724,148.3253,150.1251,150.2418,102.0158,101.999,107.3987,106.4169
2013-01-30,99.7839,99.7364,106.9716,107.0349,148.3825,148.328,150.1425,150.2592,102.0149,101.9982,107.4112,106.4293
2013-01-31,99.7967,99.7512,106.9974,107.0628,148.4183,148.3666,150.1673,150.284,102.0192,102.0024,107.426,106.444
2013-02-01,99.8101,99.7641,107.0232,107.0881,148.4551,148.4027,150.1762,150.293,102.0125,101.9958,107.407,106.4252
2013-02-04,99.815,99.7666,107.0518,107.1155,148.514,148.4578,150.2647,150.3815,102.0352,102.0184,107.4522,106.4699
2013-02-05,99.8659,99.8135,107.1177,107.1772,148.6054,148.5434,150.2934,150.4103,102.0422,102.0255,107.4727,106.4902
2013-02-06,99.8907,99.8353,107.1541,107.2106,148.6589,148.5923,150.3724,150.4894,102.0841,102.0674,107.5292,106.5463
2013-02-07,99.9121,99.8574,107.189,107.2462,148.7073,148.6416,150.4362,150.5532,102.1154,102.0987,107.5748,106.5915
2013-02-08,99.9328,99.8745,107.2104,107.2651,148.7547,148.6838,150.4933,150.6105,102.1422,102.1254,107.6157,106.632
2013-02-18,100.0271,99.9501,107.2884,107.3382,149.0654,148.9666,150.7278,150.8455,102.176,102.1592,107.7394,106.7545
2013-02-19,100.0642,99.9803,107.3398,107.3824,149.1368,149.0279,150.8192,150.937,102.2265,102.2097,107.7989,106.8135
2013-02-20,100.1064,100.0206,107.3963,107.4369,149.2157,149.104,150.9594,151.0775,102.3109,102.2941,107.8992,106.9129
2013-02-21,100.1387,100.0448,107.4337,107.4666,149.2801,149.1566,151.0875,151.2058,102.3868,102.37,107.9573,106.9704
2013-02-22,100.1523,100.0542,107.45,107.4796,149.3173,149.1876,151.149,151.2675,102.4166,102.3998,107.9773,106.9902
2013-02-25,100.1272,100.0244,107.4113,107.441,149.3329,149.196,151.2121,151.3308,102.4217,102.4049,108.014,107.0266
2013-02-26,100.0608,99.9627,107.354,107.3885,149.2534,149.1232,151.1503,151.2687,102.3661,102.3492,107.9327,106.946
2013-02-27,100.0607,99.9669,107.3622,107.4017,149.2706,149.1466,151.1695,151.288,102.3665,102.3497,107.9464,106.9596
2013-02-28,100.0437,99.949,107.3105,107.1239,149.2632,149.1376,151.1943,151.3129,102.3709,102.3541,107.8961,106.9098
2013-03-01,100.0507,99.9522,107.3195,107.1301,149.2908,149.1597,151.2183,151.3369,102.3746,102.3578,107.8928,106.9065
2013-03-04,100.0871,99.9986,107.3618,107.1863,149.3962,149.2798,151.3147,151.4335,102.4027,102.3859,107.9616,106.9747
2013-03-05,100.1005,100.0112,107.3741,107.1991,149.4333,149.3156,151.3779,151.4967,102.4335,102.4167,108.0014,107.0141
2013-03-06,100.1104,100.0226,107.397,107.2236,149.4651,149.3497,151.3955,151.5143,102.4328,102.416,108.0101,107.0227
2013-03-07,100.1048,100.0117,107.391,107.2133,149.4743,149.3511,151.4108,151.5296,102.4306,102.4137,108.0163,107.0289
2013-03-08,100.0984,100.0047,107.3616,107.187,149.4824,149.3582,151.4071,151.5259,102.4151,102.3983,107.8995,106.9132
2013-03-11,100.0647,99.9665,107.2675,107.0978,149.4855,149.3544,151.4371,151.556,102.3974,102.3806,107.8305,106.8448
2013-03-12,100.0579,99.9646,107.2708,107.1063,149.493,149.3688,151.4747,151.5937,102.4105,102.3937,107.8317,106.846
2013-03-13,100.0514,99.9625,107.2732,107.1138,149.5008,149.3832,151.4637,151.5827,102.3901,102.3733,107.7917,106.8064
2013-03-14,100.0233,99.9351,107.2315,107.0751,149.4771,149.3602,151.4165,151.5354,102.3447,102.3278,107.7487,106.7637
2013-03-15,99.9913,99.9002,107.1949,107.0371,149.4477,149.3264,151.3928,151.5116,102.3154,102.2986,107.727,106.7423
2013-03-18,99.9794,99.8902,107.2055,107.051,149.4826,149.3639,151.4321,151.551,102.304,102.2872,107.7324,106.7476
2013-03-19,99.9535,99.8672,107.1879,107.0367,149.4621,149.3476,151.4119,151.5307,102.2772,102.2604,107.7111,106.7265
2013-03-20,99.9298,99.8463,107.1518,107.006,149.4448,149.3342,151.4394,151.5583,102.2834,102.2666,107.6846,106.7002
2013-03-21,99.9228,99.8349,107.15,107.0002,149.452,149.3348,151.4407,151.5597,102.2715,102.2547,107.6805,106.6961
2013-03-22,99.9243,99.8365,107.1493,107.001,149.4716,149.3546,151.4654,151.5844,102.2756,102.2588,107.6734,106.6891
2013-03-25,99.924,99.8378,107.1398,106.9978,149.5233,149.4085,151.5118,151.6311,102.2691,102.2523,107.6547,106.6706
2013-03-26,99.916,99.8303,107.1026,106.9653,149.5289,149.4149,151.4838,151.6029,102.2368,102.2201,107.6164,106.6327
2013-03-27,99.9156,99.8295,107.1016,106.965,149.5458,149.431,151.5114,151.6306,102.2431,102.2263,107.6198,106.636
2013-03-28,99.9681,99.8786,107.1564,107.0177,149.6399,149.5207,151.6306,151.7504,102.3125,102.2957,107.6969,106.7124
2013-03-29,100.0168,99.9229,107.1772,107.0382,149.7285,149.6033,151.6895,151.8096,102.3403,102.3235,107.7209,106.7362
2013-04-01,100.0699,99.9812,107.2629,107.13,149.8591,149.7414,151.8605,151.9807,102.4193,102.4024,107.8043,106.8189
2013-04-02,100.1771,100.0866,107.388,107.2534,150.0339,149.9138,152.1323,152.2529,102.5932,102.5764,107.9974,107.0102
2013-04-03,100.2578,100.1652,107.4787,107.3425,150.1701,150.0469,152.3095,152.4303,102.7021,102.6853,108.1232,107.1348
2013-04-08,100.3368,100.2302,107.6117,107.462,150.3737,150.2299,152.5349,152.656,102.7928,102.7759,108.2676,107.2779
2013-04-09,100.393,100.2868,107.6814,107.5323,150.4739,150.3307,152.6502,152.7714,102.8591,102.8422,108.3464,107.356
2013-04-10,100.4295,100.3275,107.7299,107.5854,150.5449,150.4079,152.7626,152.8839,102.9235,102.9066,108.4223,107.4312
2013-04-11,100.4183,100.3127,107.7262,107.5784,150.5461,150.4037,152.7317,152.853,102.8894,102.8725,108.4004,107.4095
2013-04-12,100.4379,100.3341,107.718,107.5763,150.5924,150.4526,152.7945,152.9159,102.9197,102.9028,108.4255,107.4344
2013-04-15,100.4972,100.3897,107.765,107.6248,150.7323,150.5871,152.9701,153.0918,103.0018,102.9849,108.5466,107.5543
2013-04-16,100.5868,100.4858,107.8354,107.7058,150.8815,150.7463,153.1906,153.3126,103.1405,103.1236,108.7006,107.7069
2013-04-17,100.5661,100.456,107.8254,107.6861,150.8688,150.7199,153.183,153.305,103.1223,103.1054,108.6926,107.699
2013-04-18,100.4689,100.3603,107.7199,107.5837,150.7435,150.5964,153.0286,153.1504,103.0034,102.9865,108.5808,107.5882
2013-04-19,100.3348,100.2374,107.5771,107.4539,150.5641,150.4329,152.7903,152.9117,102.8268,102.8099,108.4055,107.4146
2013-04-22,100.1474,100.0635,107.3966,107.2893,150.3415,150.2291,152.536,152.6569,102.6134,102.5966,108.1932,107.2041
2013-04-23,100.1869,100.1123,107.4202,107.3258,150.4171,150.3185,152.6422,152.7635,102.6736,102.6567,108.1878,107.1988
2013-04-24,100.1924,100.1174,107.4357,107.3412,150.4428,150.3437,152.7404,152.8619,102.7282,102.7113,108.2326,107.2432
2013-04-25,100.2295,100.1448,107.4748,107.3714,150.5149,150.4016,152.8478,152.9697,102.7892,102.7723,108.2892,107.2993
2013-04-26,100.2993,100.2238,107.5558,107.4626,150.6351,150.5356,152.988,153.1103,102.8727,102.8558,108.3823,107.3916
2013-05-02,100.3726,100.2985,107.6599,107.5729,150.8486,150.7511,153.2611,153.379,102.9794,102.9625,108.54,107.5479
2013-05-03,100.4151,100.3422,107.7003,107.6162,150.9289,150.833,153.2907,153.4087,102.9869,102.97,108.561,107.5686
2013-05-06,100.3983,100.3119,107.6661,107.5732,150.9569,150.8409,153.3087,153.4267,102.9608,102.9439,108.557,107.5646
2013-05-07,100.4617,100.3967,107.7436,107.6734,151.0679,150.9836,153.4073,153.5254,103.0156,102.9987,108.614,107.6212
2013-05-08,100.4113,100.337,107.7032,107.6231,151.0113,150.9131,153.3472,153.4651,102.9616,102.9447,108.5449,107.5527
2013-05-09,100.435,100.3521,107.739,107.6501,151.0638,150.953,153.4447,153.5627,103.0155,102.9986,108.6088,107.6159
2013-05-10,100.4814,100.4031,107.7796,107.6975,151.1498,151.0458,153.5566,153.6749,103.0794,103.0625,108.6838,107.6903
2013-05-13,100.4913,100.4114,107.8198,107.7367,151.2173,151.1107,153.6734,153.7918,103.121,103.104,108.7596,107.7654
2013-05-14,100.5211,100.4363,107.8395,107.7538,151.2789,151.1651,153.7395,153.858,103.1534,103.1365,108.8064,107.8117
2013-05-15,100.5476,100.4585,107.873,107.7834,151.3356,151.2155,153.7905,153.9091,103.1756,103.1587,108.8393,107.8443
2013-05-16,100.548,100.4568,107.8481,107.76,151.3538,151.2306,153.8172,153.9359,103.1811,103.1642,108.8564,107.8613
2013-05-17,100.5298,100.4373,107.8189,107.7317,151.3447,151.2194,153.8049,153.9235,103.1598,103.1429,108.8442,107.8493
2013-05-20,100.504,100.4098,107.8001,107.714,151.3596,151.2315,153.8413,153.96,103.1463,103.1294,108.8281,107.8333
2013-05-21,100.4723,100.3785,107.7745,107.6892,151.3306,151.2029,153.8191,153.9378,103.1183,103.1014,108.8124,107.8177
2013-05-22,100.463,100.3715,107.7741,107.6914,151.3345,151.2101,153.847,153.9634,103.1229,103.1059,108.8046,107.81
2013-05-23,100.5089,100.4134,107.8194,107.7341,151.4199,151.2897,153.9523,154.069,103.1823,103.1653,108.8737,107.8784
2013-05-24,100.533,100.4384,107.843,107.7601,151.4731,151.3443,154.0266,154.1435,103.2204,103.2035,108.9226,107.9269
2013-05-27,100.5633,100.4663,107.8972,107.8132,151.5708,151.4384,154.1535,154.2707,103.269,103.2521,108.9989,108.0025
2013-05-28,100.5829,100.4907,107.9304,107.8514,151.6174,151.492,154.2433,154.3607,103.3177,103.3008,109.0546,108.0577
2013-05-29,100.5646,100.4572,107.8952,107.803,151.6081,151.4602,154.223,154.3403,103.2911,103.2741,109.0349,108.0382
2013-05-30,100.567,100.46,107.8896,107.7999,151.6292,151.4819,154.2452,154.3626,103.2935,103.2765,109.0444,108.0476
2013-05-31,100.5493,100.4353,107.8791,107.7824,151.6208,151.463,154.2514,154.3688,103.2849,103.268,109.0472,108.0504
2013-06-03,100.5364,100.4206,107.871,107.7755,151.655,151.4941,154.256,154.3734,103.2497,103.2328,109.0414,108.0447
2013-06-04,100.5069,100.3916,107.8373,107.7438,151.6291,151.4689,154.2212,154.3386,103.2132,103.1962,109.0169,108.0203
2013-06-05,100.4807,100.3642,107.8205,107.7258,151.6081,151.446,154.174,154.2913,103.1681,103.1512,108.9835,107.9872
2013-06-06,100.4138,100.2958,107.7573,107.6614,151.5269,151.3623,154.1037,154.221,103.1074,103.0904,108.9319,107.9361
2013-06-07,100.3531,100.228,107.7028,107.5997,151.4547,151.2795,153.9963,154.1132,103.0211,103.0042,108.7381,107.7441
2013-06-13,100.2965,100.1754,107.6138,107.5251,151.4774,151.3074,154.1346,154.2518,103.039,103.0221,108.7666,107.7724
2013-06-14,100.1682,100.0523,107.4826,107.4,151.3053,151.1426,154.0039,154.1209,102.9369,102.92,108.6667,107.6733
2013-06-17,100.105,99.9868,107.4268,107.3444,151.2652,151.0986,153.9526,154.0694,102.8635,102.8466,108.6147,107.6218
2013-06-18,100.0254,99.9079,107.3528,107.2713,151.1652,150.9994,153.8796,153.9962,102.8008,102.7839,108.5455,107.5533
2013-06-19,99.7753,99.6499,107.0978,107.008,150.813,150.6346,153.5774,153.6932,102.5814,102.5646,108.3287,107.3385
2013-06-20,99.09,98.9421,106.3857,106.2717,149.8173,149.603,152.5476,152.6608,101.8648,101.848,107.5994,106.6158
2013-06-21,98.9636,98.8422,106.2591,106.1734,149.6481,149.4724,152.4945,152.6076,101.8157,101.799,107.56,106.5768
2013-06-24,98.8951,98.79,106.209,106.1418,149.5998,149.4479,152.5111,152.6242,101.7887,101.772,107.5589,106.5757
2013-06-25,98.9515,98.8579,106.243,106.1919,149.701,149.5664,152.5453,152.6585,101.7994,101.7826,107.5831,106.5997
2013-06-26,99.4008,99.3197,106.722,106.6852,150.3833,150.2689,153.3717,153.4872,102.3514,102.3346,108.1656,107.1768
2013-06-27,99.5652,99.4801,106.9027,106.8623,150.6444,150.5247,153.6233,153.7395,102.5105,102.4937,108.3434,107.353
2013-06-28,99.7226,99.6321,107.0672,107.0227,150.8949,150.7679,153.9134,154.0305,102.6961,102.6792,108.5209,107.5289
2013-07-01,99.7477,99.6534,107.11,107.0636,150.9856,150.8527,154.0549,154.1723,102.7541,102.7372,108.574,107.5815
2013-07-02,99.8531,99.7511,107.2151,107.1624,151.1598,151.0153,154.2082,154.3257,102.8458,102.8289,108.6797,107.6862
2013-07-03,99.9267,99.819,107.3041,107.2455,151.2867,151.1338,154.2978,154.4155,102.894,102.8771,108.7275,107.7335
2013-07-04,100.0103,99.895,107.4017,107.3355,151.4284,151.2644,154.3864,154.5042,102.9416,102.9247,108.767,107.7728
2013-07-05,100.0276,99.9123,107.4272,107.3616,151.4719,151.3079,154.4319,154.5497,102.9598,102.9429,108.7841,107.7896
2013-07-08,99.9996,99.8749,107.3827,107.3122,151.4839,151.3054,154.4269,154.5448,102.9179,102.901,108.7463,107.7522
2013-07-09,99.9596,99.8311,107.3311,107.2588,151.4425,151.2582,154.4022,154.52,102.8882,102.8713,108.69,107.6965
2013-07-10,99.886,99.7552,107.2522,107.1787,151.3511,151.1631,154.2191,154.3366,102.7505,102.7336,108.5572,107.5649
2013-07-11,99.7574,99.6209,107.1203,107.0415,151.1784,150.9813,154.0599,154.1771,102.6291,102.6123,108.4396,107.4483
2013-07-12,99.6214,99.4758,106.944,106.8601,150.9945,150.7834,153.8553,153.9722,102.4769,102.4601,108.2955,107.3055
2013-07-15,99.5885,99.4435,106.9131,106.8331,150.9992,150.7887,153.8669,153.9838,102.4462,102.4294,108.2691,107.2794
2013-07-16,99.5582,99.4142,106.8831,106.8051,150.9721,150.7629,153.7445,153.8611,102.3499,102.3331,108.1828,107.1939
2013-07-17,99.5038,99.3577,106.8186,106.7403,150.9093,150.6966,153.6192,153.7356,102.2517,102.2349,108.0777,107.0897
2013-07-18,99.4292,99.2868,106.7485,106.6744,150.8165,150.609,153.5529,153.6691,102.1937,102.177,108.0226,107.0351
2013-07-19,99.3431,99.2116,106.6333,106.5744,150.7067,150.5148,153.4582,153.5742,102.1164,102.0996,107.9525,106.9657
2013-07-22,99.1258,98.9952,106.4063,106.3515,150.4379,150.2461,153.1471,153.2622,101.866,101.8493,107.6798,106.6955
2013-07-23,98.9112,98.7756,106.1878,106.1279,150.1374,149.9371,152.8132,152.9272,101.6257,101.609,107.4239,106.4419
2013-07-24,98.7419,98.6049,106.0071,105.9471,149.9041,149.701,152.5007,152.6138,101.4,101.3834,107.202,106.222
2013-07-25,98.7541,98.6275,106.0271,105.9785,149.94,149.7522,152.6153,152.7288,101.4652,101.4486,107.2704,106.2898
2013-07-26,98.8447,98.7148,106.1054,106.0565,150.0922,149.8999,152.799,152.913,101.5775,101.5609,107.3962,106.4145
2013-07-29,98.7988,98.6683,106.0754,106.0277,150.0773,149.8838,152.7556,152.8696,101.5096,101.493,107.3339,106.3527
2013-07-30,98.8398,98.7048,106.1153,106.0644,150.1559,149.9559,152.8289,152.9431,101.5468,101.5301,107.378,106.3964
2013-07-31,98.8685,98.734,106.144,106.095,150.2164,150.0171,152.8677,152.982,101.5604,101.5437,107.4033,106.4215
2013-08-01,98.9842,98.8391,106.2719,106.2125,150.4064,150.1914,153.0833,153.1978,101.694,101.6773,107.552,106.5689
2013-08-02,99.103,98.9538,106.4074,106.3439,150.6012,150.3799,153.2368,153.3514,101.7855,101.7688,107.6515,106.6674
2013-08-05,99.0935,98.9389,106.4285,106.3598,150.6407,150.4111,153.2161,153.3307,101.733,101.7163,107.6068,106.6232
2013-08-06,99.0571,98.901,106.4016,106.3314,150.6043,150.3724,153.1761,153.2907,101.6931,101.6764,107.5686,106.5853
2013-08-07,98.9945,98.8326,106.3463,106.27,150.529,150.2883,153.0191,153.1334,101.5736,101.557,107.4567,106.4744
2013-08-08,98.8124,98.6452,106.1605,106.0792,150.2757,150.027,152.683,152.7969,101.3326,101.316,107.2117,106.2317
2013-08-09,98.752,98.5827,106.0865,106.0051,150.2037,149.9516,152.549,152.6628,101.2289,101.2123,107.1176,106.1384
2013-08-12,98.6799,98.5104,106.0452,105.9637,150.1498,149.897,152.4707,152.5844,101.1376,101.1209,107.0435,106.0649
2013-08-13,98.4959,98.3189,105.8445,105.7567,149.8937,149.6293,152.0046,152.1176,100.8083,100.7918,106.6893,105.714
2013-08-14,98.3476,98.1673,105.6989,105.6077,149.6907,149.4212,151.7559,151.8684,100.6268,100.6103,106.5067,105.5331
2013-08-15,98.209,98.0432,105.5631,105.4871,149.5022,149.2539,151.5001,151.6121,100.4404,100.4239,106.3228,105.3509
2013-08-16,98.1985,98.0417,105.5263,105.4637,149.5044,149.2694,151.475,151.587,100.4107,100.3942,106.3038,105.3321
2013-08-19,98.1267,97.9673,105.4582,105.3958,149.4509,149.2116,151.3551,151.4669,100.2911,100.2746,106.2064,105.2356
2013-08-20,97.9376,97.7759,105.2156,105.1564,149.1869,148.9438,151.0019,151.113,100.0387,100.0223,105.9551,104.9865
2013-08-21,97.9322,97.7787,105.2206,105.1701,149.1968,148.9658,151.0913,151.2025,100.0866,100.0702,105.9203,104.9521
2013-08-22,97.9355,97.7828,105.232,105.1827,149.2196,148.9896,151.0704,151.1816,100.0598,100.0434,105.9013,104.9332
2013-08-23,98.0224,97.8797,105.3299,105.2918,149.3669,149.152,151.2699,151.3815,100.1825,100.166,106.0413,105.072
2013-08-26,98.0661,97.9309,105.346,105.3226,149.4875,149.2822,151.4656,151.5779,100.2772,100.2607,106.1352,105.165
2013-08-27,98.0952,97.9546,105.353,105.3277,149.5486,149.3354,151.5288,151.6412,100.3074,100.2909,106.1795,105.2089
2013-08-28,98.0478,97.8979,105.3132,105.2782,149.4959,149.2684,151.4379,151.55,100.233,100.2166,106.1114,105.1414
2013-08-29,98.0104,97.8606,105.2758,105.0189,149.458,149.2305,151.3603,151.4722,100.1677,100.1513,106.0478,105.0784
2013-08-30,97.9849,97.8377,105.237,104.9852,149.438,149.2141,151.4,151.512,100.182,100.1655,106.0704,105.1008
2013-09-02,97.9586,97.8098,105.2348,104.9823,149.4525,149.2258,151.402,151.514,100.1453,100.1288,106.0672,105.0976
2013-09-03,97.9152,97.7677,105.1965,104.9459,149.4054,149.1806,151.3403,151.4522,100.0908,100.0744,106.0183,105.0491
2013-09-04,97.8417,97.69,105.1263,104.8717,149.3135,149.0821,151.2548,151.3667,100.0203,100.0039,105.9053,104.9372
2013-09-05,97.7969,97.6504,105.0837,104.8352,149.2646,149.0406,151.2116,151.3234,99.9784,99.962,105.8714,104.9036
2013-09-06,97.808,97.6607,105.1014,104.8527,149.2992,149.0739,151.2457,151.3576,99.9888,99.9724,105.8129,104.8456
2013-09-09,97.8035,97.6523,105.0827,104.835,149.3464,149.115,151.2248,151.3365,99.9367,99.9203,105.7737,104.8068
2013-09-10,97.7785,97.6205,105.0552,104.8017,149.327,149.0853,151.1481,151.2597,99.8722,99.8558,105.7127,104.7464
2013-09-11,97.7181,97.5557,105.0031,104.7449,149.2546,149.006,150.9109,151.0218,99.699,99.6827,105.5045,104.5401
2013-09-12,97.6487,97.4952,104.9293,104.6818,149.1689,148.9333,150.7896,150.9001,99.6043,99.5879,105.393,104.4296
2013-09-13,97.5962,97.4471,104.8616,104.6211,149.1084,148.879,150.6963,150.8066,99.5286,99.5122,105.3227,104.3599
2013-09-16,97.5731,97.4306,104.8752,104.6414,149.1277,148.9079,150.7438,150.8542,99.5228,99.5065,105.3496,104.3866
2013-09-17,97.6151,97.4731,104.8911,104.662,149.2085,148.9896,150.9363,151.0477,99.6404,99.624,105.4279,104.4642
2013-09-18,97.6213,97.4756,104.8797,104.6498,149.2357,149.0113,151.0156,151.1273,99.6814,99.6651,105.4789,104.5147
2013-09-23,97.707,97.573,104.9825,104.7698,149.4538,149.2471,151.3363,151.4495,99.8353,99.8189,105.5506,104.5857
2013-09-24,97.6761,97.5431,104.9227,104.715,149.4256,149.2201,151.2472,151.3599,99.7624,99.7461,105.4758,104.5116
2013-09-25,97.6966,97.5799,104.9394,104.7506,149.4742,149.2934,151.3202,151.4333,99.7991,99.7828,105.4953,104.531
2013-09-26,97.7421,97.6348,104.9563,104.7817,149.5603,149.3939,151.4388,151.5525,99.8667,99.8503,105.5707,104.6056
2013-09-27,97.7433,97.6416,104.968,104.7995,149.5801,149.4221,151.3952,151.5087,99.8246,99.8082,105.5362,104.5715
2013-09-30,97.7406,97.6318,104.9934,104.8182,149.6301,149.4612,151.4462,151.5599,99.8212,99.8048,105.5583,104.5934
2013-10-08,97.7626,97.6604,105.1106,104.9424,149.8079,149.6481,151.6156,151.7295,99.8343,99.8179,105.6685,104.7026
2013-10-09,97.7484,97.6421,105.1083,104.9358,149.8047,149.6387,151.5612,151.6751,99.7852,99.7688,105.6307,104.6651
2013-10-10,97.7316,97.6303,105.1028,104.9355,149.7976,149.639,151.5524,151.6662,99.7666,99.7502,105.616,104.6505
2013-10-11,97.7203,97.6187,105.1006,104.9333,149.7987,149.6395,151.5507,151.6645,99.7529,99.7365,105.5887,104.6234
2013-10-14,97.6822,97.5772,105.0249,104.861,149.7958,149.631,151.4704,151.5841,99.661,99.6447,105.4758,104.5116
2013-10-15,97.6427,97.5343,104.9835,104.8172,149.7546,149.5844,151.4274,151.541,99.6195,99.6031,105.4382,104.4744
2013-10-16,97.5608,97.4495,104.905,104.7359,149.6498,149.4748,151.2959,151.4093,99.5184,99.5021,105.3146,104.3519
2013-10-17,97.5202,97.4251,104.8455,104.6962,149.6069,149.456,151.2196,151.3329,99.4545,99.4382,105.2477,104.2856
2013-10-18,97.5004,97.3954,104.8277,104.669,149.5953,149.4293,151.1573,151.2704,99.4,99.3837,105.1736,104.2121
2013-10-21,97.4509,97.3486,104.7999,104.6451,149.5795,149.4126,151.1801,151.2933,99.3775,99.3612,105.1785,104.217
2013-10-22,97.4077,97.3032,104.7357,104.5815,149.5329,149.3624,151.0774,151.1904,99.2959,99.2796,105.0807,104.1201
2013-10-23,97.3415,97.2456,104.674,104.5292,149.4516,149.2937,150.9616,151.0742,99.2054,99.1891,104.9519,103.9925
2013-10-24,97.0924,97.0048,104.4032,104.269,149.0958,148.949,150.5862,150.6978,98.9405,98.9243,104.671,103.7142
2013-10-25,96.9005,96.8204,104.1835,104.06,148.8259,148.6893,150.3534,150.4644,98.7714,98.7552,104.5033,103.548
2013-10-28,96.8341,96.7611,104.1207,104.0074,148.7806,148.6539,150.2348,150.3456,98.6539,98.6377,104.4004,103.446
2013-10-29,96.7525,96.677,104.0409,103.9255,148.6762,148.5453,150.0926,150.2029,98.5457,98.5295,104.2946,103.3413
2013-10-30,96.663,96.5897,103.95,103.8376,148.56,148.4317,149.9715,150.0815,98.4518,98.4356,104.2044,103.2518
2013-10-31,96.6601,96.5866,103.9523,103.8404,148.5737,148.4452,150.0165,150.1266,98.4694,98.4533,104.2167,103.264
2013-11-01,96.725,96.6572,104.0236,103.9187,148.6895,148.5695,150.1731,150.2833,98.5617,98.5455,104.3068,103.3533
2013-11-04,96.723,96.6522,104.0516,103.9441,148.7409,148.6162,150.1822,150.2924,98.53,98.5139,104.2847,103.3314
2013-11-05,96.6523,96.577,103.974,103.8632,148.6528,148.5209,150.0689,150.179,98.4415,98.4254,104.1922,103.2397
2013-11-06,96.5085,96.4132,103.8138,103.6839,148.4544,148.2919,149.7625,149.8692,98.2236,98.2075,103.9553,103.005
2013-11-07,96.388,96.297,103.6877,103.5632,148.2911,148.1346,149.4427,149.5489,97.9968,97.9807,103.6976,102.7497
2013-11-08,96.2301,96.1342,103.502,103.3754,148.0715,147.9071,149.1713,149.2769,97.8023,97.7862,103.5005,102.5544
2013-11-11,95.8374,95.7348,103.0939,102.9628,147.5347,147.3587,148.4971,148.6016,97.3129,97.297,103.0298,102.088
2013-11-12,95.8057,95.713,103.069,102.9486,147.5051,147.3437,148.5691,148.6737,97.3485,97.3325,103.0798,102.1375
2013-11-13,95.6776,95.5795,102.928,102.8036,147.3303,147.1602,148.2509,148.3548,97.1228,97.1068,102.8403,101.9002
2013-11-14,95.5645,95.4856,102.8178,102.7139,147.1781,147.0366,148.0508,148.1543,96.9761,96.9602,102.6997,101.7609
2013-11-15,95.3491,95.2636,102.5941,102.4837,146.8718,146.7194,147.6578,147.7605,96.7003,96.6844,102.4218,101.4856
2013-11-18,95.2386,95.1544,102.4621,102.3582,146.7597,146.6086,147.5237,147.626,96.5727,96.5568,102.2884,101.3533
2013-11-19,95.1313,95.0602,102.3568,102.267,146.6162,146.4843,147.2633,147.365,96.3857,96.3699,102.0888,101.1556
2013-11-20,94.9688,94.8983,102.197,102.1079,146.3893,146.2578,147.0587,147.1597,96.2361,96.2203,101.9365,101.0047
2013-11-21,94.9823,94.9232,102.2079,102.1323,146.4279,146.3134,147.0473,147.1483,96.2159,96.2001,101.9269,100.9951
2013-11-22,95.0587,95.0042,102.2625,102.1957,146.5611,146.4539,147.2405,147.3422,96.3327,96.3169,102.0133,101.0807
2013-11-25,95.0773,95.023,102.258,102.1976,146.6435,146.5366,147.2861,147.388,96.3255,96.3096,101.9954,101.063
2013-11-26,95.0652,95.016,102.2563,102.2013,146.6434,146.544,147.293,147.3949,96.3175,96.3017,101.9807,101.0485
2013-11-27,95.1325,95.101,102.3213,102.2868,146.7629,146.6906,147.3788,147.4808,96.3623,96.3465,102.0317,101.099
2013-11-28,95.1752,95.1514,102.3394,102.317,146.8453,146.7849,147.5942,147.697,96.4939,96.4781,102.1772,101.2432
2013-11-29,95.3568,95.3329,102.4797,102.4638,147.1371,147.0779,147.9608,148.0649,96.7266,96.7107,102.4292,101.4929
2013-12-02,95.2843,95.2373,102.4333,102.3934,147.082,146.9873,147.8713,147.9754,96.6291,96.6133,102.3603,101.4246
2013-12-03,95.288,95.2454,102.4474,102.4124,147.1058,147.0176,147.9476,148.0517,96.6674,96.6516,102.3994,101.4634
2013-12-04,95.336,95.2916,102.5095,102.4727,147.1965,147.1057,148.0031,148.1073,96.6919,96.676,102.4336,101.4972
2013-12-05,95.2851,95.2284,102.4585,102.4096,147.1377,147.0281,147.9363,148.0405,96.6347,96.6188,102.3765,101.4406
2013-12-06,95.2703,95.2073,102.4146,102.363,147.1334,147.0141,147.9226,148.0267,96.6129,96.5971,102.3631,101.4274
2013-12-09,95.2315,95.1684,102.3979,102.3473,147.1294,147.0095,147.889,147.9931,96.5527,96.5369,102.3387,101.4032
2013-12-10,95.1053,95.0426,102.2726,102.2227,146.9566,146.8369,147.6136,147.7174,96.3564,96.3405,102.1355,101.2018
2013-12-11,95.1158,95.0661,102.2955,102.2595,146.9906,146.8907,147.472,147.5755,96.2493,96.2335,102.0127,101.0802
2013-12-12,95.1697,95.1191,102.3577,102.3214,147.0904,146.9891,147.6038,147.7076,96.3247,96.3088,102.0921,101.1589
2013-12-13,95.24,95.195,102.4204,102.3926,147.2149,147.1222,147.8009,147.905,96.4436,96.4277,102.2213,101.2868
2013-12-16,95.1828,95.1362,102.3765,102.3486,147.1829,147.0871,147.7772,147.8812,96.3899,96.374,102.1775,101.2435
2013-12-17,95.1456,95.099,102.3173,102.2926,147.1448,147.0488,147.6984,147.8023,96.3247,96.3089,102.1178,101.1843
2013-12-18,95.0377,94.9926,102.2156,102.1925,146.9997,146.9056,147.5344,147.6379,96.2027,96.1869,101.9903,101.0579
2013-12-19,94.9228,94.8808,102.098,102.0787,146.844,146.754,147.3147,147.4178,96.0436,96.0278,101.8352,100.9043
2013-12-20,94.818,94.7877,101.9952,101.9888,146.7035,146.631,147.199,147.3019,95.9539,95.9381,101.752,100.8218
2013-12-23,94.7767,94.7542,101.9518,101.9571,146.6956,146.6345,147.142,147.2448,95.8781,95.8623,101.6788,100.7493
2013-12-24,94.7643,94.7467,101.9291,101.9416,146.6951,146.6411,147.1827,147.2856,95.8927,95.8769,101.6811,100.7517
2013-12-25,94.7755,94.7587,101.9335,101.9488,146.7303,146.6774,147.1882,147.2911,95.8838,95.868,101.6793,100.7499
2013-12-26,94.7739,94.7586,101.9376,101.9551,146.746,146.6955,147.2342,147.3372,95.9018,95.8861,101.6918,100.7622
2013-12-27,94.7829,94.7659,101.9537,101.97,146.7777,146.7246,147.2202,147.3231,95.8799,95.8642,101.6793,100.7498
2013-12-30,94.7548,94.7375,101.9555,101.9719,146.7899,146.7359,147.2439,147.3469,95.858,95.8422,101.6847,100.7552
2013-12-31,94.7043,94.6866,101.9121,101.9282,146.7316,146.6767,147.25,147.353,95.8495,95.8337,101.676,100.7466
2014-01-02,94.691,94.6705,101.9235,101.9364,146.7479,146.6885,147.2089,147.3119,95.797,95.7812,101.6477,100.7185
2014-01-03,94.6409,94.6263,101.8833,101.9024,146.6901,146.6396,147.1622,147.2652,95.7533,95.7376,101.6154,100.6865
2014-01-06,94.616,94.6026,101.8841,101.9053,146.7099,146.6578,147.0534,147.1563,95.6433,95.6276,101.5107,100.5827
2014-01-07,94.6148,94.604,101.8955,101.9194,146.7264,146.6781,147.0308,147.1337,95.6157,95.6,101.4951,100.5673
2014-01-08,94.6682,94.6564,101.9599,101.9831,146.8257,146.7758,147.1328,147.2358,95.671,95.6553,101.5593,100.6309
2014-01-09,94.745,94.7352,102.0523,102.0778,146.9605,146.9137,147.2653,147.3685,95.7466,95.7309,101.6452,100.716
2014-01-10,94.7647,94.7483,102.0265,102.0509,147.0086,146.9517,147.3371,147.4405,95.7817,95.766,101.6458,100.7166
2014-01-13,94.7895,94.7726,102.069,102.0949,147.1052,147.0434,147.4,147.5035,95.7856,95.7699,101.6805,100.751
2014-01-14,94.8118,94.7969,102.0962,102.1251,147.1574,147.0986,147.3433,147.4467,95.7353,95.7196,101.638,100.7089
2014-01-15,94.8393,94.8268,102.1302,102.1623,147.2174,147.1621,147.4804,147.584,95.8139,95.7981,101.7259,100.796
2014-01-16,94.8735,94.8591,102.1555,102.188,147.2876,147.2295,147.513,147.6167,95.823,95.8073,101.7382,100.8082
2014-01-17,94.895,94.8858,102.1833,102.2219,147.3385,147.2882,147.5131,147.6168,95.8104,95.7947,101.7252,100.7953
2014-01-20,94.8707,94.864,102.1616,102.206,147.3565,147.3096,147.5458,147.6495,95.7942,95.7785,101.7459,100.8158
2014-01-21,95.0249,95.0269,102.3337,102.3878,147.6088,147.5757,147.777,147.8813,95.9354,95.9196,101.9,100.9685
2014-01-22,95.1383,95.1529,102.4598,102.5277,147.7994,147.7854,148.0397,148.1446,96.0975,96.0817,102.0809,101.1477
2014-01-23,95.2036,95.2018,102.5391,102.59,147.9168,147.878,148.1759,148.2811,96.1753,96.1595,102.1401,101.2065
2014-01-24,95.2676,95.2705,102.6153,102.6716,148.0323,148.0008,148.2148,148.3197,96.1886,96.1728,102.0878,101.1546
2014-01-27,95.4559,95.462,102.7843,102.8506,148.3732,148.3468,148.5776,148.6837,96.3918,96.376,102.3188,101.3835
2014-01-28,95.4575,95.4674,102.7906,102.8618,148.394,148.3733,148.5817,148.6878,96.3818,96.366,102.301,101.3658
2014-01-29,95.4533,95.4648,102.7959,102.8689,148.406,148.3876,148.5818,148.6879,96.3692,96.3534,102.2965,101.3614
2014-01-30,95.464,95.4656,102.8169,102.8797,148.4406,148.407,148.6358,148.7421,96.3924,96.3766,102.3303,101.3949
2014-02-07,95.5622,95.576,102.9807,103.06,148.7375,148.7214,148.8827,148.9894,96.4546,96.4388,102.4236,101.4873
2014-02-10,95.601,95.6007,103.0461,103.1118,148.8518,148.8139,149.0434,149.1502,96.523,96.5072,102.5342,101.5969
2014-02-11,95.5886,95.593,103.0459,103.1164,148.8515,148.8206,149.1003,149.2072,96.548,96.5322,102.5664,101.6288
2014-02-12,95.6384,95.6455,103.1112,103.1844,148.9457,148.9188,149.1895,149.2966,96.5944,96.5786,102.6278,101.6897
2014-02-13,95.7543,95.7606,103.2461,103.3185,149.1405,149.1123,149.4306,149.5381,96.7415,96.7256,102.7938,101.8541
2014-02-14,95.8721,95.8678,103.3531,103.4175,149.3382,149.294,149.6142,149.722,96.8505,96.8346,102.9202,101.9794
2014-02-17,95.9031,95.8996,103.4003,103.4677,149.4411,149.3975,149.6841,149.7917,96.8587,96.8428,102.9641,102.0229
2014-02-18,95.8956,95.8935,103.4052,103.474,149.4481,149.4067,149.6944,149.802,96.8527,96.8368,102.9684,102.0271
2014-02-19,95.9236,95.915,103.4434,103.5057,149.5093,149.4578,149.7078,149.8155,96.8489,96.833,102.9776,102.0362
2014-02-20,95.9548,95.9419,103.4869,103.5448,149.5753,149.5172,149.8573,149.9652,96.9353,96.9194,103.0771,102.1349
2014-02-21,96.054,96.0411,103.6035,103.6615,149.7449,149.6867,150.0501,150.1583,97.0503,97.0343,103.1872,102.2439
2014-02-24,96.2095,96.1827,103.7661,103.8133,150.0373,149.9579,150.4698,150.5789,97.2901,97.2742,103.4282,102.4828
2014-02-25,96.4373,96.417,104.0174,104.0718,150.4028,150.3334,151.0794,151.1898,97.6813,97.6653,103.8144,102.8654
2014-02-26,96.5662,96.5263,104.1634,104.1975,150.6175,150.5186,151.1402,151.251,97.7089,97.6928,103.7731,102.8245
2014-02-27,96.8424,96.8031,104.4496,104.4863,151.0566,150.959,151.5757,151.6877,97.9846,97.9685,104.0714,103.12
2014-02-28,96.8849,96.8231,104.4561,104.2539,151.1399,151.0074,151.777,151.8898,98.1052,98.0891,104.1753,103.223
2014-03-03,96.8619,96.7893,104.4316,104.2216,151.1607,151.0114,151.8113,151.9239,98.0895,98.0734,104.1936,103.2411
2014-03-04,96.6837,96.6281,104.2304,104.0408,150.9076,150.7834,151.4168,151.5291,97.8161,97.8,103.9211,102.9711
2014-03-05,96.4394,96.3952,103.9642,103.7885,150.5534,150.4457,151.1081,151.2202,97.5994,97.5833,103.6989,102.751
2014-03-06,96.3436,96.3113,103.8693,103.7066,150.4259,150.3358,150.9592,151.0712,97.4882,97.4722,103.5811,102.6342
2014-03-07,96.3522,96.314,103.8784,103.7106,150.4578,150.3584,150.9718,151.0837,97.4837,97.4677,103.5841,102.6372
2014-03-10,96.4055,96.3899,103.8706,103.7369,150.5948,150.5303,151.119,151.2311,97.5423,97.5263,103.6722,102.7245
2014-03-11,96.439,96.4146,103.8576,103.7207,150.6645,150.5867,151.1752,151.2874,97.5665,97.5505,103.6737,102.7259
2014-03-12,96.4617,96.4371,103.8895,103.7528,150.7178,150.6396,151.2339,151.3461,97.5923,97.5763,103.6827,102.7349
2014-03-13,96.4831,96.473,103.9174,103.7967,150.7691,150.7133,151.3402,151.4527,97.6496,97.6335,103.697,102.7491
2014-03-14,96.5335,96.5249,103.96,103.8431,150.8648,150.8114,151.4409,151.5536,97.7031,97.687,103.7567,102.8083
2014-03-17,96.5584,96.5434,104.0028,103.8812,150.9588,150.8956,151.499,151.6119,97.7026,97.6866,103.7659,102.8174
2014-03-18,96.4885,96.4652,103.9353,103.8054,150.8708,150.7943,151.4119,151.5245,97.6322,97.6161,103.6998,102.7519
2014-03-19,96.3257,96.3016,103.7728,103.6422,150.6412,150.562,151.2494,151.3617,97.512,97.496,103.5766,102.6298
2014-03-20,96.2618,96.2289,103.6807,103.5444,150.5623,150.4693,151.2243,151.3365,97.4825,97.4665,103.5338,102.5873
2014-03-21,96.3063,96.2747,103.7108,103.5788,150.649,150.5582,151.2944,151.4067,97.5157,97.4997,103.5718,102.625
2014-03-24,96.2967,96.2667,103.6745,103.5504,150.6907,150.602,151.3248,151.4372,97.4969,97.4809,103.5893,102.6423
2014-03-25,96.2738,96.2501,103.6406,103.5253,150.6744,150.5952,151.2715,151.3835,97.4489,97.4329,103.4996,102.5534
2014-03-26,96.2659,96.2388,103.6095,103.494,150.6813,150.5966,151.2659,151.3778,97.4322,97.4162,103.4338,102.4882
2014-03-27,96.2305,96.2088,103.5746,103.4657,150.6459,150.5692,151.3072,151.4193,97.4465,97.4305,103.4487,102.5031
2014-03-28,96.2055,96.179,103.5482,103.4354,150.6267,150.5422,151.2726,151.3845,97.4107,97.3947,103.4249,102.4795
2014-03-31,96.2158,96.1881,103.5858,103.4728,150.6988,150.6126,151.3076,151.4196,97.3949,97.3789,103.4279,102.4824
2014-04-01,96.1821,96.1507,103.5634,103.4462,150.6661,150.5739,151.2693,151.3812,97.3568,97.3408,103.3814,102.4364
2014-04-02,96.1423,96.1152,103.5344,103.4217,150.6239,150.5382,151.1409,151.2527,97.2595,97.2435,103.2921,102.3479
2014-04-03,96.0616,96.0375,103.4478,103.3395,150.5191,150.4376,150.9893,151.101,97.1468,97.1309,103.1853,102.2421
2014-04-04,96.0805,96.0501,103.4807,103.3657,150.567,150.4757,150.9764,151.0881,97.1254,97.1095,103.1765,102.2334
2014-04-08,96.1179,96.0823,103.5627,103.4428,150.7001,150.6003,151.1253,151.2372,97.1713,97.1554,103.2227,102.2791
2014-04-09,96.0649,96.0236,103.5019,103.3776,150.6377,150.529,151.0625,151.1744,97.1171,97.1011,103.1743,102.2312
2014-04-10,96.0683,96.014,103.5105,103.3731,150.662,150.533,151.154,151.2659,97.1642,97.1483,103.2356,102.2919
2014-04-11,96.1321,96.0835,103.5675,103.4385,150.7788,150.6587,151.2928,151.4049,97.2425,97.2265,103.2938,102.3496
2014-04-14,96.2551,96.1961,103.7146,103.5765,151.0244,150.8884,151.553,151.6656,97.3746,97.3586,103.4717,102.5258
2014-04-15,96.3443,96.2751,103.813,103.6649,151.1803,151.0287,151.7398,151.8526,97.4843,97.4683,103.593,102.646
2014-04-16,96.4063,96.3295,103.861,103.708,151.2945,151.1314,151.8775,151.9905,97.5618,97.5458,103.6848,102.737
2014-04-17,96.6608,96.5864,104.1309,103.9816,151.7041,151.5455,152.3667,152.4805,97.8702,97.8541,104.0098,103.059
2014-04-18,96.717,96.6424,104.183,104.0354,151.8095,151.6507,152.4402,152.5548,97.9055,97.8894,103.9682,103.0178
2014-04-21,96.7531,96.6757,104.2479,104.0984,151.922,151.7587,152.5337,152.6486,97.928,97.9119,103.9951,103.0445
2014-04-22,96.7829,96.7023,104.2692,104.1186,151.9867,151.8186,152.5962,152.7114,97.9561,97.94,104.0352,103.0842
2014-04-23,96.7485,96.6649,104.1938,104.0451,151.953,151.78,152.6512,152.7666,97.9793,97.9632,104.0299,103.0789
2014-04-24,96.776,96.6834,104.2202,104.0634,152.0144,151.8275,152.7175,152.8331,98.0098,97.9937,104.0156,103.0648
2014-04-25,96.7938,96.7083,104.2362,104.0883,152.0609,151.8849,152.7336,152.8492,98.0073,97.9912,104.0069,103.0562
2014-04-28,96.7989,96.7109,104.2461,104.0986,152.1349,151.9462,152.8076,152.9236,98.0169,98.0008,104.0135,103.0626
2014-04-29,96.7978,96.7058,104.2493,104.0984,152.1524,151.9574,152.9165,153.0328,98.0754,98.0592,104.0811,103.1296
2014-04-30,96.8712,96.7734,104.339,104.182,152.2843,152.0807,153.0977,153.2147,98.1813,98.1652,104.201,103.2484
2014-05-05,96.9617,96.8575,104.4702,104.309,152.5199,152.3058,153.423,153.5402,98.3288,98.3127,104.4055,103.4511
2014-05-06,97.0846,96.9688,104.5926,104.421,152.7286,152.4966,153.7422,153.8597,98.5246,98.5085,104.6184,103.6621
2014-05-07,97.186,97.0613,104.7101,104.5295,152.9041,152.6585,154.0438,154.1616,98.7088,98.6926,104.8126,103.8545
2014-05-08,97.3995,97.2668,104.9418,104.7534,153.2522,152.9945,154.4656,154.5839,98.9717,98.9554,105.085,104.1243
2014-05-09,97.6387,97.4921,105.2027,105.0002,153.6399,153.3611,155.2534,155.3724,99.4739,99.4575,105.6183,104.6528
2014-05-12,97.6603,97.5061,105.2542,105.0443,153.7312,153.4402,155.2959,155.415,99.4621,99.4458,105.6442,104.6785
2014-05-13,97.6664,97.5093,105.2712,105.0584,153.76,153.4644,155.3436,155.4627,99.4801,99.4637,105.6639,104.698
2014-05-14,97.5866,97.4363,105.1799,104.9761,153.6565,153.3709,155.12,155.2389,99.3206,99.3043,105.5105,104.546
2014-05-15,97.5375,97.3906,105.1326,104.933,153.6003,153.3196,155.0779,155.1966,99.2799,99.2636,105.4563,104.4923
2014-05-16,97.5214,97.3731,105.1043,104.9056,153.5948,153.3118,155.0962,155.2148,99.2786,99.2623,105.461,104.497
2014-05-19,97.5376,97.3933,105.155,104.9608,153.678,153.4007,155.1714,155.2902,99.2881,99.2718,105.4941,104.5297
2014-05-20,97.5077,97.361,105.134,104.9374,153.6513,153.3702,155.1723,155.2911,99.2755,99.2592,105.4683,104.5042
2014-05-21,97.5062,97.3598,105.1398,104.9439,153.6684,153.3875,155.2096,155.3283,99.2866,99.2703,105.4781,104.5139
2014-05-22,97.521,97.3767,105.1649,104.9715,153.7106,153.4328,155.2917,155.4086,99.3255,99.3092,105.5122,104.5477
2014-05-23,97.5111,97.367,105.156,104.9639,153.7147,153.4371,155.3404,155.4573,99.344,99.3277,105.5384,104.5737
2014-05-26,97.5379,97.3924,105.1907,104.9998,153.8145,153.5341,155.4165,155.5336,99.354,99.3377,105.5743,104.6092
2014-05-27,97.5754,97.4313,105.2275,105.0396,153.8917,153.6135,155.4677,155.5848,99.3742,99.3578,105.5882,104.623
2014-05-28,97.6344,97.4946,105.3023,105.1189,154.0021,153.7305,155.5964,155.7138,99.445,99.4287,105.6634,104.6975
2014-05-29,97.7067,97.5613,105.3667,105.1798,154.133,153.853,155.7717,155.8896,99.5464,99.53,105.7692,104.8023
2014-05-30,97.7918,97.6444,105.4149,105.2312,154.2836,154.0008,156.0043,156.1226,99.6851,99.6687,105.9211,104.9528
2014-06-03,98.0546,97.9048,105.7364,105.5508,154.7681,154.481,156.5851,156.7039,100.0109,99.9944,106.3101,105.3383
2014-06-04,98.175,98.0241,105.8621,105.6768,154.9737,154.685,156.7799,156.8988,100.1247,100.1083,106.4394,105.4664
2014-06-05,98.1945,98.0388,105.8897,105.6999,155.0235,154.7271,156.7817,156.9006,100.1125,100.0961,106.4372,105.4642
2014-06-06,98.1507,97.9963,105.8569,105.6682,154.9754,154.6807,156.8179,156.9368,100.1228,100.1064,106.4587,105.4856
2014-06-09,98.1087,97.9606,105.747,105.5747,154.969,154.6833,156.798,156.9169,100.0695,100.053,106.4411,105.4681
2014-06-10,98.2005,98.0495,105.8573,105.6818,155.1304,154.8402,156.9718,157.0909,100.1694,100.1529,106.5487,105.5747
2014-06-11,98.2218,98.0725,105.8893,105.7158,155.1829,154.8951,157.052,157.1711,100.2082,100.1918,106.6015,105.627
2014-06-12,98.257,98.1063,105.9161,105.7433,155.2568,154.9668,157.0988,157.218,100.2253,100.2088,106.6309,105.6562
2014-06-13,98.2305,98.073,105.8961,105.7165,155.2354,154.9346,157.0253,157.1444,100.1638,100.1474,106.576,105.6017
2014-06-16,98.2937,98.1412,105.9902,105.8169,155.3916,155.0984,157.1649,157.2843,100.2145,100.198,106.6311,105.6564
2014-06-17,98.3065,98.1447,105.9795,105.7999,155.4309,155.1231,157.2245,157.3441,100.24,100.2235,106.67,105.6949
2014-06-18,98.2612,98.0998,105.9425,105.7633,155.3805,155.073,157.1927,157.3122,100.2058,100.1893,106.627,105.6523
2014-06-19,98.2475,98.0929,105.9226,105.7522,155.379,155.0817,157.1794,157.2988,100.1836,100.1672,106.6069,105.6323
2014-06-20,98.3113,98.1519,105.9999,105.8246,155.4971,155.1925,157.2926,157.4123,100.244,100.2276,106.6643,105.6893
2014-06-23,98.3062,98.1436,106.0236,105.8457,155.5478,155.2379,157.3191,157.4388,100.2208,100.2044,106.6682,105.6931
2014-06-24,98.3224,98.1585,106.0385,105.8606,155.5924,155.2803,157.4114,157.5314,100.2676,100.2511,106.7185,105.7429
2014-06-25,98.3213,98.1594,106.0273,105.8535,155.6104,155.3012,157.4088,157.5288,100.2525,100.236,106.7147,105.7392
2014-06-26,98.3383,98.1733,106.0538,105.877,155.6562,155.3421,157.475,157.5951,100.2821,100.2657,106.7582,105.7823
2014-06-27,98.3554,98.1872,106.0753,105.8962,155.7022,155.3832,157.5176,157.6378,100.2964,100.2799,106.7871,105.811
2014-06-30,98.3168,98.1409,106.0474,105.8623,155.7014,155.3697,157.5,157.6202,100.2446,100.2281,106.7592,105.7832
2014-07-01,98.2231,98.0493,105.9414,105.7602,155.5759,155.247,157.3125,157.4325,100.1091,100.0927,106.6321,105.6573
2014-07-02,98.1351,97.9557,105.8474,105.6615,155.459,155.1213,157.1286,157.2485,99.976,99.9596,106.5053,105.5317
2014-07-03,98.0674,97.886,105.788,105.5999,155.3737,155.0327,156.97,157.0898,99.8593,99.8429,106.3838,105.4113
2014-07-04,97.976,97.8008,105.6907,105.5102,155.2519,154.92,156.7493,156.8689,99.7023,99.6859,106.2313,105.2602
2014-07-07,98.0125,97.8425,105.7202,105.5496,155.3674,155.0432,156.8874,157.0071,99.7517,99.7353,106.3249,105.3529
2014-07-08,98.026,97.8582,105.744,105.5759,155.408,155.087,156.8799,156.9996,99.7334,99.717,106.2893,105.3177
2014-07-09,98.0112,97.8443,105.7197,105.5546,155.4047,155.0849,156.8525,156.9722,99.702,99.6857,106.2361,105.265
2014-07-10,98.0299,97.8605,105.7376,105.5712,155.4533,155.1295,156.8746,156.9943,99.7029,99.6866,106.2511,105.2798
2014-07-11,98.0601,97.8864,105.7753,105.6048,155.5199,155.1892,156.9063,157.0261,99.7101,99.6937,106.1892,105.2185
2014-07-14,98.0362,97.8597,105.7423,105.573,155.5419,155.2062,156.9014,157.0211,99.6664,99.65,106.1812,105.2106
2014-07-15,97.9928,97.8205,105.6931,105.5296,155.4943,155.1648,156.798,156.9176,99.5857,99.5693,106.1093,105.1393
2014-07-16,97.9136,97.7368,105.6175,105.4497,155.3911,155.0544,156.6002,156.7194,99.4436,99.4272,105.9753,105.0065
2014-07-17,97.7327,97.5626,105.4182,105.2592,155.1304,154.8032,156.3273,156.446,99.2527,99.2364,105.7733,104.8064
2014-07-18,97.6087,97.4491,105.2706,105.1253,154.958,154.6462,156.1739,156.2923,99.1394,99.1231,105.6353,104.6697
2014-07-21,97.6801,97.5283,105.3466,105.213,155.1277,154.828,156.3007,156.4193,99.1813,99.165,105.6868,104.7206
2014-07-22,97.732,97.5713,105.3996,105.2579,155.2279,154.9144,156.5415,156.661,99.3244,99.3081,105.8274,104.86
2014-07-23,97.7711,97.6108,105.4462,105.3056,155.3083,154.9954,156.5755,156.695,99.3329,99.3166,105.8327,104.8653
2014-07-24,97.8093,97.6474,105.4849,105.3439,155.3872,155.0719,156.6623,156.7821,99.3758,99.3595,105.89,104.922
2014-07-25,97.8595,97.697,105.5407,105.3999,155.4848,155.1685,156.7855,156.9056,99.4423,99.426,105.9624,104.9938
2014-07-28,97.9235,97.7557,105.6314,105.4863,155.6433,155.3188,156.9017,157.0222,99.4772,99.4609,106.0122,105.0432
2014-07-29,97.8999,97.7282,105.6122,105.4636,155.6265,155.2957,156.9153,157.0358,99.4725,99.4562,106.0214,105.0522
2014-07-30,97.9085,97.7313,105.6334,105.4789,155.6597,155.3201,156.9993,157.1201,99.5135,99.4972,106.0715,105.1018
2014-07-31,97.9539,97.7734,105.6818,105.5249,155.7498,155.4051,157.1061,157.2272,99.5694,99.5531,106.142,105.1717
2014-08-01,97.9859,97.8015,105.7248,105.5641,155.8196,155.4686,157.2089,157.3301,99.6225,99.6062,106.208,105.2371
2014-08-04,97.9923,97.8096,105.7645,105.606,155.8891,155.5402,157.2852,157.4065,99.6314,99.615,106.2336,105.2625
2014-08-05,98.009,97.8251,105.7759,105.6178,155.935,155.584,157.329,157.4501,99.6462,99.6298,106.247,105.2758
2014-08-06,98.049,97.861,105.8236,105.6618,156.0172,155.6595,157.4065,157.5278,99.6829,99.6666,106.2962,105.3246
2014-08-07,98.0506,97.8592,105.8359,105.6707,156.0395,155.6764,157.457,157.5783,99.7021,99.6857,106.3249,105.3529
2014-08-08,98.0694,97.8834,105.8555,105.6971,156.0886,155.7336,157.4938,157.6151,99.7124,99.696,106.347,105.3748
2014-08-11,98.0818,97.8888,105.9081,105.742,156.1677,155.8012,157.5838,157.7053,99.7301,99.7137,106.3634,105.3911
2014-08-12,98.0431,97.8488,105.8802,105.7126,156.1273,155.7585,157.5495,157.6709,99.6942,99.6778,106.3402,105.3681
2014-08-13,98.0796,97.8856,105.9293,105.7621,156.204,155.8355,157.621,157.7426,99.727,99.7106,106.3477,105.3755
2014-08-14,98.1997,98.0037,106.0673,105.8982,156.4108,156.0391,157.9299,158.052,99.9136,99.8972,106.5526,105.5786
2014-08-15,98.2435,98.039,106.1242,105.9462,156.4989,156.1137,158.0922,158.2145,100.0053,99.9888,106.6604,105.6854
2014-08-18,98.242,98.0343,106.1508,105.9701,156.5565,156.1656,158.1318,158.2543,99.9903,99.9738,106.6632,105.6882
2014-08-19,98.192,97.9847,106.0977,105.9187,156.4987,156.1082,158.0722,158.1934,99.9381,99.9217,106.596,105.6216
2014-08-20,98.137,97.9319,105.9977,105.826,156.4331,156.0456,158.0039,158.1249,99.8803,99.8639,106.547,105.573
2014-08-21,98.1694,97.9656,106.014,105.8466,156.5036,156.1181,158.1099,158.2312,99.9355,99.9191,106.5731,105.5989
2014-08-22,98.1721,97.9672,106.0257,105.8574,156.5278,156.1405,158.1469,158.2683,99.9459,99.9295,106.5912,105.6168
2014-08-25,98.2104,98.0001,106.0655,105.895,156.6495,156.2519,158.2677,158.3895,99.9836,99.9672,106.5921,105.6177
2014-08-26,98.1977,97.9819,106.0598,105.8838,156.6498,156.2433,158.3074,158.4293,99.9957,99.9793,106.6,105.6256
2014-08-27,98.2618,98.049,106.1068,105.9372,156.7697,156.368,158.5423,158.665,100.1344,100.1179,106.729,105.7534
2014-08-28,98.3317,98.112,106.1901,106.0133,156.8987,156.4861,158.7377,158.861,100.2473,100.2309,106.8608,105.884
2014-08-29,98.3323,98.1081,106.1651,105.7821,156.9197,156.4999,158.7107,158.8339,100.2163,100.1999,106.8385,105.8619
2014-09-01,98.3274,98.1033,106.1922,105.809,156.9727,156.5528,158.8118,158.9351,100.2409,100.2245,106.9048,105.9275
2014-09-02,98.3443,98.1201,106.2152,105.832,157.0193,156.5993,158.825,158.948,100.2359,100.2195,106.8852,105.9082
2014-09-03,98.3008,98.0767,106.1774,105.7943,156.9715,156.5516,158.8008,158.9238,100.2067,100.1903,106.8625,105.8856
2014-09-04,98.2923,98.0682,106.1699,105.7868,156.9784,156.5585,158.7799,158.9028,100.1796,100.1632,106.8025,105.8262
2014-09-05,98.3031,98.079,106.1873,105.8042,157.0156,156.5956,158.812,158.9349,100.1868,100.1703,106.8208,105.8444
2014-09-09,98.3034,98.0793,106.1666,105.7836,157.0966,156.6764,158.9308,159.0538,100.2088,100.1924,106.8411,105.8644
2014-09-10,98.268,98.044,106.1077,105.7248,157.0614,156.6413,158.9226,159.0456,100.1899,100.1734,106.8196,105.8431
2014-09-11,98.2542,98.0302,106.0874,105.7046,157.0601,156.64,158.9187,159.0418,100.1737,100.1573,106.7997,105.8234
2014-09-12,98.2751,98.051,106.0995,105.7166,157.1128,156.6926,158.9754,159.0985,100.1966,100.1802,106.7993,105.823
2014-09-15,98.3461,98.1219,106.2125,105.8292,157.2843,156.864,159.1884,159.3119,100.2932,100.2767,106.9303,105.9528
2014-09-16,98.3166,98.0925,106.189,105.8059,157.2584,156.8381,159.1915,159.3151,100.2816,100.2651,106.9017,105.9245
2014-09-17,98.4315,98.2071,106.2741,105.8907,157.4581,157.0376,159.4697,159.5939,100.4474,100.4309,107.008,106.0298
2014-09-18,98.5449,98.3203,106.3767,105.9929,157.6553,157.2348,159.8999,160.0254,100.7113,100.6948,107.2857,106.3049
2014-09-19,98.7509,98.5258,106.5993,106.2147,157.9972,157.5766,160.3391,160.4658,100.981,100.9644,107.5743,106.5909
2014-09-22,98.7799,98.5547,106.6489,106.2641,158.1032,157.6827,160.5173,160.6445,101.0549,101.0383,107.6324,106.6485
2014-09-23,98.8183,98.5931,106.6658,106.281,158.1835,157.763,160.5918,160.7192,101.0892,101.0726,107.6537,106.6696
2014-09-24,98.7373,98.5122,106.5579,106.1734,158.0771,157.6565,160.5087,160.6358,101.0218,101.0053,107.5832,106.5998
2014-09-25,98.7393,98.5142,106.5339,106.1495,158.1006,157.68,160.5792,160.7065,101.0536,101.037,107.6027,106.6191
2014-09-26,98.7684,98.5432,106.5629,106.1784,158.1663,157.7458,160.6011,160.7285,101.054,101.0374,107.6009,106.6173
2014-09-29,98.83,98.6046,106.6572,106.2724,158.3328,157.9126,160.7668,160.8948,101.1197,101.1031,107.6931,106.7086
2014-09-30,98.8602,98.6349,106.7017,106.3167,158.4004,157.9802,160.8799,161.0083,101.1789,101.1623,107.7656,106.7804
2014-10-08,98.8234,98.5981,106.767,106.3818,158.5054,158.085,161.0047,161.1331,101.1495,101.1329,107.8421,106.8563
2014-10-09,98.7954,98.5702,106.7512,106.366,158.482,158.0616,160.9478,161.0763,101.0993,101.0827,107.8041,106.8186
2014-10-10,98.7951,98.5699,106.7619,106.3767,158.5018,158.0814,160.9801,161.1086,101.1063,101.0897,107.821,106.8354
2014-10-13,98.8577,98.6323,106.7892,106.4039,158.6611,158.2403,161.155,161.2836,101.1776,101.161,107.8792,106.893
2014-10-14,99.0779,98.852,107.015,106.6289,159.0269,158.6055,161.6715,161.8007,101.4959,101.4793,108.2116,107.2224
2014-10-15,99.3161,99.0897,107.2674,106.8803,159.421,158.999,162.1722,162.3019,101.804,101.7873,108.5298,107.5377
2014-10-16,99.4066,99.18,107.3642,106.9768,159.5833,159.1611,162.3915,162.5215,101.9313,101.9146,108.6455,107.6523
2014-10-17,99.5808,99.3537,107.5439,107.1558,159.877,159.4544,162.6574,162.7878,102.0885,102.0717,108.7207,107.7269
2014-10-20,99.8862,99.6584,107.8802,107.491,160.4175,159.9943,163.3538,163.4858,102.4949,102.4781,109.1524,108.1546
2014-10-21,100.0044,99.7764,108.0183,107.6285,160.6274,160.204,163.7032,163.8361,102.7057,102.6889,109.3774,108.3775
2014-10-22,99.9863,99.7584,107.9894,107.5998,160.6197,160.1962,163.6813,163.8142,102.678,102.6611,109.3431,108.3436
2014-10-23,100.0119,99.7839,108.0068,107.6171,160.6803,160.2569,163.6727,163.8054,102.6587,102.6418,109.31,108.3107
2014-10-24,100.016,99.788,107.9554,107.5659,160.7072,160.2838,163.708,163.8409,102.6677,102.6508,109.2778,108.2788
2014-10-27,100.033,99.805,107.9883,107.5986,160.7955,160.3721,163.8226,163.9559,102.7002,102.6834,109.3236,108.3243
2014-10-28,100.1348,99.9065,108.0841,107.6941,160.9757,160.5523,164.0679,164.2022,102.8442,102.8273,109.451,108.4504
2014-10-29,100.3053,100.0767,108.2718,107.8812,161.2638,160.8406,164.4325,164.5683,103.0647,103.0478,109.6713,108.6688
2014-10-30,100.3415,100.1127,108.3205,107.9297,161.3411,160.918,164.4121,164.5478,103.038,103.021,109.6489,108.6466
2014-10-31,100.4059,100.177,108.3875,107.9965,161.4627,161.0397,164.5716,164.7079,103.1267,103.1098,109.7465,108.7433
2014-11-03,100.5549,100.3256,108.5629,108.1712,161.7591,161.3354,164.9427,165.0794,103.3232,103.3062,109.9911,108.9856
2014-11-04,100.8867,100.6567,108.9223,108.5293,162.3022,161.8771,165.7904,165.9278,103.852,103.835,110.5183,109.508
2014-11-05,100.9967,100.7664,109.0379,108.6445,162.4959,162.0704,166.1006,166.2383,104.0368,104.0197,110.7105,109.6985
2014-11-06,101.0461,100.8158,109.1015,108.7079,162.5945,162.1687,166.2464,166.3843,104.1164,104.0993,110.8035,109.7907
2014-11-07,101.2216,100.9908,109.2439,108.8498,162.8914,162.465,166.6959,166.8343,104.3903,104.3732,111.0822,110.0668
2014-11-10,101.4862,101.2548,109.5365,109.1412,163.3699,162.9428,167.3102,167.4496,104.7422,104.725,111.4919,110.4727
2014-11-11,101.6322,101.4005,109.694,109.2982,163.6204,163.1929,167.6437,167.7837,104.9419,104.9247,111.7098,110.6886
2014-11-12,101.5398,101.3083,109.5923,109.1969,163.4955,163.0682,167.4805,167.6202,104.8237,104.8065,111.592,110.5719
2014-11-13,101.4031,101.1719,109.4477,109.0528,163.3009,162.8738,167.2808,167.4201,104.6821,104.6649,111.4406,110.4219
2014-11-14,101.2186,100.9879,109.2544,108.8602,163.0311,162.6043,166.7743,166.9127,104.3442,104.3271,111.1014,110.0858
2014-11-17,101.0466,100.8162,109.0964,108.7027,162.8221,162.3955,166.4342,166.5719,104.0854,104.0683,110.8368,109.8236
2014-11-18,100.9783,100.7481,109.0188,108.6254,162.7352,162.3087,166.4434,166.5812,104.0776,104.0605,110.8253,109.8122
2014-11-19,100.9318,100.7017,108.9742,108.581,162.6827,162.2562,166.4198,166.5576,104.0489,104.0318,110.8065,109.7936
2014-11-20,100.7678,100.5381,108.8099,108.4173,162.4451,162.0187,166.2506,166.3879,103.9269,103.9099,110.6847,109.6729
2014-11-21,100.649,100.4196,108.6849,108.2927,162.2787,161.8524,165.9943,166.1309,103.7493,103.7323,110.5138,109.5035
2014-11-24,101.2121,100.9813,109.2647,108.8704,163.2275,162.8008,167.4581,167.5984,104.6446,104.6274,111.4612,110.4423
2014-11-25,101.1908,100.9601,109.2112,108.8171,163.2147,162.788,167.3751,167.5152,104.5778,104.5606,111.3934,110.3751
2014-11-26,101.2173,100.9865,109.2477,108.8535,163.277,162.8503,167.3068,167.4467,104.5204,104.5033,111.3318,110.3141
2014-11-27,101.1735,100.9429,109.1992,108.8051,163.2288,162.8021,167.2954,167.4353,104.4994,104.4823,111.3161,110.2985
2014-11-28,101.1742,100.9436,109.1835,108.7896,163.2506,162.8239,167.3263,167.4663,104.5055,104.4884,111.3348,110.317
2014-12-01,101.1904,100.9597,109.2297,108.8356,163.3384,162.9115,167.4241,167.5641,104.5269,104.5097,111.3894,110.3712
2014-12-02,101.0578,100.8274,109.1006,108.707,163.1495,162.7231,167.1308,167.2705,104.326,104.3089,111.1916,110.1752
2014-12-03,100.7632,100.5335,108.8011,108.4085,162.7044,162.2791,166.3855,166.5246,103.8368,103.8197,110.6838,109.672
2014-12-04,100.4887,100.2597,108.5208,108.1293,162.2911,161.8668,165.8505,165.9891,103.4817,103.4647,110.3266,109.3181
2014-12-05,100.1736,99.9452,108.1904,107.8,161.8136,161.3904,165.0621,165.1999,102.965,102.9481,109.7945,108.7909
2014-12-08,99.9094,99.6816,107.9452,107.5557,161.4579,161.0356,164.6829,164.8204,102.6822,102.6653,109.5345,108.5332
2014-12-09,99.281,99.0547,107.2868,106.8997,160.4849,160.0648,163.5596,163.6958,101.9519,101.9352,108.7843,107.7899
2014-12-10,99.3867,99.1601,107.407,107.0195,160.6726,160.2521,163.9042,164.0408,102.1582,102.1414,109.0002,108.0038
2014-12-11,99.5075,99.2807,107.5388,107.1508,160.8843,160.4633,164.0365,164.1733,102.229,102.2122,109.0643,108.0673
2014-12-12,99.4961,99.2693,107.5352,107.1472,160.8869,160.4659,164.0907,164.2275,102.25,102.2332,109.085,108.0878
2014-12-15,99.4696,99.2429,107.5321,107.1441,160.907,160.486,164.0697,164.2065,102.1959,102.1791,109.0673,108.0703
2014-12-16,99.4413,99.2146,107.499,107.1111,160.8829,160.4619,164.1116,164.2484,102.209,102.1922,109.0475,108.0507
2014-12-17,99.4301,99.2034,107.4785,107.0907,160.8858,160.4648,164.2655,164.4026,102.2936,102.2768,109.1457,108.148
2014-12-18,99.4438,99.2171,107.4989,107.111,160.9281,160.507,164.2801,164.4172,102.2893,102.2725,109.1478,108.1501
2014-12-19,99.5063,99.2795,107.5761,107.188,161.0476,160.6264,164.4301,164.5675,102.3714,102.3546,109.2408,108.2422
2014-12-22,99.5694,99.3424,107.6585,107.27,161.2093,160.7878,164.6624,164.8002,102.4788,102.462,109.3507,108.3511
2014-12-23,99.7345,99.5071,107.8355,107.4464,161.4911,161.0694,164.9934,165.1319,102.6763,102.6595,109.5698,108.5682
2014-12-24,99.9858,99.7579,108.1103,107.7202,161.9142,161.4921,165.4647,165.6042,102.9632,102.9463,109.8572,108.853
2014-12-25,100.0473,99.8192,108.1829,107.7925,162.0322,161.61,165.5208,165.6604,102.9854,102.9685,109.8843,108.8798
2014-12-26,100.0619,99.8338,108.198,107.8076,162.076,161.6538,165.6116,165.7514,103.0297,103.0128,109.9312,108.9263
2014-12-29,100.1112,99.883,108.284,107.8933,162.2161,161.7938,165.6668,165.8067,103.0241,103.0072,109.9498,108.9447
2014-12-30,100.1164,99.8882,108.2962,107.9055,162.2525,161.8302,165.6713,165.8112,103.0134,102.9965,109.9487,108.9436
2014-12-31,100.1227,99.8945,108.3092,107.9184,162.2912,161.8688,165.6844,165.8243,103.0082,102.9913,109.9473,108.9422
2015-01-05,100.1443,99.916,108.3943,108.0032,162.4293,162.0066,165.837,165.9771,103.0373,103.0204,110.0457,109.0397
2015-01-06,100.196,99.9675,108.4579,108.0666,162.5344,162.1114,165.8971,166.0373,103.062,103.0451,110.0593,109.0532
2015-01-07,100.2726,100.044,108.5232,108.1317,162.6767,162.2534,166.0118,166.152,103.1213,103.1044,110.1353,109.1285
2015-01-08,100.2828,100.0542,108.5444,108.1528,162.7137,162.2903,166.038,166.1783,103.1244,103.1075,110.1429,109.1361
2015-01-09,100.326,100.0973,108.6034,108.2115,162.8029,162.3793,166.0661,166.2064,103.1287,103.1118,110.1554,109.1485
2015-01-12,100.3504,100.1217,108.622,108.23,162.9155,162.4916,166.1544,166.2947,103.1441,103.1272,110.1977,109.1903
2015-01-13,100.4843,100.2552,108.774,108.3816,163.1486,162.7244,166.434,166.5747,103.3084,103.2914,110.38,109.3709
2015-01-14,100.6589,100.4294,108.9041,108.5111,163.4462,163.0216,166.7951,166.9362,103.5245,103.5075,110.5212,109.5109
2015-01-15,100.6864,100.4568,108.9404,108.5473,163.5107,163.086,166.8795,167.0208,103.5646,103.5476,110.566,109.5553
2015-01-16,100.7943,100.5645,109.0425,108.649,163.7087,163.2838,167.1941,167.3359,103.751,103.734,110.6977,109.6858
2015-01-19,100.8509,100.621,109.116,108.7223,163.8612,163.4362,167.4269,167.5694,103.8583,103.8412,110.8457,109.8324
2015-01-20,100.875,100.645,109.154,108.7601,163.9203,163.4952,167.4979,167.6406,103.8898,103.8728,110.8534,109.84
2015-01-21,100.9112,100.6812,109.2026,108.8085,163.9987,163.5736,167.6667,167.8099,103.9836,103.9665,110.9556,109.9413
2015-01-22,100.9799,100.7497,109.2884,108.8941,164.1284,163.7032,167.793,167.9367,104.0504,104.0333,111.0285,110.0136
2015-01-23,100.9965,100.7662,109.3083,108.9139,164.1756,163.7504,167.8624,168.0063,104.0808,104.0638,111.0527,110.0376
2015-01-26,101.0438,100.8135,109.3423,108.9478,164.3132,163.888,168.0717,168.2164,104.1729,104.1558,111.1807,110.1643
2015-01-27,101.0251,100.7947,109.2963,108.902,164.3042,163.879,168.0992,168.2439,104.1767,104.1596,111.191,110.1746
2015-01-28,100.9511,100.721,109.2131,108.8191,164.2079,163.7826,167.9471,168.0913,104.0664,104.0493,111.0729,110.0575
2015-01-29,100.8732,100.6433,109.1409,108.7471,164.1053,163.6799,167.8655,168.0094,104.0008,103.9837,111.0146,109.9998
2015-01-30,100.8285,100.5986,109.1048,108.7112,164.0551,163.6298,167.8175,167.9612,103.9566,103.9395,110.9782,109.9637
2015-02-02,100.8525,100.6226,109.1551,108.7613,164.1563,163.7306,167.9487,168.0925,103.9988,103.9817,111.0502,110.035
2015-02-03,100.8382,100.6084,109.154,108.7602,164.1546,163.729,167.9828,168.1266,104.0068,103.9897,111.0727,110.0574
2015-02-04,100.8294,100.5995,109.1457,108.7519,164.1615,163.7358,168.0504,168.1943,104.036,104.0189,111.1036,110.088
2015-02-05,100.9695,100.7393,109.3072,108.9128,164.4054,163.9792,168.3102,168.4544,104.187,104.1699,111.2396,110.2227
2015-02-06,100.9484,100.7183,109.2988,108.9044,164.3928,163.9666,168.2877,168.4318,104.1591,104.142,111.2247,110.2079
2015-02-09,101.0022,100.772,109.3975,109.0028,164.5412,164.1147,168.4637,168.608,104.2296,104.2125,111.341,110.3232
2015-02-10,101.0394,100.8091,109.4495,109.0546,164.6213,164.1947,168.4979,168.6422,104.2376,104.2204,111.3604,110.3425
2015-02-11,101.1444,100.9138,109.5745,109.1792,164.8093,164.3822,168.7943,168.9391,104.4118,104.3947,111.5501,110.5303
2015-02-12,101.2167,100.986,109.6639,109.2682,164.9453,164.518,168.982,169.1271,104.5171,104.5,111.6742,110.6533
2015-02-13,101.3237,101.0927,109.7903,109.3941,165.1365,164.7088,169.2097,169.3551,104.6478,104.6306,111.8247,110.8025
2015-02-16,101.4145,101.1833,109.9064,109.5099,165.3677,164.9395,169.4273,169.5729,104.7446,104.7274,111.9668,110.9433
2015-02-17,101.4389,101.2077,109.9418,109.5451,165.4275,164.9992,169.5219,169.6676,104.7909,104.7737,112.0223,110.9982
2015-02-25,101.4376,101.2064,109.9896,109.5928,165.6027,165.1741,169.8192,169.9654,104.8706,104.8534,112.0127,110.9888
2015-02-26,101.3906,101.1595,109.9304,109.5338,165.5488,165.1202,169.7544,169.9004,104.8159,104.7987,111.8935,110.8706
2015-02-27,101.3501,101.119,109.8846,109.4881,165.5052,165.0766,169.6798,169.8255,104.755,104.7378,111.8282,110.8059
2015-03-02,101.2722,101.0413,109.7853,109.3892,165.4635,165.035,169.6542,169.7999,104.6979,104.6807,111.7898,110.7679
2015-03-03,101.1498,100.9192,109.6438,109.2482,165.2891,164.8611,169.4459,169.5914,104.5527,104.5355,111.6378,110.6173
2015-03-04,101.1083,100.8778,109.591,109.1956,165.2438,164.8159,169.3629,169.5084,104.4866,104.4694,111.5651,110.5452
2015-03-05,100.9722,100.7421,109.4341,109.0392,165.0574,164.6299,169.1516,169.2968,104.3395,104.3223,111.4082,110.3898
2015-03-06,100.8498,100.6199,109.3113,108.9169,164.8902,164.4631,168.9849,169.1299,104.2205,104.2034,111.2686,110.2514
2015-03-09,100.7582,100.5285,109.173,108.7791,164.8311,164.404,168.9084,169.0533,104.1314,104.1143,111.209,110.1924
2015-03-10,100.7064,100.4769,109.1311,108.7373,164.7695,164.3425,168.8537,168.9985,104.0832,104.0661,111.1582,110.142
2015-03-11,100.8238,100.594,109.2206,108.8265,164.9777,164.5505,169.1026,169.2478,104.2269,104.2097,111.2875,110.2702
2015-03-12,100.8556,100.6257,109.2455,108.8513,165.0558,164.6286,169.2462,169.3916,104.3039,104.2868,111.3707,110.3526
2015-03-13,100.8025,100.5727,109.1557,108.7619,165.0018,164.5745,169.1067,169.2519,104.2023,104.1851,111.2442,110.2273
2015-03-16,100.7061,100.4766,109.0723,108.6787,164.9215,164.4942,168.9765,169.1215,104.0793,104.0622,111.1231,110.1073
2015-03-17,100.6554,100.4259,109.0226,108.6293,164.8613,164.434,168.8823,169.0271,104.0062,103.9892,111.0404,110.0254
2015-03-18,100.5824,100.3528,108.9497,108.5563,164.7657,164.3379,168.7844,168.929,103.9308,103.9138,110.9586,109.9443
2015-03-19,100.5509,100.3213,108.9215,108.5282,164.749,164.3212,168.7856,168.9302,103.918,103.9009,110.9417,109.9276
2015-03-20,100.5867,100.3571,108.9424,108.549,164.8329,164.4051,168.9737,169.1187,104.0232,104.0061,111.0588,110.0436
2015-03-23,100.5393,100.3097,108.8718,108.4787,164.8421,164.4143,168.997,169.1421,103.9936,103.9766,111.0215,110.0066
2015-03-24,100.4513,100.2219,108.7783,108.3855,164.7225,164.2945,168.7751,168.9195,103.8364,103.8193,110.8555,109.8421
2015-03-25,100.3716,100.1424,108.6767,108.2843,164.6161,164.188,168.6492,168.7932,103.7434,103.7264,110.7317,109.7194
2015-03-26,100.1241,99.8956,108.4157,108.0242,164.265,163.8361,168.073,168.2152,103.3661,103.3491,110.2975,109.2892
2015-03-27,99.9654,99.7372,108.2438,107.8529,164.0668,163.6374,167.8599,168.0014,103.218,103.201,110.1522,109.1453
2015-03-30,99.7555,99.5277,108.0326,107.6425,163.7999,163.3698,167.5056,167.6459,102.9536,102.9367,109.9074,108.9027
2015-03-31,99.5174,99.2902,107.7907,107.4015,163.4533,163.0221,166.9521,167.0905,102.5907,102.5738,109.5432,108.5418
2015-04-01,99.6463,99.4189,107.929,107.5393,163.6813,163.2496,167.2848,167.4234,102.7865,102.7696,109.7552,108.7519
2015-04-02,99.8508,99.6229,108.1471,107.7566,164.0307,163.5981,167.665,167.804,103.0122,102.9953,109.9932,108.9877
2015-04-03,99.8547,99.6267,108.1525,107.7619,164.0578,163.6251,167.6326,167.7715,102.9782,102.9613,109.8504,108.8462
2015-04-07,99.8224,99.5945,108.1653,107.7747,164.0971,163.6643,167.6236,167.7626,102.9181,102.9012,109.8032,108.7994
2015-04-08,99.7426,99.5149,108.0032,107.6132,163.9898,163.5573,167.3692,167.5076,102.7444,102.7276,109.5402,108.5388
2015-04-09,99.7765,99.5487,108.0375,107.6474,164.0711,163.6385,167.3896,167.528,102.7437,102.7268,109.5479,108.5465
2015-04-10,99.8159,99.588,108.0881,107.6978,164.1645,163.7317,167.4698,167.6085,102.7806,102.7637,109.5977,108.5958
2015-04-13,99.8543,99.6264,108.1321,107.7417,164.3027,163.8697,167.6998,167.8392,102.8844,102.8675,109.744,108.7408
2015-04-14,99.9968,99.7685,108.2929,107.9019,164.5525,164.1192,167.9612,168.1015,103.0353,103.0184,109.8976,108.893
2015-04-15,100.2044,99.9756,108.5192,108.1273,164.907,164.4734,168.3051,168.4466,103.2381,103.2212,110.1105,109.104
2015-04-16,100.2717,100.0428,108.5935,108.2014,165.0411,164.6073,168.4596,168.6017,103.3217,103.3048,110.1894,109.1821
2015-04-17,100.2752,100.0463,108.5896,108.1974,165.0725,164.6387,168.5484,168.6908,103.364,103.347,110.2295,109.2219
2015-04-20,100.6254,100.3957,108.9327,108.5393,165.7346,165.3003,169.5415,169.6878,103.9475,103.9304,110.8214,109.8084
2015-04-21,100.7944,100.5643,109.1234,108.7294,166.027,165.5928,169.9578,170.106,104.1957,104.1786,111.0625,110.0472
2015-04-22,100.749,100.519,109.0741,108.6802,165.975,165.5407,169.8105,169.958,104.0893,104.0722,110.9483,109.9341
2015-04-23,100.6447,100.415,108.9071,108.5138,165.834,165.3998,169.6657,169.8125,103.9845,103.9674,110.8189,109.8058
2015-04-24,100.5749,100.3453,108.7766,108.3838,165.7643,165.33,169.53,169.6761,103.8855,103.8684,110.6791,109.6674
2015-04-27,100.6099,100.3802,108.8213,108.4283,165.9421,165.508,169.6919,169.8388,103.9464,103.9293,110.7261,109.714
2015-04-28,100.6568,100.4271,108.8799,108.4867,166.0526,165.6188,169.8414,169.9893,104.0268,104.0097,110.7771,109.7644
2015-04-29,100.7116,100.4817,108.9475,108.5541,166.1615,165.728,169.8867,170.0348,104.0416,104.0245,110.7866,109.7739
2015-04-30,100.7598,100.5298,109.0049,108.6113,166.2598,165.8265,169.9871,170.1359,104.091,104.0739,110.8478,109.8345
2015-05-04,100.8142,100.584,109.1147,108.7207,166.4315,165.9978,170.0948,170.2437,104.1038,104.0867,110.9181,109.9042
2015-05-05,100.776,100.5459,109.0801,108.6862,166.3907,165.9571,170.0672,170.2161,104.0728,104.0557,110.8914,109.8777
2015-05-06,100.7514,100.5214,109.0632,108.6694,166.372,165.9384,169.8949,170.0436,103.9514,103.9343,110.7732,109.7606
2015-05-07,100.7786,100.5486,109.0976,108.7036,166.4369,166.0031,169.9854,170.1342,103.9943,103.9772,110.8322,109.8191
2015-05-08,100.8602,100.63,109.173,108.7788,166.6144,166.1803,170.2265,170.3756,104.1313,104.1142,110.9843,109.9697
2015-05-11,100.9334,100.7029,109.2844,108.8898,166.7954,166.3608,170.2793,170.4284,104.1234,104.1063,111.0142,109.9994
2015-05-12,101.1566,100.9257,109.5311,109.1355,167.1771,166.7418,170.5869,170.7363,104.3019,104.2848,111.2041,110.1875
2015-05-13,101.4598,101.2282,109.8612,109.4645,167.6881,167.2517,171.1619,171.3119,104.6475,104.6303,111.5321,110.5126
2015-05-14,101.7309,101.4986,110.1571,109.7593,168.1471,167.7098,171.6531,171.8037,104.9406,104.9234,111.8488,110.8263
2015-05-15,101.7344,101.5022,110.1512,109.7535,168.1808,167.7435,171.7001,171.8508,104.9563,104.9391,111.8338,110.8115
2015-05-18,101.6894,101.4573,110.1128,109.7152,168.1817,167.7444,171.7775,171.9284,104.9635,104.9463,111.8411,110.8187
2015-05-19,101.5599,101.328,109.9689,109.5718,167.9933,167.5562,171.5894,171.7398,104.8324,104.8151,111.708,110.6869
2015-05-20,101.5454,101.3136,109.943,109.546,167.9908,167.5537,171.5139,171.6642,104.7715,104.7543,111.6537,110.633
2015-05-21,101.5239,101.2922,109.9265,109.5296,167.977,167.5399,171.5227,171.673,104.7634,104.7462,111.6279,110.6075
2015-05-22,101.5315,101.2997,109.9274,109.5305,168.0115,167.5744,171.4541,171.6043,104.7069,104.6897,111.5774,110.5575
2015-05-25,101.48,101.2483,109.8957,109.4989,167.9984,167.5613,171.4834,171.6336,104.6845,104.6673,111.5289,110.5093
2015-05-26,101.3279,101.0966,109.7464,109.3501,167.7735,167.3365,171.1673,171.3166,104.4735,104.4564,111.3198,110.3022
2015-05-27,101.2885,101.0573,109.7165,109.3203,167.7306,167.2936,171.0923,171.2413,104.4131,104.396,111.2433,110.2263
2015-05-28,101.1442,100.9133,109.5661,109.1704,167.5266,167.0896,170.5849,170.7324,104.0828,104.0657,110.8971,109.8834
2015-05-29,101.0183,100.7877,109.4425,109.0473,167.3585,166.9215,170.5154,170.6626,104.0258,104.0087,110.825,109.8119
2015-06-01,100.9245,100.6941,109.379,108.9841,167.2826,166.8458,170.295,170.442,103.8479,103.8309,110.6586,109.647
2015-06-02,101.0269,100.7962,109.4964,109.1011,167.4695,167.0323,170.5666,170.7139,104.0035,103.9864,110.8351,109.8219
2015-06-03,101.0633,100.8326,109.5461,109.1505,167.5496,167.1121,170.6827,170.8302,104.0622,104.0451,110.9012,109.8874
2015-06-04,101.1068,100.876,109.6027,109.2069,167.641,167.2034,170.8035,170.9511,104.1239,104.1068,110.9789,109.9644
2015-06-05,101.1099,100.8791,109.6152,109.2194,167.6669,167.2292,170.877,171.0247,104.1561,104.139,111.0225,110.0076
2015-06-08,101.1371,100.9062,109.5978,109.2021,167.7909,167.3529,170.9832,171.131,104.1815,104.1644,111.0273,110.0124
2015-06-09,101.1394,100.9085,109.6062,109.2104,167.8155,167.3775,171.0642,171.2122,104.2184,104.2013,111.0332,110.0182
2015-06-10,101.1005,100.8697,109.5778,109.1821,167.7734,167.3354,171.0383,171.1862,104.1888,104.1717,111.013,109.9982
2015-06-11,101.0518,100.8211,109.5378,109.1423,167.7254,167.2875,170.9846,171.1325,104.1418,104.1247,110.9781,109.9637
2015-06-12,101.0168,100.7862,109.5099,109.1144,167.6952,167.2574,170.9812,171.129,104.1262,104.1091,110.9759,109.9614
2015-06-15,100.9641,100.7336,109.4575,109.0623,167.6911,167.2533,170.8749,171.0225,104.0195,104.0024,110.8623,109.8488
2015-06-16,100.957,100.7266,109.4446,109.0494,167.7006,167.2627,170.9571,171.1049,104.0571,104.04,110.8619,109.8485
2015-06-17,100.9364,100.7059,109.4196,109.0245,167.6879,167.2501,171.0011,171.1491,104.071,104.0539,110.881,109.8674
2015-06-18,100.9714,100.7409,109.4575,109.0622,167.7774,167.3394,171.2883,171.4372,104.2363,104.2192,111.0595,110.0443
2015-06-19,100.9693,100.7388,109.4486,109.0534,167.8027,167.3647,171.2536,171.4024,104.2012,104.1841,111.0246,110.0097
2015-06-23,100.8865,100.6562,109.378,108.983,167.7555,167.3176,171.2276,171.3763,104.1279,104.1108,110.9522,109.938
2015-06-24,100.8595,100.6293,109.3413,108.9464,167.7326,167.2946,171.1901,171.3386,104.091,104.0739,110.9124,109.8985
2015-06-25,100.882,100.6517,109.373,108.978,167.7899,167.3519,171.1942,171.3427,104.0802,104.0631,110.906,109.8922
2015-06-26,100.8624,100.6321,109.3645,108.9696,167.7789,167.341,171.1753,171.3237,104.055,104.0379,110.891,109.8773
2015-06-29,100.8584,100.6281,109.3785,108.9835,167.8417,167.4038,171.1756,171.324,104.0149,103.9978,110.8587,109.8453
2015-06-30,100.862,100.6318,109.3787,108.9837,167.8685,167.4305,171.1338,171.282,103.9755,103.9584,110.8266,109.8135
2015-07-01,100.8778,100.6475,109.3907,108.9957,167.9149,167.4769,171.1963,171.3446,104.0009,103.9838,110.8671,109.8536
2015-07-02,100.8798,100.6495,109.4037,109.0087,167.9447,167.5066,171.1057,171.2539,103.9313,103.9142,110.8067,109.7938
2015-07-03,100.8879,100.6576,109.4135,109.0184,167.9787,167.5405,171.1842,171.3325,103.9666,103.9495,110.7795,109.7669
2015-07-06,101.087,100.8562,109.6589,109.263,168.3803,167.9411,171.7565,171.9057,104.2811,104.264,111.1318,110.1159
2015-07-07,101.3253,101.094,109.8903,109.4935,168.7891,168.349,172.2308,172.3808,104.5616,104.5445,111.4311,110.4124
2015-07-08,101.4476,101.216,110.0132,109.6159,169.0093,168.5686,172.3407,172.4909,104.6164,104.5992,111.5023,110.483
2015-07-09,101.4296,101.1981,109.9854,109.5882,169.005,168.5644,172.2907,172.4408,104.572,104.5548,111.4637,110.4448
2015-07-10,101.3953,101.1638,109.9597,109.5627,168.9815,168.5409,172.2561,172.4061,104.5371,104.52,111.4386,110.4199
2015-07-13,101.3124,101.0811,109.841,109.4443,168.9147,168.4742,172.1737,172.3235,104.4458,104.4286,111.3825,110.3643
2015-07-14,101.2838,101.0526,109.7837,109.3873,168.8889,168.4485,172.1046,172.2543,104.3896,104.3724,111.3134,110.2959
2015-07-15,101.2709,101.0398,109.7512,109.3548,168.8887,168.4482,172.0783,172.2279,104.3599,104.3427,111.2909,110.2736
2015-07-16,101.2851,101.0539,109.7626,109.3663,168.9325,168.492,172.1718,172.3217,104.4044,104.3873,111.3515,110.3336
2015-07-17,101.272,101.0409,109.7472,109.3509,168.9517,168.5112,172.2482,172.3982,104.4383,104.4212,111.3962,110.3779
2015-07-20,101.3042,101.073,109.7828,109.3864,169.071,168.6304,172.4389,172.5894,104.5163,104.4991,111.4917,110.4725
2015-07-21,101.3227,101.0914,109.7989,109.4024,169.1218,168.6812,172.4505,172.601,104.51,104.4929,111.4727,110.4536
2015-07-22,101.3617,101.1303,109.8397,109.443,169.2101,168.7695,172.5358,172.6866,104.5495,104.5323,111.5062,110.4869
2015-07-23,101.4102,101.1787,109.8887,109.4919,169.3099,168.8693,172.8084,172.96,104.7049,104.6877,111.6772,110.6563
2015-07-24,101.5124,101.2806,109.9744,109.5773,169.5008,169.0603,173.0386,173.191,104.8341,104.8169,111.8238,110.8016
2015-07-27,101.4757,101.244,109.9621,109.5651,169.5218,169.0812,173.0559,173.2083,104.8047,104.7875,111.7838,110.7619
2015-07-28,101.4953,101.2636,109.9944,109.5972,169.5744,169.1339,173.2372,173.3903,104.9036,104.8863,111.8945,110.8716
2015-07-29,101.592,101.3601,110.103,109.7055,169.7527,169.3124,173.3461,173.4995,104.9576,104.9403,111.9597,110.9363
2015-07-30,101.5642,101.3323,110.0831,109.6856,169.737,169.2967,173.4335,173.5873,104.9983,104.9811,112.0101,110.9862
2015-07-31,101.5445,101.3126,110.0737,109.6762,169.73,169.2897,173.3041,173.4573,104.9048,104.8875,111.9138,110.8908
2015-08-03,101.5474,101.3156,110.1126,109.715,169.8055,169.3649,173.2959,173.4492,104.8596,104.8424,111.8804,110.8577
2015-08-04,101.5696,101.3378,110.1348,109.7371,169.8626,169.4219,173.3538,173.5071,104.882,104.8647,111.9148,110.8918
2015-08-05,101.5907,101.3587,110.1539,109.7561,169.9177,169.4769,173.4425,173.596,104.9234,104.9062,111.9575,110.934
2015-08-06,101.6929,101.4608,110.2609,109.8628,170.1057,169.6645,173.5943,173.7479,105.0037,104.9865,112.0477,111.0234
2015-08-07,101.7905,101.5581,110.3762,109.9777,170.2861,169.8444,173.8921,174.0461,105.1743,105.157,112.1818,111.1563
2015-08-10,101.775,101.5427,110.3922,109.9936,170.3228,169.8811,174.0344,174.1886,105.2219,105.2047,112.2458,111.2197
2015-08-11,101.5708,101.3389,110.1822,109.7844,170.0091,169.5681,173.5388,173.6921,104.9025,104.8853,111.9141,110.8911
2015-08-12,101.5026,101.2709,110.1196,109.722,169.9182,169.4773,173.4252,173.5782,104.819,104.8018,111.8167,110.7946
2015-08-13,101.4914,101.2598,110.1013,109.7037,169.9285,169.4876,173.4493,173.6024,104.8205,104.8033,111.8178,110.7956
2015-08-14,101.5262,101.2945,110.1469,109.7491,170.0254,169.5844,173.5148,173.668,104.8475,104.8303,111.8589,110.8364
2015-08-17,101.4962,101.2645,110.1382,109.7405,170.0482,169.6071,173.5583,173.7116,104.8284,104.8112,111.8644,110.8418
2015-08-18,101.4925,101.2608,110.1306,109.733,170.0628,169.6217,173.513,173.6662,104.7871,104.7698,111.7981,110.7761
2015-08-19,101.4737,101.2421,110.1156,109.718,170.0526,169.6115,173.5608,173.7141,104.8032,104.786,111.8256,110.8034
2015-08-20,101.4871,101.2555,110.1194,109.7218,170.1022,169.661,173.5886,173.742,104.807,104.7898,111.8303,110.808
2015-08-21,101.514,101.2822,110.1061,109.7085,170.1667,169.7255,173.7155,173.8693,104.8719,104.8547,111.8876,110.8648
2015-08-24,101.5397,101.3079,110.1455,109.7477,170.2873,169.846,173.8478,174.002,104.9136,104.8963,111.8626,110.8401
2015-08-25,101.5839,101.352,110.1621,109.7643,170.3817,169.9404,173.998,174.1527,104.9929,104.9757,111.954,110.9306
2015-08-26,101.5244,101.2926,110.1021,109.7046,170.3049,169.8635,174.0253,174.1801,104.9965,104.9792,111.9518,110.9285
2015-08-27,101.5562,101.3244,110.1404,109.7427,170.3776,169.9362,174.229,174.3847,105.1048,105.0875,112.0457,111.0215
2015-08-28,101.5779,101.346,110.1719,109.7741,170.4368,169.9954,174.357,174.5133,105.1705,105.1532,112.1224,111.0975
2015-08-31,101.6026,101.3707,110.2317,109.8336,170.5634,170.122,174.6312,174.7886,105.2965,105.2792,112.2927,111.2662
2015-09-01,101.6322,101.4002,110.2761,109.8779,170.6326,170.191,174.7796,174.9371,105.3745,105.3572,112.3829,111.3556
2015-09-02,101.6314,101.3994,110.2816,109.8833,170.6517,170.2102,174.8705,175.0281,105.4171,105.3997,112.4151,111.3875
2015-09-07,101.5272,101.2955,110.1435,109.7458,170.6487,170.2071,174.7909,174.9485,105.3017,105.2845,112.3338,111.3069
2015-09-08,101.5107,101.279,110.1369,109.7392,170.6421,170.2004,174.8014,174.959,105.2949,105.2776,112.3405,111.3136
2015-09-09,101.4833,101.2516,110.1124,109.7148,170.6176,170.176,174.7244,174.8819,105.2343,105.217,112.2716,111.2453
2015-09-10,101.448,101.2164,110.0628,109.6654,170.5968,170.1551,174.6541,174.8115,105.1778,105.1605,112.212,111.1862
2015-09-11,101.4501,101.2185,110.0556,109.6582,170.6316,170.1899,174.6613,174.8187,105.169,105.1517,112.2082,111.1825
2015-09-14,101.4613,101.2297,110.0662,109.6688,170.7306,170.2889,174.784,174.9415,105.2045,105.1872,112.262,111.2358
2015-09-15,101.4873,101.2556,110.1025,109.7049,170.7937,170.352,174.9668,175.1246,105.3035,105.2862,112.3735,111.3463
2015-09-16,101.5336,101.3018,110.1495,109.7517,170.8904,170.4487,175.0785,175.2365,105.3589,105.3416,112.4151,111.3875
2015-09-17,101.5306,101.2988,110.1201,109.7224,170.9188,170.4771,175.1414,175.2994,105.3842,105.3669,112.4258,111.398
2015-09-18,101.5308,101.299,110.1242,109.7265,170.9495,170.5078,175.2093,175.3675,105.4127,105.3954,112.4579,111.4299
2015-09-21,101.5172,101.2855,110.1158,109.7181,170.9975,170.5558,175.2737,175.432,105.4125,105.3951,112.4726,111.4444
2015-09-22,101.5182,101.2865,110.1078,109.7102,171.0196,170.5779,175.2567,175.415,105.3888,105.3715,112.4534,111.4254
2015-09-23,101.5065,101.2747,110.0544,109.657,171.0207,170.579,175.2622,175.4205,105.379,105.3617,112.435,111.4072
2015-09-24,101.515,101.2833,110.0667,109.6693,171.0715,170.6299,175.336,175.4944,105.411,105.3937,112.4798,111.4516
2015-09-25,101.5186,101.2869,110.0468,109.6495,171.127,170.6855,175.3899,175.5485,105.4309,105.4136,112.4924,111.4641
2015-09-28,101.5597,101.3279,110.1061,109.7085,171.2558,170.8144,175.567,175.7261,105.5001,105.4828,112.605,111.5757
2015-09-29,101.6583,101.4262,110.2187,109.8207,171.4383,170.9973,175.803,175.9627,105.6318,105.6144,112.7538,111.723
2015-09-30,101.6986,101.4664,110.2695,109.8713,171.5249,171.0841,175.9138,176.0739,105.6866,105.6693,112.825,111.7936
2015-10-08,101.7056,101.4734,110.3792,109.9806,171.7052,171.2639,176.1375,176.2978,105.7182,105.7008,112.9684,111.9358
2015-10-09,101.7874,101.5551,110.4743,110.0754,171.8609,171.4192,176.4856,176.6463,105.9183,105.9009,113.1918,112.157
2015-10-12,101.8345,101.602,110.538,110.1388,172.0244,171.5823,176.7068,176.8676,106.0143,105.9969,113.3321,112.2961
2015-10-13,101.9394,101.7067,110.5862,110.1869,172.2184,171.7759,177.068,177.2292,106.2224,106.2049,113.5388,112.5009
2015-10-14,102.0951,101.862,110.7607,110.3607,172.4963,172.0533,177.5927,177.7545,106.5306,106.5131,113.8643,112.8235
2015-10-15,102.076,101.843,110.7362,110.3364,172.4974,172.0543,177.4747,177.6363,106.4451,106.4276,113.7788,112.7387
2015-10-16,102.0105,101.7776,110.6474,110.2479,172.4389,171.9959,177.2705,177.4318,106.3068,106.2894,113.6349,112.5961
2015-10-19,101.978,101.7452,110.5724,110.1731,172.4905,172.0475,177.309,177.4704,106.2909,106.2734,113.6389,112.6001
2015-10-20,102.0411,101.8082,110.6491,110.2495,172.6152,172.1722,177.5657,177.7274,106.4349,106.4174,113.7951,112.7549
2015-10-21,102.0773,101.8443,110.6908,110.2911,172.6955,172.2525,177.739,177.901,106.5278,106.5103,113.8961,112.8549
2015-10-22,102.0974,101.8643,110.6948,110.2951,172.7525,172.3095,177.7535,177.9155,106.5235,106.506,113.9023,112.8611
2015-10-23,102.1443,101.9112,110.7246,110.3248,172.896,172.453,177.8747,178.0369,106.5845,106.567,113.8915,112.8503
2015-10-26,102.265,102.0316,110.8319,110.4317,173.1844,172.7416,178.3369,178.5001,106.8279,106.8103,114.13,113.0867
2015-10-27,102.407,102.1733,110.9841,110.5834,173.4398,172.9973,178.759,178.9233,107.073,107.0554,114.4006,113.3548
2015-10-28,102.5476,102.3135,111.1236,110.7223,173.6928,173.2505,178.9566,179.1214,107.1808,107.1632,114.4853,113.4388
2015-10-29,102.5175,102.2835,111.0952,110.694,173.6675,173.2253,178.7856,178.95,107.063,107.0454,114.3568,113.3114
2015-10-30,102.4605,102.2266,111.0133,110.6125,173.6057,173.1633,178.7396,178.9038,107.0154,106.9979,114.317,113.272
2015-11-02,102.4549,102.221,111.0262,110.6253,173.6686,173.226,178.761,178.9252,106.9891,106.9715,114.3306,113.2855
2015-11-03,102.4213,102.1874,111.0016,110.6008,173.6332,173.1908,178.6858,178.85,106.9301,106.9126,114.2752,113.2306
2015-11-04,102.3286,102.095,110.8978,110.4974,173.4997,173.0575,178.4435,178.6074,106.7691,106.7516,114.099,113.056
2015-11-05,102.3279,102.0943,110.9013,110.5008,173.5189,173.0767,178.3124,178.4762,106.676,106.6584,114.0085,112.9663
2015-11-06,102.3071,102.0736,110.8771,110.4767,173.5114,173.0693,178.3618,178.5256,106.693,106.6755,114.0315,112.9891
2015-11-09,101.9538,101.721,110.5055,110.1065,173.0149,172.5736,177.5817,177.7446,106.1776,106.1601,113.4744,112.4371
2015-11-10,101.8032,101.5708,110.3583,109.9598,172.785,172.344,177.4656,177.6284,106.0936,106.0762,113.3975,112.3609
2015-11-11,101.8127,101.5803,110.3752,109.9766,172.8212,172.3802,177.71,177.8731,106.2296,106.2122,113.5462,112.5083
2015-11-12,101.8316,101.5991,110.3922,109.9936,172.8729,172.4319,177.7744,177.9377,106.2559,106.2385,113.5863,112.548
2015-11-13,101.884,101.6514,110.449,110.0502,172.9917,172.5505,177.8777,178.0412,106.3058,106.2884,113.648,112.6091
2015-11-16,101.8528,101.6203,110.4332,110.0344,173.0243,172.583,177.9416,178.1052,106.3057,106.2882,113.6754,112.6363
2015-11-17,101.8565,101.624,110.4431,110.0443,173.0507,172.6094,178.0065,178.1702,106.3322,106.3147,113.6816,112.6424
2015-11-18,101.824,101.5916,110.3931,109.9945,173.0169,172.5756,177.9109,178.0744,106.2608,106.2434,113.6184,112.5798
2015-11-19,101.7803,101.5479,110.3489,109.9504,172.9747,172.5334,177.8661,178.0295,106.2205,106.203,113.5825,112.5443
2015-11-20,101.7886,101.5563,110.339,109.9406,173.017,172.5757,177.969,178.1326,106.2702,106.2527,113.6117,112.5731
2015-11-23,101.7755,101.5431,110.3279,109.9295,173.0677,172.6264,177.9966,178.1603,106.2479,106.2305,113.5399,112.502
2015-11-24,101.8203,101.5878,110.3785,109.9799,173.1625,172.7211,178.2263,178.3908,106.3751,106.3576,113.6515,112.6126
2015-11-25,101.8652,101.6326,110.4138,110.0151,173.2575,172.8162,178.3544,178.5193,106.4402,106.4227,113.7305,112.6909
2015-11-26,101.9257,101.6931,110.475,110.0761,173.4051,172.9638,178.6035,178.7694,106.5792,106.5616,113.8858,112.8447
2015-11-27,101.978,101.7452,110.5393,110.1401,173.528,173.0867,178.7164,178.8827,106.635,106.6175,113.9548,112.9131
2015-11-30,102.0073,101.7744,110.5959,110.1965,173.6556,173.2144,178.963,179.1303,106.7464,106.7289,114.0804,113.0376
2015-12-01,102.0546,101.8217,110.657,110.2574,173.7551,173.3136,179.046,179.2134,106.7839,106.7663,114.1303,113.087
2015-12-02,102.0892,101.8561,110.7006,110.3009,173.833,173.3914,179.124,179.2914,106.8182,106.8007,114.179,113.1353
2015-12-03,102.1831,101.9499,110.8035,110.4034,174.0411,173.5989,179.2963,179.4639,106.91,106.8925,114.2857,113.241
2015-12-04,102.3055,102.072,110.9432,110.5426,174.2767,173.834,179.6104,179.7783,107.088,107.0704,114.4822,113.4356
2015-12-07,102.3508,102.1172,111.0239,110.623,174.4302,173.9871,179.8041,179.9723,107.1668,107.1492,114.5899,113.5424
2015-12-08,102.4696,102.2357,111.1611,110.7597,174.6488,174.2053,180.0729,180.2414,107.3172,107.2996,114.7437,113.6948
2015-12-09,102.5167,102.2827,111.2214,110.8198,174.7477,174.304,180.233,180.4018,107.4016,107.384,114.8396,113.7898
2015-12-10,102.5345,102.3004,111.2447,110.843,174.822,174.3781,180.3443,180.5132,107.4563,107.4386,114.9073,113.8569
2015-12-11,102.561,102.3269,111.2689,110.8671,174.8865,174.4425,180.4807,180.6497,107.5262,107.5086,114.9912,113.9401
2015-12-14,102.5167,102.2827,111.2472,110.8455,174.9032,174.4592,180.3856,180.518,107.4229,107.3845,114.9023,113.8325
2015-12-15,102.4936,102.2596,111.2276,110.826,174.8888,174.4448,180.4447,180.592,107.4458,107.4165,114.938,113.8775
2015-12-16,102.5237,102.2897,111.2596,110.8579,174.9593,174.5152,180.6218,180.7827,107.5406,107.5191,115.0111,113.9632
2015-12-17,102.6235,102.3893,111.3708,110.9686,175.1604,174.716,180.7304,180.8803,107.5936,107.5653,115.0755,114.0205
2015-12-18,102.7004,102.466,111.4569,111.0544,175.3131,174.8686,181.0637,181.2289,107.7833,107.7635,115.283,114.2361
2015-12-21,102.9221,102.6871,111.7061,111.3027,175.7574,175.3123,181.6749,181.8871,108.116,108.1233,115.6176,114.6032
2015-12-22,103.0828,102.8475,111.8698,111.4659,176.0462,175.6009,182.0015,182.1921,108.3017,108.295,115.8208,114.7911
2015-12-23,103.0564,102.8211,111.8489,111.445,176.0222,175.5769,182.1372,182.3282,108.3712,108.3646,115.8989,114.8696
2015-12-24,103.1401,102.9046,111.9375,111.5333,176.1982,175.7528,182.4051,182.6145,108.5211,108.525,116.0684,115.049
2015-12-25,103.1876,102.952,111.9955,111.591,176.3098,175.8643,182.5512,182.7374,108.597,108.5865,116.1575,115.1229
2015-12-28,103.2193,102.9837,112.05,111.6454,176.4531,176.0076,182.6484,182.8351,108.6173,108.6071,116.2002,115.1678
2015-12-29,103.2907,103.0549,112.1348,111.7298,176.5927,176.1472,182.6625,182.8424,108.6129,108.5987,116.2092,115.1723
2015-12-30,103.2822,103.0464,112.1333,111.7284,176.6046,176.159,182.5757,182.7272,108.5472,108.5162,116.0949,115.0485
2015-12-31,103.2628,103.027,112.118,111.7132,176.614,176.1684,182.5801,182.738,108.5369,108.5099,116.0917,115.0501
2016-01-04,103.1106,102.8752,112.0059,111.6014,176.4397,175.9946,182.3506,182.4978,108.3459,108.3134,115.9457,114.8988
2016-01-05,102.9907,102.7556,111.8911,111.487,176.2588,175.8142,182.1805,182.31,108.2298,108.187,115.8362,114.7794
2016-01-06,103.0119,102.7768,111.9121,111.508,176.3147,175.8699,182.2528,182.4005,108.2607,108.2289,115.8821,114.8364
2016-01-07,103.0602,102.8249,111.955,111.5507,176.4158,175.9708,182.4128,182.5712,108.3448,108.3193,115.9828,114.9429
2016-01-08,103.154,102.9185,112.0641,111.6594,176.5961,176.1506,182.6611,182.8174,108.4824,108.4553,116.1406,115.0979
2016-01-11,103.2077,102.9721,112.1238,111.7189,176.7785,176.3326,182.8557,183.014,108.5617,108.5357,116.222,115.1848
2016-01-12,103.3518,103.1159,112.2888,111.8834,177.0464,176.6,183.2083,183.3522,108.7626,108.7273,116.4461,115.3977
2016-01-13,103.4998,103.2635,112.4579,112.0518,177.3147,176.8678,183.5995,183.7715,108.9869,108.9679,116.6923,115.6593
2016-01-14,103.5352,103.2989,112.4413,112.0353,177.4023,176.9552,183.6276,183.7577,108.9911,108.9467,116.6282,115.5793
2016-01-15,103.4898,103.2535,112.4014,111.9955,177.3609,176.9139,183.7059,183.8311,109.0256,108.9783,116.6736,115.6218
2016-01-18,103.4607,103.2245,112.3585,111.9528,177.3812,176.9342,183.6008,183.7002,108.9233,108.8609,116.5828,115.5186
2016-01-19,103.3968,103.1608,112.3012,111.8957,177.2943,176.8473,183.3581,183.4485,108.7633,108.6962,116.4257,115.3578
2016-01-20,103.2844,103.0486,112.1937,111.7886,177.1259,176.679,183.2328,183.3201,108.6745,108.6059,116.3102,115.2458
2016-01-21,103.2556,103.0199,112.171,111.766,177.1101,176.6632,183.2644,183.3838,108.6807,108.6316,116.323,115.2796
2016-01-22,103.3191,103.0833,112.2478,111.8425,177.238,176.791,183.42,183.5421,108.7621,108.7144,116.374,115.3377
2016-01-25,103.1287,102.8932,112.0121,111.6076,177.0114,176.5645,183.1706,183.2402,108.5724,108.494,116.2116,115.1445
2016-01-26,103.0359,102.8007,111.9036,111.4995,176.8831,176.4362,183.0594,183.1447,108.4922,108.4236,116.1044,115.0528
2016-01-27,102.8962,102.6613,111.7602,111.3566,176.6693,176.2221,182.7611,182.8306,108.2986,108.2214,115.9108,114.852
2016-01-28,102.8321,102.5974,111.683,111.2797,176.6205,176.1733,182.7311,182.8366,108.2675,108.2122,115.8869,114.8515
2016-01-29,102.9087,102.6738,111.77,111.3664,176.7788,176.3317,182.9346,183.054,108.3779,108.3306,116.0107,114.9834
2016-02-01,102.934,102.699,111.8185,111.4147,176.8989,176.4516,183.1402,183.2598,108.4638,108.4166,116.1309,115.1038
2016-02-02,102.9027,102.6677,111.7974,111.3937,176.8663,176.419,182.9316,183.0113,108.3247,108.254,115.9986,114.9477
2016-02-03,102.8177,102.583,111.7151,111.3117,176.7435,176.2965,182.7538,182.8449,108.2044,108.1408,115.8848,114.8423
2016-02-04,102.8432,102.6085,111.7419,111.3384,176.8177,176.3706,182.8483,182.9623,108.2487,108.1989,115.9447,114.916
2016-02-05,102.8706,102.6358,111.7147,111.3113,176.884,176.4367,182.8603,182.9613,108.2431,108.1856,115.9215,114.8886
2016-02-15,102.9242,102.6893,111.8897,111.4857,177.1797,176.732,183.4004,183.4992,108.4413,108.3826,116.2358,115.202
2016-02-16,102.8834,102.6486,111.8476,111.4437,177.1344,176.6867,183.2704,183.3669,108.3499,108.2901,116.1529,115.1185
2016-02-17,102.8664,102.6315,111.8397,111.4358,177.1258,176.6781,183.241,183.343,108.3192,108.263,116.1307,115.1004
2016-02-18,102.8916,102.6567,111.8781,111.4741,177.1884,176.7406,183.2247,183.3373,108.2965,108.2468,116.0955,115.0753
2016-02-19,102.9357,102.7008,111.9279,111.5238,177.2829,176.835,183.3699,183.4761,108.3715,108.3177,116.1816,115.1572
2016-02-22,102.9248,102.6899,111.9179,111.5138,177.3454,176.8974,183.4119,183.5084,108.3586,108.2991,116.1484,115.1256
2016-02-23,102.96,102.725,111.9664,111.5621,177.4325,176.9844,183.4699,183.5677,108.3808,108.3221,116.1247,115.1103
2016-02-24,102.9858,102.7507,112.0019,111.5974,177.496,177.0479,183.4735,183.5725,108.3702,108.3123,116.123,115.1098
2016-02-25,102.9518,102.7168,111.9658,111.5615,177.4693,177.0211,183.3754,183.4749,108.2981,108.2409,116.0526,115.0415
2016-02-26,102.9318,102.6968,111.9178,111.5137,177.4817,177.0336,183.3514,183.4556,108.2709,108.2166,116.0152,115.0102
2016-02-29,102.9139,102.679,111.9197,111.5155,177.5218,177.0736,183.4432,183.5582,108.2882,108.2405,116.0292,115.0363
2016-03-01,102.9669,102.7318,111.9823,111.5779,177.6375,177.1891,183.4994,183.6193,108.3066,108.2622,116.0593,115.0697
2016-03-02,102.9679,102.7328,111.996,111.5916,177.6594,177.2109,183.4706,183.5815,108.2764,108.2268,116.041,115.046
2016-03-03,102.9383,102.7033,111.9724,111.5681,177.6294,177.181,183.4047,183.4983,108.224,108.1641,115.9875,114.9835
2016-03-04,102.9676,102.7326,112.0139,111.6095,177.703,177.2544,183.4262,183.5341,108.2243,108.1731,115.9896,114.9961
2016-03-07,102.9015,102.6666,111.9514,111.5472,177.7006,177.252,183.3569,183.4413,108.1388,108.0746,115.9224,114.9176
2016-03-08,102.9095,102.6746,111.9274,111.5232,177.752,177.3034,183.3957,183.4588,108.1496,108.0726,115.947,114.9286
2016-03-09,102.9762,102.7411,112.0071,111.6026,177.8849,177.436,183.6181,183.7088,108.271,108.2103,116.084,115.0821
2016-03-10,103.0383,102.8031,112.0829,111.6782,178.0101,177.561,183.8328,183.9206,108.3878,108.3251,116.2143,115.2101
2016-03-11,103.0756,102.8402,112.1113,111.7064,178.0962,177.6469,184.0022,184.0906,108.4772,108.4147,116.3174,115.313
2016-03-14,103.0654,102.8301,112.0878,111.6831,178.1844,177.735,184.1294,184.2222,108.516,108.4561,116.3895,115.3882
2016-03-15,103.1003,102.865,112.1332,111.7283,178.2751,177.8256,184.1864,184.2785,108.5377,108.4774,116.4066,115.407
2016-03-16,103.156,102.9206,112.1947,111.7896,178.394,177.9444,184.3897,184.5047,108.6476,108.6008,116.5315,115.5456
2016-03-17,103.222,102.9864,112.2693,111.8639,178.5256,178.0759,184.5127,184.5984,108.7092,108.6446,116.5919,115.5891
2016-03-18,103.2447,103.009,112.2957,111.8902,178.5976,178.1479,184.5543,184.6266,108.7216,108.649,116.5925,115.5844
2016-03-21,103.2043,102.9687,112.249,111.8437,178.618,178.1683,184.5675,184.651,108.6918,108.6262,116.5752,115.5774
2016-03-22,103.1994,102.9638,112.2516,111.8463,178.6441,178.1944,184.5766,184.6465,108.682,108.6085,116.5594,115.5558
2016-03-23,103.2393,103.0036,112.3,111.8945,178.7345,178.2848,184.7422,184.8253,108.7668,108.7013,116.6442,115.6503
2016-03-24,103.2668,103.031,112.3199,111.9143,178.8039,178.3542,184.7962,184.8834,108.7868,108.7238,116.6656,115.6757
2016-03-25,103.2744,103.0387,112.3029,111.8974,178.8368,178.3871,184.9243,185.0267,108.8514,108.7973,116.7358,115.7559
2016-03-28,103.2266,102.9909,112.2515,111.8461,178.8263,178.3765,184.8508,184.9381,108.7697,108.7068,116.6761,115.6889
2016-03-29,103.1805,102.9449,112.197,111.7919,178.7803,178.3305,184.8392,184.9339,108.7501,108.6919,116.6466,115.6671
2016-03-30,103.1899,102.9543,112.2137,111.8085,178.8184,178.3687,184.9362,185.0502,108.7961,108.7492,116.7046,115.7368
2016-03-31,103.2048,102.9692,112.2384,111.8331,178.8733,178.4236,185.0734,185.1891,108.8644,108.8185,116.7871,115.82
2016-04-01,103.206,102.9704,112.2396,111.8343,178.8953,178.4456,185.1251,185.2439,108.883,108.8389,116.8132,115.8485
2016-04-05,103.2016,102.966,112.2205,111.8153,178.9732,178.5232,185.1665,185.2914,108.8581,108.8178,116.8371,115.8763
2016-04-06,103.1478,102.9123,112.172,111.767,178.9074,178.4575,185.1354,185.2592,108.8269,108.7861,116.8174,115.8562
2016-04-07,103.1513,102.9158,112.1871,111.782,178.9332,178.4833,185.1187,185.2257,108.8044,108.7536,116.7736,115.8062
2016-04-08,103.103,102.8676,112.084,111.6793,178.8744,178.4246,185.0759,185.1919,108.7663,108.721,116.6782,115.7255
2016-04-11,103.0082,102.773,111.9914,111.587,178.7838,178.3341,185.0225,185.1401,108.697,108.6529,116.6303,115.6807
2016-04-12,102.9096,102.6747,111.8981,111.494,178.6413,178.1918,184.8835,185.0122,108.6011,108.5639,116.5234,115.5841
2016-04-13,102.7182,102.4837,111.6733,111.2701,178.3359,177.8867,184.5395,184.6939,108.38,108.3591,116.2436,115.3304
2016-04-14,102.5463,102.3122,111.501,111.0984,178.0637,177.6147,184.2362,184.3893,108.1856,108.1644,116.0346,115.1248
2016-04-15,102.5037,102.2697,111.4627,111.0602,178.0145,177.5655,184.2764,184.4481,108.1974,108.1873,116.0527,115.1552
2016-04-18,102.5307,102.2967,111.4679,111.0654,178.1426,177.6934,184.397,184.5646,108.2328,108.2202,116.0301,115.1419
2016-04-19,102.4472,102.2134,111.3889,110.9867,178.0325,177.5834,184.2791,184.4399,108.1497,108.1334,115.9475,115.0569
2016-04-20,102.2876,102.0541,111.2206,110.819,177.791,177.3418,183.7738,183.8813,107.8343,107.7873,115.6177,114.6986
2016-04-21,102.1288,101.8957,111.0632,110.6622,177.5409,177.0916,183.4199,183.5426,107.6098,107.5726,115.3709,114.4666
2016-04-22,101.9714,101.7386,110.8992,110.4987,177.2985,176.8491,183.1122,183.2098,107.413,107.3615,115.159,114.2434
2016-04-25,101.5999,101.368,110.4726,110.0736,176.7651,176.3154,182.4095,182.519,106.9507,106.9084,114.6334,113.7404
2016-04-26,101.5711,101.3393,110.4479,110.0491,176.7563,176.3065,182.5778,182.731,107.0394,107.0229,114.7235,113.8586
2016-04-27,101.6483,101.4162,110.531,110.1318,176.9369,176.4874,182.879,183.0307,107.2078,107.1897,114.9071,114.04
2016-04-28,101.6956,101.4634,110.5794,110.1801,177.0451,176.5957,183.0283,183.1933,107.2824,107.2722,114.9791,114.122
2016-04-29,101.6909,101.4587,110.5762,110.1769,177.0569,176.6076,183.0594,183.2183,107.2889,107.275,114.9801,114.1213
2016-05-03,101.7416,101.5093,110.6745,110.2748,177.2231,176.7733,183.3119,183.4609,107.3915,107.3714,115.1318,114.2663
2016-05-04,101.764,101.5317,110.7088,110.3091,177.2813,176.8314,183.3927,183.5511,107.4276,107.4132,115.1134,114.2622
2016-05-05,101.7966,101.5642,110.7498,110.3498,177.3568,176.9068,183.4631,183.6087,107.4576,107.4354,115.1511,114.2924
2016-05-06,101.8026,101.5702,110.7622,110.3623,177.3942,176.944,183.4863,183.631,107.4593,107.4366,115.1647,114.3054
2016-05-09,101.9372,101.7045,110.9365,110.5359,177.6836,177.2328,183.8256,183.9673,107.6258,107.6009,115.3777,114.5146
2016-05-10,102.0125,101.7796,111.0292,110.6283,177.8322,177.381,184.085,184.2218,107.7687,107.7406,115.5406,114.6731
2016-05-11,102.0505,101.8175,111.0787,110.6776,177.917,177.4656,184.1274,184.2574,107.7819,107.7498,115.5672,114.6952
2016-05-12,102.1127,101.8796,111.1535,110.7521,178.0432,177.5916,184.3209,184.4317,107.8855,107.8416,115.6823,114.7981
2016-05-13,102.1468,101.9136,111.1946,110.7931,178.1212,177.6694,184.3511,184.4546,107.8914,107.8432,115.6767,114.7908
2016-05-16,102.1108,101.8777,111.1514,110.7501,178.1458,177.6939,184.3131,184.4021,107.8325,107.7757,115.6162,114.7262
2016-05-17,102.1033,101.8702,111.1517,110.7503,178.161,177.7091,184.26,184.331,107.7887,107.7213,115.5635,114.6651
2016-05-18,102.0432,101.8103,111.099,110.6979,178.0781,177.6263,184.042,184.0903,107.6464,107.5659,115.4251,114.5141
2016-05-19,101.995,101.7622,111.0373,110.6363,178.0155,177.5638,184.0167,184.0582,107.6192,107.5346,115.3396,114.4333
2016-05-20,101.9792,101.7463,111.015,110.6141,178.0082,177.5565,184.0623,184.1142,107.6345,107.556,115.3628,114.4633
2016-05-23,101.9789,101.7461,111.008,110.6072,178.0856,177.6338,184.1224,184.1668,107.6344,107.5514,115.3818,114.4797
2016-05-24,101.9989,101.766,111.0388,110.6378,178.1396,177.6878,184.1785,184.2305,107.6559,107.5773,115.3795,114.4865
2016-05-25,101.9994,101.7666,111.0435,110.6425,178.166,177.7141,184.2303,184.2827,107.6749,107.5964,115.412,114.5189
2016-05-26,101.9811,101.7483,111.0349,110.6339,178.1545,177.7026,184.1888,184.244,107.6382,107.5615,115.3831,114.4923
2016-05-27,101.9635,101.7307,111.017,110.6161,178.1441,177.6923,184.1863,184.2384,107.6248,107.5462,115.3739,114.4822
2016-05-30,101.9349,101.7022,110.9555,110.5549,178.1691,177.7173,184.2328,184.2793,107.6169,107.5349,115.3716,114.48
2016-05-31,101.9167,101.684,110.9479,110.5473,178.1605,177.7087,184.2263,184.278,107.6011,107.5222,115.3663,114.4781
2016-06-01,101.8985,101.6659,110.9359,110.5353,178.1493,177.6974,184.1997,184.255,107.5734,107.4966,115.3349,114.4509
2016-06-02,101.8782,101.6456,110.9192,110.5186,178.1341,177.6823,184.1671,184.2155,107.5421,107.4613,115.3125,114.4247
2016-06-03,101.8637,101.6311,110.9055,110.5051,178.1384,177.6866,184.1146,184.1635,107.499,107.4185,115.2674,114.3816
2016-06-06,101.8765,101.644,110.9435,110.5429,178.2333,177.7813,184.2234,184.2835,107.5283,107.4543,115.3234,114.4455
2016-06-07,101.8693,101.6368,110.9042,110.5037,178.2408,177.7887,184.2445,184.3037,107.529,107.4544,115.2885,114.4158
2016-06-08,101.8627,101.6302,110.8887,110.4883,178.2493,177.7973,184.203,184.2464,107.4908,107.4071,115.2462,114.3659
2016-06-13,101.838,101.6055,110.854,110.4537,178.3216,177.8694,184.2904,184.3404,107.4838,107.4036,115.2241,114.0888
2016-06-14,101.8811,101.6485,110.9106,110.5101,178.4245,177.9722,184.5139,184.5743,107.6049,107.5303,115.3473,114.2189
2016-06-15,101.9155,101.6828,110.9517,110.5511,178.5033,178.0509,184.6519,184.703,107.6752,107.5947,115.4226,114.2889
2016-06-16,101.9459,101.7132,110.9701,110.5694,178.5753,178.1228,184.8156,184.8813,107.7608,107.6886,115.4824,114.3618
2016-06-17,101.9941,101.7613,111.0227,110.6218,178.6812,178.2286,184.9122,184.9672,107.8065,107.7276,115.523,114.3976
2016-06-20,101.9901,101.7573,111.0156,110.6148,178.7647,178.3121,184.9942,185.0396,107.82,107.7351,115.5272,114.401
2016-06-21,101.9622,101.7295,110.9967,110.5959,178.7417,178.2891,184.9904,185.0492,107.8034,107.7268,115.5016,114.3866
2016-06-22,102.002,101.7691,111.0514,110.6504,178.8296,178.377,185.1828,185.2505,107.9061,107.8341,115.622,114.511
2016-06-23,102.0086,101.7758,111.0586,110.6576,178.8608,178.4081,185.2576,185.3184,107.9388,107.8625,115.6373,114.5253
2016-06-24,102.0874,101.8543,111.1403,110.7389,179.0156,178.5629,185.5385,185.6149,108.094,108.0261,115.8061,114.7025
2016-06-27,102.1893,101.956,111.2514,110.8497,179.2536,178.8009,186.0109,186.0873,108.3397,108.2701,116.0744,114.9704
2016-06-28,102.2292,101.9958,111.2952,110.8933,179.3481,178.8955,185.9752,186.0295,108.3067,108.2243,116.0435,114.9272
2016-06-29,102.2033,101.97,111.2729,110.8711,179.3283,178.8757,185.9087,185.9654,108.2556,108.1747,115.9836,114.8715
2016-06-30,102.2624,102.029,111.3337,110.9317,179.4495,178.9969,186.0548,186.1183,108.3307,108.2533,116.0684,114.9602
2016-07-01,102.3501,102.1165,111.4397,111.0373,179.6203,179.1673,186.2797,186.3655,108.4523,108.3877,116.2087,115.1129
2016-07-04,102.3889,102.1552,111.4786,111.076,179.7516,179.2983,186.3649,186.4229,108.4677,108.3865,116.2605,115.1471
2016-07-05,102.3783,102.1446,111.4786,111.0761,179.7583,179.3049,186.2817,186.3281,108.4068,108.3188,116.1941,115.0758
2016-07-06,102.4133,102.1795,111.5208,111.1181,179.8383,179.3848,186.4266,186.4835,108.481,108.3989,116.27,115.1591
2016-07-07,102.5081,102.2741,111.6299,111.2268,180.0213,179.5674,186.6195,186.6727,108.5835,108.4989,116.3848,115.2711
2016-07-08,102.5308,102.2968,111.6401,111.237,180.0801,179.6261,186.7321,186.7789,108.6386,108.5499,116.4281,115.3131
2016-07-11,102.5159,102.2818,111.6142,111.2111,180.1178,179.6637,186.8223,186.8542,108.6557,108.5581,116.3624,115.2524
2016-07-12,102.4692,102.2353,111.5747,111.1718,180.0667,179.6127,186.7582,186.7842,108.606,108.5051,116.3224,115.2092
2016-07-13,102.4388,102.205,111.5366,111.1338,180.0341,179.5801,186.6585,186.6775,108.5354,108.4305,116.2551,115.1389
2016-07-14,102.4348,102.2009,111.5238,111.1211,180.0468,179.5928,186.7178,186.7498,108.5589,108.4615,116.2709,115.1648
2016-07-15,102.4512,102.2173,111.5372,111.1345,180.0949,179.6408,186.7637,186.7917,108.5744,108.4745,116.2946,115.1864
2016-07-18,102.4671,102.2332,111.5606,111.1578,180.1886,179.7344,186.8843,186.9049,108.6109,108.5063,116.3442,115.2337
2016-07-19,102.4921,102.2582,111.5975,111.1946,180.259,179.8047,186.9777,186.9966,108.6546,108.5487,116.4024,115.2902
2016-07-20,102.5686,102.3344,111.661,111.2577,180.4103,179.9559,187.2079,187.2404,108.7793,108.6807,116.5347,115.4304
2016-07-21,102.6547,102.4203,111.7528,111.3493,180.5783,180.1238,187.4086,187.444,108.8865,108.7891,116.6384,115.5371
2016-07-22,102.6636,102.4292,111.7613,111.3577,180.6133,180.1588,187.4453,187.4787,108.8967,108.7979,116.6404,115.5401
2016-07-25,102.6295,102.3952,111.7415,111.338,180.6227,180.1681,187.4043,187.4253,108.8376,108.7316,116.5861,115.4819
2016-07-26,102.6335,102.3992,111.7569,111.3534,180.6555,180.2009,187.4541,187.4857,108.8555,108.7556,116.6034,115.507
2016-07-27,102.6514,102.4171,111.769,111.3654,180.7061,180.2514,187.5003,187.5255,108.8713,108.7674,116.627,115.527
2016-07-28,102.6771,102.4427,111.8023,111.3985,180.7699,180.3153,187.5838,187.6103,108.9092,108.8057,116.6687,115.57
2016-07-29,102.7111,102.4766,111.8437,111.4398,180.85,180.3954,187.7215,187.7443,108.9791,108.873,116.7534,115.6516
2016-08-01,102.7384,102.5039,111.8871,111.483,180.9562,180.5013,187.8295,187.8408,109.0082,108.895,116.793,115.6867
2016-08-02,102.7641,102.5295,111.9256,111.5215,181.0242,180.5691,187.9377,187.9368,109.0605,108.94,116.8603,115.7458
2016-08-03,102.7891,102.5544,111.9641,111.5598,181.0893,180.6341,188.0046,188.0081,109.0885,108.9704,116.8996,115.7878
2016-08-04,102.8046,102.5699,111.9828,111.5785,181.1356,180.6803,188.092,188.0961,109.1286,109.0106,116.9525,115.8406
2016-08-05,102.8601,102.6253,112.0401,111.6355,181.2513,180.7957,188.2823,188.2985,109.2294,109.1182,117.063,115.9583
2016-08-08,102.9026,102.6677,112.0786,111.6738,181.4054,180.9495,188.4154,188.4353,109.2734,109.1641,117.1314,116.0299
2016-08-09,102.9636,102.7285,112.1547,111.7497,181.5366,181.0805,188.6635,188.6836,109.4083,109.2987,117.2662,116.1656
2016-08-10,103.0293,102.7941,112.2315,111.8263,181.6698,181.2134,188.9333,188.952,109.556,109.4451,117.4287,116.3263
2016-08-11,103.0297,102.7945,112.2359,111.8306,181.69,181.2337,188.9961,189.0113,109.5816,109.4685,117.4623,116.3579
2016-08-12,103.0652,102.8299,112.2809,111.8754,181.771,181.3145,189.1492,189.1645,109.6604,109.5471,117.5357,116.433
2016-08-15,103.1131,102.8777,112.3508,111.9451,181.9157,181.459,189.4495,189.473,109.7992,109.6904,117.6991,116.6023
2016-08-16,103.1071,102.8717,112.3511,111.9454,181.9249,181.4682,189.4378,189.4321,109.7808,109.6549,117.6919,116.5771
2016-08-17,103.0719,102.8366,112.3187,111.9131,181.8921,181.4355,189.3248,189.3043,109.7027,109.5682,117.6214,116.4983
2016-08-18,103.0514,102.8161,112.2968,111.8913,181.8762,181.4195,189.2541,189.2341,109.6496,109.5154,117.5493,116.4302
2016-08-19,103.0254,102.7902,112.2682,111.8628,181.8508,181.3942,189.1413,189.1075,109.5716,109.4295,117.4737,116.3475
2016-08-22,102.9984,102.7633,112.2405,111.8352,181.8754,181.4187,189.2349,189.2219,109.5926,109.4623,117.4784,116.3707
2016-08-23,102.9511,102.7161,112.194,111.7889,181.8166,181.36,189.0154,188.9664,109.4517,109.3007,117.2911,116.1685
2016-08-24,102.8642,102.6294,112.106,111.7012,181.6909,181.2343,188.9211,188.8695,109.3848,109.2324,117.2165,116.0948
2016-08-25,102.8528,102.618,112.0944,111.6896,181.6906,181.2341,188.9906,188.9474,109.4144,109.2667,117.2517,116.1355
2016-08-26,102.8639,102.629,112.1048,111.7,181.734,181.2774,189.0388,189.0026,109.4314,109.2877,117.2767,116.1651
2016-08-29,102.8447,102.6099,112.0688,111.6642,181.7721,181.3155,189.0374,188.9808,109.3966,109.2407,117.2612,116.1388
2016-08-30,102.7726,102.538,112.0031,111.5987,181.6706,181.214,188.8345,188.7643,109.2657,109.1021,117.1338,116.0046
2016-08-31,102.767,102.5324,112.0042,111.5998,181.6872,181.2306,188.875,188.8123,109.2782,109.1189,117.1505,116.0266
2016-09-01,102.7611,102.5265,112.0016,111.5972,181.7012,181.2445,188.9139,188.8532,109.2897,109.1316,117.1673,116.0453
2016-09-02,102.7637,102.5291,112.0021,111.5977,181.7251,181.2684,188.9734,188.9184,109.3134,109.1584,117.2019,116.0832
2016-09-05,102.7363,102.5017,112.001,111.5966,181.7525,181.2957,189.0032,188.934,109.297,109.1334,117.2159,116.0888
2016-09-06,102.7235,102.489,111.9609,111.5566,181.7606,181.3038,189.0172,188.9629,109.2939,109.139,117.2239,116.106
2016-09-07,102.7072,102.4727,111.9536,111.5493,181.7546,181.2978,189.0173,188.9597,109.2827,109.1257,117.2195,116.1001
2016-09-08,102.707,102.4725,111.9383,111.5341,181.7738,181.317,189.1366,189.0811,109.3415,109.1856,117.2935,116.1747
2016-09-09,102.7357,102.5012,111.9664,111.5621,181.8572,181.4002,189.2022,189.1529,109.3688,109.2164,117.3169,116.2035
2016-09-12,102.6944,102.46,111.9114,111.5073,181.8649,181.4079,189.1572,189.0962,109.3085,109.149,117.2554,116.1387
2016-09-13,102.6985,102.4641,111.9241,111.52,181.9092,181.4521,189.2589,189.2058,109.357,109.202,117.3185,116.206
2016-09-14,102.7221,102.4876,111.952,111.5478,181.9695,181.5124,189.3658,189.3155,109.4085,109.255,117.3823,116.2712
2016-09-19,102.6971,102.4627,111.8925,111.4884,182.0553,181.5981,189.507,189.4497,109.4352,109.2769,117.3812,116.2748
2016-09-20,102.7056,102.4712,111.9131,111.509,182.092,181.6348,189.5291,189.4807,109.4369,109.2838,117.3772,116.2781
2016-09-21,102.6716,102.4372,111.8791,111.4751,182.0564,181.5992,189.5859,189.5255,109.4591,109.2987,117.4016,116.296
2016-09-22,102.702,102.4675,111.9078,111.5037,182.133,181.6757,189.6628,189.6027,109.493,109.3327,117.4373,116.3328
2016-09-23,102.7329,102.4984,111.935,111.5308,182.2061,181.7489,189.6748,189.6215,109.4888,109.3323,117.4271,116.3286
2016-09-26,102.7408,102.5063,111.9261,111.5219,182.2838,181.8266,189.8066,189.7544,109.5326,109.3763,117.5048,116.4066
2016-09-27,102.7383,102.5038,111.9284,111.5242,182.3035,181.8463,189.8119,189.7553,109.5245,109.3655,117.5081,116.4071
2016-09-28,102.7444,102.5098,111.9429,111.5386,182.3336,181.8764,189.8078,189.7484,109.5108,109.3502,117.5041,116.4016
2016-09-29,102.7507,102.5161,111.957,111.5527,182.364,181.9068,189.8179,189.7577,109.5056,109.3444,117.4962,116.3947
2016-09-30,102.7471,102.5125,111.9599,111.5556,182.3771,181.92,189.8954,189.836,109.5399,109.3789,117.5442,116.4427
2016-10-10,102.8438,102.609,112.1702,111.7652,182.7522,182.294,190.4802,190.4288,109.7708,109.6132,117.8992,116.8001
2016-10-11,102.8523,102.6175,112.1846,111.7795,182.8046,182.3463,190.5505,190.4875,109.8008,109.6362,117.9427,116.8361
2016-10-12,102.8418,102.607,112.1683,111.7632,182.8119,182.3536,190.5177,190.4521,109.7704,109.6042,117.9176,116.8102
2016-10-13,102.8594,102.6246,112.1694,111.7644,182.862,182.4037,190.5534,190.4826,109.7801,109.6108,117.9208,116.8121
2016-10-14,102.9022,102.6673,112.2127,111.8075,182.9617,182.5032,190.7324,190.6948,109.8739,109.7238,118.0301,116.9408
2016-10-17,102.8909,102.656,112.1754,111.7704,183.0474,182.5886,190.8432,190.805,109.9026,109.7521,118.0589,116.9731
2016-10-18,102.9036,102.6687,112.1916,111.7865,183.1243,182.6655,190.8724,190.8308,109.9085,109.7559,118.0729,116.9852
2016-10-19,102.9514,102.7164,112.2454,111.84,183.2327,182.7737,190.979,190.9436,109.9599,109.8106,118.1366,117.0523
2016-10-20,102.9931,102.758,112.2952,111.8897,183.3248,182.8657,191.1156,191.0971,110.0288,109.8893,118.214,117.1402
2016-10-21,103.0329,102.7977,112.3314,111.9258,183.4282,182.9691,191.3987,191.3977,110.1837,110.054,118.3783,117.3147
2016-10-24,102.9977,102.7626,112.2432,111.8379,183.4426,182.9834,191.4836,191.4728,110.1999,110.0641,118.3035,117.2477
2016-10-25,103.0056,102.7704,112.2607,111.8553,183.4852,183.0261,191.4482,191.44,110.168,110.0337,118.2816,117.2276
2016-10-26,102.8687,102.6339,112.1169,111.712,183.2757,182.8165,191.2047,191.1714,110.0141,109.8654,118.1098,117.0443
2016-10-27,102.8018,102.5671,112.0443,111.6398,183.1783,182.719,191.0903,191.0661,109.9358,109.7927,118.0307,116.9725
2016-10-28,102.7995,102.5648,112.0283,111.6237,183.1967,182.7374,191.0643,191.0419,109.9094,109.7673,117.998,116.9429
2016-10-31,102.7736,102.539,112.0125,111.608,183.2354,182.7762,191.1488,191.1209,109.9256,109.7798,118.0424,116.9842
2016-11-01,102.7307,102.4962,111.97,111.5656,183.1816,182.7226,191.0813,191.0307,109.8749,109.7158,118.0007,116.929
2016-11-02,102.716,102.4815,111.9621,111.5578,183.1751,182.7161,191.1055,191.063,109.8779,109.7235,118.0143,116.9476
2016-11-03,102.7316,102.4971,111.986,111.5816,183.2219,182.7627,191.1621,191.1151,109.8999,109.7427,118.0393,116.9706
2016-11-04,102.729,102.4945,111.9651,111.5608,183.2433,182.784,191.148,191.097,109.8805,109.7209,118.0142,116.9449
2016-11-07,102.6704,102.436,111.9039,111.4998,183.2127,182.7535,191.0077,190.951,109.7651,109.602,117.8562,116.7919
2016-11-08,102.6489,102.4146,111.8912,111.4871,183.2032,182.7441,190.9294,190.8632,109.7082,109.5396,117.8079,116.7383
2016-11-09,102.6362,102.4019,111.8797,111.4757,183.2041,182.745,190.9808,190.9147,109.7272,109.5585,117.8287,116.76
2016-11-10,102.5935,102.3593,111.8388,111.435,183.1485,182.6895,190.8542,190.7882,109.642,109.4734,117.7428,116.6758
2016-11-11,102.5189,102.2848,111.7606,111.357,183.0415,182.5826,190.6604,190.5848,109.5176,109.3435,117.6183,116.547
2016-11-14,102.3873,102.1536,111.6387,111.2355,182.8741,182.4155,190.3678,190.2833,109.3132,109.1341,117.4188,116.346
2016-11-15,102.2631,102.0297,111.508,111.1054,182.6854,182.227,190.1379,190.0593,109.1677,108.9922,117.2692,116.2021
2016-11-16,102.2052,101.9719,111.428,111.0256,182.6108,182.1525,190.0319,189.9536,109.0946,108.9193,117.1948,116.1295
2016-11-17,102.096,101.863,111.3117,110.9098,182.4424,181.9843,189.8744,189.7972,108.9915,108.8169,117.0732,116.0121
2016-11-18,102.0291,101.7962,111.2397,110.838,182.3457,181.8876,189.7355,189.6645,108.8992,108.7283,116.98,115.9244
2016-11-21,101.964,101.7312,111.1699,110.7685,182.2915,181.8334,189.6925,189.6253,108.8385,108.6699,116.9112,115.8628
2016-11-22,101.9712,101.7384,111.1737,110.7723,182.3294,181.8714,189.7351,189.6654,108.8523,108.6821,116.8924,115.8472
2016-11-23,101.9789,101.746,111.1856,110.7841,182.3665,181.9084,189.8831,189.826,108.9278,108.7646,116.9344,115.9013
2016-11-24,101.966,101.7332,111.1822,110.7807,182.3632,181.9051,189.8903,189.8317,108.9209,108.7567,116.9104,115.8795
2016-11-25,101.8977,101.6651,111.1121,110.7109,182.2678,181.8097,189.7549,189.695,108.8308,108.666,116.8236,115.7931
2016-11-28,101.8567,101.6242,111.0812,110.6801,182.2634,181.8053,189.7896,189.741,108.8179,108.6593,116.8032,115.784
2016-11-29,101.6623,101.4302,110.8808,110.4804,181.9455,181.4873,189.2603,189.203,108.4975,108.3349,116.4623,115.443
2016-11-30,101.4462,101.2146,110.6556,110.256,181.5916,181.1334,188.897,188.8607,108.274,108.1244,116.2301,115.227
2016-12-01,101.1743,100.9434,110.3725,109.9739,181.1364,180.6793,188.2727,188.2553,107.8992,107.7608,115.8429,114.8549
2016-12-02,101.0679,100.8371,110.267,109.8688,180.97,180.5134,187.9867,187.9766,107.7214,107.5874,115.6583,114.6772
2016-12-05,101.0354,100.8048,110.2549,109.8568,180.9832,180.5265,187.767,187.7503,107.5596,107.4216,115.5104,114.5278
2016-12-06,100.6631,100.4333,109.867,109.4703,180.3504,179.8952,186.8068,186.7948,106.989,106.8543,114.9196,113.945
2016-12-07,100.6455,100.4157,109.8524,109.4558,180.3385,179.8833,186.9417,186.938,107.0565,106.9265,114.9952,114.0258
2016-12-08,100.7035,100.4736,109.9241,109.5271,180.4595,180.0041,187.1458,187.1595,107.1645,107.0443,115.107,114.1486
2016-12-09,100.7182,100.4882,109.9399,109.5429,180.5087,180.0531,187.2006,187.2283,107.1854,107.0733,115.1261,114.1776
2016-12-12,100.5121,100.2827,109.7357,109.3394,180.2309,179.7759,186.698,186.7324,106.8543,106.7467,114.7989,113.6221
2016-12-13,100.2761,100.0472,109.493,109.0976,179.8422,179.3879,186.3215,186.3841,106.6239,106.5334,114.5542,113.3986
2016-12-14,100.0887,99.8602,109.301,108.9063,179.5335,179.0798,185.9558,186.0422,106.3998,106.3237,114.3277,113.1893
2016-12-15,99.3854,99.1585,108.5575,108.1655,178.3152,177.8637,184.4791,184.58,105.5282,105.4636,113.4153,112.2962
2016-12-16,99.3062,99.0795,108.4629,108.0713,178.1986,177.7473,184.5232,184.6294,105.5429,105.4812,113.4378,112.3222
2016-12-19,99.0184,98.7924,108.1778,107.7872,177.7724,177.3217,184.0973,184.2063,105.2616,105.2022,113.1687,112.0585
2016-12-20,98.7321,98.5067,107.881,107.4914,177.2922,176.8422,183.7984,183.9281,105.0764,105.0296,112.9432,111.8523
2016-12-21,98.903,98.6772,108.071,107.6808,177.6146,177.1642,184.0554,184.2002,105.2152,105.1764,113.0943,112.0115
2016-12-22,99.1116,98.8853,108.2816,107.8906,178.0006,177.5496,184.4906,184.6586,105.4578,105.4313,113.357,112.2858
2016-12-23,99.42,99.193,108.6143,108.2221,178.5638,178.1121,185.1318,185.3047,105.8204,105.7951,113.7493,112.6766
2016-12-26,99.512,99.2848,108.7276,108.335,178.8104,178.3584,185.5025,185.7105,106.0034,105.9972,113.9684,112.9154
2016-12-27,99.58,99.3527,108.8105,108.4176,178.9565,178.5045,185.4886,185.6966,105.9843,105.9781,113.9598,112.9069
2016-12-28,99.5876,99.3603,108.823,108.43,178.9889,178.5368,185.5759,185.7841,106.0242,106.018,113.9888,112.9356
2016-12-29,99.8218,99.5939,109.0807,108.6868,179.4201,178.9676,186.0606,186.2701,106.2956,106.2894,114.287,113.231
2016-12-30,99.9135,99.6854,109.1844,108.7901,179.6061,179.1535,186.252,186.462,106.3961,106.3899,114.3581,113.3016
2017-01-03,99.909,99.6809,109.2213,108.8269,179.6921,179.2392,186.2839,186.4939,106.3685,106.3623,114.3688,113.3122
2017-01-04,99.8651,99.6371,109.1856,108.7913,179.6336,179.1809,186.095,186.3048,106.2477,106.2415,114.2529,113.1973
2017-01-05,99.8673,99.6393,109.1996,108.8053,179.6567,179.2039,185.8084,186.0179,106.07,106.0639,114.0758,113.0219
2017-01-06,99.8418,99.6139,109.1513,108.7572,179.6308,179.1781,185.7259,185.9353,106.0111,106.0049,113.983,112.9299
2017-01-09,99.8716,99.6436,109.2142,108.8198,179.7506,179.2976,185.9783,186.1881,106.125,106.1188,114.1348,113.0803
2017-01-10,99.9393,99.7111,109.2828,108.8881,179.8974,179.4441,186.2509,186.4612,106.2725,106.2664,114.2773,113.2215
2017-01-11,99.8845,99.6564,109.2313,108.8369,179.8295,179.3763,186.0034,186.2132,106.1176,106.1114,114.1162,113.0619
2017-01-12,99.9132,99.6851,109.2735,108.8789,179.8992,179.4459,186.0835,186.2934,106.1532,106.1471,114.1643,113.1095
2017-01-13,99.9227,99.6946,109.2908,108.8962,179.9399,179.4865,186.1112,186.3212,106.1584,106.1522,114.1813,113.1264
2017-01-16,99.8881,99.6601,109.2014,108.8071,179.9526,179.4992,186.0183,186.228,106.0714,106.0652,114.1103,113.0561
2017-01-17,99.7408,99.5131,109.0508,108.657,179.7171,179.2639,185.6767,185.8859,105.8618,105.8557,113.8971,112.8448
2017-01-18,99.6731,99.4456,108.9828,108.5893,179.6198,179.1667,185.6373,185.8464,105.828,105.8218,113.8628,112.8108
2017-01-19,99.6448,99.4174,108.9583,108.5648,179.5889,179.1359,185.3317,185.5401,105.6393,105.6331,113.6679,112.6177
2017-01-20,99.6992,99.4716,109.0099,108.6163,179.7077,179.2546,185.4932,185.7019,105.7222,105.7161,113.7626,112.7115
2017-01-23,99.7481,99.5204,109.0719,108.6781,179.8694,179.4161,185.4729,185.6816,105.6775,105.6713,113.7057,112.6551
2017-01-24,99.6874,99.4598,108.9865,108.593,179.7985,179.3452,185.3758,185.5843,105.61,105.6039,113.6461,112.5961
2017-01-25,99.5019,99.2747,108.7911,108.3983,179.5059,179.0528,184.964,185.1715,105.3596,105.3534,113.3894,112.3418
2017-01-26,99.4864,99.2593,108.7688,108.376,179.4977,179.0445,184.9029,185.1101,105.313,105.3069,113.3218,112.2748
2017-02-03,99.2495,99.0229,108.5851,108.193,179.2327,178.7802,184.5644,184.7713,105.0287,105.0226,113.0973,112.0524
2017-02-06,99.0266,98.8005,108.3562,107.9649,178.9015,178.4498,184.2417,184.4482,104.8084,104.8023,112.8982,111.8551
2017-02-07,98.7871,98.5616,108.1109,107.7205,178.4967,178.0458,183.9656,184.1717,104.6372,104.6311,112.729,111.6875
2017-02-08,98.7629,98.5374,108.0965,107.7061,178.4729,178.0221,183.9781,184.1842,104.6335,104.6274,112.7366,111.6951
2017-02-09,98.8628,98.6371,108.2147,107.8239,178.6688,178.2175,184.4407,184.6474,104.891,104.8849,113.01,111.9659
2017-02-10,98.9031,98.6774,108.2683,107.8774,178.7592,178.3078,184.4207,184.6274,104.8684,104.8623,112.9953,111.9513
2017-02-13,98.9283,98.7025,108.3258,107.9347,178.861,178.4094,184.5948,184.8018,104.9366,104.9305,113.102,112.057
2017-02-14,98.9152,98.6894,108.3226,107.9315,178.8592,178.4076,184.6255,184.8324,104.9434,104.9373,113.1207,112.0756
2017-02-15,98.9294,98.7036,108.3485,107.9572,178.9035,178.4518,184.5782,184.7851,104.905,104.8989,113.0904,112.0455
2017-02-16,98.9413,98.7155,108.3719,107.9805,178.9436,178.4918,184.6781,184.8851,104.952,104.9459,113.1512,112.1058
2017-02-17,99.0058,98.7798,108.4476,108.056,179.0767,178.6246,184.7886,184.9957,105.0051,104.999,113.2126,112.1666
2017-02-20,99.0297,98.8037,108.4185,108.027,179.2059,178.7536,185.0394,185.2469,105.1178,105.1117,113.3573,112.31
2017-02-21,99.0154,98.7894,108.41,108.0185,179.2202,178.7679,184.9607,185.1681,105.0611,105.055,113.2872,112.2406
2017-02-22,98.9813,98.7553,108.3501,107.9588,179.1862,178.7339,184.9417,185.1491,105.0369,105.0307,113.2358,112.1896
2017-02-23,99.0008,98.7748,108.3824,107.9911,179.2401,178.7877,184.98,185.1874,105.048,105.0419,113.2116,112.1656
2017-02-24,99.0045,98.7785,108.3834,107.9921,179.2731,178.8207,185.0205,185.228,105.0605,105.0544,113.2319,112.1858
2017-02-27,98.9725,98.7466,108.3527,107.9614,179.3441,178.8917,185.2063,185.4143,105.1233,105.1171,113.1867,112.1409
2017-02-28,98.9194,98.6935,108.3004,107.9093,179.2901,178.8377,185.1381,185.3458,105.0727,105.0666,113.135,112.0897
2017-03-01,98.8822,98.6564,108.2664,107.8754,179.2454,178.7931,185.0064,185.2139,104.9854,104.9793,113.0481,112.0037
2017-03-02,98.8354,98.6098,108.2226,107.8318,179.1818,178.7296,184.884,185.0914,104.9035,104.8974,112.9664,111.9227
2017-03-03,98.7886,98.5631,108.172,107.7814,179.1352,178.6831,184.8161,185.0234,104.8531,104.847,112.9232,111.8799
2017-03-06,98.7298,98.5044,108.1229,107.7325,179.1455,178.6935,184.7976,185.0049,104.8021,104.796,112.8908,111.8478
2017-03-07,98.6674,98.4422,108.0536,107.6634,179.0566,178.6047,184.7666,184.9739,104.7732,104.7671,112.8686,111.8258
2017-03-08,98.576,98.351,107.9636,107.5737,178.9204,178.4687,184.5796,184.7865,104.6538,104.6477,112.752,111.7102
2017-03-09,98.5062,98.2813,107.8959,107.5063,178.8156,178.3642,184.336,184.5426,104.5018,104.4957,112.5982,111.5579
2017-03-10,98.3973,98.1726,107.7833,107.3941,178.652,178.2008,184.1958,184.4021,104.4096,104.4035,112.5097,111.4702
2017-03-13,98.3551,98.1306,107.7296,107.3406,178.6558,178.2046,184.0186,184.2247,104.274,104.2679,112.3782,111.3399
2017-03-14,98.3418,98.1173,107.7149,107.3259,178.6601,178.2089,184.0591,184.2653,104.2864,104.2803,112.3867,111.3483
2017-03-15,98.3675,98.1429,107.7484,107.3593,178.7335,178.2822,184.1376,184.3439,104.3208,104.3148,112.4156,111.3769
2017-03-16,98.4554,98.2306,107.8348,107.4455,178.909,178.4575,184.4362,184.6431,104.4827,104.4766,112.577,111.5369
2017-03-17,98.4207,98.196,107.7965,107.4073,178.8769,178.4254,184.4026,184.6094,104.4522,104.4461,112.5131,111.4736
2017-03-20,98.3695,98.1449,107.7515,107.3624,178.8751,178.4237,184.324,184.5306,104.3722,104.3661,112.4227,111.384
2017-03-21,98.2573,98.033,107.6292,107.2405,178.715,178.2636,184.104,184.3099,104.2338,104.2277,112.2812,111.2438
2017-03-22,98.2237,97.9995,107.5969,107.2084,178.6745,178.2231,184.1616,184.3677,104.2539,104.2479,112.2709,111.2336
2017-03-23,98.1901,97.9659,107.5608,107.1724,178.634,178.1826,184.2136,184.4199,104.2711,104.265,112.2844,111.247
2017-03-24,98.2961,98.0717,107.6576,107.2689,178.8514,178.4,184.5593,184.7669,104.4601,104.4541,112.4808,111.4416
2017-03-27,98.3663,98.1417,107.7406,107.3515,179.0545,178.6032,184.7413,184.9495,104.5251,104.519,112.5516,111.5117
2017-03-28,98.4136,98.1889,107.7966,107.4073,179.1579,178.7066,184.8247,185.0333,104.5623,104.5562,112.5892,111.549
2017-03-29,98.4056,98.181,107.7707,107.3815,179.1686,178.7174,184.7792,184.9876,104.5235,104.5174,112.5124,111.4729
2017-03-30,98.3832,98.1587,107.7508,107.3617,179.1482,178.6969,184.7952,185.0036,104.5218,104.5157,112.5158,111.4763
2017-03-31,98.3889,98.1643,107.7628,107.3737,179.1774,178.7262,184.801,185.0095,104.5127,104.5066,112.5084,111.469
2017-04-05,98.3936,98.169,107.7718,107.3826,179.2968,178.8453,184.9087,185.1173,104.5168,104.5107,112.5605,111.5206
2017-04-06,98.3654,98.1408,107.7486,107.3595,179.2657,178.8142,184.8461,185.0546,104.4697,104.4637,112.5174,111.4779
2017-04-07,98.4075,98.1828,107.7898,107.4005,179.3601,178.9085,184.921,185.1296,104.5019,104.4959,112.5546,111.5147
2017-04-10,98.3972,98.1726,107.7621,107.373,179.4118,178.96,184.924,185.1326,104.4706,104.4646,112.4918,111.4525
2017-04-11,98.3633,98.1387,107.7176,107.3287,179.3748,178.9231,184.8702,185.0787,104.4286,104.4225,112.4259,111.3872
2017-04-12,98.3477,98.1232,107.7017,107.3128,179.3662,178.9145,184.7305,184.9386,104.337,104.331,112.3162,111.2785
2017-04-13,98.3297,98.1053,107.6656,107.2768,179.3535,178.9018,184.6843,184.8924,104.2977,104.2916,112.2321,111.1951
2017-04-14,98.2482,98.0239,107.5566,107.1683,179.2512,178.7996,184.3882,184.5955,104.116,104.11,112.0443,111.0091
2017-04-17,98.0496,97.8257,107.3225,106.9349,179.0197,178.5681,183.8767,184.0827,103.7883,103.7823,111.6948,110.6628
2017-04-18,97.914,97.6905,107.1443,106.7574,178.8268,178.3752,183.6849,183.8903,103.6668,103.6608,111.5576,110.5269
2017-04-19,97.862,97.6386,107.0939,106.7072,178.7563,178.3045,183.6607,183.866,103.6419,103.6358,111.5406,110.51
2017-04-20,97.7992,97.5759,107.0108,106.6244,178.6633,178.2115,183.4642,183.6689,103.5176,103.5116,111.3932,110.3641
2017-04-21,97.6596,97.4367,106.8604,106.4745,178.4777,178.0256,183.0917,183.2952,103.292,103.286,111.1585,110.1315
2017-04-24,97.4585,97.236,106.5985,106.2136,178.26,177.8076,182.7945,182.997,103.0816,103.0756,110.9084,109.8837
2017-04-25,97.4156,97.1932,106.5484,106.1636,178.2501,177.7976,182.9719,183.1751,103.1728,103.1668,111.0084,109.9828
2017-04-26,97.3935,97.1712,106.5298,106.1452,178.244,177.7915,183.021,183.2244,103.19,103.184,111.021,109.9953
2017-04-27,97.4302,97.2078,106.5664,106.1816,178.3375,177.8853,183.1452,183.3491,103.2505,103.2445,111.0784,110.0522
2017-04-28,97.3995,97.1772,106.5215,106.1369,178.3357,177.8835,183.108,183.3117,103.2158,103.2098,111.0402,110.0143
2017-05-02,97.2983,97.0762,106.4365,106.0521,178.25,177.7981,182.9927,183.1963,103.096,103.09,110.9327,109.9078
2017-05-03,97.1849,96.9631,106.3229,105.939,178.0658,177.6143,182.7111,182.9143,102.9233,102.9173,110.7573,109.734
2017-05-04,97.0315,96.81,106.1668,105.7835,177.8096,177.3586,182.355,182.5577,102.7079,102.7019,110.4813,109.4606
2017-05-05,96.9964,96.775,106.1362,105.753,177.7662,177.3153,182.2913,182.494,102.6603,102.6543,110.4427,109.4223
2017-05-08,96.8278,96.6068,105.9834,105.6007,177.5245,177.074,182.0061,182.2083,102.4635,102.4575,110.2699,109.2511
2017-05-09,96.6861,96.4654,105.8305,105.4484,177.2895,176.8395,181.6952,181.8969,102.274,102.268,110.0813,109.0642
2017-05-10,96.4987,96.2784,105.6401,105.2587,176.9725,176.523,181.1477,181.3486,101.9487,101.9428,109.7482,108.7342
2017-05-11,96.4808,96.2605,105.6286,105.2472,176.9598,176.5103,181.3804,181.5817,102.0712,102.0653,109.8892,108.8739
2017-05-12,96.385,96.165,105.528,105.147,176.8164,176.3672,181.309,181.5102,102.0192,102.0132,109.8436,108.8288
2017-05-15,96.4057,96.1856,105.541,105.1599,176.9513,176.5019,181.3896,181.5908,102.0322,102.0263,109.8771,108.8619
2017-05-16,96.3708,96.1508,105.5089,105.1279,176.9311,176.4816,181.3093,181.5104,101.9751,101.9692,109.8169,108.8023
2017-05-17,96.3021,96.0822,105.4351,105.0544,176.8295,176.3801,181.1419,181.3428,101.868,101.8621,109.7121,108.6984
2017-05-18,96.3391,96.1192,105.4815,105.1006,176.9157,176.4663,181.1859,181.3868,101.8822,101.8763,109.7261,108.7123
2017-05-19,96.2984,96.0786,105.4165,105.0358,176.8691,176.4197,181.0143,181.2148,101.7727,101.7667,109.5947,108.5822
2017-05-22,96.2292,96.0095,105.3486,104.9682,176.8274,176.378,180.8239,181.0241,101.6295,101.6236,109.4692,108.4578
2017-05-23,96.2004,95.9808,105.321,104.9407,176.8288,176.3794,180.8843,181.0846,101.6531,101.6472,109.4796,108.4681
2017-05-24,96.221,96.0013,105.3489,104.9685,176.8854,176.436,180.9512,181.1517,101.6805,101.6746,109.4877,108.4762
2017-05-25,96.2443,96.0246,105.3689,104.9884,176.9468,176.4974,181.0128,181.2134,101.7047,101.6988,109.5215,108.5096
2017-05-26,96.2235,96.0038,105.3549,104.9744,176.934,176.4846,180.9539,181.1543,101.6598,101.6539,109.4842,108.4727
2017-05-31,96.2696,96.0498,105.3879,105.0074,177.2056,176.7564,181.4212,181.6229,101.8725,101.8666,109.7176,108.7039
2017-06-01,96.2874,96.0676,105.4084,105.0278,177.2575,176.8081,181.4209,181.6226,101.8612,101.8553,109.694,108.6805
2017-06-02,96.3043,96.0845,105.4267,105.046,177.3077,176.8582,181.4299,181.6317,101.8553,101.8494,109.686,108.6726
2017-06-05,96.3256,96.1057,105.4651,105.0843,177.4232,176.9734,181.5845,181.7864,101.9056,101.8997,109.7471,108.7331
2017-06-06,96.3255,96.1056,105.4685,105.0876,177.4451,176.9953,181.5558,181.7577,101.8781,101.8722,109.7136,108.6999
2017-06-07,96.3376,96.1177,105.4626,105.0818,177.4867,177.0368,181.6141,181.8161,101.9004,101.8945,109.7247,108.711
2017-06-08,96.371,96.151,105.4791,105.0982,177.5667,177.1166,181.7138,181.916,101.9447,101.9388,109.7544,108.7404
2017-06-09,96.4404,96.2202,105.5473,105.1662,177.7176,177.2673,181.9269,182.1295,102.0555,102.0496,109.8808,108.8656
2017-06-12,96.5672,96.3468,105.7016,105.3199,178.0057,177.5551,182.4282,182.6319,102.3092,102.3032,110.1664,109.1486
2017-06-13,96.6484,96.4278,105.7944,105.4123,178.1788,177.7279,182.6169,182.821,102.4061,102.4001,110.2385,109.22
2017-06-14,96.7117,96.4909,105.857,105.4747,178.3128,177.8618,182.8246,183.0292,102.5138,102.5078,110.3496,109.3301
2017-06-15,96.7988,96.5779,105.9527,105.5701,178.4899,178.0387,182.9932,183.1983,102.5992,102.5933,110.4323,109.412
2017-06-16,96.8205,96.5995,105.9595,105.5769,178.5564,178.1052,183.028,183.2331,102.6055,102.5996,110.3796,109.3598
2017-06-19,97.0052,96.7837,106.1505,105.7672,178.9902,178.5388,183.6886,183.8959,102.9501,102.9441,110.7385,109.7154
2017-06-20,97.1099,96.8882,106.2526,105.8689,179.2148,178.7634,183.8792,184.0872,103.0439,103.0379,110.8247,109.8007
2017-06-21,97.1058,96.8841,106.256,105.8723,179.2314,178.78,183.7517,183.9592,102.9574,102.9514,110.7074,109.6846
2017-06-22,97.025,96.8035,106.1781,105.7947,179.1051,178.6536,183.7126,183.9199,102.9239,102.9179,110.6741,109.6516
2017-06-23,97.0399,96.8183,106.1866,105.8032,179.1625,178.7111,183.8552,184.0631,102.9944,102.9884,110.7477,109.7245
2017-06-26,97.1542,96.9324,106.3184,105.9344,179.4459,178.9946,184.1336,184.3426,103.1202,103.1142,110.8885,109.864
2017-06-27,97.2658,97.0438,106.4459,106.0615,179.6712,179.2201,184.3944,184.6046,103.2582,103.2522,111.0412,110.0153
2017-06-28,97.3079,97.0858,106.4975,106.1129,179.7668,179.3159,184.4388,184.6491,103.2725,103.2665,111.0653,110.0391
2017-06-29,97.3382,97.116,106.5281,106.1435,179.8413,179.3904,184.4759,184.6865,103.2826,103.2766,111.0753,110.0491
2017-06-30,97.3006,97.0785,106.4957,106.1112,179.803,179.3521,184.318,184.5278,103.1813,103.1753,110.9749,109.9495
2017-07-03,97.2629,97.0408,106.4495,106.0651,179.7971,179.3462,184.1874,184.3971,103.0736,103.0676,110.8753,109.8509
2017-07-04,97.2412,97.0192,106.4371,106.0528,179.7774,179.3266,184.2461,184.4559,103.096,103.09,110.9106,109.8859
2017-07-05,97.2776,97.0555,106.4857,106.1012,179.8633,179.4122,184.3601,184.57,103.1498,103.1438,110.9639,109.9387
2017-07-06,97.3407,97.1184,106.5573,106.1725,179.9974,179.5461,184.5727,184.7829,103.2598,103.2538,111.078,110.0517
2017-07-07,97.338,97.1158,106.5593,106.1745,180.0273,179.5759,184.5649,184.775,103.2442,103.2382,111.0711,110.0449
2017-07-10,97.3164,97.0942,106.5072,106.1226,180.0656,179.6142,184.5485,184.7586,103.2016,103.1955,111.0063,109.9807
2017-07-11,97.3181,97.0959,106.491,106.1065,180.0937,179.6422,184.5693,184.7795,103.2023,103.1963,111.0175,109.9918
2017-07-12,97.3191,97.0969,106.5012,106.1166,180.1237,179.6722,184.6016,184.8118,103.2096,103.2035,111.037,110.0111
2017-07-13,97.3559,97.1336,106.5379,106.1532,180.2103,179.7587,184.7101,184.9205,103.2602,103.2542,111.0826,110.0563
2017-07-14,97.3903,97.1679,106.5446,106.1598,180.3012,179.8495,184.7611,184.9716,103.2781,103.2721,111.1062,110.0796
2017-07-17,97.442,97.2195,106.6203,106.2353,180.4696,180.0178,184.9014,185.1121,103.3245,103.3185,111.1621,110.135
2017-07-18,97.3613,97.1391,106.5303,106.1457,180.3431,179.8914,184.7937,185.0042,103.2521,103.2461,111.0681,110.0419
2017-07-19,97.3691,97.1469,106.5457,106.161,180.3807,179.929,184.8217,185.0323,103.2569,103.2509,111.0809,110.0546
2017-07-20,97.3961,97.1737,106.5685,106.1836,180.4494,179.9976,184.9276,185.1384,103.306,103.3,111.1157,110.0891
2017-07-21,97.3827,97.1604,106.5532,106.1684,180.4558,180.004,184.9273,185.1381,103.2947,103.2887,111.1133,110.0867
2017-07-24,97.3782,97.1559,106.5628,106.1781,180.5178,180.0661,185.0094,185.2203,103.3079,103.3019,111.1413,110.1145
2017-07-25,97.3531,97.1309,106.5339,106.1492,180.4995,180.0477,185.0526,185.2637,103.3214,103.3154,111.1556,110.1286
2017-07-26,97.3093,97.0872,106.4952,106.1107,180.4397,179.9879,185.0266,185.2376,103.2955,103.2895,111.1245,110.0978
2017-07-27,97.3092,97.087,106.4669,106.0824,180.4592,180.0074,185.0814,185.2926,103.3155,103.3095,111.1459,110.119
2017-07-28,97.3012,97.079,106.4612,106.0768,180.4724,180.0206,185.1104,185.3217,103.3208,103.3148,111.1555,110.1286
2017-07-31,97.2737,97.0516,106.4505,106.0661,180.4907,180.0389,185.1465,185.3578,103.3079,103.3019,111.172,110.1449
2017-08-01,97.2523,97.0303,106.429,106.0447,180.4811,180.0293,185.0657,185.2769,103.2509,103.2449,111.0885,110.0622
2017-08-02,97.2501,97.0281,106.4371,106.0527,180.4968,180.045,185.1133,185.3246,103.2667,103.2607,111.1169,110.0902
2017-08-03,97.2446,97.0226,106.4375,106.0531,180.5066,180.0548,185.1058,185.3171,103.2513,103.2453,111.1066,110.0801
2017-08-04,97.2624,97.0403,106.4638,106.0793,180.5645,180.1126,185.1804,185.3918,103.2825,103.2765,111.1494,110.1225
2017-08-07,97.2136,96.9916,106.407,106.0227,180.5523,180.1004,185.0583,185.2695,103.1797,103.1737,111.0419,110.016
2017-08-08,97.1496,96.9278,106.3425,105.9585,180.4636,180.0118,184.9999,185.211,103.1354,103.1294,111.006,109.9804
2017-08-09,97.1073,96.8856,106.2916,105.9078,180.4089,179.9572,184.9666,185.1777,103.1053,103.0993,110.9726,109.9473
2017-08-10,97.1114,96.8897,106.2973,105.9135,180.4362,179.9845,185.0388,185.25,103.1351,103.1291,111.0035,109.9779
2017-08-11,97.1232,96.9015,106.3144,105.9305,180.4885,180.0367,185.181,185.3924,103.2046,103.1986,111.0873,110.061
2017-08-14,97.1494,96.9276,106.3545,105.9704,180.5992,180.1473,185.3242,185.5359,103.2483,103.2423,111.1562,110.1293
2017-08-15,97.1462,96.9245,106.3564,105.9723,180.6282,180.1763,185.3627,185.5745,103.2589,103.2529,111.1779,110.1507
2017-08-16,97.1312,96.9094,106.3466,105.9626,180.6206,180.1687,185.2775,185.4891,103.1994,103.1934,111.1211,110.0944
2017-08-17,97.1023,96.8807,106.3225,105.9386,180.5918,180.1398,185.2274,185.4389,103.1598,103.1538,111.0908,110.0644
2017-08-18,97.1094,96.8877,106.323,105.939,180.6336,180.1816,185.2665,185.4781,103.1708,103.1648,111.1119,110.0853
2017-08-21,97.0634,96.8418,106.2797,105.8959,180.6404,180.1884,185.1807,185.3921,103.0885,103.0825,111.0116,109.986
2017-08-22,96.9991,96.7777,106.2147,105.8311,180.5636,180.1116,185.1347,185.346,103.0512,103.0452,110.9332,109.9083
2017-08-23,96.979,96.7576,106.1797,105.7963,180.55,180.098,185.1294,185.3407,103.037,103.031,110.8888,109.8643
2017-08-24,96.9135,96.6923,106.1019,105.7188,180.4503,179.9984,185.0274,185.2383,102.9679,102.9619,110.8185,109.7946
2017-08-25,96.8817,96.6606,106.0726,105.6896,180.421,179.9689,185.0145,185.2254,102.9493,102.9433,110.8068,109.783
2017-08-28,96.7976,96.5766,105.9831,105.6004,180.3581,179.9061,184.9233,185.1338,102.8638,102.8579,110.7294,109.7063
2017-08-29,96.7741,96.5532,105.9669,105.5843,180.3351,179.883,185.0312,185.2422,102.9139,102.9079,110.7908,109.7672
2017-08-30,96.7505,96.5296,105.9508,105.5682,180.3118,179.8597,185.0168,185.2277,102.8944,102.8884,110.7803,109.7568
2017-08-31,96.7501,96.5292,105.9569,105.5743,180.3331,179.881,185.0787,185.2899,102.9183,102.9123,110.8058,109.782
2017-09-01,96.7743,96.5533,105.9855,105.6028,180.4058,179.9536,185.1138,185.3249,102.9269,102.9209,110.7697,109.7463
2017-09-04,96.7367,96.5158,105.9702,105.5875,180.4074,179.9551,185.0916,185.3027,102.8806,102.8746,110.7243,109.7013
2017-09-05,96.713,96.4922,105.95,105.5675,180.3883,179.9361,184.9757,185.1866,102.8037,102.7977,110.6505,109.6282
2017-09-06,96.7261,96.5053,105.9603,105.5777,180.4338,179.9815,185.0454,185.2565,102.8319,102.826,110.6846,109.662
2017-09-07,96.7798,96.5589,106.0286,105.6457,180.5521,180.0995,185.2491,185.4605,102.9359,102.9299,110.7993,109.7756
2017-09-08,96.8632,96.6421,106.1025,105.7193,180.7246,180.2716,185.4636,185.6755,103.046,103.04,110.9206,109.8958
2017-09-11,96.8613,96.6402,106.1018,105.7187,180.8058,180.3526,185.4809,185.6928,103.022,103.016,110.9104,109.8857
2017-09-12,96.8663,96.6451,106.0981,105.715,180.8423,180.3891,185.5105,185.7224,103.0275,103.0215,110.9232,109.8984
2017-09-13,96.8322,96.6112,106.0698,105.6868,180.8093,180.3562,185.47,185.6818,102.9933,102.9873,110.8978,109.8732
2017-09-14,96.8733,96.6522,106.1148,105.7316,180.9045,180.4512,185.6401,185.8524,103.0782,103.0722,110.9973,109.9718
2017-09-15,96.8942,96.673,106.1363,105.7531,180.9756,180.5222,185.6953,185.9077,103.0982,103.0922,111.0142,109.9885
2017-09-18,96.8691,96.648,106.097,105.7139,181.0097,180.5562,185.671,185.8833,103.0424,103.0364,110.9565,109.9313
2017-09-19,96.8552,96.6341,106.0929,105.7098,181.0061,180.5527,185.738,185.9505,103.0691,103.0631,110.9946,109.9691
2017-09-20,96.8406,96.6196,106.0795,105.6965,180.9994,180.546,185.7663,185.9789,103.0738,103.0678,110.9757,109.9503
2017-09-21,96.8272,96.6062,106.0655,105.6825,180.9948,180.5414,185.7542,185.9668,103.0557,103.0497,110.952,109.9269
2017-09-22,96.8481,96.627,106.0897,105.7066,181.0672,180.6137,185.8529,186.0658,103.1002,103.0942,111.0041,109.9785
2017-09-25,96.8607,96.6396,106.1051,105.722,181.1629,180.7093,186.0015,186.2148,103.1503,103.1443,111.0849,110.0586
2017-09-26,96.8633,96.6422,106.1075,105.7244,181.1902,180.7366,186.0661,186.2796,103.1755,103.1695,111.119,110.0924
2017-09-27,96.8488,96.6277,106.0959,105.7128,181.1878,180.7342,186.0507,186.2641,103.1555,103.1495,111.1086,110.0821
2017-09-28,96.8498,96.6287,106.1008,105.7177,181.2096,180.756,186.1317,186.3453,103.19,103.184,111.1487,110.1218
2017-09-29,96.8709,96.6497,106.1306,105.7474,181.2682,180.8146,186.1766,186.3904,103.2041,103.1981,111.1598,110.1328
2017-10-09,96.8284,96.6073,106.1982,105.8148,181.39,180.9361,186.2547,186.4686,103.1351,103.1291,111.2064,110.179
2017-10-10,96.8066,96.5856,106.1834,105.8,181.3701,180.9163,186.2631,186.4769,103.1285,103.1225,111.2047,110.1772
2017-10-11,96.827,96.6059,106.2052,105.8216,181.4275,180.9735,186.2883,186.5022,103.1314,103.1254,111.2068,110.1794
2017-10-12,96.7944,96.5734,106.1679,105.7845,181.3876,180.9337,186.1913,186.405,103.0654,103.0594,111.1385,110.1117
2017-10-13,96.7896,96.5686,106.1605,105.7772,181.3988,180.9449,186.206,186.4198,103.0624,103.0564,111.1438,110.1169
2017-10-16,96.6824,96.4617,106.0617,105.6787,181.2619,180.8083,185.9191,186.1325,102.8666,102.8606,110.9486,109.9235
2017-10-17,96.5838,96.3633,105.9321,105.5496,181.1005,180.6472,185.7052,185.9183,102.7346,102.7287,110.8057,109.782
2017-10-18,96.6038,96.3833,105.9604,105.5778,181.1573,180.7039,185.7303,185.9435,102.7375,102.7315,110.8114,109.7876
2017-10-19,96.6689,96.4482,106.0326,105.6497,181.297,180.8433,185.9191,186.1325,102.8326,102.8267,110.9165,109.8917
2017-10-20,96.6791,96.4584,106.0252,105.6423,181.3357,180.882,185.9374,186.1509,102.8317,102.8257,110.9247,109.8998
2017-10-23,96.6604,96.4397,105.9357,105.5532,181.3611,180.9073,185.9321,186.1456,102.7945,102.7886,110.8991,109.8745
2017-10-24,96.6372,96.4166,105.8858,105.5035,181.3385,180.8847,185.9339,186.1474,102.7842,102.7782,110.8745,109.8502
2017-10-25,96.5287,96.3084,105.779,105.397,181.1589,180.7052,185.6277,185.8405,102.6002,102.5942,110.6903,109.6676
2017-10-26,96.5253,96.305,105.7698,105.3878,181.1726,180.7189,185.678,185.8909,102.6171,102.6112,110.7046,109.6818
2017-10-27,96.4059,96.1858,105.6409,105.2594,180.9728,180.5192,185.3428,185.5549,102.4168,102.4108,110.4945,109.4737
2017-10-30,96.1857,95.9661,105.4202,105.0395,180.6278,180.1743,184.6615,184.8719,101.9987,101.9927,110.0828,109.0657
2017-10-31,96.2183,95.9986,105.4608,105.0799,180.7077,180.2541,184.758,184.9686,102.0416,102.0357,110.135,109.1174
2017-11-01,96.2907,96.0708,105.5416,105.1605,180.8611,180.4071,184.9749,185.1858,102.1524,102.1464,110.2493,109.2307
2017-11-02,96.2653,96.0456,105.5193,105.1382,180.8344,180.3805,184.9215,185.1323,102.1109,102.1049,110.2154,109.1971
2017-11-03,96.275,96.0552,105.5307,105.1497,180.8721,180.4182,184.9092,185.1199,102.0925,102.0866,110.2055,109.1873
2017-11-06,96.2544,96.0347,105.511,105.13,180.8941,180.4401,184.9671,185.1779,102.0909,102.085,110.1788,109.1609
2017-11-07,96.1947,95.9751,105.4325,105.0517,180.8041,180.3502,184.8952,185.106,102.0391,102.0331,110.1267,109.1092
2017-11-08,96.1993,95.9797,105.4461,105.0653,180.8325,180.3787,184.95,185.1608,102.0584,102.0525,110.1586,109.1408
2017-11-09,96.1884,95.9688,105.4356,105.0549,180.8325,180.3786,184.8899,185.1007,102.0132,102.0073,110.1064,109.0891
2017-11-10,96.1426,95.9231,105.3895,105.0089,180.7681,180.3143,184.7337,184.9441,101.9139,101.9079,110.0065,108.9902
2017-11-13,96.0083,95.7891,105.2671,104.887,180.5804,180.1269,184.4515,184.6615,101.7208,101.7148,109.8109,108.7964
2017-11-14,95.9383,95.7193,105.1999,104.82,180.4714,180.018,184.3611,184.5709,101.6584,101.6525,109.7517,108.7377
2017-11-15,95.9571,95.738,105.2201,104.8401,180.5259,180.0725,184.4401,184.6501,101.6915,101.6855,109.7975,108.7831
2017-11-16,95.9814,95.7623,105.2306,104.8506,180.5909,180.1374,184.5986,184.8088,101.7692,101.7632,109.8789,108.8637
2017-11-17,95.9716,95.7525,105.2005,104.8206,180.5927,180.1392,184.5929,184.8031,101.7545,101.7486,109.8322,108.8174
2017-11-20,95.9379,95.7189,105.1567,104.777,180.5906,180.1371,184.5186,184.7287,101.6784,101.6725,109.7629,108.7487
2017-11-21,95.8757,95.6568,105.0947,104.7152,180.4959,180.0424,184.4007,184.6104,101.6006,101.5947,109.6901,108.6766
2017-11-22,95.7092,95.4907,104.9197,104.5409,180.209,179.7556,183.9073,184.1156,101.3116,101.3057,109.3436,108.3334
2017-11-23,95.6587,95.4403,104.8604,104.4817,180.1359,179.6825,183.9264,184.1348,101.3109,101.305,109.3141,108.3041
2017-11-24,95.6699,95.4515,104.8678,104.4891,180.1766,179.7232,184.082,184.2909,101.387,101.3811,109.4051,108.3943
2017-11-27,95.666,95.4476,104.8847,104.5059,180.2295,179.7761,184.1203,184.3292,101.3742,101.3683,109.3958,108.3851
2017-11-28,95.6355,95.4172,104.8625,104.4839,180.1934,179.74,184.0659,184.2747,101.3322,101.3263,109.3519,108.3416
2017-11-29,95.6167,95.3985,104.8502,104.4715,180.1789,179.7254,184.1421,184.3511,101.3636,101.3577,109.3808,108.3702
2017-11-30,95.6431,95.4248,104.8851,104.5064,180.2476,179.7942,184.2572,184.4666,101.4169,101.411,109.442,108.4309
2017-12-01,95.668,95.4496,104.9206,104.5417,180.3137,179.8601,184.3289,184.5384,101.4457,101.4398,109.4846,108.4731
2017-12-04,95.6988,95.4804,104.9731,104.5941,180.4311,179.9773,184.4249,184.6346,101.4653,101.4594,109.5352,108.5232
2017-12-05,95.7032,95.4847,104.9709,104.5919,180.4593,180.0054,184.4058,184.6154,101.4431,101.4372,109.5027,108.491
2017-12-06,95.715,95.4964,104.9945,104.6154,180.5012,180.0472,184.422,184.6316,101.4408,101.4349,109.5123,108.5005
2017-12-07,95.6871,95.4687,104.9648,104.5858,180.4699,180.0159,184.3527,184.5623,101.3905,101.3846,109.459,108.4477
2017-12-08,95.6638,95.4454,104.9198,104.541,180.4469,179.993,184.3254,184.5349,101.3637,101.3578,109.4428,108.4316
2017-12-11,95.598,95.3798,104.8679,104.4893,180.3856,179.9318,184.0918,184.301,101.1984,101.1925,109.2853,108.2756
2017-12-12,95.5521,95.3339,104.8257,104.4471,180.3209,179.8672,183.9876,184.1966,101.1285,101.1226,109.2014,108.1925
2017-12-13,95.5363,95.3182,104.8179,104.4394,180.3118,179.8582,184.0192,184.2282,101.1348,101.1289,109.2062,108.1973
2017-12-14,95.5482,95.3301,104.8399,104.4613,180.3539,179.9002,184.0792,184.2884,101.157,101.1511,109.24,108.2308
2017-12-15,95.5996,95.3814,104.9027,104.5239,180.4684,180.0145,184.2581,184.4675,101.2459,101.24,109.3437,108.3334
2017-12-18,95.6136,95.3953,104.9325,104.5536,180.5547,180.1007,184.3628,184.5725,101.2703,101.2644,109.4024,108.3916
2017-12-19,95.6135,95.3952,104.9417,104.5628,180.5747,180.1207,184.3531,184.5627,101.2534,101.2476,109.3667,108.3562
2017-12-20,95.5763,95.3581,104.9129,104.534,180.526,180.0721,184.4192,184.629,101.2791,101.2732,109.3594,108.3491
2017-12-21,95.5492,95.3311,104.8908,104.5121,180.4961,180.0421,184.4554,184.6652,101.288,101.2821,109.3742,108.3637
2017-12-22,95.5459,95.3278,104.8896,104.5109,180.5102,180.0562,184.5028,184.7127,101.3031,101.2972,109.3991,108.3884
2017-12-25,95.5633,95.3451,104.9366,104.5576,180.6034,180.1494,184.558,184.768,101.2999,101.294,109.4287,108.4177
2017-12-26,95.5322,95.3141,104.909,104.5301,180.5661,180.1121,184.5017,184.7117,101.2569,101.251,109.3953,108.3846
2017-12-27,95.4922,95.2742,104.8771,104.4984,180.5123,180.0583,184.4353,184.6451,101.2083,101.2024,109.3527,108.3424
2017-12-28,95.4884,95.2704,104.8766,104.4979,180.5255,180.0715,184.4373,184.6471,101.198,101.1921,109.3225,108.3125
2017-12-29,95.5168,95.2987,104.9154,104.5365,180.5981,180.1441,184.5196,184.7296,101.2328,101.2269,109.3713,108.3608
2018-01-02,95.5522,95.3341,104.9694,104.5903,180.7445,180.2902,184.6516,184.8618,101.2611,101.2552,109.4432,108.4321
2018-01-03,95.5649,95.3467,104.9948,104.6156,180.7882,180.3338,184.5783,184.7884,101.2087,101.2028,109.3998,108.389
2018-01-04,95.5095,95.2915,104.9468,104.5679,180.7059,180.2517,184.4532,184.6632,101.1273,101.1214,109.3256,108.3156
2018-01-05,95.5674,95.3493,105.0197,104.6405,180.8335,180.379,184.5955,184.8057,101.1956,101.1897,109.41,108.3991
2018-01-08,95.6428,95.4245,105.0922,104.7127,181.0339,180.5789,184.7253,184.9355,101.2339,101.228,109.4041,108.3933
2018-01-09,95.6591,95.4407,105.1209,104.7413,181.0843,180.6292,184.742,184.9523,101.2319,101.226,109.355,108.3447
2018-01-10,95.5954,95.3772,105.0638,104.6844,180.9865,180.5316,184.6697,184.8798,101.18,101.1741,109.284,108.2743
2018-01-11,95.5106,95.2925,104.9754,104.5963,180.8495,180.3948,184.5616,184.7715,101.1081,101.1022,109.218,108.2089
2018-01-12,95.5217,95.3036,104.9831,104.604,180.8904,180.4357,184.6017,184.8117,101.1192,101.1133,109.2405,108.2312
2018-01-15,95.4843,95.2663,104.9715,104.5924,180.8818,180.4271,184.5598,184.7697,101.0615,101.0556,109.2105,108.2015
2018-01-16,95.4807,95.2627,104.9473,104.5683,180.8954,180.4406,184.5649,184.7748,101.053,101.0471,109.2135,108.2045
2018-01-17,95.4305,95.2126,104.9025,104.5237,180.8224,180.3678,184.5151,184.7248,101.0137,101.0078,109.1799,108.1712
2018-01-18,95.3926,95.1748,104.868,104.4893,180.7724,180.3179,184.3672,184.5765,100.9195,100.9136,109.0823,108.0744
2018-01-19,95.4109,95.1931,104.8925,104.5137,180.8267,180.3721,184.4658,184.6754,100.9632,100.9574,109.1347,108.1264
2018-01-22,95.4532,95.2353,104.9425,104.5635,180.9658,180.511,184.4523,184.6619,100.9215,100.9156,109.0637,108.0561
2018-01-23,95.4837,95.2657,104.9832,104.6041,181.0426,180.5877,184.5255,184.7353,100.9511,100.9452,109.1071,108.0991
2018-01-24,95.5017,95.2836,105.0108,104.6316,181.0961,180.6411,184.5495,184.7594,100.9531,100.9472,109.1174,108.1093
2018-01-25,95.4854,95.2674,105.0009,104.6217,181.0862,180.6312,184.6465,184.8566,100.9959,100.99,109.1667,108.1581
2018-01-26,95.5106,95.2926,105.0235,104.6442,181.1532,180.6982,184.6655,184.8757,100.9952,100.9893,109.1745,108.1658
2018-01-29,95.5273,95.3093,105.0663,104.6869,181.2449,180.7898,184.7203,184.9307,100.9916,100.9858,109.2012,108.1923
2018-01-30,95.505,95.287,105.0534,104.6741,181.2238,180.7687,184.7034,184.9138,100.9708,100.9649,109.1912,108.1824
2018-01-31,95.5403,95.3222,105.0989,104.7193,181.3094,180.8542,184.8137,185.0243,101.0211,101.0152,109.2565,108.2471
2018-02-01,95.5589,95.3408,105.1274,104.7478,181.3643,180.909,184.8952,185.106,101.0552,101.0493,109.3009,108.291
2018-02-02,95.5726,95.3544,105.1525,104.7728,181.4099,180.9545,184.9587,185.1696,101.0792,101.0733,109.3384,108.3282
2018-02-05,95.5613,95.3432,105.1621,104.7824,181.4498,180.9943,184.932,185.1428,101.0301,101.0242,109.3226,108.3125
2018-02-06,95.6231,95.4048,105.2398,104.8597,181.5849,181.1291,185.254,185.4653,101.1985,101.1926,109.5114,108.4996
2018-02-07,95.644,95.4256,105.274,104.8939,181.6439,181.188,185.3337,185.5452,101.2316,101.2257,109.5585,108.5463
2018-02-08,95.6498,95.4314,105.292,104.9118,181.675,181.219,185.3871,185.5986,101.25,101.2441,109.5901,108.5776
2018-02-09,95.6546,95.4362,105.3037,104.9235,181.7043,181.2482,185.3944,185.606,101.2427,101.2368,109.5944,108.5819
2018-02-12,95.7068,95.4883,105.3927,105.0121,181.8621,181.4056,185.5348,185.7467,101.2869,101.281,109.6769,108.6636
2018-02-13,95.7161,95.4976,105.4143,105.0336,181.8997,181.4432,185.5553,185.7672,101.2869,101.281,109.6861,108.6727
2018-02-14,95.7222,95.5037,105.4322,105.0515,181.9314,181.4748,185.6292,185.8412,101.3167,101.3108,109.7299,108.716
2018-02-22,95.731,95.5124,105.4664,105.0855,182.1106,181.6536,185.7717,185.9839,101.3047,101.2988,109.7663,108.7521
2018-02-23,95.7415,95.5229,105.4606,105.0797,182.1505,181.6934,185.8183,186.0307,101.3193,101.3134,109.7936,108.7792
2018-02-26,95.8903,95.6714,105.5868,105.2055,182.4882,182.0306,186.1443,186.3575,101.4669,101.461,109.9365,108.9208
2018-02-27,95.9641,95.745,105.6622,105.2807,182.6457,182.1879,186.3505,186.5642,101.5704,101.5645,110.0528,109.036
2018-02-28,96.0082,95.7891,105.7156,105.3338,182.7481,182.2903,186.54,186.7543,101.6648,101.6589,110.1514,109.1337
2018-03-01,96.016,95.7968,105.7325,105.3507,182.7828,182.3249,186.5715,186.7858,101.6708,101.6649,110.1673,109.1494
2018-03-02,96.0037,95.7845,105.7251,105.3433,182.7803,182.3224,186.5654,186.7797,101.6559,101.65,110.1505,109.1328
2018-03-05,95.9709,95.7518,105.7197,105.338,182.7803,182.3224,186.4905,186.7047,101.5796,101.5737,110.0915,109.0743
2018-03-06,95.9569,95.7378,105.7087,105.327,182.7745,182.3167,186.525,186.7392,101.5873,101.5814,110.1053,109.088
2018-03-07,95.9885,95.7693,105.7403,105.3584,182.8538,182.3957,186.6412,186.8556,101.6406,101.6347,110.1702,109.1523
2018-03-08,95.9942,95.775,105.7538,105.3719,182.8848,182.4266,186.7523,186.9668,101.6909,101.685,110.2329,109.2145
2018-03-09,96.0311,95.8119,105.7973,105.4153,182.9738,182.5155,186.8543,187.069,101.7363,101.7303,110.287,109.2681
2018-03-12,96.0476,95.8283,105.8316,105.4494,183.0657,182.6072,187.0152,187.2301,101.7914,101.7854,110.3796,109.3598
2018-03-13,96.0176,95.7984,105.8014,105.4194,183.0303,182.5719,186.9636,187.1784,101.7511,101.7452,110.3479,109.3284
2018-03-14,96.0247,95.8054,105.8084,105.4263,183.0638,182.6053,186.9602,187.1751,101.7377,101.7318,110.3255,109.3062
2018-03-15,96.0186,95.7994,105.7992,105.4171,183.0729,182.6143,186.9719,187.1867,101.7326,101.7267,110.3243,109.305
2018-03-16,96.0237,95.8045,105.8019,105.4198,183.1028,182.6442,186.963,187.1778,101.7162,101.7103,110.2427,109.2241
2018-03-19,96.0176,95.7984,105.783,105.4011,183.1527,182.694,187.0189,187.2339,101.7125,101.7066,110.2275,109.2091
2018-03-20,96.0492,95.8299,105.8026,105.4205,183.2319,182.7731,187.1879,187.4033,101.795,101.7891,110.2817,109.2628
2018-03-21,96.0749,95.8555,105.8309,105.4488,183.3,182.8412,187.2248,187.4402,101.8039,101.798,110.2762,109.2574
2018-03-22,96.1483,95.9288,105.9058,105.5234,183.4571,182.9982,187.4254,187.6415,101.9041,101.8981,110.3593,109.3397
2018-03-23,96.3395,96.1195,106.1044,105.7213,183.8335,183.3745,187.9065,188.124,102.1603,102.1544,110.6312,109.6091
2018-03-26,96.3714,96.1514,106.1443,105.761,183.9543,183.4952,188.0715,188.2895,102.2173,102.2114,110.7152,109.6923
2018-03-27,96.3406,96.1207,106.1181,105.7349,183.9173,183.4582,187.9879,188.2057,102.1592,102.1533,110.6542,109.6319
2018-03-28,96.3563,96.1364,106.1398,105.7565,183.9669,183.5078,188.0218,188.2397,102.1665,102.1605,110.6393,109.6171
2018-03-29,96.3638,96.1438,106.1335,105.7502,184.0012,183.5421,187.9476,188.1652,102.1136,102.1076,110.564,109.5424
2018-03-30,96.4074,96.1873,106.1856,105.8022,184.1028,183.6438,188.0833,188.3014,102.1775,102.1715,110.6394,109.6172
2018-04-02,96.4514,96.2312,106.2551,105.8714,184.2464,183.7871,188.1955,188.4137,102.2049,102.1989,110.6933,109.6706
2018-04-03,96.5127,96.2923,106.292,105.9082,184.3814,183.9218,188.2999,188.5182,102.2512,102.2453,110.7547,109.7314
2018-04-04,96.5679,96.3475,106.3628,105.9787,184.5051,184.0452,188.4461,188.6646,102.3208,102.3148,110.8407,109.8166
2018-04-09,96.7625,96.5416,106.5697,106.1849,184.9711,184.5102,188.9223,189.1418,102.5269,102.521,110.9889,109.9634
2018-04-10,96.7877,96.5668,106.5996,106.2146,185.0388,184.5777,188.9506,189.1702,102.531,102.5251,110.9773,109.9519
2018-04-11,96.8223,96.6013,106.6395,106.2545,185.1238,184.6626,189.0625,189.2824,102.5815,102.5755,110.9798,109.9544
2018-04-12,96.8744,96.6532,106.6951,106.3098,185.2417,184.7802,189.1736,189.3938,102.6315,102.6256,111.0361,110.0102
2018-04-13,96.9496,96.7282,106.7239,106.3385,185.4026,184.9409,189.3668,189.5877,102.7271,102.7212,111.1395,110.1127
2018-04-16,97.0233,96.8019,106.7859,106.4003,185.6021,185.1402,189.7092,189.9315,102.8822,102.8762,111.3205,110.292
2018-04-17,97.107,96.8853,106.8204,106.4347,185.779,185.317,189.8751,190.0981,102.9627,102.9567,111.4003,110.3711
2018-04-18,97.7087,97.4857,107.4646,107.0765,186.9242,186.4625,191.4533,191.6836,103.8273,103.8213,112.3013,111.2638
2018-04-19,97.6341,97.4112,107.3815,106.9938,186.8051,186.3434,191.4151,191.6452,103.7944,103.7883,112.2579,111.2207
2018-04-20,97.6583,97.4353,107.4085,107.0206,186.8709,186.4091,191.4862,191.7167,103.8222,103.8161,112.2913,111.2538
2018-04-23,97.5964,97.3736,107.2911,106.9037,186.8169,186.3551,191.4229,191.653,103.7519,103.7458,112.2431,111.2061
2018-04-24,97.6107,97.3878,107.309,106.9215,186.864,186.4023,191.5113,191.7419,103.7892,103.7832,112.2772,111.2398
2018-04-25,97.6101,97.3873,107.3077,106.9202,186.8834,186.4217,191.397,191.627,103.7141,103.708,112.2016,111.1649
2018-04-26,97.5389,97.3162,107.2293,106.8421,186.7708,186.3089,191.1508,191.3795,103.5657,103.5597,112.0489,111.0136
2018-04-27,97.4874,97.2648,107.173,106.786,186.6949,186.2329,191.0145,191.2425,103.4783,103.4723,111.9511,110.9168
2018-05-02,97.3822,97.1599,107.089,106.7023,186.6004,186.1386,190.9383,191.1664,103.3777,103.3717,111.8803,110.8466
2018-05-03,97.4342,97.2118,107.1525,106.7655,186.7186,186.2566,191.0985,191.3269,103.4545,103.4485,111.9682,110.9337
2018-05-04,97.4447,97.2223,107.141,106.7541,186.7589,186.2968,191.3022,191.5308,103.5554,103.5494,112.0876,111.052
2018-05-07,97.3967,97.1744,107.1208,106.7339,186.7305,186.2685,191.1009,191.3293,103.409,103.403,111.9696,110.9351
2018-05-08,97.2862,97.0641,107.0084,106.622,186.5435,186.0818,190.8246,191.0525,103.2446,103.2386,111.7932,110.7603
2018-05-09,97.1814,96.9596,106.8952,106.5092,186.3674,185.906,190.516,190.7435,103.0623,103.0563,111.6114,110.5802
2018-05-10,97.1706,96.9487,106.8903,106.5043,186.3677,185.9063,190.557,190.7845,103.0732,103.0672,111.6313,110.6
2018-05-11,97.1716,96.9497,106.9011,106.5151,186.3902,185.9287,190.6485,190.8761,103.1121,103.1061,111.6849,110.6531
2018-05-14,97.1386,96.9169,106.8866,106.5006,186.3901,185.9287,190.6532,190.8809,103.0795,103.0735,111.659,110.6274
2018-05-15,97.0768,96.8552,106.8178,106.4321,186.2946,185.8333,190.5368,190.7642,103.0034,102.9974,111.5908,110.5598
2018-05-16,97.0336,96.8121,106.7788,106.3933,186.234,185.7728,190.48,190.7073,102.9603,102.9543,111.5418,110.5113
2018-05-17,97.0062,96.7848,106.75,106.3646,186.2032,185.742,190.3944,190.6215,102.9012,102.8952,111.4871,110.4571
2018-05-18,96.9871,96.7657,106.735,106.3496,186.1879,185.7268,190.3472,190.5742,102.8634,102.8574,111.4459,110.4162
2018-05-21,97.0097,96.7883,106.7691,106.3836,186.2921,185.8308,190.5497,190.7772,102.9401,102.9341,111.5448,110.5142
2018-05-22,97.0465,96.825,106.8059,106.4203,186.3817,185.9204,190.7358,190.9637,103.0312,103.0252,111.6454,110.6139
2018-05-23,97.0796,96.858,106.8425,106.4567,186.4645,186.0031,190.8502,191.0784,103.0826,103.0766,111.6688,110.637
2018-05-24,97.0952,96.8735,106.8418,106.456,186.5143,186.0528,191.0371,191.2658,103.1742,103.1682,111.7575,110.725
2018-05-25,97.1324,96.9107,106.8774,106.4915,186.6048,186.1433,191.1741,191.4032,103.2381,103.2321,111.8329,110.7997
2018-05-28,97.1242,96.9025,106.8837,106.4977,186.6509,186.1894,191.2537,191.4829,103.2467,103.2406,111.8325,110.7993
2018-05-29,97.1099,96.8882,106.8716,106.4857,186.6446,186.183,191.1767,191.4057,103.1923,103.1863,111.7874,110.7546
2018-05-30,97.1285,96.9068,106.8867,106.5007,186.7002,186.2386,191.3039,191.5333,103.2508,103.2448,111.8603,110.8268
2018-05-31,97.0677,96.8461,106.8235,106.4378,186.6064,186.1449,191.0492,191.2777,103.0983,103.0923,111.6941,110.6621
2018-06-01,97.0126,96.7911,106.7623,106.3767,186.5231,186.0617,191.0891,191.3177,103.1085,103.1025,111.7069,110.6748
2018-06-04,96.9706,96.7492,106.7371,106.3517,186.5057,186.0444,190.9365,191.165,102.9889,102.9829,111.6104,110.5793
2018-06-05,96.9103,96.689,106.6739,106.2887,186.4127,185.9516,190.918,191.1464,102.9669,102.9609,111.5817,110.5508
2018-06-06,96.8636,96.6425,106.6231,106.2381,186.3453,185.8844,190.892,191.1204,102.9408,102.9348,111.5409,110.5104
2018-06-07,96.8438,96.6227,106.5802,106.1953,186.3286,185.8677,190.8242,191.0524,102.8915,102.8855,111.4687,110.4388
2018-06-08,96.9296,96.7083,106.6628,106.2777,186.5108,186.0496,191.0451,191.2737,103.0014,102.9954,111.5808,110.5499
2018-06-11,96.8859,96.6647,106.628,106.243,186.4903,186.0291,190.9648,191.1933,102.9217,102.9157,111.5042,110.474
2018-06-12,96.8109,96.5899,106.5531,106.1684,186.3697,185.9086,190.8186,191.0468,102.8293,102.8233,111.3802,110.3512
2018-06-13,96.8313,96.6103,106.555,106.1702,186.4287,185.9675,190.9014,191.1298,102.8631,102.8571,111.4072,110.3779
2018-06-14,96.8612,96.6401,106.578,106.1931,186.5056,186.0443,191.006,191.2346,102.9089,102.9029,111.4523,110.4226
2018-06-15,96.9073,96.6861,106.6246,106.2396,186.6131,186.1518,191.1976,191.4267,103.0025,102.9966,111.5516,110.521
2018-06-19,96.9721,96.7508,106.6643,106.2791,186.8174,186.3559,191.5065,191.7365,103.125,103.1191,111.6066,110.5754
2018-06-20,96.9692,96.7479,106.6521,106.267,186.8325,186.3709,191.4626,191.6924,103.089,103.083,111.5594,110.5287
2018-06-21,97.0037,96.7823,106.6798,106.2946,186.918,186.4565,191.6377,191.8681,103.1734,103.1674,111.6301,110.5987
2018-06-22,97.0406,96.8191,106.7261,106.3407,187.0081,186.5466,191.746,191.9769,103.2212,103.2152,111.6025,110.5714
2018-06-25,97.0238,96.8023,106.7106,106.3253,187.0379,186.5765,191.7469,191.9777,103.1858,103.1798,111.5921,110.5611
2018-06-26,97.0262,96.8047,106.7236,106.3382,187.0631,186.6016,191.745,191.9758,103.1728,103.1668,111.5905,110.5595
2018-06-27,97.0405,96.819,106.7469,106.3614,187.1106,186.6492,191.8087,192.0398,103.196,103.19,111.6213,110.59
2018-06-28,97.1108,96.8891,106.8293,106.4436,187.2637,186.8024,192.1359,192.3685,103.3641,103.3581,111.8081,110.7751
2018-06-29,97.2464,97.0244,106.9748,106.5885,187.5399,187.0787,192.5319,192.7664,103.5701,103.564,112.0327,110.9976
2018-07-02,97.3336,97.1114,107.0907,106.704,187.7667,187.305,192.7395,192.9743,103.6481,103.642,112.1506,111.1144
2018-07-03,97.4137,97.1914,107.1596,106.7726,187.9388,187.4767,192.8678,193.1027,103.7065,103.7004,112.2252,111.1884
2018-07-04,97.4195,97.1971,107.1753,106.7883,187.9703,187.5081,192.9004,193.1354,103.7124,103.7063,112.242,111.205
2018-07-05,97.5036,97.281,107.2585,106.8712,188.15,187.6874,193.0146,193.2497,103.763,103.757,112.2843,111.2469
2018-07-06,97.5598,97.3371,107.3215,106.934,188.277,187.8141,193.1051,193.3404,103.8007,103.7946,112.332,111.2941
2018-07-09,97.5762,97.3534,107.315,106.9275,188.3699,187.9068,193.1417,193.377,103.7849,103.7789,112.3134,111.2757
2018-07-10,97.5469,97.3243,107.2323,106.8451,188.3352,187.8722,193.129,193.3643,103.766,103.76,112.2813,111.2439
2018-07-11,97.6019,97.3791,107.2967,106.9092,188.4598,187.9967,193.297,193.5326,103.8462,103.8401,112.3635,111.3254
2018-07-12,97.6338,97.411,107.3258,106.9383,188.5409,188.0777,193.3148,193.5504,103.844,103.8379,112.35,111.3119
2018-07-13,97.7084,97.4854,107.3601,106.9724,188.7026,188.2393,193.5057,193.7418,103.9367,103.9306,112.4291,111.3904
2018-07-16,97.7642,97.541,107.4406,107.0526,188.8703,188.407,193.7229,193.9596,104.0199,104.0138,112.5095,111.47
2018-07-17,97.739,97.5159,107.4061,107.0182,188.8434,188.38,193.737,193.9737,104.0157,104.0097,112.5028,111.4634
2018-07-18,97.7923,97.569,107.4617,107.0737,188.9648,188.5015,193.8836,194.1208,104.0842,104.0781,112.5437,111.5039
2018-07-19,97.9001,97.6766,107.5789,107.1905,189.1895,188.7263,194.1303,194.3684,104.2074,104.2014,112.6692,111.6282
2018-07-20,97.929,97.7054,107.6084,107.2199,189.2649,188.8017,194.1721,194.4104,104.2184,104.2124,112.674,111.633
2018-07-23,97.9638,97.7401,107.6666,107.2778,189.3927,188.9296,194.2035,194.4419,104.1999,104.1938,112.6673,111.6264
2018-07-24,97.9319,97.7083,107.6344,107.2457,189.3531,188.89,193.9738,194.2112,104.0621,104.0561,112.4897,111.4504
2018-07-25,97.9255,97.7019,107.6266,107.238,189.3616,188.8985,193.8886,194.1257,104.0035,103.9975,112.4218,111.3831
2018-07-26,98.0097,97.7859,107.7171,107.3281,189.5417,189.0787,193.985,194.2225,104.0445,104.0384,112.474,111.4349
2018-07-27,98.0726,97.8487,107.7695,107.3804,189.6815,189.2187,194.1015,194.3395,104.0963,104.0903,112.5315,111.4918
2018-07-30,98.1657,97.9416,107.8918,107.5022,189.9198,189.4573,194.293,194.5319,104.1655,104.1594,112.6368,111.5962
2018-07-31,98.2867,98.0623,108.0264,107.6363,190.1696,189.7073,194.5522,194.7922,104.2956,104.2895,112.7814,111.7394
2018-08-01,98.3684,98.1438,108.1068,107.7165,190.3457,189.883,194.9227,195.1631,104.4859,104.4798,112.9703,111.9265
2018-08-02,98.426,98.2013,108.1762,107.7856,190.4759,190.013,195.098,195.3386,104.5696,104.5635,113.0615,112.0169
2018-08-03,98.5318,98.3069,108.2934,107.9023,190.6978,190.2343,195.4122,195.6533,104.7292,104.7231,113.2319,112.1857
2018-08-06,98.6453,98.4201,108.4335,108.0419,190.9758,190.5117,195.6399,195.8813,104.8176,104.8115,113.3522,112.305
2018-08-07,98.7428,98.5174,108.5232,108.1313,191.182,190.7175,195.9029,196.1447,104.9492,104.9431,113.4991,112.4504
2018-08-08,98.6199,98.3947,108.3939,108.0025,190.9691,190.505,195.4966,195.7377,104.7156,104.7095,113.2315,112.1854
2018-08-09,98.4134,98.1887,108.1637,107.7731,190.5974,190.1341,195.0663,195.3067,104.4688,104.4628,112.9669,111.9232
2018-08-10,98.3218,98.0973,108.0627,107.6725,190.444,189.9809,194.9214,195.1615,104.3778,104.3717,112.868,111.8252
2018-08-13,98.1381,97.9141,107.8835,107.4939,190.1572,189.6946,194.6042,194.8436,104.1689,104.1628,112.6617,111.6208
2018-08-14,98.158,97.934,107.9114,107.5217,190.2159,189.7532,194.7019,194.9416,104.2103,104.2042,112.7008,111.6596
2018-08-15,98.1566,97.9325,107.9168,107.5271,190.2339,189.7712,194.6927,194.9324,104.1933,104.1872,112.6939,111.6527
2018-08-16,98.0662,97.8424,107.8258,107.4364,190.0829,189.6204,194.5794,194.8187,104.1195,104.1134,112.6167,111.5762
2018-08-17,97.9318,97.7082,107.6899,107.3011,189.8481,189.3859,194.4043,194.6432,104.012,104.0059,112.5126,111.4731
2018-08-20,97.8568,97.6334,107.6263,107.2377,189.7678,189.3057,194.1527,194.3911,103.8388,103.8328,112.3385,111.3006
2018-08-21,97.744,97.5208,107.491,107.1029,189.574,189.1122,193.9402,194.1779,103.7109,103.7049,112.0778,111.0423
2018-08-22,97.8253,97.6019,107.5803,107.1918,189.7494,189.2874,194.1187,194.3571,103.7963,103.7903,112.1317,111.0957
2018-08-23,97.9849,97.7612,107.7013,107.3123,190.0737,189.6114,194.3924,194.632,103.9337,103.9277,112.2652,111.228
2018-08-24,97.9935,97.7698,107.7059,107.3169,190.1108,189.6484,194.4758,194.7156,103.9672,103.9611,112.3016,111.2641
2018-08-27,97.9378,97.7143,107.6658,107.277,190.0671,189.6048,194.446,194.6857,103.915,103.9089,112.2748,111.2375
2018-08-28,97.9061,97.6826,107.6327,107.2441,190.0275,189.5651,194.3429,194.5822,103.8467,103.8407,112.2132,111.1765
2018-08-29,97.9175,97.6939,107.6507,107.2619,190.0699,189.6076,194.3542,194.5935,103.8409,103.8349,112.2141,111.1773
2018-08-30,97.952,97.7284,107.6845,107.2957,190.1562,189.6939,194.5418,194.7819,103.9312,103.9252,112.3195,111.2818
2018-08-31,98.0106,97.7868,107.7527,107.3636,190.2885,189.8262,194.6144,194.8549,103.9588,103.9528,112.3582,111.3202
2018-09-03,97.9549,97.7312,107.6759,107.2871,190.2444,189.7822,194.5175,194.7578,103.87,103.8639,112.2813,111.2439
2018-09-04,97.9209,97.6974,107.6421,107.2534,190.2004,189.7383,194.4077,194.6479,103.7982,103.7922,112.2066,111.1699
2018-09-05,97.9022,97.6787,107.626,107.2374,190.1855,189.7234,194.4194,194.6596,103.7925,103.7865,112.2046,111.1679
2018-09-06,97.8848,97.6614,107.6088,107.2202,190.173,189.711,194.4328,194.673,103.7877,103.7817,112.2031,111.1664
2018-09-07,97.8686,97.6452,107.5972,107.2087,190.1629,189.7008,194.4252,194.6654,103.7715,103.7655,112.1958,111.1592
2018-09-10,97.7569,97.5338,107.4978,107.1097,190.0121,189.5503,194.2873,194.5273,103.6604,103.6544,112.0983,111.0627
2018-09-11,97.7036,97.4805,107.4379,107.05,189.931,189.4694,194.1147,194.3541,103.5545,103.5485,111.9833,110.9487
2018-09-12,97.7357,97.5125,107.4694,107.0813,190.013,189.5512,194.2565,194.4964,103.6196,103.6136,112.0582,111.0228
2018-09-13,97.7667,97.5435,107.5112,107.123,190.093,189.6311,194.3559,194.5961,103.6616,103.6556,112.1113,111.0754
2018-09-14,97.7909,97.5676,107.546,107.1576,190.1598,189.6979,194.4374,194.6778,103.6939,103.6879,112.1509,111.1147
2018-09-17,97.8384,97.6151,107.5963,107.2077,190.3128,189.8506,194.5976,194.8387,103.745,103.739,112.2137,111.1769
2018-09-18,97.8545,97.6311,107.5991,107.2105,190.3641,189.9019,194.6379,194.8792,103.7549,103.7489,112.2025,111.1658
2018-09-19,97.8571,97.6337,107.5818,107.1933,190.3899,189.9277,194.6556,194.8969,103.7525,103.7465,112.2083,111.1716
2018-09-20,97.8231,97.5998,107.539,107.1507,190.3458,189.8835,194.5471,194.788,103.6815,103.6755,112.1101,111.0743
2018-09-21,97.8406,97.6173,107.5607,107.1723,190.3999,189.9377,194.6359,194.8771,103.7178,103.7118,112.0791,111.0436
2018-09-25,97.8642,97.6408,107.6108,107.2222,190.5279,190.0656,194.7395,194.9814,103.7261,103.7201,112.1181,111.0822
2018-09-26,97.8942,97.6707,107.6493,107.2606,190.6058,190.1435,194.8595,195.102,103.7793,103.7733,112.1802,111.1438
2018-09-27,97.9379,97.7143,107.7054,107.3164,190.7101,190.2477,195.0327,195.2762,103.8615,103.8554,112.2772,111.2399
2018-09-28,97.9966,97.7728,107.772,107.3828,190.8428,190.3804,195.1674,195.4117,103.9227,103.9166,112.348,111.31
2018-10-08,98.0078,97.7841,107.8907,107.5011,191.0722,190.6093,195.4313,195.676,103.9452,103.9392,112.4951,111.4558
2018-10-09,98.0171,97.7933,107.9124,107.5228,191.1108,190.6478,195.4871,195.7318,103.9634,103.9573,112.4967,111.4573
2018-10-10,98.0572,97.8334,107.9645,107.5747,191.2084,190.7452,195.6149,195.8598,104.0205,104.0144,112.5702,111.5302
2018-10-11,98.1542,97.9301,108.0742,107.684,191.4148,190.9511,195.9087,196.1541,104.1674,104.1614,112.7243,111.6829
2018-10-12,98.1818,97.9577,108.1089,107.7185,191.4884,191.0245,196.0425,196.288,104.2278,104.2217,112.7956,111.7535
2018-10-15,98.1897,97.9655,108.1462,107.7557,191.5659,191.1018,196.1068,196.3525,104.2265,104.2204,112.8057,111.7634
2018-10-16,98.2219,97.9976,108.1821,107.7914,191.6484,191.1841,196.1669,196.4127,104.247,104.241,112.8329,111.7905
2018-10-17,98.244,98.0197,108.2096,107.8188,191.7116,191.2472,196.2145,196.4604,104.2608,104.2547,112.8396,111.797
2018-10-18,98.2974,98.073,108.2731,107.8821,191.8345,191.3699,196.5448,196.7914,104.4275,104.4214,113.0193,111.9751
2018-10-19,98.3267,98.1023,108.2839,107.8929,191.9116,191.4468,196.5805,196.8272,104.4348,104.4287,113.0298,111.9855
2018-10-22,98.3133,98.0889,108.2477,107.8569,191.9484,191.4836,196.5966,196.8433,104.4075,104.4014,113.019,111.9748
2018-10-23,98.3201,98.0956,108.2324,107.8416,191.9823,191.5174,196.6772,196.9241,104.4391,104.4331,113.0613,112.0167
2018-10-24,98.3526,98.1281,108.256,107.865,192.0654,191.6005,196.8045,197.0517,104.496,104.4899,113.1005,112.0555
2018-10-25,98.3978,98.1732,108.3133,107.9221,192.1729,191.7079,196.9654,197.2131,104.571,104.5649,113.1842,112.1385
2018-10-26,98.4184,98.1938,108.3306,107.9395,192.2332,191.7681,197.0978,197.3457,104.6306,104.6245,113.2517,112.2053
2018-10-29,98.5392,98.3142,108.4755,108.0838,192.5271,192.0618,197.4548,197.7037,104.7877,104.7816,113.4395,112.3915
2018-10-30,98.5756,98.3506,108.5207,108.1288,192.6177,192.1525,197.5294,197.7785,104.8161,104.81,113.4816,112.4331
2018-10-31,98.5709,98.3458,108.5201,108.1282,192.6295,192.1642,197.5509,197.8001,104.8157,104.8096,113.4839,112.4354
2018-11-01,98.5767,98.3516,108.5218,108.1299,192.6616,192.1962,197.7069,197.9563,104.8879,104.8818,113.5451,112.496
2018-11-02,98.5417,98.3168,108.4922,108.1005,192.6154,192.1502,197.5774,197.8266,104.806,104.7999,113.4681,112.4197
2018-11-05,98.5435,98.3185,108.5104,108.1186,192.6816,192.2162,197.6291,197.8784,104.798,104.7919,113.4454,112.3972
2018-11-06,98.5774,98.3524,108.5375,108.1456,192.7677,192.3021,197.827,198.0766,104.8928,104.8867,113.5523,112.5031
2018-11-07,98.6584,98.4332,108.6084,108.2162,192.9441,192.4782,197.9993,198.2493,104.9738,104.9677,113.6391,112.5892
2018-11-08,98.6889,98.4637,108.647,108.2547,193.0236,192.5575,198.0918,198.3419,105.0117,105.0056,113.6858,112.6355
2018-11-09,98.7228,98.4974,108.6501,108.2578,193.1095,192.6432,198.1664,198.4167,105.04,105.0339,113.722,112.6713
2018-11-12,98.7254,98.5,108.6746,108.2821,193.1773,192.711,198.2804,198.531,105.0656,105.0595,113.7654,112.7143
2018-11-13,98.7483,98.5229,108.7062,108.3136,193.2421,192.7757,198.3866,198.6375,105.1109,105.1048,113.8235,112.7718
2018-11-14,98.9259,98.7,108.9016,108.5083,193.6039,193.1371,198.9556,199.2078,105.406,105.3999,114.1415,113.0869
2018-11-15,98.9483,98.7224,108.929,108.5357,193.6679,193.201,199.0559,199.3083,105.4481,105.442,114.1847,113.1298
2018-11-16,99.0299,98.8039,109.016,108.6223,193.8456,193.3785,199.3864,199.6397,105.6145,105.6084,114.366,113.3094
2018-11-19,99.0585,98.8324,109.0383,108.6446,193.9632,193.496,199.6653,199.9192,105.7289,105.7227,114.5049,113.447
2018-11-20,99.0598,98.8337,109.0247,108.6311,193.9867,193.5195,199.6627,199.9166,105.7154,105.7093,114.4684,113.4108
2018-11-21,99.0816,98.8554,109.0516,108.6579,194.0494,193.5821,199.7908,200.0451,105.7725,105.7664,114.539,113.4807
2018-11-22,99.0629,98.8368,109.0116,108.618,194.0344,193.5672,199.7768,200.0311,105.7529,105.7468,114.5249,113.4668
2018-11-23,99.0672,98.841,109.0016,108.608,194.0635,193.5963,199.7561,200.0103,105.7297,105.7236,114.5047,113.4468
2018-11-26,99.073,98.8468,109.022,108.6283,194.1374,193.6702,199.866,200.1206,105.7529,105.7468,114.5647,113.5062
2018-11-27,99.0488,98.8227,108.9913,108.5977,194.1119,193.6447,199.8086,200.063,105.7099,105.7038,114.5208,113.4627
2018-11-28,99.0341,98.808,108.9806,108.587,194.1046,193.6373,199.8686,200.1231,105.7302,105.7241,114.5515,113.4932
2018-11-29,99.0969,98.8706,109.0513,108.6575,194.246,193.7788,200.0683,200.3235,105.8259,105.8198,114.663,113.6036
2018-11-30,99.1257,98.8995,109.0822,108.6883,194.3224,193.8553,200.1447,200.4002,105.8551,105.849,114.7025,113.6427
2018-12-03,99.1344,98.9081,109.1202,108.7262,194.402,193.9347,200.2488,200.5045,105.8751,105.8689,114.7562,113.6959
2018-12-04,99.2172,98.9907,109.218,108.8236,194.5824,194.1146,200.6429,200.8991,106.0752,106.069,114.981,113.9186
2018-12-05,99.3177,99.091,109.323,108.9282,194.7969,194.3287,200.8012,201.0576,106.1484,106.1422,115.0486,113.9856
2018-12-06,99.3445,99.1177,109.3613,108.9664,194.8695,194.4012,200.9588,201.2154,106.2211,106.2149,115.1374,114.0737
2018-12-07,99.3998,99.1729,109.4242,109.0291,194.9972,194.5285,201.1554,201.4123,106.3149,106.3087,115.2443,114.1795
2018-12-10,99.4756,99.2485,109.5326,109.137,195.2061,194.737,201.3868,201.644,106.4034,106.3972,115.3596,114.2938
2018-12-11,99.4787,99.2516,109.5437,109.1482,195.2331,194.7639,201.4676,201.725,106.4348,106.4286,115.3884,114.3223
2018-12-12,99.4749,99.2478,109.5472,109.1516,195.2469,194.7777,201.5535,201.811,106.469,106.4628,115.4159,114.3495
2018-12-13,99.3584,99.1316,109.4217,109.0266,195.0434,194.5746,201.2988,201.5559,106.32,106.3138,115.2677,114.2028
2018-12-14,99.3295,99.1028,109.3976,109.0026,195.0088,194.5401,201.301,201.558,106.3091,106.3029,115.2665,114.2016
2018-12-17,99.271,99.0443,109.3606,108.9657,194.959,194.4904,201.0933,201.3499,106.1613,106.1552,115.1332,114.0695
2018-12-18,99.2459,99.0194,109.3415,108.9467,194.9318,194.4632,201.1026,201.3593,106.1544,106.1482,115.1148,114.0513
2018-12-19,99.2748,99.0482,109.3819,108.9869,195.0085,194.5398,201.2107,201.4676,106.2005,106.1943,115.1412,114.0774
2018-12-20,99.3785,99.1517,109.4827,109.0874,195.2293,194.7603,201.3401,201.5973,106.2581,106.2519,115.2153,114.1508
2018-12-21,99.3909,99.164,109.5039,109.1085,195.274,194.805,201.4816,201.7392,106.3222,106.316,115.2515,114.1867
2018-12-24,99.3526,99.1257,109.4937,109.0983,195.2633,194.7942,201.518,201.7757,106.3058,106.2996,115.2652,114.2003
2018-12-25,99.3633,99.1365,109.5165,109.121,195.305,194.8359,201.4743,201.7318,106.2702,106.2641,115.2396,114.1749
2018-12-26,99.3607,99.1339,109.5207,109.1253,195.321,194.8519,201.54,201.7978,106.2936,106.2874,115.2752,114.2101
2018-12-27,99.4192,99.1922,109.5951,109.1994,195.4547,194.9855,201.7728,202.0313,106.4068,106.4007,115.3985,114.3323
2018-12-28,99.5621,99.3348,109.7459,109.3497,195.751,195.2815,202.2868,202.5468,106.6714,106.6652,115.6918,114.6229
2019-01-02,99.6641,99.4366,109.8892,109.4924,196.053,195.5828,202.731,202.9918,106.8499,106.8437,115.9415,114.8703
2019-01-03,99.793,99.5652,110.0403,109.6429,196.3228,195.8519,202.971,203.2321,106.9668,106.9606,116.0784,115.0059
2019-01-04,99.8755,99.6475,110.1413,109.7436,196.503,196.0317,203.2455,203.5069,107.1022,107.0959,116.2353,115.1614
2019-01-07,99.9424,99.7142,110.193,109.7951,196.6951,196.2233,203.34,203.6015,107.1169,107.1106,116.2317,115.1578
2019-01-08,100.1246,99.896,110.4003,110.0017,197.0677,196.5953,203.9157,204.1783,107.414,107.4078,116.5569,115.4801
2019-01-09,100.1803,99.9516,110.4717,110.0728,197.1963,196.7236,204.0073,204.27,107.4512,107.445,116.5547,115.4778
2019-01-10,100.2226,99.9938,110.5168,110.1178,197.2988,196.8259,204.1414,204.4044,107.5112,107.5049,116.6296,115.552
2019-01-11,100.231,100.0022,110.5315,110.1324,197.336,196.8631,204.2567,204.52,107.5611,107.5548,116.6955,115.6173
2019-01-14,100.2,99.9712,110.53,110.1308,197.3393,196.8664,204.1762,204.4393,107.4817,107.4755,116.5203,115.4438
2019-01-15,100.2028,99.974,110.5439,110.1447,197.3658,196.8928,204.1286,204.3916,107.4442,107.4379,116.4913,115.415
2019-01-16,100.3152,100.0862,110.6709,110.2713,197.6036,197.1304,204.4607,204.7246,107.6104,107.6042,116.6543,115.5765
2019-01-17,100.3921,100.163,110.7637,110.3637,197.7732,197.2997,204.6145,204.8789,107.6809,107.6747,116.7385,115.6599
2019-01-18,100.3415,100.1124,110.6879,110.2882,197.6964,197.223,204.4378,204.7016,107.574,107.5677,116.6364,115.5588
2019-01-21,100.3048,100.0758,110.6514,110.2519,197.6888,197.2154,204.4255,204.6893,107.5314,107.5252,116.6204,115.5429
2019-01-22,100.2674,100.0386,110.6017,110.2023,197.6379,197.1645,204.3659,204.6295,107.4874,107.4812,116.5839,115.5068
2019-01-23,100.2543,100.0254,110.5968,110.1974,197.6336,197.1602,204.4252,204.6889,107.5072,107.501,116.6178,115.5404
2019-01-24,100.239,100.0102,110.5502,110.151,197.6252,197.1518,204.3705,204.6341,107.4659,107.4596,116.5833,115.5062
2019-01-25,100.1391,99.9105,110.4517,110.0529,197.4534,196.9801,204.1972,204.4602,107.3608,107.3546,116.4803,115.4042
2019-01-28,100.1204,99.8918,110.4585,110.0596,197.4805,197.0071,204.1719,204.4348,107.3112,107.305,116.4571,115.3812
2019-01-29,100.1704,99.9418,110.4873,110.0883,197.5981,197.1247,204.3273,204.5908,107.3826,107.3764,116.546,115.4692
2019-01-30,100.2147,99.9859,110.5465,110.1474,197.7045,197.2312,204.4868,204.7509,107.4563,107.45,116.6366,115.559
2019-01-31,100.2455,100.0167,110.5903,110.1909,197.785,197.3118,204.5848,204.8492,107.4969,107.4906,116.6916,115.6135
2019-02-01,100.2651,100.0362,110.6147,110.2153,197.8439,197.3706,204.6223,204.8868,107.505,107.4987,116.7124,115.6341
2019-02-11,100.3016,100.0726,110.7585,110.3586,198.1255,197.6515,204.9507,205.2156,107.5611,107.5548,116.8005,115.7214
2019-02-12,100.34,100.111,110.8114,110.4113,198.221,197.7468,205.0225,205.2875,107.5876,107.5813,116.8409,115.7614
2019-02-13,100.3352,100.1062,110.8169,110.4167,198.2327,197.7585,205.0244,205.2894,107.5766,107.5704,116.8393,115.7598
2019-02-14,100.3315,100.1024,110.8246,110.4244,198.2466,197.7723,204.9826,205.2475,107.5422,107.536,116.8154,115.7362
2019-02-15,100.3446,100.1155,110.8496,110.4493,198.293,197.8187,205.0398,205.3048,107.5609,107.5546,116.848,115.7685
2019-02-18,100.2925,100.0636,110.828,110.4278,198.2556,197.7814,204.9278,205.1926,107.4651,107.4588,116.7826,115.7037
2019-02-19,100.2824,100.0535,110.8246,110.4244,198.2571,197.7828,204.8986,205.1633,107.4375,107.4312,116.7639,115.6852
2019-02-20,100.2846,100.0556,110.8387,110.4384,198.2823,197.808,204.9559,205.2208,107.4562,107.45,116.7952,115.7161
2019-02-21,100.2696,100.0407,110.8236,110.4235,198.2744,197.8001,204.8944,205.1591,107.4113,107.4051,116.7567,115.678
2019-02-22,100.2379,100.009,110.7825,110.3825,198.2342,197.7599,204.8478,205.1125,107.3745,107.3682,116.7286,115.6502
2019-02-25,100.1241,99.8955,110.6414,110.2419,198.0773,197.6033,204.5439,204.8076,107.176,107.1697,116.5501,115.4733
2019-02-26,99.9837,99.7555,110.4827,110.0838,197.8268,197.3531,204.2155,204.4783,106.9883,106.9821,116.3621,115.287
2019-02-27,99.9939,99.7657,110.4904,110.0914,197.8676,197.3939,204.3535,204.6167,107.0502,107.044,116.385,115.3097
2019-02-28,99.9818,99.7535,110.4823,110.0833,197.8651,197.3914,204.268,204.5309,106.9926,106.9864,116.3229,115.2482
2019-03-01,99.9008,99.6728,110.406,110.0073,197.7294,197.256,204.0208,204.2834,106.8487,106.8425,116.1786,115.1052
2019-03-04,99.8299,99.602,110.3536,109.9551,197.6552,197.182,203.9485,204.211,106.7745,106.7682,116.1287,115.0558
2019-03-05,99.7571,99.5294,110.2835,109.8852,197.5352,197.0623,203.8755,204.1379,106.7236,106.7174,116.0871,115.0146
2019-03-06,99.7272,99.4995,110.2568,109.8587,197.4983,197.0254,203.7526,204.0148,106.6461,106.6399,116.015,114.9431
2019-03-07,99.7789,99.5511,110.3204,109.922,197.6195,197.1465,203.9887,204.2512,106.7603,106.7541,116.1487,115.0756
2019-03-08,99.8513,99.6234,110.4001,110.0014,197.7811,197.3077,204.0746,204.3373,106.7943,106.7881,116.1328,115.0598
2019-03-11,99.8491,99.6211,110.4154,110.0167,197.84,197.3664,204.0844,204.3471,106.7639,106.7577,116.1271,115.0542
2019-03-12,99.8073,99.5795,110.3788,109.9803,197.7801,197.3067,204.0445,204.3071,106.7308,106.7246,116.1042,115.0315
2019-03-13,99.7919,99.5641,110.3648,109.9663,197.7713,197.2979,203.9979,204.2604,106.6941,106.6879,116.0757,115.0033
2019-03-14,99.7561,99.5284,110.3239,109.9255,197.7231,197.2497,203.9587,204.2211,106.6613,106.655,116.0325,114.9604
2019-03-15,99.7718,99.544,110.335,109.9366,197.7745,197.301,203.9529,204.2153,106.6463,106.6401,116.0241,114.9521
2019-03-18,99.7395,99.5118,110.2632,109.8651,197.7751,197.3016,203.9646,204.227,106.6169,106.6107,115.9858,114.9141
2019-03-19,99.7312,99.5035,110.2606,109.8624,197.78,197.3065,203.965,204.2274,106.6053,106.5991,115.9661,114.8947
2019-03-20,99.7146,99.487,110.2273,109.8293,197.7688,197.2954,203.9565,204.2189,106.5889,106.5827,115.9259,114.8548
2019-03-21,99.7136,99.486,110.2299,109.8319,197.7879,197.3145,204.0376,204.3002,106.6203,106.6141,115.9508,114.8795
2019-03-22,99.7501,99.5224,110.2522,109.8541,197.8797,197.4063,204.1228,204.3857,106.6539,106.6477,115.993,114.9213
2019-03-25,99.8151,99.5872,110.2816,109.8833,198.0686,197.5951,204.311,204.5745,106.7188,106.7126,116.0889,115.0163
2019-03-26,99.8536,99.6257,110.3307,109.9323,198.1642,197.6909,204.5014,204.7655,106.8085,106.8023,116.1964,115.1229
2019-03-27,99.8564,99.6284,110.3391,109.9406,198.1906,197.7172,204.5092,204.7732,106.8008,106.7946,116.1932,115.1197
2019-03-28,99.8777,99.6497,110.3644,109.9658,198.253,197.7797,204.5317,204.7958,106.801,106.7948,116.1908,115.1173
2019-03-29,99.8995,99.6714,110.377,109.9784,198.3161,197.8428,204.5435,204.8077,106.7955,106.7893,116.1968,115.1232
2019-04-01,99.7751,99.5473,110.2645,109.8664,198.1373,197.6645,204.0777,204.3413,106.512,106.5058,115.9243,114.8533
2019-04-02,99.7033,99.4757,110.1946,109.7967,198.0187,197.5462,203.9221,204.1855,106.4174,106.4112,115.7368,114.6675
2019-04-03,99.5261,99.2989,110.0129,109.6157,197.695,197.2231,203.4963,203.7588,106.1789,106.1728,115.4913,114.4243
2019-04-04,99.3963,99.1694,109.8731,109.4764,197.4636,196.9923,203.3755,203.6377,106.1028,106.0967,115.4133,114.347
2019-04-08,99.3967,99.1698,109.9051,109.5082,197.5485,197.077,203.4308,203.6931,106.0853,106.0792,115.2403,114.1756
2019-04-09,99.2824,99.0558,109.7899,109.3935,197.3473,196.8761,203.153,203.4143,105.9258,105.9196,115.0577,113.9947
2019-04-10,99.2881,99.0614,109.7982,109.4017,197.3793,196.908,203.171,203.4323,105.9237,105.9175,115.04,113.9771
2019-04-11,99.307,99.0803,109.8098,109.4132,197.4372,196.9658,203.3852,203.6474,106.026,106.0198,115.1428,114.079
2019-04-12,99.308,99.0813,109.7972,109.4007,197.4602,196.9888,203.3019,203.5638,105.97,105.9638,115.0909,114.0276
2019-04-15,99.1112,98.8849,109.5922,109.1965,197.1404,196.6694,202.8821,203.1422,105.7116,105.7054,114.7228,113.6628
2019-04-16,98.9837,98.7577,109.4392,109.044,196.9134,196.4425,202.6926,202.9517,105.5991,105.5929,114.6112,113.5523
2019-04-17,98.9657,98.7397,109.3676,108.9726,196.8995,196.4286,202.7228,202.982,105.6035,105.5973,114.6243,113.5653
2019-04-18,99.0252,98.7992,109.4279,109.0327,197.0366,196.5656,202.8915,203.1517,105.6816,105.6754,114.717,113.6571
2019-04-19,99.0984,98.8722,109.4727,109.0774,197.2001,196.7291,202.9488,203.2093,105.7004,105.6943,114.7333,113.6732
2019-04-22,99.0523,98.8262,109.4236,109.0285,197.1736,196.7025,202.7579,203.0172,105.5638,105.5577,114.6133,113.5544
2019-04-23,99.0039,98.7778,109.3623,108.9674,197.1004,196.6293,202.634,202.8926,105.4863,105.4801,114.5337,113.4755
2019-04-24,98.9643,98.7384,109.3207,108.9259,197.0445,196.5734,202.4854,202.7431,105.3956,105.3894,114.4372,113.3799
2019-04-25,98.975,98.7491,109.3365,108.9416,197.0865,196.6154,202.6161,202.8745,105.4534,105.4473,114.5092,113.4512
2019-04-26,99.0084,98.7824,109.3649,108.9699,197.1726,196.7016,202.8062,203.0659,105.543,105.5369,114.6042,113.5453
2019-04-29,98.9861,98.7602,109.3497,108.9548,197.1924,196.7214,202.8204,203.0801,105.5156,105.5095,114.5924,113.5336
2019-04-30,99.0114,98.7853,109.3864,108.9914,197.2626,196.7917,202.9764,203.237,105.587,105.5809,114.6767,113.6172
2019-05-06,99.1838,98.9573,109.6339,109.238,197.7262,197.2543,203.5394,203.801,105.8154,105.8092,114.9675,113.9053
2019-05-07,99.1511,98.9248,109.6082,109.2124,197.6836,197.2117,203.5808,203.8424,105.8257,105.8196,114.9909,113.9285
2019-05-08,99.2557,99.0292,109.7289,109.3327,197.9091,197.4368,203.766,204.028,105.9122,105.906,115.0862,114.0229
2019-05-09,99.3412,99.1145,109.8305,109.4339,198.0973,197.6245,204.0261,204.2885,106.0382,106.0321,115.2241,114.1595
2019-05-10,99.3464,99.1196,109.8387,109.4421,198.1286,197.6558,204.0626,204.3251,106.046,106.0398,115.2399,114.1752
2019-05-13,99.4219,99.1949,109.9506,109.5536,198.3395,197.8662,204.4051,204.6681,106.1925,106.1863,115.4291,114.3626
2019-05-14,99.4083,99.1814,109.9383,109.5413,198.3341,197.8608,204.2925,204.5553,106.1214,106.1152,115.3529,114.2872
2019-05-15,99.4344,99.2074,109.9737,109.5766,198.4063,197.9328,204.4215,204.6846,106.1781,106.1719,115.4157,114.3494
2019-05-16,99.508,99.2808,110.0575,109.6601,198.5711,198.0974,204.5617,204.8251,106.2407,106.2345,115.4863,114.4193
2019-05-17,99.4975,99.2704,110.0548,109.6574,198.5719,198.0981,204.5886,204.852,106.2434,106.2372,115.5007,114.4335
2019-05-20,99.4976,99.2705,110.068,109.6705,198.6354,198.1615,204.6887,204.9524,106.2617,106.2555,115.5336,114.4662
2019-05-21,99.4693,99.2422,110.0439,109.6465,198.6012,198.1274,204.6317,204.8952,106.22,106.2138,115.4745,114.4076
2019-05-22,99.4343,99.2073,109.9979,109.6007,198.554,198.0803,204.5393,204.8025,106.1595,106.1533,115.4057,114.3395
2019-05-23,99.4369,99.2099,109.9914,109.5942,198.5801,198.1063,204.643,204.9066,106.2028,106.1967,115.4453,114.3786
2019-05-24,99.4389,99.2119,109.9787,109.5816,198.6053,198.1315,204.717,204.9808,106.2305,106.2243,115.4729,114.4061
2019-05-27,99.3644,99.1376,109.8826,109.4858,198.5231,198.0493,204.4123,204.6753,106.0346,106.0284,115.2728,114.2078
2019-05-28,99.3835,99.1567,109.9083,109.5115,198.5817,198.1079,204.5475,204.8108,106.0945,106.0884,115.3447,114.2791
2019-05-29,99.4462,99.2192,109.9849,109.5877,198.7253,198.2515,204.914,205.1783,106.2769,106.2707,115.5507,114.4832
2019-05-30,99.4969,99.2697,110.0462,109.6488,198.8455,198.3715,205.0115,205.2761,106.317,106.3108,115.6006,114.5325
2019-05-31,99.5007,99.2735,110.0534,109.656,198.8741,198.4001,205.0337,205.2984,106.3172,106.311,115.6091,114.541
2019-06-03,99.5187,99.2915,110.0824,109.6849,198.9729,198.4988,205.3185,205.5836,106.433,106.4268,115.7467,114.6773
2019-06-04,99.5409,99.3136,110.1154,109.7177,199.0375,198.5632,205.4446,205.7098,106.488,106.4818,115.8071,114.7372
2019-06-05,99.54,99.3128,110.1143,109.7167,199.057,198.5827,205.636,205.9016,106.5776,106.5714,115.8984,114.8276
2019-06-06,99.5679,99.3406,110.143,109.7452,199.1328,198.6583,205.7377,206.0034,106.6198,106.6136,115.9486,114.8773
2019-06-10,99.5531,99.3258,110.1358,109.7381,199.1886,198.714,205.7333,205.999,106.5714,106.5652,115.859,114.7886
2019-06-11,99.4889,99.2618,110.0697,109.6723,199.084,198.6096,205.5371,205.8023,106.4563,106.4501,115.7309,114.6616
2019-06-12,99.5255,99.2983,110.1054,109.7078,199.177,198.7024,205.6375,205.903,106.4978,106.4916,115.7451,114.6757
2019-06-13,99.5354,99.3082,110.0972,109.6997,199.2176,198.743,205.7275,205.9932,106.5338,106.5276,115.7792,114.7095
2019-06-14,99.5371,99.3099,110.0984,109.7008,199.2421,198.7674,205.8299,206.0958,106.5763,106.5701,115.8369,114.7666
2019-06-17,99.5842,99.3568,110.1325,109.7348,199.3978,198.9229,205.9886,206.255,106.6257,106.6195,115.8904,114.8197
2019-06-18,99.5954,99.368,110.1482,109.7505,199.4409,198.966,206.0283,206.2948,106.6351,106.6289,115.8831,114.8124
2019-06-19,99.6048,99.3774,110.1231,109.7254,199.4805,199.0056,206.0324,206.2989,106.6258,106.6196,115.8349,114.7647
2019-06-20,99.6375,99.4101,110.1487,109.7509,199.5658,199.0909,206.1266,206.3934,106.6641,106.6579,115.8827,114.8121
2019-06-21,99.6686,99.4411,110.1633,109.7655,199.6479,199.173,206.2299,206.497,106.7071,106.7009,115.9303,114.8592
2019-06-24,99.6686,99.4411,110.1474,109.7497,199.7113,199.2364,206.2594,206.5266,106.6882,106.682,115.9286,114.8576
2019-06-25,99.6951,99.4676,110.172,109.7741,199.7843,199.3095,206.3637,206.6313,106.7318,106.7256,115.9824,114.9108
2019-06-26,99.7102,99.4826,110.1884,109.7905,199.8349,199.3602,206.3633,206.631,106.7201,106.7139,115.978,114.9064
2019-06-27,99.7081,99.4805,110.1952,109.7973,199.8519,199.3772,206.3718,206.6394,106.7131,106.7069,115.9809,114.9093
2019-06-28,99.731,99.5033,110.23,109.8319,199.918,199.4433,206.521,206.7892,106.7804,106.7742,116.0642,114.9918
2019-07-01,99.7678,99.5401,110.2923,109.894,200.0539,199.5789,206.6686,206.937,106.8237,106.8175,116.1115,115.0387
2019-07-02,99.857,99.629,110.4006,110.0019,200.2504,199.7749,207.0459,207.3149,107.0108,107.0045,116.3222,115.2475
2019-07-03,99.9285,99.7004,110.4841,110.0852,200.4123,199.9365,207.3165,207.5859,107.1417,107.1354,116.4739,115.3977
2019-07-04,99.9533,99.7252,110.5169,110.1178,200.4822,200.0063,207.3918,207.6614,107.1699,107.1636,116.5065,115.4301
2019-07-05,99.9387,99.7105,110.4946,110.0956,200.4745,199.9986,207.317,207.5865,107.119,107.1128,116.448,115.3721
2019-07-08,99.9056,99.6776,110.4703,110.0713,200.4731,199.9971,207.3697,207.6393,107.1124,107.1061,116.4638,115.3877
2019-07-09,99.9072,99.6791,110.4468,110.048,200.4972,200.0212,207.3814,207.6509,107.107,107.1008,116.4489,115.373
2019-07-10,99.9029,99.6749,110.3945,109.9959,200.5101,200.034,207.4066,207.6762,107.1089,107.1026,116.4289,115.3532
2019-07-11,99.9181,99.69,110.4167,110.018,200.5611,200.085,207.4597,207.7294,107.1254,107.1191,116.4448,115.3689
2019-07-12,99.9451,99.7169,110.4118,110.0131,200.6353,200.1591,207.5692,207.8391,107.1715,107.1652,116.4872,115.411
2019-07-15,99.9452,99.717,110.4183,110.0196,200.6992,200.2229,207.5486,207.8185,107.1264,107.1201,116.4407,115.3649
2019-07-16,99.9412,99.7131,110.4123,110.0136,200.7126,200.2363,207.5859,207.8559,107.1345,107.1283,116.4372,115.3614
2019-07-17,99.9265,99.6984,110.3869,109.9883,200.7048,200.2285,207.5922,207.8622,107.1264,107.1202,116.426,115.3503
2019-07-18,99.9352,99.707,110.3845,109.9859,200.743,200.2667,207.7175,207.9878,107.1808,107.1746,116.4831,115.4069
2019-07-19,99.9544,99.7263,110.3981,109.9995,200.8022,200.3258,207.8292,208.0999,107.2282,107.222,116.5344,115.4577
2019-07-22,99.9602,99.732,110.413,110.0143,200.8771,200.4007,207.9534,208.2244,107.2592,107.253,116.5829,115.5058
2019-07-23,99.9817,99.7535,110.4373,110.0385,200.9407,200.4643,208.0445,208.3157,107.2957,107.2894,116.6251,115.5476
2019-07-24,99.9849,99.7566,110.4329,110.0341,200.9681,200.4917,208.0819,208.3533,107.304,107.2977,116.6181,115.5407
2019-07-25,99.9776,99.7493,110.4211,110.0224,200.9749,200.4986,208.0943,208.3657,107.299,107.2928,116.6207,115.5433
2019-07-26,99.9678,99.7396,110.4094,110.0107,200.9769,200.5005,208.1132,208.3847,107.2976,107.2914,116.629,115.5515
2019-07-29,99.9711,99.7429,110.4303,110.0315,201.047,200.5706,208.1535,208.4251,107.2846,107.2783,116.628,115.5505
2019-07-30,99.9654,99.7372,110.4315,110.0328,201.057,200.5807,208.1299,208.4013,107.2608,107.2545,116.6147,115.5373
2019-07-31,99.9805,99.7522,110.4559,110.0571,201.1078,200.6315,208.2649,208.5369,107.3204,107.3141,116.6849,115.6068
2019-08-01,100.0005,99.7722,110.4674,110.0685,201.1686,200.6921,208.3391,208.6111,107.3479,107.3416,116.7094,115.6311
2019-08-02,100.0854,99.8569,110.5653,110.1661,201.3575,200.8806,208.7078,208.9803,107.5299,107.5236,116.9083,115.8281
2019-08-05,100.1498,99.9211,110.6501,110.2505,201.5483,201.071,209.0631,209.3361,107.6822,107.676,117.0831,116.0014
2019-08-06,100.166,99.9373,110.6759,110.2763,201.6016,201.1242,209.1509,209.4241,107.7169,107.7107,117.1297,116.0475
2019-08-07,100.2239,99.9951,110.7375,110.3376,201.7371,201.2595,209.2062,209.4795,107.7346,107.7284,117.1521,116.0697
2019-08-08,100.2371,100.0083,110.7571,110.3571,201.7845,201.3068,209.2584,209.5318,107.7507,107.7444,117.1547,116.0723
2019-08-09,100.2514,100.0226,110.7762,110.3762,201.834,201.3562,209.4225,209.6962,107.8254,107.8191,117.244,116.1608
2019-08-12,100.2579,100.029,110.7918,110.3918,201.9105,201.4326,209.4225,209.6962,107.7916,107.7854,117.2408,116.1576
2019-08-13,100.2821,100.0531,110.8182,110.4181,201.9795,201.5014,209.6172,209.8912,107.8824,107.8761,117.3474,116.2633
2019-08-14,100.2945,100.0656,110.7833,110.3833,202.0253,201.5472,209.6365,209.9106,107.8812,107.875,117.3523,116.2681
2019-08-15,100.3265,100.0975,110.8244,110.4242,202.1097,201.6315,209.7185,209.9928,107.913,107.9067,117.3903,116.3057
2019-08-16,100.3034,100.0745,110.8011,110.401,202.0854,201.6073,209.647,209.9211,107.8642,107.8579,117.3324,116.2484
2019-08-19,100.3131,100.0841,110.8137,110.4136,202.1681,201.69,209.7576,210.0319,107.8884,107.8821,117.3679,116.2835
2019-08-20,100.3074,100.0784,110.8154,110.4152,202.1781,201.6999,209.7362,210.0105,107.8659,107.8596,117.3356,116.2515
2019-08-21,100.2953,100.0663,110.7936,110.3935,202.1754,201.6972,209.6494,209.9234,107.8092,107.8029,117.1656,116.0831
2019-08-22,100.2749,100.046,110.7488,110.3489,202.1564,201.6783,209.6385,209.9126,107.7923,107.786,117.1507,116.0684
2019-08-23,100.2578,100.0289,110.6864,110.2867,202.1439,201.6657,209.6119,209.8858,107.7671,107.7608,117.1229,116.0408
2019-08-26,100.2779,100.0489,110.7236,110.3238,202.2472,201.7691,209.7667,210.0411,107.8148,107.8085,117.0899,116.0081
2019-08-27,100.2765,100.0475,110.7206,110.3208,202.2656,201.7875,209.7583,210.0327,107.7992,107.7929,117.0819,116.0001
2019-08-28,100.2657,100.0368,110.7122,110.3125,202.2656,201.7875,209.7259,210.0001,107.7711,107.7648,117.0605,115.9789
2019-08-29,100.262,100.0331,110.7061,110.3063,202.2795,201.8014,209.7947,210.0692,107.796,107.7897,117.0937,116.0118
2019-08-30,100.2371,100.0082,110.6738,110.2741,202.2515,201.7734,209.6609,209.9349,107.7147,107.7085,117.0004,115.9195
2019-09-02,100.2124,99.9837,110.6383,110.2388,202.2666,201.7884,209.6567,209.9306,107.6791,107.6729,116.9892,115.9083
2019-09-03,100.1829,99.9542,110.599,110.1996,202.2293,201.7512,209.6566,209.9306,107.668,107.6617,116.9827,115.9019
2019-09-04,100.1881,99.9594,110.6056,110.2062,202.2609,201.7827,209.7776,210.0517,107.72,107.7138,117.0423,115.961
2019-09-05,100.2611,100.0322,110.6912,110.2915,202.4269,201.9485,210.129,210.4037,107.8925,107.8862,117.2352,116.1521
2019-09-06,100.2916,100.0626,110.7248,110.3249,202.5086,202.0301,210.2016,210.4764,107.9193,107.913,117.2079,116.125
2019-09-09,100.3057,100.0767,110.7573,110.3574,202.6004,202.1217,210.2073,210.4821,107.889,107.8827,117.2055,116.1226
2019-09-10,100.2931,100.0641,110.754,110.3541,202.5967,202.118,210.1504,210.425,107.8482,107.8419,117.0649,115.9834
2019-09-11,100.2874,100.0584,110.7461,110.3462,202.6066,202.1279,210.1431,210.4178,107.8333,107.827,117.0371,115.9558
2019-09-12,100.2684,100.0395,110.7274,110.3276,202.5903,202.1116,209.9976,210.2717,107.7462,107.7399,116.9518,115.8713
2019-09-16,100.2822,100.0533,110.7618,110.3619,202.7028,202.224,210.0597,210.334,107.7343,107.728,116.9039,115.8238
2019-09-17,100.2853,100.0563,110.7426,110.3427,202.7301,202.2512,210.0489,210.3232,107.7176,107.7113,116.8851,115.8052
2019-09-18,100.2856,100.0567,110.7229,110.3231,202.7521,202.2732,209.9669,210.2408,107.6636,107.6574,116.8044,115.7252
2019-09-19,100.2746,100.0457,110.6757,110.2761,202.7514,202.2725,209.9507,210.2245,107.6441,107.6378,116.7768,115.6979
2019-09-20,100.2699,100.041,110.6518,110.2523,202.7633,202.2845,210.041,210.3152,107.6802,107.6739,116.8162,115.7369
2019-09-23,100.271,100.0421,110.6243,110.2248,202.8294,202.3505,210.081,210.3554,107.6679,107.6616,116.8205,115.7412
2019-09-24,100.2626,100.0337,110.6257,110.2262,202.8341,202.3552,210.064,210.3383,107.648,107.6417,116.811,115.7318
2019-09-25,100.2626,100.0337,110.6066,110.2072,202.8552,202.3763,210.0894,210.3639,107.6502,107.6439,116.8092,115.73
2019-09-26,100.2356,100.0068,110.5864,110.1871,202.823,202.3441,209.9755,210.2493,107.5796,107.5733,116.742,115.6635
2019-09-27,100.2354,100.0066,110.5928,110.1935,202.8438,202.3649,209.9631,210.2369,107.5621,107.5558,116.7234,115.645
2019-09-30,100.2332,100.0043,110.5906,110.1912,202.903,202.4241,210.0164,210.2905,107.5567,107.5505,116.7425,115.6639
2019-10-08,100.2659,100.037,110.7184,110.3186,203.1388,202.6594,210.316,210.5904,107.6241,107.6178,116.8986,115.8186
2019-10-09,100.2837,100.0547,110.7483,110.3484,203.1954,202.7159,210.4771,210.7517,107.6968,107.6905,116.9637,115.8831
2019-10-10,100.28,100.0511,110.7522,110.3522,203.2095,202.7299,210.4508,210.7254,107.6721,107.6658,116.946,115.8656
2019-10-11,100.2674,100.0385,110.7438,110.3439,203.2056,202.726,210.2798,210.5541,107.5721,107.5659,116.8376,115.7581
2019-10-14,100.2434,100.0146,110.7387,110.3388,203.222,202.7424,210.2167,210.491,107.5062,107.4999,116.7861,115.7071
2019-10-15,100.2381,100.0092,110.7366,110.3367,203.2327,202.753,210.2433,210.5176,107.509,107.5027,116.7732,115.6943
2019-10-16,100.2373,100.0085,110.7358,110.3359,203.2525,202.7728,210.269,210.5433,107.5113,107.505,116.781,115.702
2019-10-17,100.2343,100.0054,110.7282,110.3284,203.2677,202.788,210.3601,210.6346,107.5476,107.5414,116.8073,115.7281
2019-10-18,100.2211,99.9923,110.6748,110.2751,203.2628,202.7831,210.4001,210.6748,107.5575,107.5512,116.8254,115.746
2019-10-21,100.1442,99.9156,110.6062,110.2068,203.1737,202.6942,210.2467,210.5209,107.4446,107.4384,116.7208,115.6424
2019-10-22,100.1009,99.8724,110.5269,110.1278,203.109,202.6295,210.1971,210.4712,107.4078,107.4016,116.6887,115.6106
2019-10-23,100.0926,99.8641,110.5206,110.1215,203.1138,202.6343,210.21,210.4842,107.4035,107.3973,116.691,115.6129
2019-10-24,100.084,99.8555,110.5024,110.1034,203.1179,202.6384,210.1227,210.3966,107.3471,107.3409,116.6325,115.5549
2019-10-25,100.063,99.8346,110.479,110.08,203.0976,202.6181,210.0831,210.3569,107.3156,107.3093,116.6033,115.526
2019-10-28,99.9893,99.761,110.4196,110.0208,203.0149,202.5355,209.7688,210.0417,107.1192,107.1129,116.3605,115.2855
2019-10-29,99.9333,99.7052,110.3638,109.9653,202.9247,202.4453,209.6775,209.9501,107.0607,107.0545,116.3,115.2255
2019-10-30,99.8259,99.598,110.2509,109.8528,202.7323,202.253,209.3991,209.6707,106.905,106.8988,116.1433,115.0702
2019-10-31,99.8547,99.6268,110.2852,109.887,202.811,202.3317,209.5431,209.8152,106.9688,106.9626,116.2185,115.1448
2019-11-01,99.873,99.645,110.2985,109.9002,202.8688,202.3893,209.7281,210.0005,107.0539,107.0476,116.3087,115.2341
2019-11-04,99.8272,99.5993,110.2645,109.8664,202.8424,202.363,209.6211,209.8933,106.9655,106.9593,116.2216,115.1479
2019-11-05,99.8716,99.6436,110.3222,109.9238,202.9523,202.4727,209.8975,210.1701,107.0979,107.0917,116.3372,115.2624
2019-11-06,99.9065,99.6785,110.3522,109.9537,203.0435,202.5637,210.0217,210.2946,107.1514,107.1452,116.393,115.3176
2019-11-07,99.915,99.6869,110.3655,109.967,203.0818,202.6019,210.1693,210.4424,107.217,107.2107,116.4683,115.3923
2019-11-08,99.9196,99.6915,110.3772,109.9787,203.1123,202.6324,210.1673,210.4405,107.205,107.1988,116.4627,115.3867
2019-11-11,99.9609,99.7327,110.4447,110.0459,203.259,202.7788,210.5002,210.7739,107.3449,107.3386,116.6255,115.548
2019-11-12,99.9678,99.7396,110.4588,110.06,203.2941,202.8138,210.6639,210.938,107.4189,107.4126,116.65,115.5722
2019-11-13,99.9878,99.7596,110.4856,110.0866,203.3555,202.8751,210.7372,211.0115,107.446,107.4397,116.6857,115.6076
2019-11-14,99.9877,99.7594,110.4896,110.0906,203.3767,202.8963,210.7793,211.0537,107.4569,107.4506,116.7047,115.6264
2019-11-15,100.0122,99.7839,110.5208,110.1217,203.447,202.9665,210.9325,211.2073,107.5254,107.5192,116.7772,115.6983
2019-11-18,100.0926,99.8641,110.6114,110.212,203.6715,203.1906,211.32,211.5959,107.6936,107.6874,116.979,115.8982
2019-11-19,100.1585,99.9298,110.6848,110.2851,203.8244,203.3434,211.5525,211.8291,107.8033,107.797,117.1052,116.0233
2019-11-20,100.1881,99.9594,110.7128,110.313,203.9049,203.4238,211.6247,211.9015,107.8298,107.8236,117.1107,116.0287
2019-11-21,100.2395,100.0107,110.7537,110.3538,204.0289,203.5477,211.7325,212.0096,107.8748,107.8685,117.1653,116.0828
2019-11-22,100.2534,100.0246,110.7535,110.3536,204.078,203.5968,211.7861,212.0634,107.8917,107.8854,117.1914,116.1087
2019-11-25,100.2212,99.9924,110.7324,110.3325,204.0777,203.5964,211.5867,211.8633,107.7556,107.7494,117.0668,115.9852
2019-11-26,100.222,99.9932,110.742,110.3421,204.1006,203.6194,211.6809,211.9578,107.7936,107.7873,117.1154,116.0334
2019-11-27,100.2227,99.9939,110.7347,110.3348,204.1234,203.6421,211.709,211.986,107.7973,107.791,117.1218,116.0397
2019-11-28,100.2312,100.0024,110.7467,110.3468,204.1618,203.6806,211.7719,212.0492,107.819,107.8127,117.1538,116.0714
2019-11-29,100.2526,100.0237,110.7735,110.3735,204.2258,203.7445,211.821,212.0984,107.8336,107.8273,117.1774,116.0948
2019-12-02,100.2381,100.0093,110.7859,110.3858,204.261,203.7797,211.7259,212.0032,107.7518,107.7455,117.1099,116.0279
2019-12-03,100.2384,100.0095,110.7947,110.3946,204.2829,203.8015,211.7737,212.051,107.7656,107.7593,117.1306,116.0485
2019-12-04,100.2723,100.0434,110.8376,110.4374,204.3722,203.8906,211.9135,212.191,107.827,107.8207,117.201,116.1181
2019-12-05,100.2775,100.0486,110.8437,110.4435,204.404,203.9223,211.9915,212.2692,107.8565,107.8502,117.2396,116.1564
2019-12-06,100.286,100.0571,110.8617,110.4613,204.4424,203.9606,212.105,212.3829,107.9043,107.8981,117.2087,116.1258
2019-12-09,100.2858,100.0569,110.8856,110.4852,204.5061,204.0242,212.177,212.4551,107.909,107.9027,117.2103,116.1274
2019-12-10,100.2898,100.0609,110.8936,110.4931,204.5355,204.0535,212.2347,212.5129,107.928,107.9217,117.2359,116.1527
2019-12-11,100.3317,100.1026,110.9395,110.5389,204.6406,204.1584,212.3712,212.6497,107.9877,107.9814,117.3071,116.2233
2019-12-12,100.3616,100.1325,110.9718,110.5711,204.7219,204.2396,212.4916,212.7705,108.0391,108.0328,117.3704,116.286
2019-12-13,100.3685,100.1394,110.9786,110.5778,204.7571,204.2747,212.5227,212.8016,108.0443,108.038,117.3861,116.3015
2019-12-16,100.3717,100.1426,111.0115,110.6106,204.8275,204.345,212.6203,212.8995,108.0622,108.0559,117.4247,116.3398
2019-12-17,100.3429,100.1138,110.9861,110.5853,204.7912,204.3087,212.6095,212.8887,108.0458,108.0395,117.4134,116.3286
2019-12-18,100.3121,100.0831,110.96,110.5593,204.7509,204.2685,212.6332,212.9125,108.0472,108.0409,117.405,116.3203
2019-12-19,100.3224,100.0934,110.9681,110.5674,204.7929,204.3104,212.7407,213.0203,108.0919,108.0856,117.4587,116.3735
2019-12-20,100.3809,100.1518,111.0178,110.6169,204.9314,204.4487,212.9511,213.2313,108.1899,108.1836,117.561,116.4749
2019-12-23,100.4425,100.2132,111.095,110.6938,205.1186,204.6356,213.2536,213.5348,108.3137,108.3074,117.713,116.6255
2019-12-24,100.4939,100.2645,111.1598,110.7584,205.2427,204.7596,213.4213,213.7031,108.3896,108.3833,117.8038,116.7154
2019-12-25,100.5155,100.2861,111.1931,110.7916,205.3073,204.8241,213.5314,213.8135,108.4357,108.4294,117.8614,116.7724
2019-12-26,100.5591,100.3296,111.2504,110.8487,205.4159,204.9326,213.7526,214.0354,108.5392,108.5329,117.9695,116.8796
2019-12-27,100.5631,100.3335,111.2629,110.8611,205.445,204.9617,213.7751,214.058,108.54,108.5337,117.9748,116.8848
2019-12-30,100.5549,100.3253,111.2854,110.8835,205.4925,205.0091,213.8346,214.1177,108.5382,108.5319,118.0012,116.911
2019-12-31,100.5725,100.3429,111.3147,110.9127,205.5491,205.0657,213.9252,214.2087,108.5742,108.5679,118.0514,116.9607
2020-01-02,100.5716,100.342,111.3361,110.9341,205.5899,205.1063,213.7952,214.0785,108.4854,108.4791,117.9779,116.8879
2020-01-03,100.5657,100.3362,111.3375,110.9354,205.5995,205.116,213.7709,214.0541,108.462,108.4557,117.962,116.8721
2020-01-06,100.6408,100.4111,111.401,110.9987,205.8139,205.3299,213.9416,214.2251,108.5176,108.5112,118.0092,116.9189
2020-01-07,100.6445,100.4147,111.4156,111.0133,205.8426,205.3585,214.0091,214.2928,108.5415,108.5352,118.0457,116.9551
2020-01-08,100.6879,100.458,111.4727,111.0701,205.9509,205.4666,214.1045,214.3884,108.5799,108.5736,118.0935,117.0024
2020-01-09,100.7008,100.4709,111.4688,111.0663,205.9981,205.5137,214.1611,214.4451,108.5983,108.592,118.1227,117.0313
2020-01-10,100.7556,100.5255,111.526,111.1233,206.1292,205.6445,214.3358,214.6202,108.6776,108.6712,118.2177,117.1255
2020-01-13,100.7687,100.5386,111.5191,111.1164,206.2196,205.7347,214.4361,214.7208,108.6969,108.6906,118.2668,117.1741
2020-01-14,100.7562,100.5262,111.5125,111.1099,206.2159,205.7311,214.272,214.5563,108.6015,108.5951,118.175,117.0832
2020-01-15,100.7442,100.5142,111.5062,111.1035,206.2132,205.7284,214.1566,214.4406,108.5311,108.5248,118.1105,117.0192
2020-01-16,100.7425,100.5125,111.5133,111.1106,206.2312,205.7464,214.2187,214.5028,108.5523,108.546,118.1225,117.0312
2020-01-17,100.7519,100.5219,111.533,111.1303,206.2714,205.7865,214.3425,214.627,108.6054,108.5991,118.1875,117.0955
2020-01-20,100.8326,100.6024,111.6206,111.2175,206.4972,206.012,214.4731,214.7579,108.6403,108.634,118.2467,117.1542
2020-01-21,100.8709,100.6406,111.6699,111.2667,206.5952,206.11,214.6803,214.9658,108.7364,108.7301,118.3598,117.2662
2020-01-22,100.8946,100.6643,111.7018,111.2985,206.6642,206.1789,214.8298,215.1156,108.8027,108.7964,118.4395,117.3452
2020-01-23,100.9499,100.7194,111.7635,111.36,206.7962,206.3108,215.1706,215.4575,108.9677,108.9614,118.6248,117.5288
2020-02-03,101.4939,101.2623,112.3812,111.9754,208.1212,207.6347,216.9163,217.2083,109.7493,109.7429,119.5127,118.4085
2020-02-04,101.4817,101.25,112.3794,111.9736,208.1178,207.6314,216.915,217.207,109.7378,109.7314,119.493,118.389
2020-02-05,101.4636,101.232,112.3687,111.9629,208.1029,207.6164,216.8978,217.1898,109.7182,109.7118,119.4333,118.3298
2020-02-06,101.4626,101.2309,112.3773,111.9715,208.122,207.6355,216.9684,217.2606,109.7437,109.7374,119.4722,118.3684
2020-02-07,101.5658,101.3339,112.4993,112.0931,208.3503,207.8639,217.2105,217.5036,109.8578,109.8514,119.5991,118.4941
2020-02-10,101.6563,101.4243,112.6185,112.2118,208.5955,208.1092,217.4778,217.772,109.9633,109.9569,119.7205,118.6144
2020-02-11,101.6354,101.4033,112.5423,112.1359,208.5747,208.0884,217.5091,217.8034,109.9687,109.9623,119.7366,118.6304
2020-02-12,101.6362,101.4042,112.5545,112.148,208.5977,208.1114,217.4445,217.7385,109.9246,109.9182,119.6992,118.5933
2020-02-13,101.6547,101.4226,112.5844,112.1778,208.656,208.1698,217.4516,217.7456,109.9174,109.911,119.7031,118.5972
2020-02-14,101.6495,101.4174,112.5902,112.1836,208.6667,208.1805,217.5568,217.8513,109.9609,109.9545,119.7596,118.6532
2020-02-17,101.6075,101.3755,112.5784,112.1719,208.6462,208.16,217.4547,217.7488,109.8759,109.8695,119.7015,118.5956
2020-02-18,101.6099,101.3779,112.5913,112.1847,208.6722,208.186,217.4607,217.7547,109.8682,109.8618,119.7048,118.5988
2020-02-19,101.6203,101.3883,112.6093,112.2026,208.7143,208.2281,217.4961,217.7903,109.8757,109.8693,119.7187,118.6126
2020-02-20,101.5994,101.3675,112.5972,112.1906,208.6937,208.2075,217.4503,217.7443,109.8413,109.8349,119.6931,118.5872
2020-02-21,101.6143,101.3823,112.6094,112.2028,208.7448,208.2586,217.5102,217.8045,109.8614,109.855,119.7208,118.6147
2020-02-24,101.6632,101.4312,112.6607,112.2539,208.9066,208.4207,217.7691,218.0645,109.9626,109.9562,119.783,118.6763
2020-02-25,101.6791,101.4469,112.6429,112.2361,208.9596,208.4737,217.8226,218.1182,109.9794,109.973,119.81,118.703
2020-02-26,101.7119,101.4797,112.6666,112.2598,209.0468,208.5611,217.9106,218.2066,110.0139,110.0075,119.7502,118.6438
2020-02-27,101.7435,101.5112,112.7036,112.2966,209.1314,208.6457,218.1693,218.4669,110.1366,110.1302,119.8322,118.7251
2020-02-28,101.8286,101.5961,112.8,112.3927,209.3233,208.8381,218.4816,218.781,110.2868,110.2803,120.0023,118.8936
2020-03-02,101.7981,101.5657,112.783,112.3758,209.326,208.8407,218.5353,218.835,110.2821,110.2757,120.0142,118.9054
2020-03-03,101.784,101.5516,112.7766,112.3693,209.3189,208.8337,218.4788,218.7781,110.2422,110.2358,119.9812,118.8726
2020-03-04,101.8402,101.6077,112.8456,112.4381,209.453,208.968,218.774,219.0751,110.3836,110.3772,120.1429,119.0328
2020-03-05,101.8328,101.6004,112.8453,112.4378,209.4595,208.9745,218.8276,219.129,110.4005,110.394,120.172,119.0617
2020-03-06,101.9046,101.6719,112.9305,112.5227,209.6246,209.14,219.1504,219.4539,110.5561,110.5497,120.3487,119.2368
2020-03-09,102.1676,101.9344,113.2077,112.7989,210.216,209.7326,220.0059,220.3146,110.9647,110.9582,120.8057,119.6896
2020-03-10,102.067,101.834,113.1079,112.6995,210.0355,209.5516,219.7076,220.0144,110.8002,110.7937,120.6412,119.5265
2020-03-11,102.0092,101.7763,113.0457,112.6375,209.9407,209.4566,219.621,219.9273,110.7448,110.7384,120.5838,119.4697
2020-03-12,101.9767,101.7439,113.018,112.6099,209.8968,209.4125,219.5718,219.8777,110.7087,110.7022,120.554,119.4402
2020-03-13,101.8572,101.6247,112.8942,112.4865,209.6784,209.1936,219.2863,219.5904,110.5508,110.5444,120.3927,119.2803
2020-03-16,101.8337,101.6012,112.841,112.4336,209.6948,209.21,219.324,219.6284,110.538,110.5316,120.383,119.2707
2020-03-17,101.7953,101.5629,112.7885,112.3812,209.6389,209.1539,219.0821,219.3848,110.4026,110.3962,120.2495,119.1385
2020-03-18,101.8151,101.5827,112.7891,112.3819,209.6999,209.2151,219.1506,219.4538,110.4271,110.4207,120.2793,119.168
2020-03-19,101.8032,101.5708,112.7778,112.3705,209.6972,209.2124,219.0631,219.3656,110.3713,110.3649,120.217,119.1063
2020-03-20,101.8072,101.5748,112.7697,112.3625,209.7265,209.2418,219.1175,219.4204,110.3886,110.3822,120.2414,119.1305
2020-03-23,101.8832,101.6506,112.8071,112.3997,209.9426,209.4587,219.4608,219.7662,110.5332,110.5268,120.4116,119.2991
2020-03-24,101.9675,101.7347,112.9029,112.4952,210.1331,209.6499,219.586,219.8922,110.587,110.5805,120.4793,119.3661
2020-03-25,101.9917,101.7588,112.9238,112.516,210.2028,209.7199,219.6702,219.9771,110.6196,110.6132,120.5182,119.4047
2020-03-26,102.1312,101.898,113.0809,112.6726,210.504,210.0223,219.9883,220.2975,110.7728,110.7663,120.6749,119.56
2020-03-27,102.1659,101.9327,113.1188,112.7103,210.595,210.1137,220.0319,220.3414,110.7845,110.778,120.6937,119.5786
2020-03-30,102.1846,101.9513,113.1503,112.7417,210.696,210.215,220.1393,220.4497,110.8076,110.8011,120.7269,119.6115
2020-03-31,102.2674,102.034,113.2512,112.8423,210.8835,210.4034,220.4983,220.8115,110.9818,110.9754,120.9251,119.8078
2020-04-01,102.3566,102.123,113.3421,112.9328,211.0851,210.6045,221.1695,221.4837,111.3147,111.3083,121.2717,120.1513
2020-04-02,102.4043,102.1705,113.3923,112.9828,211.2028,210.7219,221.2498,221.564,111.3451,111.3386,121.2307,120.1107
2020-04-03,102.4359,102.202,113.4079,112.9984,211.2878,210.8068,221.4231,221.7377,111.4231,111.4166,121.3225,120.2016
2020-04-07,102.9804,102.7453,114.0315,113.6197,212.4734,211.9908,222.8998,223.2167,112.1359,112.1294,121.9803,120.8533
2020-04-08,103.2287,102.9931,114.283,113.8704,212.9965,212.5134,223.5513,223.8699,112.4585,112.452,122.3319,121.2016
2020-04-09,103.3257,103.0898,114.3993,113.9862,213.2138,212.7305,223.7855,224.1047,112.5677,112.5611,122.4366,121.3054
2020-04-10,103.2702,103.0345,114.3339,113.921,213.123,212.6398,223.6096,223.9283,112.467,112.4604,122.3296,121.1994
2020-04-13,103.2621,103.0263,114.2618,113.8492,213.1704,212.6871,223.5926,223.9112,112.4261,112.4196,122.1975,121.0685
2020-04-14,103.347,103.1111,114.3552,113.9423,213.3634,212.8802,223.7626,224.0819,112.5024,112.4959,122.2853,121.1555
2020-04-15,103.4536,103.2174,114.4699,114.0565,213.5999,213.1169,223.9307,224.2508,112.5777,112.5712,122.3511,121.2207
2020-04-16,103.5289,103.2925,114.5589,114.1452,213.7734,213.2905,224.1565,224.4775,112.6826,112.676,122.47,121.3385
2020-04-17,103.5153,103.279,114.542,114.1284,213.7673,213.2845,224.2777,224.5992,112.7339,112.7273,122.535,121.4029
2020-04-20,103.5099,103.2736,114.5495,114.1358,213.8203,213.3375,224.1079,224.4286,112.6149,112.6084,122.4322,121.301
2020-04-21,103.568,103.3315,114.6215,114.2076,213.9589,213.4763,224.2756,224.5971,112.69,112.6835,122.5159,121.3839
2020-04-22,103.7053,103.4685,114.7586,114.3442,214.2577,213.7754,224.6975,225.0209,112.8952,112.8887,122.6906,121.557
2020-04-23,103.8177,103.5807,114.8805,114.4657,214.5062,214.0243,225.0839,225.4093,113.0823,113.0757,122.8946,121.7591
2020-04-24,103.8471,103.61,114.9049,114.49,214.5869,214.1051,225.2454,225.5716,113.1542,113.1476,122.9727,121.8366
2020-04-27,103.8557,103.6186,114.9145,114.4996,214.668,214.1863,225.3958,225.7227,113.1991,113.1925,123.0296,121.8929
2020-04-28,103.8626,103.6255,114.9281,114.5131,214.7032,214.2216,225.4545,225.7817,113.2184,113.2119,123.0549,121.918
2020-04-29,103.9465,103.7092,115.0163,114.601,214.8941,214.4128,225.7452,226.0739,113.3565,113.3499,123.2097,122.0713
2020-04-30,103.9401,103.7028,115.0181,114.6028,214.9023,214.421,225.6838,226.0122,113.3144,113.3078,123.1703,122.0323
2020-05-06,103.8946,103.6575,115.0183,114.6029,214.938,214.4567,225.5921,225.9203,113.2038,113.1972,123.033,121.8963
2020-05-07,103.7297,103.4929,114.8468,114.4321,214.6244,214.1437,225.0911,225.4182,112.9378,112.9313,122.753,121.6189
2020-05-08,103.6449,103.4083,114.7566,114.3422,214.4736,213.9932,224.8494,225.176,112.8041,112.7975,122.6207,121.4878
2020-05-11,103.3826,103.1466,114.4963,114.0828,214.0048,213.5253,223.9206,224.2451,112.2989,112.2924,122.0961,120.9681
2020-05-12,103.3634,103.1274,114.4818,114.0685,213.9872,213.5077,223.7971,224.1214,112.2254,112.2188,122.0287,120.9013
2020-05-13,103.349,103.1131,114.4755,114.0621,213.9792,213.4998,223.7281,224.0521,112.1795,112.173,121.9887,120.8617
2020-05-14,103.3661,103.1301,114.4969,114.0835,214.0351,213.5556,223.7294,224.0534,112.1696,112.163,121.9877,120.8607
2020-05-15,103.4453,103.2091,114.5926,114.1788,214.2172,213.7373,223.9935,224.3181,112.2935,112.2869,122.121,120.9927
2020-05-18,103.3477,103.1118,114.5017,114.0882,214.083,213.6033,223.6312,223.955,112.077,112.0705,121.9008,120.7745
2020-05-19,103.2739,103.0381,114.4282,114.015,213.9542,213.4748,223.3499,223.673,111.9231,111.9166,121.7449,120.6201
2020-05-20,103.2203,102.9846,114.3799,113.9669,213.8666,213.3872,223.259,223.5818,111.8661,111.8596,121.6905,120.5661
2020-05-21,103.19,102.9544,114.3529,113.94,213.8262,213.347,223.2612,223.584,111.8566,111.8501,121.6622,120.5381
2020-05-22,103.2833,103.0475,114.4501,114.0369,214.037,213.5575,223.6711,223.995,112.0548,112.0483,121.8764,120.7504
2020-05-25,103.1561,102.9207,114.2944,113.8817,213.8425,213.3631,223.3359,223.6589,111.8522,111.8457,121.685,120.5608
2020-05-26,102.8939,102.659,114.018,113.6063,213.3311,212.8523,222.6207,222.9418,111.4773,111.4708,121.2897,120.1691
2020-05-27,102.6434,102.4091,113.7354,113.3247,212.8434,212.3651,222.0058,222.3253,111.1535,111.147,120.9373,119.8199
2020-05-28,102.6369,102.4026,113.734,113.3233,212.8515,212.3732,222.0911,222.4107,111.1863,111.1798,120.9798,119.862
2020-05-29,102.6367,102.4024,113.7438,113.3331,212.8722,212.3939,222.2281,222.5482,111.2455,111.239,121.0536,119.9352
2020-06-01,102.6057,102.3715,113.722,113.3114,212.8729,212.3947,222.1758,222.4958,111.1871,111.1806,120.9996,119.8817
2020-06-02,102.1273,101.8942,113.2077,112.7989,211.921,211.4447,221.1133,221.4316,110.6361,110.6297,120.4172,119.3047
2020-06-03,101.7141,101.4819,112.7612,112.354,211.1015,210.627,220.5797,220.8972,110.3542,110.3478,120.1145,119.0048
2020-06-04,101.5093,101.2775,112.5447,112.1383,210.7061,210.2324,220.0313,220.3479,110.0647,110.0583,119.797,118.6902
2020-06-05,101.3231,101.0918,112.343,111.9373,210.3486,209.8755,219.6146,219.9303,109.8422,109.8358,119.5596,118.455
2020-06-08,101.2975,101.0663,112.3011,111.8956,210.3601,209.887,219.7075,220.0235,109.8576,109.8512,119.4653,118.3616
2020-06-09,101.3359,101.1045,112.3502,111.9445,210.4594,209.9861,219.779,220.0951,109.8834,109.877,119.5017,118.3976
2020-06-10,101.3311,101.0998,112.3486,111.9429,210.471,209.9977,219.8471,220.1634,109.9074,109.901,119.5327,118.4283
2020-06-11,101.3713,101.1399,112.3961,111.9903,210.5739,210.1005,220.0335,220.3504,109.9916,109.9852,119.6244,118.5192
2020-06-12,101.4683,101.2367,112.4854,112.0792,210.7924,210.3187,220.3283,220.6461,110.1308,110.1244,119.7513,118.6449
2020-06-15,101.4691,101.2375,112.4895,112.0833,210.8575,210.3838,220.3527,220.6706,110.1115,110.1051,119.7275,118.6214
2020-06-16,101.2708,101.0396,112.2572,111.8518,210.4751,210.0017,219.5849,219.9001,109.7107,109.7043,119.3053,118.203
2020-06-17,101.1751,100.9441,112.149,111.744,210.3015,209.8281,219.3766,219.6911,109.5943,109.5879,119.1777,118.0766
2020-06-18,101.199,100.968,112.1537,111.7487,210.3714,209.898,219.646,219.9614,109.7206,109.7142,119.3109,118.2086
2020-06-19,101.1715,100.9405,112.0718,111.6671,210.3366,209.8632,219.6166,219.932,109.6951,109.6887,119.2854,118.1833
2020-06-22,100.9992,100.7686,111.8614,111.4575,210.0505,209.577,219.3593,219.6737,109.5326,109.5262,119.1241,118.0235
2020-06-23,100.8948,100.6645,111.7591,111.3556,209.8592,209.3857,219.1694,219.483,109.4255,109.4192,119.017,117.9174
2020-06-24,101.0375,100.8068,111.9131,111.509,210.1708,209.6975,219.6455,219.961,109.6569,109.6505,119.2744,118.1724
2020-06-29,101.0776,100.8469,111.9825,111.5782,210.3582,209.885,219.8121,220.1282,109.6888,109.6824,119.3473,118.2446
2020-06-30,101.1323,100.9015,112.0525,111.6479,210.4908,210.0177,219.9726,220.2893,109.7597,109.7534,119.4047,118.3015
2020-07-01,101.1149,100.8841,112.0151,111.6106,210.4764,210.0033,220.056,220.3728,109.7915,109.7851,119.4436,118.3401
2020-07-02,101.1496,100.9187,112.0177,111.6132,210.5685,210.0952,220.1293,220.4462,109.818,109.8116,119.4821,118.3782
2020-07-03,101.1193,100.8885,111.9888,111.5844,210.5278,210.0546,219.9606,220.2772,109.722,109.7156,119.3902,118.2872
2020-07-06,100.696,100.4661,111.5368,111.134,209.7266,209.2547,218.7483,219.0632,109.0762,109.0699,118.7238,117.6269
2020-07-07,100.5228,100.2933,111.3522,110.9501,209.3941,208.9226,218.3679,218.6822,108.873,108.8667,118.5152,117.4202
2020-07-08,100.3822,100.153,111.2098,110.8083,209.128,208.6568,218.0991,218.413,108.7263,108.7199,118.366,117.2724
2020-07-09,100.1233,99.8947,110.9283,110.5278,208.6203,208.1498,217.573,217.886,108.4492,108.4429,118.0643,116.9735
2020-07-10,100.169,99.9403,110.9726,110.5719,208.7349,208.2643,217.6644,217.9776,108.4849,108.4786,118.099,117.0078
2020-07-13,100.0144,99.7861,110.7985,110.3984,208.4827,208.0123,217.3466,217.6593,108.2923,108.286,117.8901,116.8009
2020-07-14,100.0354,99.807,110.823,110.4229,208.5466,208.0762,217.4424,217.7553,108.3303,108.324,117.94,116.8503
2020-07-15,100.132,99.9034,110.937,110.5365,208.7652,208.2947,217.6217,217.9349,108.4106,108.4043,118.0277,116.9372
2020-07-16,100.1969,99.9681,111.004,110.6032,208.9189,208.4484,217.9131,218.2268,108.5476,108.5413,118.1632,117.0715
2020-07-17,100.2471,100.0183,111.054,110.6529,209.0428,208.5722,218.1122,218.4264,108.638,108.6316,118.2514,117.1589
2020-07-20,100.3206,100.0916,111.1333,110.732,209.2563,208.7857,218.3235,218.6381,108.7133,108.707,118.2648,117.1721
2020-07-21,100.513,100.2836,111.3454,110.9433,209.6705,209.2001,218.844,219.1601,108.9664,108.9601,118.5456,117.4503
2020-07-22,100.5855,100.3559,111.4256,111.0233,209.8398,209.3694,219.2394,219.5566,109.1561,109.1497,118.7575,117.6603
2020-07-23,100.6035,100.3738,111.445,111.0425,209.8975,209.4272,219.3346,219.6522,109.1938,109.1874,118.7965,117.6989
2020-07-24,100.6911,100.4612,111.5267,111.124,210.0977,209.6276,219.6815,220.0001,109.3589,109.3526,118.9729,117.8737
2020-07-27,100.6999,100.47,111.5357,111.1329,210.1789,209.7088,219.6913,220.01,109.3323,109.3259,118.9554,117.8563
2020-07-28,100.6431,100.4133,111.4826,111.0801,210.084,209.6138,219.5023,219.8203,109.226,109.2196,118.8369,117.7389
2020-07-29,100.5615,100.332,111.3985,110.9962,209.9386,209.4682,219.4214,219.7391,109.1744,109.1681,118.7879,117.6904
2020-07-30,100.5458,100.3162,111.3885,110.9863,209.9275,209.457,219.3032,219.6205,109.104,109.0977,118.7238,117.6269
2020-07-31,100.4888,100.2594,111.334,110.932,209.8323,209.3617,219.1565,219.4732,109.0192,109.0128,118.6428,117.5466
2020-08-03,100.4849,100.2555,111.339,110.937,209.8877,209.417,219.2652,219.5821,109.0424,109.0361,118.6845,117.588
2020-08-04,100.4617,100.2323,111.3238,110.9218,209.8613,209.3907,219.4067,219.7239,109.1034,109.0971,118.7423,117.6453
2020-08-05,100.4214,100.1922,111.2803,110.8784,209.7999,209.3293,219.3061,219.6231,109.042,109.0357,118.6808,117.5843
2020-08-06,100.3841,100.1549,111.2451,110.8434,209.7445,209.2741,219.1916,219.5083,108.9736,108.9673,118.6168,117.5209
2020-08-07,100.3475,100.1184,111.2039,110.8024,209.6907,209.2203,219.1055,219.422,108.9195,108.9132,118.565,117.4696
2020-08-10,100.3558,100.1267,111.2061,110.8046,209.7712,209.3007,219.2358,219.5527,108.9538,108.9475,118.5999,117.5041
2020-08-11,100.3523,100.1232,111.2057,110.8041,209.7852,209.3147,219.2434,219.5603,108.9471,108.9408,118.604,117.5082
2020-08-12,100.3074,100.0784,111.164,110.7626,209.7144,209.2439,219.2394,219.5562,108.9346,108.9282,118.5906,117.495
2020-08-13,100.3203,100.0913,111.1755,110.774,209.7621,209.2916,219.2672,219.5841,108.9381,108.9317,118.5765,117.4809
2020-08-14,100.3516,100.1225,111.1232,110.722,209.8473,209.3767,219.3607,219.6779,108.9748,108.9685,118.6266,117.5306
2020-08-17,100.3936,100.1644,111.1622,110.7608,209.9968,209.5261,219.5142,219.8318,109.0208,109.0145,118.6849,117.5883
2020-08-18,100.3661,100.1369,111.1381,110.7367,209.9616,209.4909,219.4745,219.7919,108.9902,108.9839,118.6633,117.567
2020-08-19,100.3069,100.0779,111.0782,110.6771,209.8613,209.3907,219.1585,219.4751,108.8201,108.8137,118.4776,117.3829
2020-08-20,100.1876,99.9588,110.9516,110.551,209.6377,209.1671,218.9205,219.2364,108.6893,108.683,118.3312,117.2379
2020-08-21,100.1787,99.95,110.876,110.4757,209.6406,209.17,218.992,219.3081,108.7149,108.7086,118.3441,117.2508
2020-08-24,100.1232,99.8946,110.8081,110.408,209.5901,209.1195,218.962,219.278,108.6682,108.6619,118.3027,117.2097
2020-08-25,99.9874,99.7591,110.6679,110.2683,209.3327,208.8617,218.6499,218.9646,108.4999,108.4936,118.04,116.9494
2020-08-26,99.9072,99.6791,110.5788,110.1795,209.1895,208.7183,218.5819,218.8962,108.455,108.4487,117.9934,116.9033
2020-08-27,99.8367,99.6088,110.5011,110.1021,209.0659,208.5947,218.436,218.7497,108.3708,108.3645,117.9104,116.821
2020-08-28,99.7787,99.551,110.439,110.0402,208.9681,208.4967,218.2936,218.6066,108.2883,108.282,117.8206,116.732
2020-08-31,99.8129,99.585,110.4793,110.0803,209.1016,208.6303,218.5025,218.8165,108.3622,108.3559,117.9276,116.838
2020-09-01,99.7839,99.5561,110.4303,110.0316,209.0631,208.5919,218.3357,218.6495,108.2677,108.2614,117.8342,116.7455
2020-09-02,99.6878,99.4602,110.3184,109.9201,208.8863,208.4156,217.9696,218.2828,108.0728,108.0666,117.6278,116.541
2020-09-03,99.6142,99.3868,110.225,109.8269,208.756,208.2855,217.7851,218.098,107.9694,107.9631,117.5213,116.4355
2020-09-04,99.5659,99.3386,110.1752,109.7773,208.6777,208.2073,217.7081,218.0209,107.9201,107.9139,117.4792,116.3938
2020-09-07,99.4862,99.2591,110.0722,109.6748,208.5771,208.107,217.5904,217.9031,107.8294,107.8231,117.3667,116.2824
2020-09-08,99.4926,99.2654,110.0821,109.6846,208.6114,208.1412,217.6392,217.9519,107.8434,107.8371,117.3919,116.3073
2020-09-09,99.5973,99.3699,110.2044,109.8064,208.8483,208.3778,217.9718,218.2855,108.0003,107.994,117.5667,116.4805
2020-09-10,99.6581,99.4306,110.2782,109.88,208.9948,208.5241,218.0691,218.3831,108.0387,108.0325,117.5172,116.4315
2020-09-11,99.6109,99.3835,110.2268,109.8287,208.9188,208.4481,217.817,218.1302,107.9013,107.895,117.3666,116.2823
2020-09-14,99.5658,99.3385,110.1983,109.8004,208.8892,208.4185,217.656,217.9688,107.7886,107.7824,117.2086,116.1257
2020-09-15,99.6219,99.3944,110.2687,109.8706,209.0258,208.5551,217.8721,218.1856,107.8868,107.8805,117.3211,116.2371
2020-09-16,99.67,99.4424,110.3306,109.9322,209.146,208.6753,217.9909,218.3047,107.936,107.9298,117.3683,116.2839
2020-09-17,99.662,99.4345,110.3088,109.9105,209.1508,208.6801,217.963,218.2767,107.9115,107.9052,117.3408,116.2566
2020-09-18,99.6824,99.4548,110.3181,109.9198,209.2138,208.7431,218.0592,218.3732,107.9493,107.943,117.3814,116.2969
2020-09-21,99.7551,99.5274,110.3319,109.9335,209.4257,208.955,218.3195,218.6344,108.0493,108.043,117.5001,116.4145
2020-09-22,99.7721,99.5443,110.3551,109.9566,209.4818,209.0111,218.409,218.7242,108.0838,108.0775,117.5453,116.4593
2020-09-23,99.7682,99.5404,110.3541,109.9556,209.4949,209.0243,218.4089,218.7241,108.0732,108.0669,117.5425,116.4565
2020-09-24,99.7522,99.5244,110.3443,109.9459,209.4831,209.0124,218.4463,218.7616,108.0815,108.0752,117.5513,116.4652
2020-09-25,99.6954,99.4678,110.2572,109.8591,209.3873,208.9165,218.314,218.6288,108.0044,107.9981,117.4626,116.3774
2020-09-28,99.6588,99.4313,110.206,109.8081,209.3753,208.9045,218.3237,218.6385,107.9776,107.9713,117.445,116.3599
2020-09-29,99.6471,99.4197,110.2024,109.8045,209.3724,208.9016,218.2439,218.5584,107.9269,107.9206,117.3984,116.3138
2020-09-30,99.573,99.3457,110.1327,109.735,209.2408,208.7698,218.132,218.4461,107.8601,107.8538,117.3381,116.254
2020-10-09,99.501,99.2738,110.141,109.7433,209.283,208.8118,218.0106,218.3245,107.7043,107.698,117.2634,116.18
2020-10-12,99.4853,99.2582,110.1458,109.748,209.3142,208.843,217.9843,218.2982,107.6595,107.6533,117.2244,116.1413
2020-10-13,99.4735,99.2464,110.1406,109.7429,209.3111,208.8399,217.9255,218.2393,107.6195,107.6132,117.1919,116.1091
2020-10-14,99.4553,99.2282,110.1283,109.7306,209.2946,208.8235,217.8991,218.2128,107.5957,107.5894,117.1668,116.0843
2020-10-15,99.4525,99.2255,110.1184,109.7208,209.3101,208.8389,217.9359,218.2497,107.6036,107.5973,117.1802,116.0976
2020-10-16,99.4528,99.2257,110.1231,109.7254,209.3318,208.8606,217.9699,218.2837,107.61,107.6038,117.1959,116.1131
2020-10-19,99.5018,99.2747,110.1237,109.726,209.4971,209.0255,218.1614,218.4756,107.6745,107.6682,117.2691,116.1857
2020-10-20,99.5339,99.3067,110.1686,109.7707,209.5847,209.1131,218.2566,218.571,107.7117,107.7054,117.3167,116.2328
2020-10-21,99.5962,99.3689,110.2373,109.8392,209.7348,209.2631,218.5021,218.817,107.8242,107.818,117.4405,116.3555
2020-10-22,99.6781,99.4505,110.3295,109.9311,209.9253,209.4534,218.6944,219.0097,107.9101,107.9039,117.5429,116.4569
2020-10-23,99.6888,99.4612,110.3446,109.9461,209.9696,209.4977,218.6434,218.9585,107.874,107.8677,117.5131,116.4273
2020-10-26,99.6859,99.4583,110.3512,109.9528,210.0273,209.5553,218.7209,219.0362,107.8812,107.8749,117.4918,116.4063
2020-10-27,99.7396,99.5119,110.415,110.0163,210.1597,209.6876,218.941,219.2568,107.981,107.9747,117.6011,116.5146
2020-10-28,99.7456,99.5179,110.4252,110.0265,210.1932,209.7211,218.9026,219.2183,107.9513,107.945,117.5788,116.4925
2020-10-29,99.7686,99.5408,110.4556,110.0567,210.262,209.79,218.9985,219.3144,107.9888,107.9825,117.6209,116.5342
2020-10-30,99.7555,99.5278,110.4454,110.0466,210.2562,209.7842,219.1071,219.4233,108.0327,108.0264,117.6771,116.5898
2020-11-02,99.7759,99.5481,110.4881,110.0891,210.3623,209.89,219.2353,219.5517,108.0653,108.059,117.7195,116.6319
2020-11-03,99.8225,99.5947,110.5401,110.141,210.4802,210.0077,219.3994,219.7161,108.137,108.1307,117.7912,116.7029
2020-11-04,99.8434,99.6154,110.5644,110.1652,210.5447,210.072,219.5244,219.8413,108.189,108.1827,117.8283,116.7396
2020-11-05,99.8473,99.6193,110.5688,110.1695,210.574,210.1013,219.614,219.9311,108.2234,108.2171,117.85,116.7611
2020-11-06,99.8241,99.5962,110.5447,110.1455,210.5471,210.0745,219.5664,219.8833,108.189,108.1827,117.8219,116.7333
2020-11-09,99.7848,99.557,110.5154,110.1163,210.5294,210.0568,219.4573,219.774,108.1027,108.0964,117.7473,116.6595
2020-11-10,99.7515,99.5238,110.4865,110.0875,210.4817,210.0091,219.4963,219.8131,108.1118,108.1055,117.7674,116.6793
2020-11-11,99.7391,99.5114,110.4779,110.079,210.4773,210.0047,219.5478,219.8647,108.127,108.1207,117.7862,116.698
2020-11-12,99.6832,99.4557,110.4233,110.0246,210.3827,209.9103,219.4457,219.7624,108.0653,108.059,117.6592,116.5721
2020-11-13,99.5748,99.3475,110.3123,109.9139,210.1791,209.7069,219.33,219.6464,107.9969,107.9906,117.594,116.5076
2020-11-16,99.5762,99.3489,110.3291,109.9307,210.2458,209.7734,219.3871,219.7037,107.9939,107.9876,117.6059,116.5193
2020-11-17,99.5339,99.3067,110.2731,109.8749,210.1793,209.7071,219.3205,219.6368,107.95,107.9437,117.5632,116.4771
2020-11-18,99.4491,99.222,110.1859,109.788,210.0247,209.5525,219.1612,219.4771,107.8597,107.8535,117.4759,116.3905
2020-11-19,99.3443,99.1175,110.0775,109.68,209.8287,209.3567,218.9851,219.3005,107.7611,107.7548,117.3786,116.2941
2020-11-20,99.2908,99.0641,110.0085,109.6113,209.739,209.2671,218.9489,219.2642,107.7324,107.7261,117.3567,116.2725
2020-11-23,99.3513,99.1244,110.0897,109.6922,209.9283,209.4562,219.2258,219.5419,107.8395,107.8332,117.4894,116.4039
2020-11-24,99.3393,99.1125,110.0876,109.6901,209.9248,209.4528,219.2608,219.5769,107.8464,107.8402,117.506,116.4203
2020-11-25,99.3731,99.1463,110.1321,109.7344,210.0162,209.5441,219.4321,219.7488,107.9217,107.9154,117.5949,116.5084
2020-11-26,99.3815,99.1546,110.1486,109.7508,210.0548,209.5827,219.5344,219.8514,107.9624,107.9561,117.6476,116.5606
2020-11-27,99.3675,99.1407,110.1372,109.7395,210.0471,209.5751,219.5276,219.8446,107.9484,107.9422,117.6363,116.5494
2020-11-30,99.5039,99.2767,110.309,109.9106,210.3937,209.9216,220.0907,220.4094,108.1987,108.1924,117.931,116.8414
2020-12-01,99.4929,99.2657,110.3064,109.9081,210.3921,209.92,219.9514,220.2699,108.1186,108.1123,117.8498,116.761
2020-12-02,99.4391,99.2121,110.2557,109.8575,210.3017,209.8298,219.8639,220.1822,108.0643,108.058,117.7995,116.7112
2020-12-03,99.4358,99.2088,110.2583,109.8601,210.3162,209.8442,219.9328,220.2512,108.0882,108.0819,117.8311,116.7425
2020-12-04,99.4516,99.2246,110.2812,109.883,210.3703,209.8982,219.9985,220.3171,108.1105,108.1043,117.8634,116.7745
2020-12-07,99.4462,99.2191,110.2485,109.8504,210.4228,209.9506,220.0343,220.3529,108.0968,108.0905,117.7478,116.6599
2020-12-08,99.4775,99.2504,110.2921,109.8938,210.5091,210.0367,220.0769,220.3956,108.1075,108.1012,117.7535,116.6656
2020-12-09,99.4777,99.2506,110.3014,109.9031,210.5309,210.0586,220.099,220.4178,108.108,108.1017,117.7582,116.6702
2020-12-10,99.4951,99.2679,110.3231,109.9247,210.5882,210.1157,220.1706,220.4896,108.1332,108.1269,117.7956,116.7073
2020-12-11,99.425,99.198,110.2481,109.85,210.4638,209.9916,219.9845,220.3029,108.0297,108.0234,117.6952,116.6078
2020-12-14,99.4211,99.1942,110.2692,109.871,210.5194,210.0471,220.0527,220.3713,108.0321,108.0259,117.7119,116.6243
2020-12-15,99.4735,99.2465,110.3347,109.9363,210.6496,210.1771,220.1757,220.4947,108.083,108.0768,117.7746,116.6865
2020-12-16,99.5318,99.3046,110.406,110.0074,210.7918,210.3192,220.3317,220.6512,108.1504,108.1441,117.8567,116.7678
2020-12-17,99.53,99.3028,110.4103,110.0116,210.8094,210.3367,220.3534,220.6729,108.1507,108.1444,117.865,116.776
2020-12-18,99.5289,99.3017,110.4097,110.0111,210.8283,210.3556,220.3698,220.6894,108.1483,108.142,117.8706,116.7816
2020-12-21,99.5836,99.3563,110.4597,110.0608,211.0057,210.5328,220.6038,220.9241,108.2336,108.2273,117.9729,116.8829
2020-12-22,99.6552,99.4277,110.5481,110.1489,211.1758,210.7028,220.9632,221.2847,108.4026,108.3963,118.1631,117.0714
2020-12-23,99.6851,99.4576,110.5888,110.1895,211.2592,210.7861,220.9918,221.3133,108.4063,108.4,118.1765,117.0846
2020-12-24,99.648,99.4205,110.5569,110.1577,211.2032,210.7302,220.9461,221.2675,108.3729,108.3666,118.1509,117.0593
2020-12-25,99.688,99.4604,110.6099,110.2105,211.3075,210.8344,221.0803,221.4021,108.4294,108.4231,118.2187,117.1265
2020-12-28,99.7193,99.4917,110.6673,110.2677,211.4364,210.9633,221.2241,221.5464,108.4696,108.4633,118.2834,117.1906
2020-12-29,99.7467,99.519,110.7072,110.3074,211.5147,211.0415,221.3048,221.6274,108.4994,108.4931,118.325,117.2318
2020-12-30,99.8322,99.6043,110.8105,110.4104,211.7136,211.2403,221.5087,221.8319,108.5907,108.5844,118.4339,117.3397
2020-12-31,99.8562,99.6282,110.8478,110.4475,211.7846,211.3113,221.5627,221.8862,108.6072,108.6008,118.4619,117.3674
2021-01-04,99.7798,99.552,110.8061,110.406,211.7107,211.2375,221.4236,221.7468,108.4957,108.4894,118.3826,117.2888
2021-01-05,99.8325,99.6046,110.8747,110.4743,211.8416,211.3682,221.5169,221.8403,108.5317,108.5254,118.4325,117.3383
2021-01-06,99.8906,99.6626,110.9124,110.5119,211.9841,211.5103,221.679,222.0026,108.6019,108.5956,118.3715,117.2779
2021-01-07,99.9469,99.7187,110.9825,110.5817,212.1224,211.6484,221.8872,222.2112,108.6951,108.6888,118.4713,117.3767
2021-01-08,99.9731,99.7449,111.0193,110.6184,212.1984,211.7242,221.987,222.3112,108.7343,108.728,118.523,117.4279
2021-01-11,99.9662,99.738,110.9866,110.5859,212.2477,211.7735,221.9786,222.3029,108.6986,108.6922,118.5025,117.4077
2021-01-12,100.0285,99.8001,111.0128,110.6119,212.3987,211.9243,222.0764,222.4009,108.7368,108.7304,118.5469,117.4516
2021-01-13,100.1153,99.8868,111.1143,110.713,212.6008,212.1262,222.342,222.6672,108.8586,108.8522,118.6812,117.5847
2021-01-14,100.1825,99.9538,111.1894,110.7879,212.7619,212.2872,222.571,222.8968,108.9621,108.9558,118.7476,117.6505
2021-01-15,100.0938,99.8653,111.097,110.6959,212.5986,212.124,222.3801,222.7053,108.8565,108.8501,118.6422,117.5461
2021-01-18,99.9492,99.721,110.9467,110.5461,212.361,211.8866,222.1806,222.5052,108.7255,108.7192,118.5106,117.4157
2021-01-19,99.9494,99.7212,110.9575,110.5568,212.3828,211.9083,222.2116,222.5363,108.7304,108.7241,118.52,117.4249
2021-01-20,99.9868,99.7585,110.9833,110.5825,212.4819,212.0074,222.2681,222.5929,108.748,108.7417,118.538,117.4428
2021-01-21,100.0616,99.8332,111.0718,110.6707,212.659,212.1844,222.4527,222.7781,108.8294,108.8231,118.6219,117.5259
2021-01-22,100.0852,99.8567,111.1058,110.7046,212.7293,212.2547,222.4166,222.7419,108.8009,108.7946,118.5966,117.5009
2021-01-25,100.0555,99.8271,111.0991,110.698,212.7311,212.2565,222.4203,222.7456,108.7712,108.7649,118.5787,117.4832
2021-01-26,99.9477,99.7195,110.9928,110.592,212.5278,212.0532,222.0982,222.4224,108.6003,108.5939,118.4066,117.3127
2021-01-27,99.8991,99.671,110.9488,110.5482,212.4478,211.9732,222.0694,222.3934,108.5754,108.5691,118.3891,117.2953
2021-01-28,99.7614,99.5337,110.8017,110.4016,212.1822,211.7078,221.7461,222.069,108.4038,108.3975,118.1972,117.1052
2021-01-29,99.7349,99.5072,110.7745,110.3745,212.1482,211.6737,221.759,222.0819,108.3997,108.3934,118.1946,117.1026
2021-02-01,99.7938,99.566,110.8068,110.4067,212.335,211.8602,221.9254,222.2485,108.4508,108.4445,118.2488,117.1563
2021-02-02,99.7969,99.569,110.8212,110.421,212.3626,211.8877,221.9353,222.2584,108.4452,108.4389,118.2533,117.1608
2021-02-03,99.7078,99.4802,110.7343,110.3345,212.198,211.7234,221.709,222.0318,108.3222,108.3159,118.1038,117.0126
2021-02-04,99.6585,99.431,110.6917,110.292,212.1162,211.6418,221.5656,221.888,108.2404,108.2341,118.0081,116.9178
2021-02-05,99.6362,99.4088,110.6537,110.2541,212.091,211.6167,221.6221,221.9447,108.2579,108.2516,118.0343,116.9438
2021-02-08,99.6147,99.3873,110.6588,110.2592,212.1101,211.6356,221.6916,222.0143,108.2608,108.2545,118.067,116.9762
2021-02-09,99.6508,99.4234,110.6969,110.2972,212.2068,211.7322,221.8188,222.1418,108.3135,108.3072,118.113,117.0217
2021-02-10,99.6409,99.4135,110.6968,110.2971,212.2073,211.7328,221.7301,222.0528,108.2587,108.2525,118.0654,116.9746
2021-02-18,99.5102,99.283,110.6345,110.235,212.1051,211.6307,221.529,221.851,108.0738,108.0675,117.9395,116.8499
2021-02-19,99.5459,99.3187,110.6827,110.283,212.2011,211.7265,221.6241,221.9464,108.1105,108.1042,117.9851,116.895
2021-02-22,99.5544,99.3271,110.7024,110.3026,212.2829,211.8082,221.6958,222.0184,108.1142,108.1079,117.9451,116.8554
2021-02-23,99.5766,99.3493,110.7377,110.3378,212.3506,211.8759,221.7402,222.0629,108.1256,108.1194,117.9687,116.8788
2021-02-24,99.6169,99.3894,110.7899,110.3899,212.456,211.9812,221.7863,222.1092,108.1379,108.1316,117.9491,116.8593
2021-02-25,99.6127,99.3853,110.7882,110.3881,212.4687,211.9938,221.7703,222.0932,108.1193,108.1131,117.9361,116.8464
2021-02-26,99.5893,99.3619,110.7644,110.3644,212.4411,211.9662,221.7157,222.0383,108.0815,108.0752,117.7984,116.71
2021-03-01,99.5993,99.372,110.7545,110.3545,212.5262,212.0511,221.82,222.1427,108.1013,108.095,117.839,116.7502
2021-03-02,99.6206,99.3932,110.751,110.3511,212.592,212.1168,221.8736,222.1964,108.1172,108.1109,117.8613,116.7724
2021-03-03,99.6157,99.3883,110.7522,110.3523,212.6032,212.128,221.8787,222.2015,108.109,108.1028,117.8622,116.7732
2021-03-04,99.612,99.3846,110.7537,110.3538,212.6166,212.1414,221.8495,222.1723,108.084,108.0777,117.8413,116.7526
2021-03-05,99.6234,99.396,110.7748,110.3747,212.6618,212.1865,221.9316,222.2545,108.114,108.1077,117.8845,116.7953
2021-03-08,99.6369,99.4094,110.7824,110.3823,212.754,212.2786,222.0594,222.3825,108.1454,108.1391,117.9442,116.8545
2021-03-09,99.624,99.3966,110.7709,110.3709,212.7484,212.273,222.09,222.4132,108.1499,108.1436,117.9576,116.8677
2021-03-10,99.6412,99.4137,110.7964,110.3963,212.8057,212.3302,222.1769,222.5003,108.1823,108.176,118.0009,116.9106
2021-03-11,99.6492,99.4217,110.8097,110.4096,212.8439,212.3684,222.2077,222.5311,108.1869,108.1806,118.0109,116.9206
2021-03-12,99.6221,99.3947,110.7857,110.3856,212.8084,212.3329,222.1355,222.4587,108.1405,108.1342,117.9687,116.8788
2021-03-15,99.6011,99.3737,110.759,110.359,212.8284,212.3529,222.0716,222.3947,108.077,108.0707,117.9261,116.8365
2021-03-16,99.5982,99.3708,110.7376,110.3377,212.8437,212.3682,222.085,222.4081,108.073,108.0667,117.9268,116.8372
2021-03-17,99.6063,99.379,110.7538,110.3538,212.8821,212.4065,222.1758,222.4991,108.1073,108.101,117.9709,116.8809
2021-03-18,99.6123,99.3849,110.7421,110.3422,212.916,212.4404,222.2186,222.542,108.1178,108.1115,117.989,116.8989
2021-03-19,99.6347,99.4072,110.763,110.3631,212.984,212.5085,222.2753,222.5988,108.1353,108.129,118.0178,116.9275
2021-03-22,99.672,99.4445,110.8224,110.4222,213.1261,212.6505,222.4021,222.7259,108.1661,108.1598,118.0215,116.9311
2021-03-23,99.6967,99.4691,110.848,110.4478,213.1991,212.7235,222.4579,222.7818,108.1831,108.1769,118.0439,116.9533
2021-03-24,99.7482,99.5205,110.9098,110.5093,213.3281,212.8526,222.6439,222.9683,108.2646,108.2583,118.138,117.0465
2021-03-25,99.7661,99.5384,110.9315,110.5309,213.387,212.9114,222.6613,222.9857,108.2625,108.2562,118.1335,117.0421
2021-03-26,99.7572,99.5295,110.9287,110.5282,213.3897,212.9141,222.6902,223.0147,108.2662,108.2599,118.1289,117.0375
2021-03-29,99.7531,99.5253,110.9393,110.5387,213.4447,212.9692,222.7437,223.0683,108.2606,108.2544,118.1381,117.0466
2021-03-30,99.7446,99.5169,110.9368,110.5362,213.4483,212.9727,222.7553,223.08,108.2557,108.2494,118.1422,117.0506
2021-03-31,99.7581,99.5303,110.9612,110.5605,213.498,213.0224,222.8102,223.135,108.2722,108.2659,118.171,117.0792
2021-04-01,99.7645,99.5367,110.9608,110.5601,213.5328,213.0572,222.8415,223.1665,108.277,108.2707,118.1615,117.0698
2021-04-02,99.7901,99.5623,110.9455,110.5448,213.6079,213.1322,222.9655,223.2906,108.3276,108.3213,118.2246,117.1323
2021-04-06,99.7674,99.5396,110.8992,110.4988,213.6453,213.1694,222.9923,223.3175,108.298,108.2917,118.2325,117.1401
2021-04-07,99.7463,99.5186,110.8642,110.4639,213.6223,213.1465,222.994,223.3191,108.2881,108.2818,118.231,117.1387
2021-04-08,99.737,99.5093,110.8459,110.4456,213.624,213.1482,223.0012,223.3264,108.2809,108.2746,118.227,117.1347
2021-04-09,99.7425,99.5148,110.8038,110.4037,213.6569,213.181,223.0778,223.4031,108.308,108.3017,118.2626,117.1699
2021-04-12,99.7634,99.5357,110.8373,110.4371,213.7648,213.2889,223.2498,223.5754,108.3609,108.3546,118.1967,117.1047
2021-04-13,99.8541,99.6261,110.8932,110.4928,213.9764,213.5006,223.5735,223.9,108.51,108.5037,118.3628,117.2693
2021-04-14,99.8894,99.6613,110.9317,110.5311,214.0714,213.5955,223.6399,223.9666,108.5321,108.5258,118.3913,117.2975
2021-04-15,99.8999,99.6718,110.9392,110.5386,214.1148,213.639,223.6926,224.0194,108.5474,108.541,118.4124,117.3184
2021-04-16,99.9062,99.6782,110.9509,110.5503,214.1499,213.6741,223.7433,224.0703,108.5617,108.5554,118.4375,117.3433
2021-04-19,99.9286,99.7004,110.9934,110.5926,214.2606,213.7849,223.8716,224.199,108.5929,108.5866,118.4906,117.3958
2021-04-20,99.9582,99.7301,111.0227,110.6218,214.3451,213.8694,224.0421,224.37,108.6664,108.6601,118.5749,117.4794
2021-04-21,99.9922,99.7639,111.0641,110.663,214.4376,213.9621,224.1656,224.4939,108.7167,108.7103,118.6339,117.5378
2021-04-22,99.9974,99.7691,111.0475,110.6465,214.4699,213.9943,224.1932,224.5216,108.7196,108.7132,118.5764,117.4808
2021-04-23,99.993,99.7648,111.0423,110.6413,214.482,214.0064,224.2137,224.5421,108.719,108.7126,118.5843,117.4887
2021-04-26,99.9044,99.6763,110.9555,110.5548,214.3594,213.8836,224.0455,224.3734,108.6038,108.5975,118.4665,117.372
2021-04-27,99.8817,99.6537,110.9378,110.5372,214.333,213.8572,224.0389,224.3668,108.5898,108.5835,118.4584,117.364
2021-04-28,99.8775,99.6495,110.9368,110.5362,214.3457,213.8699,224.0783,224.4063,108.5986,108.5923,118.4731,117.3785
2021-04-29,99.8903,99.6622,110.9495,110.5489,214.3938,213.918,224.188,224.5163,108.642,108.6356,118.5254,117.4304
2021-04-30,99.9098,99.6817,110.9746,110.5739,214.456,213.9804,224.2559,224.5845,108.6648,108.6584,118.5564,117.461
2021-05-06,99.9434,99.7152,111.0441,110.6431,214.6547,214.1786,224.5145,224.8435,108.7278,108.7215,118.6023,117.5065
2021-05-07,99.9745,99.7463,111.0873,110.6861,214.7417,214.2655,224.5047,224.8336,108.7122,108.7059,118.5874,117.4917
2021-05-10,99.9957,99.7674,111.1243,110.723,214.8502,214.3738,224.6197,224.9489,108.7367,108.7303,118.6397,117.5436
2021-05-11,100.0403,99.8119,111.181,110.7795,214.9656,214.489,224.761,225.0905,108.7955,108.7892,118.7095,117.6127
2021-05-12,100.0877,99.8592,111.2392,110.8375,215.0869,214.6101,224.8275,225.1573,108.8175,108.8112,118.7447,117.6476
2021-05-13,100.0708,99.8424,111.2287,110.8271,215.0726,214.5959,224.745,225.0745,108.7661,108.7598,118.6945,117.5979
2021-05-14,100.0798,99.8513,111.2417,110.84,215.1128,214.636,224.7835,225.1131,108.7743,108.768,118.6635,117.5672
2021-05-17,100.0468,99.8184,111.2233,110.8217,215.107,214.6302,224.7911,225.1207,108.7457,108.7393,118.6554,117.5591
2021-05-18,100.0449,99.8165,111.224,110.8223,215.1242,214.6474,224.8712,225.2012,108.7744,108.7681,118.6959,117.5993
2021-05-19,100.0968,99.8683,111.2854,110.8835,215.2561,214.7791,225.0375,225.3681,108.8455,108.8392,118.7801,117.6826
2021-05-20,100.1463,99.9177,111.3455,110.9435,215.382,214.9047,225.1817,225.5129,108.9058,108.8995,118.8553,117.7572
2021-05-21,100.2028,99.9741,111.4037,111.0015,215.5225,215.0451,225.3465,225.6783,108.9762,108.9698,118.9317,117.8329
2021-05-24,100.1953,99.9666,111.4075,111.0052,215.5709,215.0935,225.4098,225.7418,108.975,108.9687,118.9578,117.8588
2021-05-25,100.1965,99.9678,111.4172,111.0148,215.5947,215.1172,225.4098,225.7419,108.9643,108.958,118.952,117.853
2021-05-26,100.2159,99.9871,111.443,111.0406,215.6575,215.1799,225.5543,225.887,109.0247,109.0184,119.0262,117.9265
2021-05-27,100.2009,99.9721,111.4204,111.018,215.6471,215.1695,225.4997,225.8321,108.987,108.9807,118.979,117.8798
2021-05-28,100.169,99.9404,111.3911,110.9888,215.6011,215.1236,225.46,225.7923,108.9568,108.9504,118.9563,117.8573
2021-05-31,100.1613,99.9326,111.4035,111.0012,215.6488,215.1712,225.5649,225.8976,108.9761,108.9698,119.0002,117.9007
2021-06-01,100.1835,99.9547,111.4309,111.0285,215.717,215.2392,225.6722,226.0051,109.018,109.0117,119.046,117.9461
2021-06-02,100.1605,99.9319,111.4161,111.0138,215.6897,215.212,225.6022,225.935,108.9729,108.9666,119.005,117.9055
2021-06-03,100.1809,99.9522,111.444,111.0416,215.754,215.2762,225.6883,226.0212,109.0044,108.9981,119.0343,117.9345
2021-06-04,100.1266,99.8981,111.3885,110.9863,215.6606,215.183,225.5399,225.8726,108.9208,108.9145,118.8183,117.7205
2021-06-07,100.038,99.8096,111.2189,110.8173,215.5366,215.0592,225.4021,225.7344,108.8209,108.8146,118.7245,117.6276
2021-06-08,100.0206,99.7923,111.2097,110.8081,215.5212,215.0438,225.4114,225.7437,108.8147,108.8083,118.7245,117.6276
2021-06-09,100.0181,99.7897,111.2091,110.8075,215.5369,215.0596,225.4275,225.7598,108.8118,108.8054,118.7258,117.6289
2021-06-10,100.0597,99.8313,111.2528,110.851,215.6462,215.1687,225.4992,225.8317,108.8361,108.8298,118.7609,117.6636
2021-06-11,100.0419,99.8135,111.2337,110.832,215.6296,215.1522,225.447,225.7793,108.7997,108.7934,118.7328,117.6358
2021-06-15,100.0219,99.7936,111.2193,110.8177,215.6719,215.1945,225.5197,225.8523,108.7922,108.7859,118.752,117.6549
2021-06-16,100.0027,99.7744,111.2032,110.8017,215.6526,215.1751,225.5203,225.8529,108.7817,108.7754,118.7514,117.6542
2021-06-17,99.9668,99.7386,111.1599,110.7585,215.5977,215.1203,225.4796,225.8121,108.751,108.7446,118.7227,117.6258
2021-06-18,99.9611,99.7329,111.1349,110.7335,215.6069,215.1294,225.4512,225.7836,108.7262,108.7199,118.6938,117.5972
2021-06-21,100.0002,99.7719,111.1536,110.7522,215.7528,215.2753,225.6756,226.0087,108.8039,108.7975,118.7684,117.6711
2021-06-22,100.0158,99.7874,111.127,110.7257,215.8069,215.3294,225.6541,225.9871,108.7825,108.7762,118.7449,117.6478
2021-06-23,100.0502,99.8218,111.1691,110.7677,215.9008,215.4234,225.7791,226.1126,108.833,108.8267,118.8099,117.7122
2021-06-24,100.0818,99.8533,111.21,110.8084,215.9888,215.5115,225.8452,226.1789,108.8546,108.8483,118.8425,117.7445
2021-06-25,100.1026,99.8741,111.2383,110.8366,216.0541,215.5768,225.8901,226.224,108.8658,108.8595,118.8662,117.7679
2021-06-28,100.123,99.8944,111.2827,110.8809,216.1605,215.6833,225.9904,226.3246,108.8826,108.8762,118.9171,117.8184
2021-06-29,100.1255,99.8969,111.2938,110.892,216.187,215.7098,226.0191,226.3535,108.8858,108.8795,118.9303,117.8315
2021-06-30,100.1379,99.9093,111.3169,110.9149,216.2343,215.7571,226.1012,226.4359,108.9153,108.9089,118.9436,117.8447
2021-07-01,100.1616,99.9329,111.3336,110.9315,216.3058,215.8284,226.1409,226.4756,108.9239,108.9176,118.9575,117.8585
2021-07-02,100.1967,99.9679,111.3402,110.9381,216.4015,215.924,226.2592,226.5941,108.971,108.9646,119.0194,117.9198
2021-07-05,100.2324,100.0036,111.3933,110.9911,216.5411,216.0632,226.4155,226.7507,109.015,109.0087,119.097,117.9966
2021-07-06,100.2492,100.0203,111.4172,111.0149,216.5979,216.1199,226.4036,226.7387,108.9984,108.992,119.0833,117.9831
2021-07-07,100.2985,100.0695,111.4729,111.0704,216.7239,216.2457,226.5834,226.919,109.0755,109.0692,119.1728,118.0718
2021-07-08,100.4973,100.2679,111.6991,111.2957,217.1673,216.6881,227.2513,227.5887,109.3916,109.3852,119.5241,118.4198
2021-07-09,100.4969,100.2675,111.6972,111.2939,217.1877,216.7085,227.2613,227.5988,109.3856,109.3793,119.5224,118.4181
2021-07-12,100.6466,100.4168,111.8718,111.4678,217.5693,217.0894,227.8352,228.1743,109.634,109.6276,119.7735,118.6669
2021-07-13,100.7032,100.4733,111.9296,111.5254,217.7107,217.2305,228.1117,228.4517,109.7585,109.7521,119.9069,118.7991
2021-07-14,100.758,100.528,111.9385,111.5343,217.8484,217.368,228.2362,228.5767,109.8086,109.8022,119.9708,118.8624
2021-07-15,100.7203,100.4904,111.9004,111.4964,217.7895,217.3092,228.0658,228.4056,109.7144,109.708,119.8768,118.7693
2021-07-16,100.7545,100.5245,111.9355,111.5313,217.8832,217.4028,228.1748,228.515,109.7569,109.7505,119.9337,118.8256
2021-07-19,100.7678,100.5378,111.9615,111.5572,217.9751,217.4945,228.285,228.6256,109.7784,109.772,119.8933,118.7856
2021-07-20,100.8144,100.5842,112.0145,111.6101,218.0952,217.6145,228.4902,228.8315,109.8679,109.8615,119.9987,118.89
2021-07-21,100.8624,100.6322,112.0666,111.6619,218.2185,217.7378,228.5715,228.9131,109.8969,109.8905,120.0299,118.9209
2021-07-22,100.8709,100.6406,112.0776,111.6729,218.2576,217.7769,228.6495,228.9914,109.9242,109.9178,120.0698,118.9605
2021-07-23,100.9287,100.6982,112.1414,111.7365,218.4014,217.9207,228.8352,229.1778,110.0042,109.9978,120.1627,119.0525
2021-07-26,101.0198,100.7891,112.2532,111.8478,218.6584,218.1776,229.1762,229.5201,110.1385,110.1321,120.3301,119.2184
2021-07-27,100.9954,100.7648,112.2322,111.8269,218.6277,218.1469,229.1218,229.4654,110.101,110.0946,120.2988,119.1873
2021-07-28,100.9321,100.7016,112.1613,111.7563,218.5144,218.0335,228.9645,229.3075,110.0133,110.0069,120.213,119.1024
2021-07-29,100.9903,100.7598,112.2279,111.8226,218.6593,218.1785,229.2291,229.5732,110.1319,110.1255,120.345,119.2331
2021-07-30,101.0959,100.8651,112.3478,111.9421,218.9047,218.4239,229.5854,229.9309,110.2953,110.2889,120.5308,119.4172
2021-08-02,101.1956,100.9646,112.4704,112.0643,219.1806,218.6991,229.906,230.252,110.4192,110.4128,120.6693,119.5544
2021-08-03,101.1705,100.9395,112.4503,112.0442,219.1483,218.6669,229.8638,230.2097,110.3878,110.3814,120.6147,119.5003
2021-08-04,101.1264,100.8955,112.4117,112.0058,219.0755,218.5943,229.7703,230.116,110.3314,110.325,120.5469,119.4331
2021-08-05,101.1675,100.9365,112.4639,112.0578,219.1841,218.7027,230.0081,230.3542,110.4365,110.4301,120.6671,119.5522
2021-08-06,101.1289,100.898,112.4246,112.0187,219.123,218.6417,230.019,230.3652,110.431,110.4245,120.6678,119.5529
2021-08-09,101.0256,100.7949,112.3293,111.9237,218.9663,218.4853,229.7512,230.0968,110.2678,110.2614,120.4886,119.3754
2021-08-10,100.9733,100.7428,112.2773,111.8719,218.8761,218.3952,229.6437,229.9891,110.2046,110.1982,120.4212,119.3087
2021-08-11,100.944,100.7136,112.2478,111.8425,218.8348,218.354,229.5958,229.9411,110.1704,110.164,120.3824,119.2702
2021-08-12,100.9627,100.7322,112.2741,111.8687,218.8958,218.4149,229.7214,230.067,110.2208,110.2143,120.4298,119.3171
2021-08-13,100.9311,100.7007,112.2452,111.8399,218.8495,218.3686,229.6716,230.0171,110.1857,110.1792,120.3742,119.2621
2021-08-16,100.9142,100.6838,112.2362,111.8309,218.8767,218.3958,229.6948,230.0403,110.1643,110.1579,120.3603,119.2483
2021-08-17,100.9188,100.6884,112.245,111.8397,218.9077,218.4267,229.7618,230.1075,110.1862,110.1798,120.3913,119.279
2021-08-18,100.9545,100.7241,112.2892,111.8838,219.0049,218.5239,229.9645,230.3108,110.2742,110.2677,120.4934,119.3802
2021-08-19,100.9923,100.7618,112.3285,111.9229,219.1065,218.6253,230.1345,230.4813,110.3462,110.3398,120.5746,119.4606
2021-08-20,100.9816,100.7511,112.3121,111.9065,219.1047,218.6235,230.1513,230.4982,110.3435,110.3371,120.5804,119.4663
2021-08-23,100.9483,100.7179,112.2721,111.8667,219.0968,218.6157,230.1006,230.4474,110.2863,110.2799,120.5368,119.4232
2021-08-24,100.9494,100.719,112.2755,111.8701,219.1203,218.6391,230.1314,230.4783,110.2905,110.284,120.4461,119.3333
2021-08-25,100.9873,100.7568,112.3183,111.9128,219.222,218.7408,230.226,230.5733,110.3257,110.3193,120.3833,119.2711
2021-08-26,100.942,100.7116,112.2722,111.8668,219.1464,218.6653,230.0075,230.3536,110.2083,110.2018,120.2568,119.1458
2021-08-27,100.9369,100.7064,112.2704,111.865,219.1564,218.6752,230.0489,230.3953,110.2176,110.2111,120.2744,119.1631
2021-08-30,100.9381,100.7076,112.276,111.8706,219.2218,218.7406,230.2296,230.5768,110.2729,110.2665,120.364,119.2519
2021-08-31,100.9684,100.7379,112.317,111.9114,219.3074,218.8262,230.2916,230.6392,110.2923,110.2859,120.3961,119.2837
2021-09-01,101.0189,100.7883,112.373,111.9672,219.4363,218.9548,230.4642,230.8121,110.3653,110.3589,120.4728,119.3598
2021-09-02,101.0146,100.784,112.3728,111.967,219.4482,218.9667,230.5436,230.8916,110.393,110.3865,120.5043,119.391
2021-09-03,101.0089,100.7783,112.3652,111.9595,219.457,218.9755,230.5206,230.8686,110.3709,110.3645,120.4913,119.3781
2021-09-06,100.9999,100.7693,112.3266,111.921,219.5006,219.019,230.5915,230.9396,110.3726,110.3662,120.5238,119.4102
2021-09-07,100.9698,100.7393,112.3029,111.8973,219.4572,218.9757,230.5173,230.8652,110.3257,110.3193,120.4846,119.3714
2021-09-08,100.9357,100.7052,112.2714,111.866,219.4053,218.9238,230.4999,230.8478,110.3063,110.2999,120.3559,119.2439
2021-09-09,100.9123,100.682,112.2514,111.8461,219.3765,218.895,230.4585,230.8063,110.2753,110.2689,120.3286,119.2169
2021-09-10,100.8972,100.6669,112.1828,111.7777,219.3652,218.8837,230.4499,230.7977,110.2603,110.2538,120.3194,119.2078
2021-09-13,100.8632,100.633,112.161,111.756,219.3553,218.8738,230.4526,230.8003,110.2288,110.2224,120.3105,119.1989
2021-09-14,100.8046,100.5744,112.0701,111.6654,219.2509,218.7695,230.3614,230.7089,110.1737,110.1673,120.2597,119.1486
2021-09-15,100.8113,100.5811,112.0826,111.6779,219.2862,218.8048,230.3067,230.654,110.1362,110.1298,120.2276,119.1168
2021-09-16,100.7822,100.5522,112.0509,111.6462,219.2451,218.7636,230.2009,230.5479,110.0739,110.0675,120.1658,119.0556
2021-09-17,100.8109,100.5808,112.0828,111.6781,219.3273,218.8459,230.4233,230.771,110.171,110.1646,120.2753,119.164
2021-09-22,100.8293,100.5991,112.1036,111.6988,219.4709,218.9895,230.5972,230.9454,110.2009,110.1945,120.3309,119.2191
2021-09-23,100.8236,100.5934,112.0729,111.6682,219.4797,218.9983,230.6765,231.025,110.2285,110.2221,120.3627,119.2507
2021-09-24,100.8145,100.5843,112.0619,111.6573,219.4811,218.9997,230.6256,230.9739,110.1929,110.1865,120.3223,119.2106
2021-09-27,100.7834,100.5533,112.0329,111.6284,219.4774,218.996,230.5934,230.9416,110.1445,110.1381,120.2758,119.1646
2021-09-28,100.742,100.512,111.9938,111.5894,219.4098,218.9283,230.4716,230.8193,110.0745,110.0681,120.2075,119.0969
2021-09-29,100.7378,100.5078,111.995,111.5906,219.4217,218.9402,230.5501,230.8981,110.1017,110.0953,120.2447,119.1337
2021-09-30,100.7699,100.5398,112.0397,111.6351,219.5111,219.0298,230.6336,230.9819,110.1313,110.1249,120.2876,119.1763
2021-10-08,100.7187,100.4887,112.0638,111.6592,219.5689,219.0874,230.6031,230.9514,110.0294,110.023,120.27,119.1588
2021-10-11,100.604,100.3744,111.9483,111.5441,219.3858,218.9047,230.3473,230.6951,109.8728,109.8664,120.1264,119.0165
2021-10-12,100.541,100.3115,111.8837,111.4797,219.2717,218.7908,230.2022,230.5498,109.7917,109.7853,120.0476,118.9385
2021-10-13,100.4993,100.2698,111.847,111.4431,219.203,218.7222,230.1145,230.462,109.7383,109.7319,119.9999,118.8912
2021-10-14,100.4857,100.2563,111.835,111.4312,219.1949,218.7141,230.1392,230.4867,109.7393,109.733,120.0059,118.8971
2021-10-15,100.4606,100.2312,111.7992,111.3954,219.1619,218.6811,230.1279,230.4754,109.7229,109.7166,119.9961,118.8874
2021-10-18,100.2859,100.0569,111.6171,111.2141,218.85,218.3698,229.5756,229.9221,109.4227,109.4164,119.6993,118.5934
2021-10-19,100.2554,100.0265,111.5872,111.1843,218.8055,218.3253,229.6678,230.0145,109.4565,109.4501,119.7286,118.6224
2021-10-20,100.2899,100.061,111.6329,111.2298,218.9007,218.4204,229.8045,230.1514,109.5118,109.5054,119.793,118.6862
2021-10-21,100.3422,100.1131,111.6881,111.2848,219.0337,218.5532,229.9001,230.2473,109.5472,109.5408,119.8399,118.7326
2021-10-22,100.3523,100.1232,111.6332,111.2301,219.0764,218.5959,229.9124,230.2596,109.5423,109.5359,119.8463,118.739
2021-10-25,100.3554,100.1263,111.6257,111.2227,219.1457,218.6652,229.971,230.3183,109.5379,109.5315,119.8467,118.7394
2021-10-26,100.3825,100.1534,111.6366,111.2335,219.2249,218.7443,230.0823,230.4299,109.5809,109.5746,119.9017,118.7939
2021-10-27,100.4123,100.1831,111.6722,111.2689,219.3097,218.8292,230.1368,230.4845,109.5964,109.5901,119.923,118.8151
2021-10-28,100.4338,100.2046,111.6872,111.2839,219.3767,218.8962,230.2204,230.5683,109.626,109.6196,119.9639,118.8555
2021-10-29,100.4591,100.2298,111.7164,111.313,219.4518,218.9714,230.2631,230.6111,109.6358,109.6294,119.985,118.8765
2021-11-01,100.4937,100.2643,111.775,111.3714,219.589,219.1082,230.4513,230.7996,109.6942,109.6878,120.0741,118.9647
2021-11-02,100.5718,100.3422,111.8675,111.4636,219.778,219.2969,230.6062,230.9547,109.7582,109.7518,120.133,119.0231
2021-11-03,100.6157,100.386,111.9131,111.509,219.8933,219.412,230.7213,231.07,109.803,109.7966,120.1754,119.0651
2021-11-04,100.648,100.4182,111.9514,111.5471,219.9836,219.5021,230.8233,231.1722,109.8414,109.835,120.199,119.0884
2021-11-05,100.7073,100.4774,112.0042,111.5998,220.1322,219.6505,231.2084,231.5581,110.0168,110.0104,120.3978,119.2854
2021-11-08,100.7147,100.4847,112.0315,111.627,220.2106,219.7287,231.27,231.6199,110.0139,110.0075,120.4216,119.3091
2021-11-09,100.6755,100.4457,111.9952,111.5908,220.1473,219.6655,231.1977,231.5474,109.968,109.9616,120.3756,119.2634
2021-11-10,100.6885,100.4587,112.0156,111.6111,220.1961,219.7142,231.2773,231.6272,109.9956,109.9892,120.415,119.3025
2021-11-11,100.6499,100.4201,111.9784,111.574,220.1338,219.652,231.1952,231.5449,109.9449,109.9385,120.3677,119.2557
2021-11-12,100.6537,100.4239,111.9552,111.5509,220.163,219.6811,231.2237,231.5735,109.9478,109.9414,120.3819,119.2697
2021-11-15,100.6731,100.4432,111.9915,111.5871,220.2671,219.7852,231.3446,231.6946,109.9735,109.9671,120.432,119.3193
2021-11-16,100.6864,100.4566,112.0121,111.6077,220.3167,219.8347,231.4034,231.7536,109.9911,109.9847,120.458,119.3451
2021-11-17,100.683,100.4531,112.0128,111.6084,220.3301,219.8481,231.4358,231.7861,109.9959,109.9895,120.4388,119.326
2021-11-18,100.7002,100.4703,112.0354,111.6308,220.3879,219.9059,231.5152,231.8657,110.0233,110.0169,120.479,119.3659
2021-11-19,100.7069,100.477,112.0449,111.6403,220.4233,219.9412,231.541,231.8916,110.0249,110.0185,120.4916,119.3784
2021-11-22,100.7204,100.4905,112.0777,111.673,220.5147,220.0326,231.6718,232.0228,110.0554,110.049,120.5469,119.4332
2021-11-23,100.7222,100.4923,112.0846,111.6799,220.5394,220.0573,231.6749,232.0259,110.046,110.0396,120.5389,119.4252
2021-11-24,100.769,100.539,112.1454,111.7405,220.6609,220.1787,231.8375,232.1889,110.1137,110.1073,120.6205,119.5061
2021-11-25,100.798,100.5679,112.1836,111.7785,220.7441,220.2619,232.0228,232.3748,110.1925,110.186,120.7152,119.5999
2021-11-26,100.8582,100.6279,112.2538,111.8485,220.8943,220.4121,232.182,232.5345,110.2585,110.2521,120.7971,119.681
2021-11-29,100.8657,100.6355,112.2842,111.8788,220.9729,220.4906,232.2296,232.5822,110.2489,110.2424,120.813,119.6968
2021-11-30,100.8443,100.6141,112.2655,111.8601,220.9475,220.4653,232.2929,232.6457,110.2685,110.2621,120.8433,119.7268
2021-12-01,100.8367,100.6065,112.2636,111.8583,220.9519,220.4697,232.2761,232.6289,110.2496,110.2431,120.8308,119.7145
2021-12-02,100.8122,100.582,112.2443,111.839,220.9199,220.4377,232.2335,232.5863,110.2181,110.2117,120.8062,119.69
2021-12-03,100.7856,100.5555,112.2209,111.8157,220.8832,220.4011,232.1426,232.4952,110.1633,110.1569,120.6266,119.5121
2021-12-06,100.904,100.6737,112.2786,111.8732,221.2009,220.7182,232.6086,232.9624,110.3553,110.3489,120.8553,119.7387
2021-12-07,100.8852,100.6549,112.2604,111.855,221.1812,220.6984,232.5364,232.8901,110.3096,110.3032,120.814,119.6977
2021-12-08,100.8477,100.6175,112.2249,111.8197,221.121,220.6383,232.3885,232.7417,110.2273,110.2209,120.7247,119.6093
2021-12-09,100.8493,100.6191,112.2332,111.8279,221.1452,220.6625,232.3727,232.7258,110.2087,110.2023,120.7106,119.5954
2021-12-10,100.876,100.6457,112.2672,111.8618,221.2235,220.7407,232.465,232.8185,110.2423,110.2359,120.7516,119.6359
2021-12-13,100.874,100.6437,112.2921,111.8866,221.2813,220.7985,232.504,232.8576,110.2284,110.2219,120.7545,119.6388
2021-12-14,100.9099,100.6796,112.3383,111.9326,221.3796,220.8967,232.6075,232.9614,110.2674,110.2609,120.8043,119.6882
2021-12-15,100.9338,100.7034,112.3702,111.9644,221.4517,220.9688,232.7032,233.0574,110.3026,110.2962,120.8508,119.7343
2021-12-16,100.935,100.7046,112.3767,111.9709,221.4752,220.9922,232.7458,233.1002,110.3122,110.3058,120.8714,119.7546
2021-12-17,100.95,100.7196,112.3987,111.9928,221.5282,221.0452,232.8177,233.1722,110.336,110.3296,120.9082,119.7911
2021-12-20,100.9146,100.6842,112.383,111.9771,221.5139,221.0309,232.8442,233.1988,110.316,110.3096,120.9105,119.7934
2021-12-21,100.8709,100.6406,112.3226,111.917,221.4404,220.9575,232.7969,233.1514,110.2822,110.2758,120.883,119.7661
2021-12-22,100.8857,100.6554,112.3478,111.9421,221.4931,221.0101,232.8848,233.2396,110.3137,110.3073,120.9208,119.8036
2021-12-23,100.9411,100.7107,112.4159,112.0099,221.6332,221.1502,233.081,233.4365,110.3974,110.391,121.0206,119.9025
2021-12-24,100.9506,100.7201,112.4348,112.0288,221.6743,221.1912,233.1341,233.4898,110.4121,110.4057,121.0424,119.924
2021-12-27,100.9714,100.7408,112.4766,112.0705,221.7812,221.2982,233.2854,233.6415,110.4523,110.4459,121.1107,119.9917
2021-12-28,100.9853,100.7548,112.501,112.0948,221.832,221.349,233.3786,233.7351,110.4864,110.48,121.156,120.0366
2021-12-29,101.0366,100.806,112.5649,112.1584,221.9633,221.4802,233.5737,233.9309,110.5696,110.5631,121.2482,120.128
2021-12-30,101.0986,100.8678,112.6409,112.2341,222.1175,221.6345,233.838,234.1962,110.6862,110.6798,121.3854,120.2639
2021-12-31,101.1341,100.9032,112.6898,112.2829,222.2147,221.7317,233.9276,234.2861,110.7185,110.712,121.4279,120.306
2022-01-04,101.1487,100.9178,112.7441,112.337,222.3292,221.846,234.003,234.3616,110.711,110.7046,121.463,120.3408
2022-01-05,101.1737,100.9427,112.7818,112.3746,222.404,221.9206,234.0832,234.4419,110.7387,110.7323,121.5047,120.3821
2022-01-06,101.1432,100.9123,112.7237,112.3166,222.3588,221.8755,234.0353,234.3939,110.7047,110.6983,121.3931,120.2716
2022-01-07,101.1411,100.9102,112.728,112.321,222.3751,221.8918,234.0735,234.4322,110.7122,110.7058,121.402,120.2804
2022-01-10,101.2045,100.9735,112.7754,112.3681,222.5743,222.0907,234.3009,234.6601,110.789,110.7826,121.3385,120.2175
2022-01-11,101.2482,101.0171,112.8308,112.4234,222.6896,222.2058,234.4719,234.8318,110.8605,110.8541,121.407,120.2853
2022-01-12,101.2938,101.0626,112.8428,112.4353,222.8089,222.325,234.6415,235.0021,110.9314,110.9249,121.4877,120.3652
2022-01-13,101.3123,101.081,112.8664,112.4588,222.8694,222.3854,234.7295,235.0905,110.9629,110.9564,121.5274,120.4046
2022-01-14,101.3233,101.092,112.8767,112.4691,222.9139,222.4299,234.8672,235.2287,111.0183,111.0118,121.5452,120.4222
2022-01-17,101.3759,101.1444,112.9464,112.5385,223.0895,222.6054,235.0956,235.4581,111.0956,111.0891,121.6386,120.5147
2022-01-18,101.5239,101.2921,113.1136,112.7052,223.4301,222.9458,235.5601,235.9249,111.3086,111.3021,121.8565,120.7306
2022-01-19,101.6496,101.4175,113.2573,112.8484,223.7223,223.2378,236.0801,236.4475,111.5483,111.5418,122.1223,120.994
2022-01-20,101.6802,101.448,113.2926,112.8835,223.809,223.3246,236.2054,236.5734,111.5977,111.5912,122.1727,121.0439
2022-01-21,101.752,101.5197,113.3785,112.9691,223.985,223.5005,236.5115,236.8811,111.7344,111.7279,122.315,121.1849
2022-01-24,101.8674,101.6348,113.5284,113.1185,224.2962,223.8116,236.9886,237.3607,111.9316,111.925,122.5459,121.4137
2022-01-25,101.8558,101.6233,113.5171,113.1072,224.2918,223.8073,236.9817,237.3538,111.9173,111.9108,122.5365,121.4044
2022-01-26,101.7923,101.5599,113.4557,113.046,224.1753,223.6908,236.7066,237.0772,111.7739,111.7674,122.3875,121.2567
2022-01-27,101.7598,101.5275,113.4262,113.0167,224.1257,223.6412,236.5796,236.9494,111.7017,111.6952,122.3126,121.1826
2022-01-28,101.8018,101.5694,113.467,113.0572,224.2372,223.7526,236.7728,237.1437,111.7839,111.7774,122.4093,121.2783
2022-02-07,101.8115,101.5791,113.528,113.1181,224.4643,223.9797,236.9621,237.3342,111.7662,111.7597,122.3595,121.229
2022-02-08,101.8242,101.5918,113.5496,113.1396,224.5126,224.0279,237.0022,237.3744,111.7746,111.7681,122.3772,121.2465
2022-02-09,101.788,101.5557,113.5057,113.0958,224.4549,223.9702,236.949,237.321,111.7381,111.7316,122.1947,121.0657
2022-02-10,101.7869,101.5545,113.5144,113.1045,224.473,223.9884,236.9516,237.3236,111.7285,111.722,122.1961,121.0671
2022-02-11,101.5999,101.368,113.3167,112.9075,224.0886,223.6046,236.2462,236.6155,111.3792,111.3727,121.8217,120.6961
2022-02-14,101.5572,101.3254,113.2992,112.8901,224.0581,223.5741,236.1582,236.527,111.3043,111.2978,121.7744,120.6493
2022-02-15,101.5313,101.2995,113.2809,112.8719,224.0225,223.5386,236.1438,236.5125,111.2864,111.28,121.7657,120.6407
2022-02-16,101.5316,101.2998,113.2912,112.8821,224.0438,223.5598,236.1392,236.508,111.2734,111.2669,121.7257,120.601
2022-02-17,101.5765,101.3446,113.3494,112.9401,224.1617,223.6776,236.308,236.6775,111.3434,111.337,121.8096,120.6842
2022-02-18,101.5616,101.3297,113.3434,112.9342,224.1501,223.6659,236.2418,236.611,111.3007,111.2943,121.7725,120.6474
2022-02-21,101.4392,101.2076,113.2323,112.8234,223.9467,223.4628,235.8913,236.2589,111.0999,111.0934,121.5811,120.4578
2022-02-22,101.324,101.0927,113.0818,112.6734,223.7179,223.2344,235.7092,236.076,111.0017,110.9952,121.4766,120.3542
2022-02-23,101.3263,101.095,113.0947,112.6863,223.7434,223.2599,235.798,236.1651,111.0333,111.0269,121.5196,120.3968
2022-02-24,101.3565,101.1251,113.1322,112.7237,223.8294,223.3458,235.8673,236.2348,111.0557,111.0493,121.515,120.3924
2022-02-25,101.3494,101.118,113.1318,112.7233,223.8347,223.351,235.8866,236.2542,111.0541,111.0476,121.5219,120.3991
2022-02-28,101.3873,101.1559,113.1363,112.7278,223.9787,223.4949,235.9697,236.3376,111.0613,111.0548,121.5499,120.4268
2022-03-01,101.342,101.1107,113.0941,112.6857,223.9011,223.4174,235.8591,236.2269,110.9975,110.9911,121.4886,120.3661
2022-03-02,101.2615,101.0304,112.9806,112.5726,223.747,223.2636,235.6309,235.9983,110.8776,110.8711,121.3701,120.2488
2022-03-03,101.1302,100.8994,112.7857,112.3785,223.4826,222.9998,235.3682,235.7352,110.7411,110.7347,121.2169,120.0969
2022-03-04,101.1063,100.8754,112.764,112.3568,223.4512,222.9684,235.3364,235.7034,110.7151,110.7087,121.1964,120.0766
2022-03-07,101.1111,100.8803,112.7956,112.3883,223.5237,223.0408,235.479,235.8463,110.7506,110.7442,121.264,120.1436
2022-03-08,101.1409,100.91,112.8095,112.4021,223.609,223.126,235.5262,235.8935,110.7623,110.7558,121.2832,120.1627
2022-03-09,101.0519,100.8212,112.7137,112.3067,223.4365,222.9536,235.3553,235.7223,110.6697,110.6633,121.1939,120.0742
2022-03-10,101.0086,100.778,112.6714,112.2645,223.3633,222.8805,235.3104,235.6773,110.6374,110.631,121.1618,120.0424
2022-03-11,101.0361,100.8054,112.6473,112.2406,223.4435,222.9606,235.6263,235.9938,110.7775,110.7711,121.3121,120.1913
2022-03-14,101.1655,100.9345,112.7963,112.389,223.7862,223.3033,236.1253,236.4939,110.9833,110.9769,121.5423,120.4194
2022-03-15,101.0263,100.7957,112.6471,112.2404,223.5048,223.0219,235.7137,236.0813,110.7758,110.7693,121.3279,120.2069
2022-03-16,100.9859,100.7553,112.5975,112.1909,223.4377,222.9548,235.6086,235.976,110.7147,110.7082,121.2632,120.1429
2022-03-17,100.984,100.7535,112.6019,112.1952,223.4543,222.9713,235.627,235.9944,110.7126,110.7061,121.2598,120.1394
2022-03-18,100.9996,100.769,112.6185,112.2118,223.5087,223.0258,235.7613,236.129,110.7658,110.7594,121.3224,120.2015
2022-03-21,100.9661,100.7356,112.5726,112.1661,223.4979,223.0149,235.7717,236.1395,110.7383,110.7319,121.3169,120.1961
2022-03-22,100.8943,100.664,112.4991,112.0929,223.3627,222.8796,235.6095,235.9768,110.6499,110.6435,121.2285,120.1084
2022-03-23,100.8809,100.6506,112.4805,112.0743,223.354,222.8709,235.6335,236.0009,110.6506,110.6441,121.2317,120.1116
2022-03-24,100.8916,100.6613,112.4747,112.0685,223.3979,222.9149,235.7155,236.0831,110.6789,110.6724,121.2714,120.151
2022-03-25,100.922,100.6916,112.5088,112.1026,223.4844,223.0015,235.7929,236.1607,110.705,110.6986,121.3034,120.1827
2022-03-28,100.9344,100.7039,112.5255,112.1192,223.5729,223.0901,235.9023,236.2704,110.7248,110.7183,121.2815,120.161
2022-03-29,100.9156,100.6853,112.5062,112.0999,223.5529,223.07,235.915,236.2831,110.72,110.7135,121.2861,120.1655
2022-03-30,100.9485,100.7181,112.5481,112.1417,223.6448,223.162,236.032,236.4005,110.765,110.7586,121.344,120.2229
2022-03-31,100.9643,100.7338,112.5739,112.1674,223.6996,223.2169,236.0598,236.4284,110.7675,110.761,121.3571,120.2359
2022-04-01,101.027,100.7964,112.6397,112.2329,223.8569,223.3739,236.2531,236.6221,110.8488,110.8424,121.4516,120.3295
2022-04-06,101.1396,100.9087,112.716,112.309,224.2052,223.7216,236.7042,237.0738,111.0098,111.0033,121.6774,120.5532
2022-04-07,101.1972,100.9662,112.7665,112.3593,224.3512,223.8674,236.8723,237.2423,111.0791,111.0726,121.7621,120.6372
2022-04-08,101.2211,100.99,112.7991,112.3918,224.4237,223.9399,236.9694,237.3395,111.1145,111.1081,121.8076,120.6822
2022-04-11,101.1975,100.9664,112.7138,112.3068,224.4345,223.9507,236.9401,237.3101,111.0682,111.0618,121.7823,120.6571
2022-04-12,101.1793,100.9483,112.6945,112.2875,224.4158,223.9319,236.9388,237.3089,111.0568,111.0504,121.7746,120.6495
2022-04-13,101.1876,100.9567,112.6659,112.2591,224.4546,223.9708,237.0377,237.4079,111.0931,111.0867,121.8195,120.694
2022-04-14,101.2515,101.0203,112.7384,112.3313,224.6143,224.1306,237.2296,237.6002,111.1738,111.1673,121.9127,120.7863
2022-04-15,101.2763,101.0451,112.7609,112.3537,224.689,224.2053,237.2844,237.6551,111.1891,111.1826,121.9307,120.8042
2022-04-18,101.2083,100.9773,112.7057,112.2988,224.6031,224.1193,237.0725,237.4428,111.0558,111.0494,121.8062,120.6808
2022-04-19,101.199,100.968,112.7016,112.2947,224.6035,224.1197,237.0535,237.4238,111.036,111.0295,121.7906,120.6654
2022-04-20,101.1543,100.9234,112.6481,112.2413,224.527,224.0431,236.9434,237.3134,110.9728,110.9663,121.7282,120.6036
2022-04-21,101.1517,100.9208,112.6453,112.2386,224.542,224.0581,236.9264,237.2963,110.9539,110.9474,121.6972,120.5728
2022-04-22,101.1555,100.9246,112.5939,112.1873,224.5709,224.087,236.829,237.1987,110.8967,110.8903,121.6459,120.522
2022-04-25,101.177,100.9461,112.6345,112.2278,224.68,224.1963,236.9479,237.3179,110.921,110.9146,121.6828,120.5585
2022-04-26,101.1853,100.9543,112.6404,112.2337,224.7187,224.2351,236.9606,237.3307,110.9163,110.9099,121.6869,120.5627
2022-04-27,101.1473,100.9164,112.5994,112.1928,224.6567,224.173,236.9124,237.2823,110.8825,110.8761,121.6553,120.5313
2022-04-28,101.1091,100.8783,112.5559,112.1495,224.5943,224.1104,236.7947,237.1643,110.8157,110.8093,121.5732,120.45
2022-04-29,101.1307,100.8998,112.5776,112.1711,224.6619,224.1782,236.8764,237.2463,110.8439,110.8374,121.6008,120.4773
2022-05-05,101.1481,100.9172,112.6192,112.2125,224.8248,224.3407,237.056,237.4261,110.8647,110.8582,121.6626,120.5386
2022-05-06,101.1436,100.9127,112.6094,112.2028,224.8358,224.3516,237.0971,237.4673,110.8734,110.867,121.6749,120.5507
2022-05-09,101.1484,100.9175,112.6344,112.2277,224.9086,224.4243,237.2203,237.5907,110.8997,110.8933,121.7275,120.6029
2022-05-10,101.2059,100.9749,112.7057,112.2987,225.0553,224.5708,237.4332,237.804,110.9902,110.9838,121.8248,120.6993
2022-05-11,101.2105,100.9794,112.7154,112.3083,225.086,224.6015,237.4686,237.8396,110.9963,110.9899,121.7427,120.6179
2022-05-12,101.2448,101.0136,112.7593,112.3521,225.1818,224.6971,237.5601,237.9313,111.0291,111.0226,121.7894,120.6642
2022-05-13,101.2718,101.0407,112.7967,112.3894,225.2618,224.7771,237.6331,238.0045,111.053,111.0465,121.6947,120.5703
2022-05-16,101.2666,101.0355,112.7578,112.3506,225.3127,224.8279,237.6829,238.0544,111.0443,111.0379,121.7102,120.5858
2022-05-17,101.311,101.0797,112.8131,112.4058,225.4305,224.9456,237.8394,238.2116,111.108,111.1015,121.7592,120.6342
2022-05-18,101.3741,101.1427,112.8834,112.4758,225.5893,225.1043,237.9746,238.3473,111.1615,111.155,121.8286,120.703
2022-05-19,101.4058,101.1743,112.9259,112.5181,225.6793,225.1942,238.1102,238.4836,111.2152,111.2087,121.8899,120.7637
2022-05-20,101.3827,101.1513,112.9027,112.495,225.6495,225.1645,238.0889,238.4622,111.1943,111.1878,121.8781,120.752
2022-05-23,101.4255,101.194,112.9694,112.5615,225.8053,225.3202,238.2862,238.6602,111.2558,111.2493,121.8291,120.7035
2022-05-24,101.4395,101.208,112.9912,112.5832,225.8567,225.3715,238.3528,238.7272,111.2767,111.2702,121.8595,120.7336
2022-05-25,101.4334,101.2018,112.9828,112.5748,225.864,225.3788,238.4472,238.8221,111.3109,111.3044,121.8972,120.771
2022-05-26,101.5268,101.2951,113.0889,112.6805,226.089,225.6038,238.8713,239.2486,111.5016,111.4952,122.0995,120.9715
2022-05-27,101.5511,101.3193,113.1109,112.7024,226.1628,225.6776,238.9617,239.3394,111.5338,111.5274,122.1365,121.0081
2022-05-30,101.5195,101.2877,113.0976,112.6892,226.1558,225.6705,238.8409,239.2179,111.4443,111.4378,122.0512,120.9235
2022-05-31,101.4375,101.2059,113.0122,112.6041,225.997,225.5117,238.4969,238.8719,111.2702,111.2637,121.8693,120.7434
2022-06-01,101.4001,101.1686,112.9714,112.5635,225.9358,225.4507,238.4508,238.8257,111.2377,111.2312,121.8316,120.706
2022-06-02,101.357,101.1256,112.9317,112.5239,225.8621,225.3771,238.3706,238.7454,111.189,111.1826,121.7903,120.665
2022-06-06,101.2826,101.0514,112.7512,112.3441,225.7814,225.2966,238.2268,238.6014,111.078,111.0715,121.698,120.5736
2022-06-07,101.2492,101.018,112.6917,112.2848,225.7288,225.244,238.1946,238.5691,111.052,111.0455,121.6791,120.5549
2022-06-08,101.2608,101.0297,112.7109,112.3039,225.775,225.2902,238.2084,238.5829,111.0477,111.0412,121.6861,120.5619
2022-06-09,101.2857,101.0545,112.7421,112.335,225.8502,225.3653,238.3117,238.6864,111.0857,111.0793,121.7203,120.5957
2022-06-10,101.3025,101.0713,112.762,112.3548,225.9076,225.4227,238.3994,238.7743,111.1176,111.1111,121.7572,120.6322
2022-06-13,101.2844,101.0531,112.7585,112.3514,225.9296,225.4448,238.4129,238.7878,111.0916,111.0852,121.7455,120.6206
2022-06-14,101.2657,101.0346,112.7438,112.3367,225.9094,225.4245,238.3781,238.753,111.0644,111.058,121.725,120.6004
2022-06-15,101.2581,101.0269,112.7329,112.3258,225.9132,225.4283,238.3348,238.7096,111.0332,111.0267,121.696,120.5717
2022-06-16,101.2783,101.0471,112.7533,112.3462,225.9781,225.4932,238.3911,238.766,111.0491,111.0426,121.7207,120.5961
2022-06-17,101.303,101.0718,112.7813,112.374,226.053,225.5681,238.4739,238.8489,111.0774,111.071,121.7503,120.6255
2022-06-20,101.2601,101.029,112.7247,112.3176,226.0208,225.5359,238.441,238.816,111.0297,111.0232,121.7153,120.5908
2022-06-21,101.2344,101.0033,112.7042,112.2972,225.9851,225.5002,238.4495,238.8245,111.0229,111.0165,121.719,120.5944
2022-06-22,101.2363,101.0051,112.6893,112.2824,226.0097,225.5248,238.4929,238.868,111.0327,111.0262,121.7223,120.5977
2022-06-23,101.2471,101.0159,112.7063,112.2993,226.054,225.5692,238.5257,238.9009,111.0374,111.031,121.7321,120.6074
2022-06-24,101.2294,100.9983,112.6939,112.287,226.036,225.5511,238.4855,238.8606,111.0077,111.0013,121.7043,120.5799
2022-06-27,101.1405,100.9096,112.6189,112.2122,225.9029,225.4179,238.2825,238.6569,110.8795,110.8731,121.5893,120.466
2022-06-28,101.105,100.8742,112.5897,112.1832,225.8459,225.3607,238.1861,238.5602,110.8232,110.8168,121.531,120.4082
2022-06-29,101.088,100.8572,112.5734,112.1669,225.8292,225.344,238.1788,238.553,110.8091,110.8026,121.5221,120.3994
2022-06-30,101.1194,100.8886,112.602,112.1954,225.9187,225.4336,238.3046,238.6792,110.8578,110.8513,121.583,120.4596
2022-07-01,101.1539,100.9229,112.6456,112.2388,226.0151,225.5298,238.3774,238.752,110.8814,110.8749,121.6192,120.4955
2022-07-04,101.085,100.8542,112.5966,112.1901,225.9256,225.4405,238.2309,238.6053,110.7801,110.7737,121.5394,120.4165
2022-07-05,101.03,100.7993,112.5448,112.1384,225.8253,225.3404,238.2059,238.5802,110.7576,110.7511,121.5265,120.4037
2022-07-06,101.0517,100.8211,112.5723,112.1658,225.8938,225.4088,238.3346,238.7092,110.8076,110.8011,121.4683,120.3461
2022-07-07,101.0543,100.8236,112.5813,112.1747,225.9201,225.435,238.3678,238.7425,110.8125,110.8061,121.4811,120.3588
2022-07-08,101.0651,100.8344,112.5992,112.1926,225.9645,225.4793,238.4125,238.7873,110.8229,110.8164,121.4977,120.3751
2022-07-11,101.1082,100.8774,112.6529,112.2461,226.1213,225.6358,238.5875,238.9628,110.8733,110.8668,121.571,120.4478
2022-07-12,101.1618,100.9309,112.7184,112.3114,226.2598,225.7741,238.8411,239.2171,110.9821,110.9757,121.6915,120.5672
2022-07-13,101.1963,100.9653,112.7542,112.3471,226.3564,225.8705,238.9886,239.365,111.041,111.0345,121.7573,120.6324
2022-07-14,101.2452,101.0141,112.7655,112.3583,226.4846,225.9985,239.1647,239.5417,111.1133,111.1068,121.8455,120.7198
2022-07-15,101.2855,101.0543,112.8124,112.4051,226.5938,226.1076,239.3187,239.6961,111.1752,111.1687,121.9183,120.7919
2022-07-18,101.3265,101.0952,112.8726,112.465,226.7458,226.2595,239.482,239.8599,111.2201,111.2136,121.9891,120.862
2022-07-19,101.3377,101.1064,112.8524,112.4448,226.7911,226.3048,239.54,239.9181,111.2368,111.2303,122.0159,120.8886
2022-07-20,101.3743,101.1429,112.8939,112.4862,226.8922,226.4058,239.6917,240.0702,111.2976,111.2911,122.0889,120.9609
2022-07-21,101.4345,101.2029,112.9619,112.554,227.0452,226.5587,239.8761,240.2552,111.3738,111.3673,122.1688,121.0401
2022-07-22,101.4281,101.1966,112.9598,112.5519,227.0519,226.5654,239.8628,240.2419,111.3568,111.3504,122.1592,121.0305
2022-07-25,101.454,101.2223,113.0024,112.5943,227.1705,226.684,239.9713,240.3508,111.376,111.3695,122.1917,121.0628
2022-07-26,101.5078,101.2761,113.0659,112.6577,227.3097,226.8232,240.1292,240.5092,111.4397,111.4332,122.2709,121.1413
2022-07-27,101.5415,101.3097,113.1004,112.692,227.4043,226.9178,240.2609,240.6413,111.4911,111.4846,122.3269,121.1967
2022-07-28,101.5103,101.2786,113.0596,112.6514,227.3564,226.8699,240.2253,240.6056,111.4636,111.4572,122.3004,121.1704
2022-07-29,101.6001,101.3681,113.1615,112.7529,227.5743,227.0879,240.4637,240.8449,111.5654,111.5589,122.4126,121.2816
2022-08-01,101.686,101.4539,113.2716,112.8626,227.8257,227.3387,240.8084,241.1901,111.6955,111.689,122.5425,121.4103
2022-08-02,101.7434,101.5111,113.3404,112.9312,227.9728,227.4855,240.9466,241.3286,111.7498,111.7433,122.6079,121.4751
2022-08-03,101.7865,101.5541,113.3943,112.9849,228.0885,227.601,241.1083,241.4906,111.8153,111.8088,122.6627,121.5294
2022-08-04,101.855,101.6224,113.4658,113.056,228.2601,227.7723,241.3223,241.7051,111.9053,111.8987,122.7712,121.6369
2022-08-05,101.8127,101.5803,113.4233,113.0138,228.1876,227.6998,241.2594,241.6421,111.865,111.8585,122.7388,121.6048
2022-08-08,101.785,101.5526,113.4131,113.0035,228.1883,227.7006,241.2569,241.6395,111.8318,111.8253,122.7341,121.6001
2022-08-09,101.7238,101.4916,113.3419,112.9327,228.0741,227.5866,241.1449,241.5273,111.7685,111.762,122.6499,121.5167
2022-08-10,101.7058,101.4736,113.3283,112.9191,228.0549,227.5674,241.1852,241.5677,111.7768,111.7703,122.6612,121.5279
2022-08-11,101.667,101.435,113.2717,112.8627,227.9901,227.5027,241.1606,241.543,111.7545,111.748,122.6299,121.497
2022-08-12,101.66,101.4279,113.2109,112.8021,227.9951,227.5077,241.1779,241.5604,111.752,111.7455,122.6062,121.4735
2022-08-15,101.8756,101.643,113.451,113.0413,228.5324,228.0446,242.0273,242.4123,112.1196,112.1131,123.0342,121.8975
2022-08-16,101.9678,101.735,113.554,113.144,228.7564,228.2685,242.3777,242.7637,112.2738,112.2672,123.1774,122.0393
2022-08-17,101.948,101.7153,113.5328,113.1228,228.7334,228.2455,242.4218,242.808,112.2839,112.2773,123.1933,122.0551
2022-08-18,101.9964,101.7635,113.5877,113.1775,228.8606,228.3726,242.6411,243.0281,112.3764,112.3699,123.2922,122.1531
2022-08-19,102.0006,101.7677,113.5883,113.1781,228.8904,228.4024,242.7239,243.1112,112.4047,112.3982,123.3201,122.1808
2022-08-22,101.9836,101.7508,113.5894,113.1793,228.9147,228.4267,242.7831,243.1705,112.4006,112.3941,123.3146,122.1752
2022-08-23,101.9155,101.6828,113.5136,113.1037,228.7848,228.2969,242.6336,243.0205,112.3197,112.3131,123.2235,122.085
2022-08-24,101.8963,101.6637,113.4911,113.0812,228.7632,228.2752,242.5778,242.9644,112.2828,112.2762,123.1046,121.9673
2022-08-25,101.8296,101.5972,113.3676,112.9582,228.6366,228.1486,242.3467,242.7322,112.1634,112.1569,122.9453,121.8094
2022-08-26,101.7849,101.5525,113.3203,112.9111,228.5584,228.0703,242.3508,242.7363,112.1547,112.1482,122.9408,121.805
2022-08-29,101.8096,101.5772,113.3628,112.9534,228.6748,228.1868,242.5368,242.9232,112.2105,112.2039,123.0175,121.8809
2022-08-30,101.8529,101.6204,113.4062,112.9967,228.7909,228.303,242.6195,243.0063,112.2388,112.2323,123.0589,121.9219
2022-08-31,101.8672,101.6347,113.4272,113.0177,228.843,228.3552,242.6543,243.0413,112.2446,112.238,123.0762,121.9391
2022-09-01,101.9025,101.6699,113.4709,113.0611,228.9417,228.4537,242.6996,243.0867,112.2553,112.2487,123.0826,121.9455
2022-09-02,101.9256,101.6929,113.4999,113.09,229.0134,228.5252,242.727,243.1142,112.2575,112.251,123.0934,121.9561
2022-09-05,101.9612,101.7284,113.544,113.134,229.154,228.6656,242.9533,243.3408,112.3319,112.3253,123.1985,122.0602
2022-09-06,101.9895,101.7567,113.5521,113.1421,229.2374,228.7488,243.0917,243.4796,112.3862,112.3797,123.265,122.1261
2022-09-07,101.9935,101.7606,113.5638,113.1538,229.2668,228.7781,243.0525,243.4402,112.3572,112.3507,123.2446,122.106
2022-09-08,101.9831,101.7503,113.5615,113.1514,229.2644,228.7758,242.9949,243.3825,112.3197,112.3131,123.1181,121.9806
2022-09-09,101.9668,101.734,113.5472,113.1371,229.2489,228.7602,242.9504,243.3379,112.2883,112.2817,123.0913,121.9541
2022-09-13,101.9314,101.6987,113.5065,113.0966,229.253,228.7644,242.9354,243.3229,112.2391,112.2326,123.0657,121.9287
2022-09-14,101.9129,101.6802,113.46,113.0503,229.2324,228.7438,242.8228,243.2099,112.1758,112.1692,123.0026,121.8662
2022-09-15,101.9178,101.6852,113.4697,113.0599,229.264,228.7754,242.8819,243.2692,112.193,112.1864,123.0252,121.8886
2022-09-16,101.8634,101.6309,113.4073,112.9977,229.1641,228.6755,242.7513,243.1382,112.1212,112.1147,122.951,121.8151
2022-09-19,101.8583,101.6258,113.4079,112.9984,229.2145,228.7258,242.834,243.2212,112.1284,112.1219,122.9665,121.8304
2022-09-20,101.8824,101.6498,113.4367,113.0271,229.2884,228.7997,242.9718,243.3594,112.1825,112.176,123.034,121.8972
2022-09-21,101.916,101.6834,113.4753,113.0656,229.3834,228.8947,243.048,243.4358,112.2077,112.2011,123.07,121.9329
2022-09-22,101.9335,101.7008,113.4963,113.0865,229.4425,228.9539,243.0956,243.4836,112.2195,112.2129,123.0815,121.9444
2022-09-23,101.8988,101.6661,113.4337,113.0241,229.3862,228.8975,243.0198,243.4075,112.1734,112.1669,123.0308,121.8941
2022-09-26,101.8052,101.5728,113.3364,112.9272,229.2407,228.7519,242.7604,243.1473,112.0204,112.0139,122.875,121.7397
2022-09-27,101.7717,101.5394,113.3019,112.8927,229.1869,228.6981,242.7131,243.0997,111.9877,111.9812,122.841,121.7061
2022-09-28,101.7314,101.4992,113.2595,112.8505,229.1182,228.6293,242.5699,242.956,111.9101,111.9036,122.7627,121.6284
2022-09-29,101.6745,101.4424,113.201,112.7923,229.0128,228.5238,242.3794,242.7647,111.8103,111.8038,122.6583,121.5251
2022-09-30,101.6239,101.3919,113.151,112.7424,228.9211,228.4321,242.2211,242.6059,111.7257,111.7192,122.5775,121.445
2022-10-10,101.7038,101.4716,113.33,112.9208,229.3041,228.8142,242.7161,243.1017,111.8523,111.8458,122.8121,121.6774
2022-10-11,101.7288,101.4966,113.3607,112.9513,229.3802,228.8902,242.8155,243.2012,111.8883,111.8818,122.8618,121.7267
2022-10-12,101.7231,101.4909,113.3542,112.9449,229.3881,228.8981,242.8439,243.2297,111.8911,111.8846,122.873,121.7377
2022-10-13,101.7534,101.5211,113.3949,112.9854,229.4758,228.9857,242.9523,243.3383,111.9313,111.9248,122.9259,121.7902
2022-10-14,101.7987,101.5664,113.4475,113.0379,229.5971,229.1067,243.1128,243.4991,111.9959,111.9894,122.9152,121.7796
2022-10-17,101.816,101.5835,113.4764,113.0666,229.697,229.2064,243.2627,243.6493,112.0345,112.028,122.9736,121.8374
2022-10-18,101.8232,101.5908,113.4919,113.0821,229.7337,229.243,243.3226,243.7094,112.0521,112.0456,122.9983,121.8619
2022-10-19,101.8524,101.6199,113.5265,113.1166,229.819,229.3283,243.3431,243.73,112.0512,112.0447,122.9912,121.8549
2022-10-20,101.8492,101.6167,113.5284,113.1185,229.8325,229.3417,243.286,243.6726,112.0141,112.0075,122.952,121.816
2022-10-21,101.8388,101.6063,113.516,113.1061,229.8298,229.339,243.2943,243.6809,112.0075,112.001,122.9559,121.8199
2022-10-24,101.8326,101.6001,113.5304,113.1204,229.8777,229.3868,243.4618,243.8489,112.0544,112.0479,123.0227,121.8861
2022-10-25,101.8104,101.578,113.5112,113.1013,229.8488,229.3579,243.4183,243.8053,112.0236,112.0171,122.9677,121.8316
2022-10-26,101.8271,101.5947,113.5072,113.0974,229.9066,229.4157,243.5006,243.8879,112.0517,112.0452,123.0056,121.8691
2022-10-27,101.867,101.6345,113.5529,113.1429,230.0156,229.5246,243.7032,244.0912,112.136,112.1294,123.1033,121.966
2022-10-28,101.8918,101.6592,113.573,113.1628,230.0913,229.6003,243.8413,244.2298,112.1901,112.1835,123.1686,122.0306
2022-10-31,101.9274,101.6947,113.6321,113.2218,230.2318,229.7407,244.0436,244.4328,112.2533,112.2467,123.2609,122.1221
2022-11-01,101.8841,101.6515,113.5902,113.18,230.1561,229.6651,243.9202,244.3092,112.1853,112.1788,123.1949,122.0567
2022-11-02,101.8515,101.619,113.5608,113.1508,230.1039,229.613,243.8327,244.2215,112.134,112.1275,123.1312,121.9936
2022-11-03,101.8468,101.6143,113.5521,113.1421,230.114,229.6231,243.8757,244.2646,112.1436,112.1371,123.1496,122.0118
2022-11-04,101.7925,101.5601,113.4825,113.0727,230.0136,229.5229,243.7503,244.139,112.0747,112.0682,123.0863,121.9491
2022-11-07,101.7681,101.5358,113.47,113.0602,230.021,229.5303,243.7802,244.1689,112.0573,112.0508,123.0936,121.9563
2022-11-08,101.72,101.4878,113.424,113.0144,229.9343,229.4438,243.7969,244.1856,112.0546,112.0481,123.1011,121.9637
2022-11-09,101.6921,101.4599,113.3947,112.9853,229.8928,229.4022,243.8156,244.2044,112.053,112.0464,123.1098,121.9723
2022-11-10,101.6586,101.4265,113.3648,112.9555,229.8387,229.3482,243.7901,244.1789,112.0306,112.0241,123.0941,121.9568
2022-11-11,101.5662,101.3343,113.2662,112.8572,229.6535,229.1634,243.4364,243.8245,111.8552,111.8487,122.9134,121.7778
2022-11-14,101.0898,100.859,112.767,112.3598,228.6545,228.1657,242.191,242.5766,111.2429,111.2364,122.2753,121.1456
2022-11-15,101.0181,100.7875,112.6935,112.2865,228.5153,228.0267,242.1482,242.5337,111.2126,111.2061,122.253,121.1234
2022-11-16,100.8705,100.6403,112.5376,112.1313,228.2074,227.7191,241.9221,242.3071,111.0966,111.0902,122.1354,121.0069
2022-11-17,100.8996,100.6692,112.5705,112.164,228.2925,227.8041,242.0984,242.4838,111.1685,111.162,122.1924,121.0634
2022-11-18,100.9478,100.7174,112.6302,112.2235,228.4204,227.9319,242.1463,242.5318,111.1804,111.174,122.2154,121.0863
2022-11-21,101.0013,100.7707,112.7069,112.2999,228.6009,228.1122,242.3905,242.7766,111.2631,111.2566,122.3335,121.2032
2022-11-22,100.9978,100.7672,112.711,112.304,228.6136,228.1248,242.3825,242.7686,111.2491,111.2426,122.2944,121.1646
2022-11-23,101.0748,100.844,112.7961,112.3888,228.8054,228.3165,242.5602,242.9467,111.3216,111.3151,122.3311,121.2009
2022-11-24,101.1783,100.9474,112.9151,112.5073,229.0564,228.5673,242.8424,243.2298,111.4428,111.4363,122.4711,121.3396
2022-11-25,101.1151,100.8843,112.8477,112.4402,228.9361,228.4471,242.7057,243.0927,111.3686,111.3621,122.3989,121.268
2022-11-28,101.0442,100.8135,112.7912,112.3839,228.8397,228.3508,242.5579,242.9444,111.2685,111.262,122.3182,121.1881
2022-11-29,100.8427,100.6125,112.5756,112.169,228.4116,227.9229,242.0689,242.4538,111.0301,111.0236,122.0613,120.9336
2022-11-30,100.791,100.5609,112.5241,112.1178,228.3171,227.8284,242.0079,242.3926,110.9912,110.9848,122.0238,120.8964
2022-12-01,100.7617,100.5316,112.497,112.0907,228.2722,227.7836,242.0791,242.464,111.014,111.0076,122.05,120.9224
2022-12-02,100.7774,100.5474,112.5208,112.1145,228.3278,227.8391,242.17,242.555,111.0459,111.0395,122.0946,120.9666
2022-12-05,100.7384,100.5085,112.3796,111.9738,228.3023,227.8137,242.145,242.53,111.0031,110.9966,122.0774,120.9495
2022-12-06,100.6418,100.4121,112.236,111.8307,228.1074,227.6189,241.9261,242.3107,110.8908,110.8844,121.9669,120.84
2022-12-07,100.5414,100.3118,112.1256,111.7208,227.9041,227.4157,241.7646,242.1489,110.8053,110.7988,121.8844,120.7583
2022-12-08,100.5463,100.3168,112.1302,111.7253,227.9356,227.4472,241.88,242.2646,110.8486,110.8421,121.9416,120.815
2022-12-09,100.4879,100.2585,112.0689,111.6642,227.8257,227.3373,241.7758,242.1601,110.7896,110.7832,121.8873,120.7611
2022-12-12,100.4354,100.2062,112.0381,111.6335,227.7701,227.2817,241.7892,242.1735,110.7646,110.7582,121.8788,120.7527
2022-12-13,100.2737,100.0448,111.8672,111.4632,227.4302,226.9418,241.4523,241.836,110.5975,110.591,121.6952,120.5709
2022-12-14,100.3488,100.1197,111.9534,111.5492,227.6164,227.128,241.7169,242.1012,110.7102,110.7038,121.8251,120.6996
2022-12-15,100.3707,100.1416,111.9844,111.58,227.6854,227.197,241.7476,242.1319,110.7141,110.7076,121.8373,120.7117
2022-12-16,100.3274,100.0983,111.9397,111.5355,227.6074,227.119,241.6712,242.0553,110.6681,110.6617,121.7978,120.6725
2022-12-19,100.4139,100.1847,112.0609,111.6562,227.8616,227.3732,241.9812,242.366,110.7812,110.7747,121.9427,120.816
2022-12-20,100.4154,100.1862,112.064,111.6594,227.8854,227.397,241.9497,242.3344,110.7561,110.7497,121.9213,120.7949
2022-12-21,100.4217,100.1924,112.074,111.6693,227.9198,227.4314,241.9849,242.3697,110.7621,110.7556,121.9279,120.8014
2022-12-22,100.4759,100.2465,112.1416,111.7367,228.061,227.5726,242.1007,242.4858,110.8056,110.7991,121.9797,120.8527
2022-12-23,100.5663,100.3367,112.2489,111.8436,228.2829,227.7947,242.2402,242.6256,110.8601,110.8536,122.0484,120.9208
2022-12-26,100.5525,100.323,112.2559,111.8505,228.3136,227.8253,242.2475,242.6329,110.8323,110.8258,122.0374,120.9099
2022-12-27,100.4995,100.27,112.206,111.8009,228.2157,227.7274,242.1386,242.5237,110.7712,110.7648,121.9817,120.8547
2022-12-28,100.4839,100.2545,112.1958,111.7906,228.2015,227.7132,242.1768,242.562,110.7786,110.7721,121.9973,120.8702
2022-12-29,100.5538,100.3242,112.2793,111.8739,228.3769,227.8887,242.3793,242.765,110.8624,110.8559,122.0883,120.9603
2022-12-30,100.5856,100.356,112.3225,111.9169,228.4683,227.9802,242.4818,242.8678,110.8997,110.8932,122.1393,121.0109
2023-01-03,100.6713,100.4415,112.4525,112.0464,228.7415,228.2529,242.6681,243.0544,110.9446,110.9382,122.2271,121.0978
2023-01-04,100.7665,100.5364,112.5667,112.1602,228.9747,228.4856,242.9235,243.3102,111.053,111.0465,122.3522,121.2217
2023-01-05,100.7964,100.5663,112.6084,112.2018,229.062,228.5727,243.0336,243.4205,111.0937,111.0873,122.4053,121.2744
2023-01-06,100.7587,100.5287,112.5011,112.0949,228.9984,228.5092,242.9959,243.3828,111.0658,111.0594,122.3824,121.2517
2023-01-09,100.7492,100.5192,112.4929,112.0867,229.0386,228.5493,243.0607,243.4476,111.0647,111.0583,122.3028,121.1729
2023-01-10,100.6688,100.439,112.4104,112.0044,228.8795,228.3904,242.8988,243.2853,110.9791,110.9727,122.2153,121.0862
2023-01-11,100.6368,100.4071,112.3781,111.9723,228.8286,228.3395,242.8456,243.2319,110.944,110.9375,122.1722,121.0435
2023-01-12,100.6601,100.4303,112.4072,112.0013,228.9011,228.412,242.8699,243.2563,110.9449,110.9384,122.1834,121.0546
2023-01-13,100.6337,100.404,112.3809,111.9751,228.8626,228.3735,242.8005,243.1867,110.9022,110.8958,122.148,121.0194
2023-01-16,100.5355,100.306,112.2688,111.8634,228.7047,228.2158,242.5651,242.9506,110.7617,110.7553,122.0094,120.8822
2023-01-17,100.5246,100.2951,112.2574,111.8521,228.7008,228.2118,242.5389,242.9244,110.7392,110.7327,121.991,120.8639
2023-01-18,100.5064,100.277,112.2387,111.8334,228.6807,228.1918,242.5929,242.9785,110.7539,110.7474,121.9987,120.8716
2023-01-19,100.5016,100.2722,112.2369,111.8316,228.6905,228.2015,242.6048,242.9905,110.7491,110.7426,122.0017,120.8745
2023-01-20,100.5041,100.2746,112.1977,111.7925,228.7164,228.2274,242.5983,242.984,110.7357,110.7292,121.9905,120.8634
2023-01-30,100.5074,100.278,112.2115,111.8063,228.9283,228.4394,242.7752,243.1614,110.7141,110.7077,121.9323,120.8058
2023-01-31,100.5357,100.3062,112.248,111.8427,229.0119,228.5231,242.861,243.2476,110.7436,110.7372,121.9742,120.8473
2023-02-01,100.5329,100.3034,112.2407,111.8354,229.0263,228.5374,242.8657,243.2524,110.7355,110.729,121.9379,120.8113
2023-02-02,100.5542,100.3247,112.2727,111.8673,229.0945,228.6055,242.8823,243.269,110.7328,110.7264,121.9457,120.819
2023-02-03,100.5936,100.3639,112.3113,111.9057,229.2031,228.7139,242.9537,243.3405,110.7555,110.7491,121.981,120.854
2023-02-06,100.5823,100.3527,112.2838,111.8783,229.2395,228.7502,243.0163,243.4032,110.7534,110.747,122.0121,120.8848
2023-02-07,100.5772,100.3476,112.2865,111.8811,229.2486,228.7593,243.0702,243.4573,110.768,110.7616,122.0392,120.9116
2023-02-08,100.593,100.3634,112.3115,111.9059,229.3045,228.8151,243.0715,243.4586,110.7583,110.7519,122.0372,120.9097
2023-02-09,100.6099,100.3802,112.3287,111.9231,229.3628,228.8733,243.1273,243.5144,110.7738,110.7673,121.9443,120.8176
2023-02-10,100.639,100.4093,112.3707,111.9649,229.4488,228.9592,243.1787,243.566,110.7873,110.7809,121.9701,120.8432
2023-02-13,100.6611,100.4313,112.4227,112.0167,229.5602,229.0705,243.2884,243.6761,110.8073,110.8009,122.0109,120.8836
2023-02-14,100.6766,100.4468,112.448,112.042,229.6154,229.1256,243.3123,243.7,110.8081,110.8017,122.0229,120.8955
2023-02-15,100.6832,100.4533,112.4652,112.0591,229.6509,229.161,243.3319,243.7196,110.8069,110.8004,122.0316,120.9042
2023-02-16,100.6991,100.4693,112.4862,112.0801,229.7072,229.2173,243.434,243.822,110.8439,110.8375,122.0585,120.9308
2023-02-17,100.7,100.4701,112.4949,112.0886,229.7296,229.2397,243.4545,243.8426,110.8432,110.8367,122.0652,120.9374
2023-02-20,100.6389,100.4091,112.4521,112.046,229.6546,229.1647,243.4698,243.858,110.8195,110.813,122.0616,120.9339
2023-02-21,100.5855,100.3559,112.399,111.9932,229.5556,229.0658,243.4327,243.8208,110.7921,110.7856,121.9916,120.8645
2023-02-22,100.5961,100.3665,112.3808,111.975,229.6,229.1101,243.4605,243.8486,110.7947,110.7882,121.9892,120.8621
2023-02-23,100.5865,100.3569,112.3536,111.9479,229.5991,229.1093,243.4232,243.8112,110.7671,110.7607,121.9587,120.8319
2023-02-24,100.5734,100.3438,112.2989,111.8934,229.5903,229.1005,243.418,243.806,110.7545,110.748,121.9503,120.8235
2023-02-27,100.5687,100.3391,112.312,111.9064,229.6415,229.1517,243.4692,243.8574,110.7474,110.741,121.9403,120.8137
2023-02-28,100.5619,100.3323,112.3118,111.9062,229.6469,229.157,243.5113,243.8996,110.7566,110.7502,121.9524,120.8257
2023-03-01,100.5585,100.329,112.3134,111.9078,229.6599,229.17,243.535,243.9233,110.7573,110.7509,121.9312,120.8046
2023-03-02,100.5544,100.3249,112.3144,111.9088,229.6713,229.1814,243.5446,243.933,110.7515,110.7451,121.9299,120.8033
2023-03-03,100.5436,100.3141,112.2509,111.8455,229.6676,229.1778,243.5276,243.9159,110.7334,110.727,121.9049,120.7786
2023-03-06,100.6098,100.3801,112.3463,111.9406,229.8782,229.388,243.7363,244.1251,110.7991,110.7926,122.0048,120.8776
2023-03-07,100.6351,100.4054,112.3806,111.9748,229.9556,229.4652,243.8148,244.2037,110.825,110.8186,122.0424,120.9148
2023-03-08,100.659,100.4292,112.4115,112.0056,230.0292,229.5388,243.862,244.251,110.8366,110.8301,122.0609,120.9332
2023-03-09,100.6704,100.4406,112.4277,112.0217,230.0753,229.5848,243.9098,244.2989,110.8484,110.842,122.0821,120.9542
2023-03-10,100.6882,100.4584,112.451,112.0449,230.136,229.6454,243.9748,244.3641,110.8682,110.8618,122.1039,120.9758
2023-03-13,100.6838,100.454,112.4537,112.0477,230.1908,229.7002,244.0342,244.4236,110.865,110.8585,122.125,120.9967
2023-03-14,100.6945,100.4646,112.4647,112.0586,230.2354,229.7448,244.0571,244.4465,110.8653,110.8588,122.1324,121.004
2023-03-15,100.6792,100.4494,112.4489,112.0429,230.2217,229.7311,244.0421,244.4315,110.8482,110.8417,122.1142,120.986
2023-03-16,100.7021,100.4722,112.4741,112.068,230.2938,229.8031,244.1006,244.4902,110.865,110.8585,122.134,121.0056
2023-03-17,100.7208,100.4909,112.498,112.0917,230.3565,229.8658,244.137,244.5267,110.8715,110.8651,122.1435,121.015
2023-03-20,100.784,100.554,112.5626,112.1561,230.5604,230.0696,244.3206,244.7108,110.9256,110.9192,122.2059,121.0768
2023-03-21,100.7873,100.5572,112.5725,112.166,230.5883,230.0975,244.314,244.7041,110.9123,110.9059,122.2018,121.0727
2023-03-22,100.7545,100.5245,112.5382,112.1318,230.5354,230.0445,244.2963,244.6864,110.894,110.8875,122.1847,121.0558
2023-03-23,100.7534,100.5234,112.5384,112.1321,230.5535,230.0626,244.2993,244.6894,110.8852,110.8787,122.1798,121.051
2023-03-24,100.7409,100.5109,112.5051,112.0988,230.546,230.0551,244.249,244.6388,110.8517,110.8453,122.0924,120.9644
2023-03-27,100.7532,100.5232,112.4982,112.0919,230.6356,230.1447,244.3644,244.7547,110.8745,110.868,122.1321,121.0037
2023-03-28,100.7567,100.5267,112.5023,112.0961,230.6641,230.1733,244.408,244.7985,110.8845,110.878,122.1478,121.0193
2023-03-29,100.77,100.5399,112.5155,112.1092,230.7145,230.2237,244.4284,244.8189,110.8837,110.8773,122.1509,121.0224
2023-03-30,100.7857,100.5557,112.5378,112.1315,230.7706,230.2798,244.4574,244.848,110.887,110.8805,122.1624,121.0337
2023-03-31,100.7959,100.5658,112.5571,112.1507,230.8139,230.3232,244.4687,244.8593,110.882,110.8756,122.166,121.0373
2023-04-03,100.8057,100.5756,112.5913,112.1848,230.8981,230.4072,244.5409,244.9317,110.8849,110.8784,122.1817,121.0528
2023-04-04,100.793,100.5629,112.5874,112.1808,230.8903,230.3994,244.5632,244.954,110.885,110.8785,122.1915,121.0625
2023-04-06,100.7804,100.5503,112.5899,112.1834,230.9032,230.4123,244.5631,244.9539,110.8647,110.8582,122.1912,121.0622
2023-04-07,100.7816,100.5515,112.5975,112.1909,230.9266,230.4356,244.6468,245.0378,110.8931,110.8866,122.2319,121.1026
2023-04-10,100.7947,100.5646,112.5606,112.1541,231.0183,230.5272,244.7871,245.1783,110.9272,110.9208,122.2964,121.1665
2023-04-11,100.8265,100.5963,112.5973,112.1907,231.1106,230.6194,244.9535,245.345,110.9937,110.9872,122.3789,121.2482
2023-04-12,100.8635,100.6333,112.6398,112.233,231.2147,230.7234,245.0718,245.4635,111.038,111.0315,122.4302,121.299
2023-04-13,100.8571,100.6269,112.6369,112.2302,231.2211,230.7297,245.0973,245.489,111.0396,111.0331,122.4422,121.3109
2023-04-14,100.856,100.6258,112.6401,112.2334,231.2393,230.7479,245.1285,245.5204,111.0438,111.0374,122.4537,121.3223
2023-04-17,100.8366,100.6064,112.6038,112.1972,231.2576,230.7663,245.1165,245.5083,111.0079,111.0015,122.4297,121.2986
2023-04-18,100.8359,100.6057,112.61,112.2033,231.2767,230.7853,245.1767,245.5686,111.0255,111.019,122.4581,121.3267
2023-04-19,100.8665,100.6363,112.6492,112.2425,231.3664,230.875,245.2862,245.6783,111.0658,111.0593,122.5077,121.3758
2023-04-20,100.8715,100.6413,112.6538,112.247,231.3984,230.9069,245.3174,245.7096,111.07,111.0635,122.5191,121.3871
2023-04-21,100.8788,100.6485,112.6634,112.2566,231.4347,230.9433,245.362,245.7543,111.0804,111.074,122.5236,121.3916
2023-04-24,100.897,100.6667,112.692,112.2851,231.5376,231.0462,245.4849,245.8775,111.1067,111.1002,122.5669,121.4345
2023-04-25,100.9008,100.6704,112.7022,112.2952,231.5668,231.0754,245.5156,245.9083,111.1107,111.1043,122.5715,121.439
2023-04-26,100.922,100.6916,112.7248,112.3178,231.6353,231.1438,245.5981,245.991,111.1386,111.1321,122.6091,121.4763
2023-04-27,100.9812,100.7507,112.7902,112.3829,231.7894,231.298,245.8269,246.2204,111.2337,111.2273,122.7168,121.583
2023-04-28,100.997,100.7665,112.8022,112.3949,231.8457,231.3543,245.9104,246.3041,111.262,111.2556,122.7412,121.6072
2023-05-04,101.0571,100.8264,112.8793,112.4717,232.1055,231.6136,246.2358,246.63,111.3511,111.3446,122.8874,121.752
2023-05-05,101.1318,100.9009,112.9594,112.5515,232.2949,231.8027,246.5242,246.9189,111.4735,111.467,123.031,121.8943
2023-05-08,101.1424,100.9115,112.9836,112.5756,232.3788,231.8864,246.5387,246.9334,111.4499,111.4435,123.0297,121.893
2023-05-09,101.1567,100.9258,113.0081,112.6001,232.4318,231.9394,246.6229,247.0178,111.4786,111.4721,123.0668,121.9297
2023-05-10,101.2152,100.9842,113.0773,112.669,232.5847,232.092,246.8606,247.2559,111.5777,111.5712,123.1755,122.0375
2023-05-11,101.3029,101.0716,113.1783,112.7696,232.8034,232.3105,247.134,247.5298,111.6932,111.6867,123.2299,122.0914
2023-05-12,101.3202,101.0889,113.2025,112.7938,232.8634,232.3704,247.1076,247.5034,111.6711,111.6646,123.2165,122.0781
2023-05-15,101.3213,101.09,113.1326,112.724,232.9251,232.432,247.1688,247.5648,111.669,111.6625,123.2077,122.0694
2023-05-16,101.3,101.0687,113.1155,112.7071,232.8976,232.4046,247.1518,247.5476,111.6512,111.6447,123.1989,122.0606
2023-05-17,101.294,101.0628,113.1086,112.7002,232.905,232.4119,247.1796,247.5755,111.6539,111.6474,123.1749,122.0369
2023-05-18,101.2663,101.0351,113.0835,112.6752,232.8629,232.3699,247.1451,247.5409,111.628,111.6216,123.1506,122.0128
2023-05-19,101.2886,101.0574,113.1152,112.7068,232.9341,232.4411,247.1999,247.5959,111.6432,111.6367,123.1736,122.0355
2023-05-22,101.3319,101.1006,113.1844,112.7757,233.0942,232.6011,247.3523,247.7488,111.6834,111.6769,122.951,121.815
2023-05-23,101.3983,101.1668,113.2636,112.8546,233.2649,232.7718,247.5602,247.9578,111.7688,111.7623,123.002,121.8656
2023-05-24,101.4087,101.1772,113.2786,112.8696,233.3092,232.8161,247.6151,248.0131,111.7841,111.7776,123.0236,121.887
2023-05-25,101.3907,101.1592,113.2544,112.8455,233.2891,232.796,247.6272,248.0253,111.7797,111.7732,123.0221,121.8855
2023-05-26,101.3723,101.1409,113.236,112.8271,233.2683,232.7752,247.6065,248.0045,111.7603,111.7538,122.9945,121.8582
2023-05-29,101.376,101.1445,113.2495,112.8405,233.3387,232.8456,247.6597,248.0579,111.755,111.7485,123.0008,121.8643
2023-05-30,101.4071,101.1756,113.2857,112.8767,233.4298,232.9368,247.7925,248.1915,111.806,111.7995,123.0605,121.9235
2023-05-31,101.433,101.2014,113.3179,112.9087,233.5089,233.0159,247.8785,248.2782,111.8356,111.8291,123.0984,121.9611
2023-06-01,101.4769,101.2452,113.367,112.9576,233.6291,233.1358,248.061,248.461,111.9091,111.9026,123.1795,122.0414
2023-06-02,101.4625,101.2309,113.3566,112.9473,233.6174,233.1241,248.0333,248.4332,111.8865,111.88,123.1657,122.0278
2023-06-05,101.465,101.2334,113.3156,112.9064,233.6852,233.1918,248.1401,248.5402,111.9056,111.8991,123.2153,122.0769
2023-06-06,101.5119,101.2802,113.3129,112.9037,233.8122,233.3186,248.2984,248.6987,111.968,111.9615,123.2937,122.1545
2023-06-07,101.5521,101.3203,113.3609,112.9516,233.924,233.4303,248.4214,248.822,112.0143,112.0078,123.3536,122.214
2023-06-08,101.5452,101.3134,113.3601,112.9508,233.93,233.4364,248.4593,248.8599,112.0217,112.0152,123.3717,122.2319
2023-06-09,101.5839,101.352,113.4058,112.9962,234.0383,233.5446,248.6218,249.0227,112.0861,112.0795,123.4369,122.2965
2023-06-12,101.6166,101.3846,113.4501,113.0404,234.1747,233.6809,248.7807,249.1819,112.129,112.1225,123.4968,122.3558
2023-06-13,101.6798,101.4477,113.5244,113.1145,234.3393,233.8454,249.1196,249.5215,112.2739,112.2674,123.6529,122.5105
2023-06-14,101.7371,101.5048,113.5901,113.18,234.4897,233.9958,249.2682,249.6704,112.3319,112.3253,123.7211,122.578
2023-06-15,101.68,101.4479,113.5299,113.1199,234.381,233.8871,249.1003,249.5021,112.2453,112.2388,123.5717,122.43
2023-06-16,101.5942,101.3623,113.3853,112.9758,234.2075,233.7137,248.8703,249.2715,112.1304,112.1239,123.4427,122.3022
2023-06-19,101.5064,101.2746,113.2548,112.8458,234.0706,233.5767,248.7308,249.1316,112.0371,112.0306,123.277,122.138
2023-06-20,101.504,101.2723,113.2571,112.8481,234.086,233.5921,248.7226,249.1234,112.0235,112.017,123.2657,122.1268
2023-06-21,101.5442,101.3123,113.3023,112.8932,234.1977,233.7038,248.8203,249.2214,112.0583,112.0517,123.304,122.1648
2023-06-26,101.5686,101.3367,113.3457,112.9364,234.3566,233.8629,248.9693,249.371,112.0773,112.0708,123.3092,122.1699
2023-06-27,101.5376,101.3058,113.3183,112.9091,234.3072,233.8134,248.8773,249.2785,112.0255,112.0189,123.2581,122.1193
2023-06-28,101.552,101.3202,113.3414,112.9321,234.3605,233.8668,248.9659,249.3675,112.0561,112.0496,123.2903,122.1513
2023-06-29,101.5664,101.3345,113.3602,112.9509,234.4139,233.9202,249.0029,249.4047,112.0633,112.0568,123.2955,122.1564
2023-06-30,101.6268,101.3948,113.4186,113.0091,234.5714,234.078,249.1459,249.5484,112.1188,112.1123,123.3629,122.2232
2023-07-03,101.635,101.403,113.4511,113.0414,234.6526,234.1591,249.2634,249.666,112.143,112.1365,123.4085,122.2683
2023-07-04,101.6475,101.4155,113.4731,113.0633,234.7019,234.2082,249.2882,249.6909,112.1445,112.138,123.4118,122.2716
2023-07-05,101.6517,101.4197,113.4852,113.0754,234.7321,234.2384,249.3392,249.7419,112.158,112.1514,123.4342,122.2938
2023-07-06,101.6747,101.4426,113.5134,113.1035,234.8047,234.3108,249.3903,249.7932,112.1715,112.165,123.36,122.2203
2023-07-07,101.6757,101.4436,113.5158,113.1059,234.8277,234.3338,249.4111,249.814,112.1713,112.1647,123.3682,122.2284
2023-07-10,101.6715,101.4394,113.5156,113.1056,234.8807,234.3867,249.5196,249.9228,112.1915,112.185,123.3992,122.2591
2023-07-11,101.6995,101.4673,113.5501,113.1401,234.9651,234.471,249.6495,250.0531,112.241,112.2345,123.4599,122.3192
2023-07-12,101.6977,101.4656,113.5504,113.1404,234.982,234.4878,249.6626,250.0662,112.2372,112.2307,123.3816,122.2416
2023-07-13,101.6913,101.4592,113.542,113.132,234.9881,234.494,249.6502,250.0538,112.2219,112.2154,123.3712,122.2313
2023-07-14,101.6777,101.4456,113.5325,113.1225,234.978,234.4839,249.638,250.0415,112.2066,112.2001,123.3548,122.2151
2023-07-17,101.7013,101.4691,113.5699,113.1598,235.0941,234.5998,249.7681,250.1721,112.2368,112.2303,123.3548,122.2151
2023-07-18,101.7349,101.5027,113.6141,113.2038,235.1915,234.697,249.8742,250.2786,112.2755,112.269,123.3961,122.2561
2023-07-19,101.7541,101.5218,113.5989,113.1887,235.2558,234.7613,249.9485,250.3532,112.2997,112.2931,123.4299,122.2895
2023-07-20,101.7606,101.5283,113.613,113.2027,235.2913,234.7968,249.9868,250.3917,112.3075,112.3009,123.429,122.2886
2023-07-21,101.7888,101.5564,113.6443,113.2339,235.3763,234.8817,250.1135,250.5189,112.3555,112.349,123.481,122.3401
2023-07-24,101.8049,101.5725,113.6755,113.265,235.4752,234.9805,250.2653,250.6714,112.3957,112.3891,123.5474,122.4059
2023-07-25,101.67,101.4379,113.4882,113.0784,235.189,234.6944,249.8804,250.2847,112.2107,112.2041,123.3477,122.208
2023-07-26,101.6756,101.4435,113.4993,113.0895,235.2225,234.7279,249.9491,250.3538,112.2323,112.2258,123.3751,122.2352
2023-07-27,101.7274,101.4952,113.5523,113.1422,235.3612,234.8666,250.0955,250.5008,112.2893,112.2828,123.4352,122.2948
2023-07-28,101.7126,101.4804,113.5352,113.1252,235.3481,234.8536,250.0592,250.4644,112.2632,112.2566,123.4115,122.2712
2023-07-31,101.6532,101.4211,113.4898,113.08,235.2752,234.7806,250.0029,250.4078,112.2086,112.202,123.3624,122.2226
2023-08-01,101.6713,101.4392,113.5011,113.0912,235.3374,234.8427,250.088,250.4929,112.2375,112.231,123.3856,122.2456
2023-08-02,101.6811,101.4489,113.5166,113.1067,235.3804,234.8856,250.1393,250.5443,112.2512,112.2447,123.407,122.2668
2023-08-03,101.7192,101.487,113.5489,113.1389,235.4882,234.9932,250.2478,250.6531,112.2908,112.2843,123.4551,122.3144
2023-08-04,101.734,101.5017,113.5606,113.1506,235.5425,235.0474,250.2788,250.6841,112.2952,112.2887,123.4694,122.3287
2023-08-07,101.7419,101.5096,113.5866,113.1765,235.6228,235.1276,250.3757,250.7812,112.3103,112.3038,123.5117,122.3706
2023-08-08,101.7477,101.5155,113.5998,113.1895,235.657,235.1618,250.4614,250.8671,112.3396,112.3331,123.5526,122.4111
2023-08-09,101.7507,101.5184,113.5959,113.1857,235.6845,235.1892,250.5381,250.9439,112.3648,112.3582,123.5671,122.4255
2023-08-10,101.7367,101.5044,113.5829,113.1728,235.6733,235.178,250.5563,250.9621,112.3634,112.3569,123.572,122.4303
2023-08-11,101.7472,101.515,113.5734,113.1633,235.7182,235.2228,250.6395,251.0455,112.3915,112.385,123.5724,122.4307
2023-08-14,101.7829,101.5506,113.6119,113.2016,235.862,235.3665,250.8687,251.2752,112.4667,112.4601,123.6772,122.5346
2023-08-15,101.8543,101.6218,113.6987,113.2881,236.0458,235.5501,251.2435,251.651,112.6272,112.6206,123.86,122.7156
2023-08-16,101.9069,101.6743,113.7577,113.3469,236.1866,235.6909,251.4298,251.8377,112.7021,112.6955,123.929,122.784
2023-08-17,101.9123,101.6797,113.7639,113.3531,236.2196,235.7239,251.4381,251.8461,112.6963,112.6897,123.9292,122.7842
2023-08-18,101.9232,101.6905,113.7779,113.367,236.2653,235.7696,251.5395,251.9478,112.7327,112.7262,123.9685,122.8231
2023-08-21,101.9651,101.7323,113.8392,113.4282,236.4232,235.9274,251.8284,252.2375,112.8351,112.8285,124.0914,122.9449
2023-08-22,101.9632,101.7304,113.8401,113.4291,236.4397,235.9439,251.8374,252.2465,112.8295,112.823,124.0831,122.9367
2023-08-23,101.9512,101.7185,113.8282,113.4172,236.4332,235.9374,251.8457,252.2548,112.8237,112.8172,124.0722,122.9258
2023-08-24,101.9632,101.7305,113.7688,113.358,236.4815,235.9857,251.8675,252.2767,112.8241,112.8175,124.076,122.9296
2023-08-25,101.9413,101.7086,113.6871,113.2765,236.4522,235.9564,251.81,252.219,112.7884,112.7818,124.0217,122.8758
2023-08-28,101.8474,101.6149,113.5991,113.1889,236.3006,235.8045,251.6075,252.0158,112.6678,112.6612,123.8785,122.7339
2023-08-29,101.8189,101.5865,113.5737,113.1636,236.2565,235.7603,251.539,251.9471,112.6271,112.6206,123.8432,122.699
2023-08-30,101.8354,101.6029,113.5876,113.1775,236.3149,235.8188,251.5746,251.9827,112.6337,112.6271,123.8577,122.7133
2023-08-31,101.8679,101.6353,113.6301,113.2198,236.4097,235.9138,251.647,252.0554,112.657,112.6504,123.8928,122.7481
2023-09-01,101.8102,101.5778,113.5684,113.1583,236.2986,235.803,251.4877,251.8958,112.5753,112.5687,123.8096,122.6657
2023-09-04,101.6867,101.4545,113.4545,113.0448,236.0784,235.5832,251.1447,251.5523,112.3913,112.3848,123.6205,122.4784
2023-09-05,101.6785,101.4464,113.4297,113.0201,236.0807,235.5855,251.1359,251.5435,112.3778,112.3712,123.5962,122.4543
2023-09-06,101.6016,101.3696,113.3441,112.9348,235.9254,235.4304,251.0277,251.4351,112.3192,112.3127,123.539,122.3976
2023-09-07,101.5208,101.2891,113.2633,112.8543,235.7614,235.2667,250.8148,251.2218,112.2133,112.2067,123.4336,122.2932
2023-09-08,101.4795,101.2479,113.1688,112.7601,235.6877,235.1931,250.7096,251.1164,112.1561,112.1495,123.379,122.2391
2023-09-11,101.4206,101.189,113.1207,112.7122,235.6154,235.1209,250.6581,251.0647,112.104,112.0975,123.3415,122.202
2023-09-12,101.4441,101.2125,113.1551,112.7465,235.6902,235.1956,250.7252,251.1319,112.1249,112.1183,123.3734,122.2336
2023-09-13,101.4835,101.2518,113.2048,112.796,235.8011,235.3064,250.8329,251.2399,112.1641,112.1576,123.4184,122.2782
2023-09-14,101.5078,101.276,113.2347,112.8259,235.8776,235.3829,250.9151,251.3223,112.1917,112.1852,123.4557,122.3151
2023-09-15,101.4897,101.258,113.2197,112.8108,235.8571,235.3623,250.9033,251.3105,112.1768,112.1703,123.4458,122.3053
2023-09-18,101.4093,101.1778,113.1411,112.7326,235.7355,235.2409,250.7685,251.1753,112.0871,112.0806,123.3556,122.2159
2023-09-19,101.3898,101.1583,113.1184,112.71,235.7116,235.2169,250.6833,251.0899,112.039,112.0325,123.3117,122.1724
2023-09-20,101.3837,101.1523,113.1171,112.7087,235.7185,235.2239,250.7174,251.1241,112.0449,112.0384,123.244,122.1054
2023-09-21,101.4101,101.1786,113.1503,112.7417,235.7997,235.305,250.7865,251.1934,112.0661,112.0596,123.2752,122.1363
2023-09-22,101.3975,101.1661,113.1357,112.7271,235.7918,235.2971,250.7482,251.155,112.0392,112.0327,123.2511,122.1124
2023-09-25,101.3535,101.1221,113.0877,112.6794,235.7533,235.2586,250.6543,251.0608,111.9681,111.9616,123.1343,121.9966
2023-09-26,101.303,101.0718,113.0353,112.6272,235.6585,235.1638,250.5246,250.9306,111.8998,111.8933,123.0656,121.9286
2023-09-27,101.2962,101.0649,113.0306,112.6224,235.6637,235.1689,250.5539,250.96,111.9035,111.897,123.0702,121.9331
2023-09-28,101.3525,101.1212,113.0937,112.6853,235.8135,235.3188,250.7482,251.155,111.9819,111.9754,123.1628,122.0249
2023-10-09,101.3486,101.1172,113.1897,112.7809,236.033,235.5379,251.1052,251.5126,112.0382,112.0317,123.3127,122.1734
2023-10-10,101.2921,101.0609,113.1351,112.7265,235.9242,235.4293,250.8984,251.3055,111.9353,111.9288,123.2089,122.0706
2023-10-11,101.2015,100.9705,113.0427,112.6345,235.737,235.2424,250.6661,251.0727,111.8208,111.8143,123.0943,121.957
2023-10-12,101.1683,100.9373,113.0088,112.6007,235.6815,235.187,250.5806,250.987,111.7727,111.7662,123.05,121.9131
2023-10-13,101.2081,100.9771,113.0574,112.6492,235.7938,235.2991,250.6964,251.1031,111.8154,111.8089,123.103,121.9656
2023-10-16,101.2096,100.9785,112.9968,112.5888,235.8592,235.3644,250.7483,251.155,111.8102,111.8037,123.1083,121.9709
2023-10-17,101.1649,100.9339,112.9451,112.5373,235.7773,235.2826,250.6249,251.0315,111.745,111.7385,123.0394,121.9027
2023-10-18,101.1288,100.8979,112.9074,112.4997,235.7153,235.2206,250.5717,250.9781,111.7114,111.7049,123.004,121.8676
2023-10-19,101.0385,100.8078,112.8049,112.3976,235.5287,235.0342,250.3797,250.7856,111.6151,111.6087,122.9033,121.7678
2023-10-20,101.0149,100.7843,112.7799,112.3727,235.4953,235.0008,250.2815,250.6872,111.5613,111.5548,122.8507,121.7157
2023-10-23,101.0566,100.8259,112.8446,112.4371,235.6529,235.1583,250.4174,250.8234,111.5939,111.5874,122.9103,121.7747
2023-10-24,101.0226,100.792,112.8116,112.4042,235.5957,235.1011,250.3167,250.7225,111.5389,111.5325,122.8531,121.718
2023-10-25,101.0741,100.8434,112.8728,112.4652,235.7346,235.24,250.4213,250.8274,111.5766,111.5701,122.8795,121.7442
2023-10-26,101.114,100.8832,112.9197,112.5119,235.8469,235.3522,250.5114,250.9177,111.6077,111.6012,122.919,121.7833
2023-10-27,101.0992,100.8684,112.9063,112.4986,235.8336,235.3389,250.5081,250.9144,111.5966,111.5901,122.9101,121.7745
2023-10-30,101.1116,100.8808,112.9366,112.5288,235.9241,235.4294,250.5853,250.9918,111.6027,111.5963,122.9438,121.808
2023-10-31,101.1449,100.914,112.9804,112.5725,236.0213,235.5266,250.7045,251.1113,111.6469,111.6405,122.9992,121.8628
2023-11-01,101.1466,100.9157,112.9815,112.5736,236.0459,235.5511,250.7752,251.1822,111.6692,111.6628,123.0308,121.8941
2023-11-02,101.1958,100.9648,113.0342,112.6261,236.1797,235.6847,250.9859,251.3932,111.7546,111.7481,123.1311,121.9935
2023-11-03,101.2,100.969,113.0366,112.6284,236.2101,235.715,251.0437,251.4511,111.7711,111.7646,123.1536,122.0158
2023-11-06,101.1943,100.9633,113.0415,112.6333,236.2591,235.7639,251.0934,251.5009,111.7648,111.7583,123.1682,122.0302
2023-11-07,101.1926,100.9616,113.0482,112.64,236.2759,235.7806,251.0929,251.5003,111.755,111.7485,123.1633,122.0254
2023-11-08,101.1691,100.9381,113.0274,112.6192,236.2425,235.7473,251.11,251.5174,111.7531,111.7466,123.1712,122.0332
2023-11-09,101.1958,100.9648,113.061,112.6527,236.3247,235.8294,251.1954,251.6031,111.7821,111.7756,123.2074,122.069
2023-11-10,101.2118,100.9807,113.0866,112.6782,236.3822,235.8868,251.2601,251.6678,111.8017,111.7952,123.2377,122.0991
2023-11-13,101.2357,101.0046,113.1385,112.73,236.4993,236.0038,251.3919,251.7999,111.8324,111.8259,123.2856,122.1466
2023-11-14,101.2285,100.9974,113.1348,112.7262,236.5034,236.0078,251.3792,251.7872,111.8171,111.8106,123.2763,122.1374
2023-11-15,101.2397,101.0085,113.1501,112.7415,236.5498,236.0541,251.397,251.805,111.8155,111.809,123.2832,122.1442
2023-11-16,101.2708,101.0396,113.1908,112.7821,236.6421,236.1463,251.5079,251.9161,111.856,111.8494,123.3371,122.1976
2023-11-17,101.2789,101.0477,113.1885,112.7798,236.6814,236.1856,251.5558,251.9641,111.868,111.8615,123.3566,122.2169
2023-11-20,101.2659,101.0347,113.1985,112.7897,236.7136,236.2178,251.603,252.0115,111.8606,111.854,123.3199,122.1806
2023-11-21,101.24,101.0089,113.1761,112.7675,236.6746,236.1788,251.6003,252.0087,111.8497,111.8432,123.2487,122.11
2023-11-22,101.2099,100.9788,113.1497,112.7411,236.6261,236.1303,251.544,251.9522,111.8148,111.8083,123.1939,122.0557
2023-11-23,101.1478,100.9169,113.0845,112.6761,236.5039,236.0082,251.4001,251.8079,111.7404,111.7339,123.0806,121.9435
2023-11-24,101.1306,100.8997,113.0709,112.6626,236.4849,235.9892,251.3685,251.7761,111.7166,111.7101,123.0635,121.9265
2023-11-27,101.0893,100.8585,113.0472,112.639,236.4519,235.9563,251.321,251.7285,111.6665,111.66,123.0236,121.8869
2023-11-28,101.0949,100.8641,113.0616,112.6533,236.4853,235.9897,251.3957,251.8035,111.6906,111.6841,123.0561,121.9192
2023-11-29,101.0932,100.8624,113.0659,112.6576,236.5022,236.0065,251.4056,251.8134,111.6855,111.679,123.0425,121.9057
2023-11-30,101.1139,100.8831,113.0957,112.6873,236.5704,236.0747,251.5258,251.934,111.73,111.7235,123.0978,121.9605
2023-12-01,101.1149,100.8841,113.1028,112.6944,236.5934,236.0976,251.542,251.9503,111.7277,111.7212,123.0921,121.9548
2023-12-04,101.094,100.8632,113.0435,112.6353,236.6072,236.1114,251.5262,251.9344,111.6919,111.6854,123.0824,121.9452
2023-12-05,101.0719,100.8412,112.9781,112.5701,236.577,236.0812,251.5054,251.9136,111.673,111.6665,123.0722,121.9352
2023-12-06,101.0524,100.8218,112.963,112.5551,236.5528,236.0571,251.4715,251.8796,111.6482,111.6417,123.0543,121.9174
2023-12-07,101.059,100.8283,112.9764,112.5685,236.5887,236.0929,251.5207,251.9289,111.6607,111.6543,123.0773,121.9402
2023-12-08,101.0858,100.855,113.0087,112.6006,236.6709,236.1751,251.5872,251.9956,111.6811,111.6746,123.1094,121.972
2023-12-11,101.1109,100.8801,113.0575,112.6492,236.7909,236.2949,251.7855,252.1942,111.7415,111.735,123.2011,122.0628
2023-12-12,101.1154,100.8846,113.0702,112.6619,236.8219,236.326,251.8261,252.2349,111.7501,111.7436,123.2172,122.0788
2023-12-13,101.1949,100.9639,113.1615,112.7529,237.0257,236.5295,252.0503,252.4595,111.8413,111.8348,123.3209,122.1815
2023-12-14,101.2262,100.9951,113.2013,112.7925,237.1186,236.6224,252.1859,252.5954,111.8927,111.8862,123.3848,122.2448
2023-12-15,101.2785,101.0473,113.2664,112.8574,237.2596,236.7634,252.3536,252.7634,111.9585,111.952,123.4118,122.2715
2023-12-18,101.3154,101.0841,113.3346,112.9254,237.4067,236.9104,252.5436,252.9538,112.0151,112.0086,123.4954,122.3545
2023-12-19,101.3053,101.0741,113.3319,112.9226,237.4041,236.9078,252.5999,253.0102,112.0309,112.0244,123.5224,122.3812
2023-12-20,101.3132,101.0819,113.345,112.9357,237.443,236.9466,252.6894,253.0999,112.0615,112.055,123.5625,122.4209
2023-12-21,101.3288,101.0975,113.3692,112.9598,237.4994,237.003,252.8085,253.2194,112.1055,112.099,123.6131,122.471
2023-12-22,101.3991,101.1676,113.4521,113.0424,237.6821,237.1856,253.0314,253.4429,112.1961,112.1896,123.7144,122.5714
2023-12-25,101.4483,101.2167,113.5279,113.118,237.8574,237.3608,253.2942,253.7063,112.2855,112.279,123.7962,122.6525
2023-12-26,101.5296,101.2978,113.627,113.2167,238.0652,237.5686,253.4723,253.885,112.356,112.3495,123.8823,122.7378
2023-12-27,101.5955,101.3636,113.708,113.2974,238.2378,237.7411,253.6907,254.104,112.4446,112.438,123.9886,122.8431
2023-12-28,101.64,101.408,113.7632,113.3524,238.3609,237.8642,253.8754,254.2892,112.518,112.5115,124.0776,122.9313
2023-12-29,101.6414,101.4094,113.7686,113.3578,238.3848,237.8882,253.9975,254.4117,112.5633,112.5568,124.1346,122.9877
2024-01-02,101.6255,101.3935,113.788,113.3771,238.4308,237.9341,254.0676,254.482,112.5566,112.5501,124.1624,123.0152
2024-01-03,101.5919,101.36,113.7587,113.3479,238.3737,237.8772,254.0211,254.4355,112.5262,112.5197,124.1332,122.9863
2024-01-04,101.6168,101.3849,113.7938,113.3829,238.452,237.9553,254.1531,254.5677,112.5759,112.5693,124.1974,123.0499
2024-01-05,101.6572,101.4251,113.8465,113.4354,238.5658,238.0689,254.3775,254.7924,112.667,112.6604,124.3053,123.1568
2024-01-08,101.6566,101.4245,113.852,113.4408,238.6263,238.1293,254.4808,254.896,112.6847,112.6782,124.2738,123.1256
2024-01-09,101.6951,101.4629,113.901,113.4897,238.7358,238.2386,254.6784,255.094,112.7638,112.7573,124.3541,123.2052
2024-01-10,101.6892,101.4571,113.8971,113.4858,238.743,238.2457,254.682,255.0976,112.7559,112.7493,124.351,123.2021
2024-01-11,101.687,101.4549,113.8549,113.4438,238.7586,238.2613,254.6729,255.0885,112.7423,112.7357,124.344,123.1952
2024-01-12,101.6708,101.4387,113.8374,113.4263,238.7405,238.2433,254.603,255.0184,112.7014,112.6948,124.308,123.1595
2024-01-15,101.668,101.4359,113.818,113.407,238.796,238.2987,254.641,255.0565,112.6899,112.6833,124.3102,123.1617
2024-01-16,101.6419,101.4099,113.7932,113.3822,238.7566,238.2592,254.614,255.0295,112.6682,112.6617,124.2547,123.1067
2024-01-17,101.6739,101.4418,113.827,113.416,238.8511,238.3537,254.6936,255.1092,112.6944,112.6878,124.2786,123.1303
2024-01-18,101.6967,101.4645,113.8467,113.4356,238.9242,238.4268,254.8045,255.2205,112.7346,112.7281,124.3261,123.1774
2024-01-19,101.7197,101.4874,113.8777,113.4665,238.9979,238.5004,254.8827,255.2989,112.7601,112.7536,124.3627,123.2137
2024-01-22,101.7473,101.515,113.9195,113.5082,239.1238,238.6263,255.0456,255.4624,112.8047,112.7981,124.4151,123.2657
2024-01-23,101.7345,101.5022,113.9113,113.5,239.1148,238.6173,255.0382,255.4549,112.7918,112.7852,124.4106,123.2611
2024-01-24,101.7475,101.5152,113.9305,113.5191,239.1656,238.6681,255.0621,255.4789,112.793,112.7864,124.4186,123.2691
2024-01-25,101.8297,101.5973,114.0267,113.6149,239.3762,238.8787,255.3016,255.7192,112.8909,112.8843,124.4739,123.3239
2024-01-26,101.8395,101.607,114.0432,113.6314,239.4194,238.9218,255.3714,255.7894,112.9127,112.9062,124.4957,123.3455
2024-01-29,101.8643,101.6317,114.0879,113.6759,239.5389,239.0413,255.5574,255.9761,112.9677,112.9611,124.5773,123.4263
2024-01-30,101.9913,101.7585,114.2367,113.8242,239.8532,239.3556,256.0268,256.4475,113.1688,113.1622,124.7984,123.6453
2024-01-31,102.0492,101.8162,114.3101,113.8974,240.0076,239.51,256.367,256.7891,113.3119,113.3054,124.9594,123.8049
2024-02-01,102.0423,101.8093,114.2959,113.8832,240.0124,239.5148,256.38,256.8021,113.3083,113.3017,124.9505,123.7961
2024-02-02,102.0398,101.8069,114.3019,113.8892,240.0273,239.5298,256.3605,256.7826,113.29,113.2834,124.9367,123.7824
2024-02-05,102.0775,101.8444,114.3287,113.9159,240.1768,239.679,256.5459,256.9684,113.3445,113.3379,125.0258,123.8707
2024-02-06,102.0114,101.7786,114.2405,113.828,240.0446,239.5469,256.2679,256.6898,113.2105,113.204,124.8899,123.7361
2024-02-07,102.0198,101.7869,114.2582,113.8457,240.0847,239.5869,256.3557,256.7778,113.2404,113.2338,124.9288,123.7746
2024-02-08,102.0371,101.8042,114.2856,113.8729,240.1456,239.6478,256.353,256.7751,113.2296,113.2231,124.9275,123.7733
2024-02-19,102.0195,101.7866,114.2647,113.8521,240.3328,239.8349,256.5719,256.9944,113.2231,113.2165,125.007,123.852
2024-02-20,102.0703,101.8373,114.3283,113.9155,240.4713,239.9733,256.7529,257.1758,113.2947,113.2881,125.0948,123.939
2024-02-21,102.101,101.8679,114.3677,113.9548,240.5628,240.0648,256.8517,257.2748,113.3295,113.3229,125.1014,123.9456
2024-02-22,102.1537,101.9205,114.4282,114.015,240.7056,240.2076,257.014,257.4375,113.3927,113.3861,125.1707,124.0142
2024-02-23,102.2324,101.999,114.495,114.0815,240.9087,240.4106,257.2827,257.7069,113.5035,113.4969,125.2932,124.1356
2024-02-26,102.2511,102.0177,114.5313,114.1177,241.0149,240.5168,257.4351,257.8597,113.5432,113.5366,125.3492,124.1911
2024-02-27,102.2827,102.0492,114.5703,114.1566,241.1088,240.6108,257.5968,258.0218,113.6061,113.5995,125.4119,124.2532
2024-02-28,102.3045,102.0709,114.5996,114.1858,241.1799,240.6819,257.7457,258.1711,113.6632,113.6566,125.4749,124.3157
2024-02-29,102.3511,102.1175,114.661,114.2469,241.3088,240.8109,258.0052,258.4313,113.7699,113.7633,125.6,124.4396
2024-03-01,102.2891,102.0556,114.5902,114.1764,241.1678,240.6702,257.7335,258.1592,113.6478,113.6412,125.437,124.2781
2024-03-04,102.2907,102.0572,114.607,114.1931,241.2339,240.7361,257.8719,258.2978,113.6811,113.6745,125.4792,124.3199
2024-03-05,102.3046,102.071,114.6311,114.2172,241.2868,240.7889,258.0409,258.4672,113.7472,113.7405,125.5602,124.4001
2024-03-06,102.4014,102.1676,114.744,114.3296,241.5324,241.034,258.5914,259.0189,113.9837,113.9771,125.8271,124.6646
2024-03-07,102.4213,102.1875,114.7743,114.3598,241.5996,241.1011,258.7315,259.1593,114.0368,114.0302,125.8936,124.7305
2024-03-08,102.4098,102.176,114.7465,114.3321,241.5935,241.0951,258.7287,259.1564,114.0261,114.0194,125.8893,124.7262
2024-03-11,102.3714,102.1377,114.7105,114.2963,241.5665,241.0681,258.7056,259.1333,113.9872,113.9806,125.798,124.6357
2024-03-12,102.2629,102.0295,114.5907,114.1769,241.3353,240.8372,258.2782,258.7047,113.7867,113.78,125.5887,124.4283
2024-03-13,102.2256,101.9922,114.5573,114.1436,241.2693,240.7713,258.1625,258.5887,113.7254,113.7188,125.5259,124.3661
2024-03-14,102.2014,101.9681,114.5352,114.1216,241.2339,240.7359,258.0927,258.5187,113.6847,113.6781,125.4893,124.3299
2024-03-15,102.2054,101.972,114.545,114.1314,241.2639,240.7659,258.1478,258.5739,113.6998,113.6932,125.5021,124.3425
2024-03-18,102.251,102.0176,114.6044,114.1905,241.4312,240.933,258.3436,258.7703,113.7588,113.7522,125.5351,124.3752
2024-03-19,102.295,102.0614,114.6607,114.2467,241.5541,241.0558,258.5426,258.97,113.8382,113.8316,125.6299,124.4692
2024-03-20,102.2972,102.0636,114.6474,114.2334,241.5799,241.0816,258.5499,258.9773,113.832,113.8254,125.624,124.4634
2024-03-21,102.3172,102.0836,114.6758,114.2617,241.6471,241.1487,258.646,259.0737,113.8655,113.8588,125.6678,124.5068
2024-03-22,102.3413,102.1076,114.7043,114.2901,241.7238,241.2253,258.7195,259.1475,113.8888,113.8822,125.6974,124.5361
2024-03-25,102.3045,102.0709,114.6445,114.2306,241.7002,241.2018,258.6373,259.065,113.8236,113.817,125.5229,124.3632
2024-03-26,102.296,102.0624,114.6108,114.1969,241.701,241.2025,258.6107,259.0383,113.8022,113.7955,125.5056,124.3461
2024-03-27,102.3403,102.1067,114.6664,114.2524,241.8246,241.3262,258.7618,259.1901,113.8602,113.8535,125.5695,124.4093
2024-03-28,102.3733,102.1396,114.7071,114.2929,241.9203,241.4219,258.8559,259.2847,113.8927,113.8861,125.6073,124.4468
2024-03-29,102.4014,102.1676,114.7439,114.3296,242.0061,241.5078,258.9948,259.4242,113.9453,113.9387,125.6681,124.507
2024-04-01,102.3747,102.141,114.7365,114.3222,242.0061,241.5077,258.9563,259.3856,113.8997,113.8931,125.6318,124.4711
2024-04-02,102.406,102.1722,114.7793,114.3648,242.0994,241.6009,259.0934,259.523,113.9513,113.9446,125.6984,124.537
2024-04-03,102.4536,102.2198,114.838,114.4233,242.2311,241.7323,259.2818,259.7117,114.0257,114.0191,125.7844,124.6222
2024-04-08,102.4956,102.2616,114.9232,114.5082,242.432,241.9328,259.5252,259.9556,114.0867,114.0801,125.8967,124.7335
2024-04-09,102.5589,102.3248,114.9986,114.5833,242.5999,242.1004,259.737,260.1678,114.1715,114.1649,125.9979,124.8338
2024-04-10,102.5748,102.3406,114.9656,114.5504,242.6576,242.158,259.791,260.2219,114.1861,114.1795,126.0223,124.858
2024-04-11,102.622,102.3877,115.0262,114.6108,242.7879,242.2882,259.9754,260.4066,114.2588,114.2521,126.1102,124.9451
2024-04-12,102.714,102.4795,115.131,114.7153,243.0228,242.5228,260.3977,260.8297,114.4373,114.4307,126.3126,125.1456
2024-04-15,102.7388,102.5042,115.1095,114.6939,243.1421,242.6419,260.606,261.0385,114.5017,114.4951,126.3883,125.2206
2024-04-16,102.7328,102.4983,115.1119,114.6963,243.1489,242.6487,260.6483,261.0808,114.5111,114.5044,126.4063,125.2384
2024-04-17,102.759,102.5244,115.142,114.7263,243.2304,242.7302,260.8028,261.2357,114.5704,114.5638,126.4167,125.2487
2024-04-18,102.8168,102.5821,115.2114,114.7954,243.3855,242.8852,261.006,261.4395,114.6515,114.6448,126.5143,125.3454
2024-04-19,102.8716,102.6367,115.2771,114.8608,243.5335,243.0332,261.2377,261.6718,114.7452,114.7385,126.6184,125.4486
2024-04-22,102.9132,102.6783,115.3322,114.9157,243.6921,243.1917,261.4602,261.8948,114.8159,114.8092,126.7055,125.5348
2024-04-23,102.9873,102.7522,115.4229,115.0062,243.8852,243.3848,261.7577,262.1933,114.9389,114.9322,126.8465,125.6746
2024-04-24,102.9055,102.6706,115.3294,114.9129,243.7152,243.2148,261.4313,261.8659,114.7841,114.7774,126.6829,125.5124
2024-04-25,102.8948,102.6599,115.3211,114.9047,243.7108,243.2104,261.3697,261.8041,114.7472,114.7405,126.6426,125.4725
2024-04-26,102.7855,102.5509,115.2047,114.7887,243.4769,242.9764,260.9955,261.4287,114.5711,114.5645,126.4574,125.2891
2024-04-29,102.5056,102.2716,114.8934,114.4785,242.8867,242.386,260.0655,260.4958,114.1286,114.122,125.9965,124.8324
2024-04-30,102.6179,102.3836,115.0251,114.6097,243.1685,242.668,260.3671,260.7984,114.2535,114.2468,126.1401,124.9746
2024-05-06,102.6539,102.4195,115.1064,114.6907,243.3758,242.8749,260.5644,260.9959,114.2844,114.2778,126.2218,125.0556
2024-05-07,102.7422,102.5077,115.2098,114.7938,243.6026,243.1012,260.9365,261.3687,114.4404,114.4337,126.3997,125.2318
2024-05-08,102.7654,102.5308,115.2426,114.8264,243.6771,243.1756,261.038,261.4704,114.4761,114.4694,126.4475,125.2793
2024-05-09,102.7254,102.4909,115.207,114.791,243.6043,243.103,260.9235,261.3557,114.4157,114.409,126.3883,125.2206
2024-05-10,102.711,102.4765,115.1918,114.7759,243.5911,243.0898,260.8649,261.297,114.3811,114.3745,126.3591,125.1917
2024-05-13,102.765,102.5304,115.1679,114.7521,243.7787,243.2772,261.0256,261.458,114.4242,114.4176,126.4009,125.233
2024-05-14,102.8204,102.5857,115.2186,114.8025,243.9287,243.4271,261.2691,261.702,114.523,114.5163,126.5158,125.3469
2024-05-15,102.829,102.5943,115.2357,114.8196,243.9692,243.4676,261.2958,261.7288,114.5254,114.5188,126.5281,125.3591
2024-05-16,102.8063,102.5716,115.2179,114.8018,243.9366,243.435,261.2436,261.6765,114.4928,114.4861,126.5025,125.3338
2024-05-17,102.7835,102.5489,115.1749,114.759,243.904,243.4024,261.1689,261.6016,114.4501,114.4435,126.4496,125.2814
2024-05-20,102.8116,102.5769,115.2262,114.8101,244.0311,243.5294,261.3332,261.7663,114.4949,114.4882,126.3885,125.2208
2024-05-21,102.8034,102.5687,115.2217,114.8056,244.0325,243.5308,261.3406,261.7737,114.4887,114.4821,126.246,125.0796
2024-05-22,102.8335,102.5987,115.2428,114.8266,244.1232,243.6216,261.4362,261.8697,114.5219,114.5152,126.2901,125.1233
2024-05-23,102.8804,102.6455,115.2983,114.8819,244.2533,243.7516,261.6223,262.0567,114.5953,114.5886,126.3369,125.1696
2024-05-24,102.8656,102.6307,115.2837,114.8674,244.2393,243.7376,261.6084,262.0428,114.5798,114.5731,126.3267,125.1596
2024-05-27,102.8427,102.6079,115.2272,114.8111,244.2473,243.7457,261.6194,262.0538,114.5565,114.5499,126.3072,125.1402
2024-05-28,102.8726,102.6378,115.2623,114.8461,244.3377,243.8361,261.7606,262.1957,114.6099,114.6032,126.3715,125.204
2024-05-29,102.9033,102.6684,115.3018,114.8854,244.4299,243.9284,261.9393,262.3753,114.68,114.6733,126.4332,125.2651
2024-05-30,102.9149,102.68,115.3186,114.9021,244.4776,243.9761,262.0024,262.4388,114.6987,114.692,126.459,125.2906
2024-05-31,102.9033,102.6684,115.3104,114.894,244.4708,243.9693,261.9528,262.3888,114.6673,114.6606,126.4284,125.2603
2024-06-03,102.9384,102.7034,115.3688,114.9522,244.6147,244.1129,262.1923,262.6288,114.7453,114.7386,126.5294,125.3604
2024-06-04,102.9581,102.723,115.3433,114.9267,244.6815,244.1795,262.342,262.7787,114.8022,114.7955,126.6015,125.4318
2024-06-05,103.0024,102.7673,115.3985,114.9818,244.8059,244.3037,262.5451,262.9821,114.8828,114.8761,126.6986,125.528
2024-06-06,103.0364,102.8011,115.4412,115.0243,244.9059,244.4037,262.6754,263.1127,114.9312,114.9245,126.7577,125.5866
2024-06-07,103.048,102.8128,115.4475,115.0306,244.9538,244.4514,262.6987,263.1361,114.9322,114.9255,126.7641,125.5929
2024-06-11,103.0677,102.8324,115.4793,115.0623,245.0821,244.5796,262.8373,263.2749,114.9561,114.9494,126.8212,125.6495
2024-06-12,103.0717,102.8364,115.4909,115.0738,245.1118,244.6093,262.8637,263.3013,114.9584,114.9517,126.8306,125.6588
2024-06-13,103.0696,102.8343,115.4928,115.0757,245.1275,244.6249,262.9087,263.3465,114.969,114.9623,126.8413,125.6694
2024-06-14,103.0724,102.8371,115.5025,115.0854,245.1545,244.652,262.9756,263.4135,114.9892,114.9825,126.8657,125.6936
2024-06-17,103.0636,102.8284,115.4363,115.0195,245.1955,244.6928,263.0172,263.4551,114.9795,114.9728,126.8636,125.6915
2024-06-18,103.0852,102.8498,115.4669,115.0499,245.2664,244.7638,263.139,263.5772,115.024,115.0173,126.8486,125.6766
2024-06-19,103.1249,102.8894,115.5009,115.0838,245.3798,244.8772,263.3015,263.7402,115.0866,115.0799,126.9238,125.7512
2024-06-20,103.151,102.9156,115.5321,115.1149,245.4617,244.959,263.3948,263.8338,115.1185,115.1118,126.9635,125.7905
2024-06-21,103.109,102.8737,115.4841,115.0671,245.3837,244.8811,263.2696,263.7082,115.0537,115.047,126.887,125.7146
2024-06-24,103.1289,102.8934,115.518,115.1008,245.4916,244.989,263.3811,263.82,115.075,115.0683,126.8876,125.7152
2024-06-25,103.1822,102.9467,115.5818,115.1645,245.6371,245.1346,263.5959,264.0356,115.1607,115.154,126.9312,125.7585
2024-06-26,103.2063,102.9707,115.6163,115.1988,245.7139,245.2114,263.702,264.1422,115.1984,115.1917,126.9812,125.808
2024-06-27,103.2479,103.0122,115.669,115.2513,245.8318,245.3293,263.9223,264.3633,115.2865,115.2798,127.0816,125.9075
2024-06-28,103.2778,103.042,115.701,115.2832,245.9224,245.4199,264.0225,264.464,115.3216,115.3149,127.122,125.9475
2024-07-01,103.2346,102.9989,115.6665,115.2489,245.8823,245.3799,263.812,264.2531,115.2006,115.1939,127.0016,125.8282
2024-07-02,103.269,103.0333,115.7133,115.2955,245.9838,245.4812,264.0071,264.4485,115.2775,115.2708,127.0953,125.9211
2024-07-03,103.3275,103.0917,115.7865,115.3684,246.1417,245.6388,264.233,264.6748,115.3679,115.3612,127.1927,126.0175
2024-07-04,103.3376,103.1017,115.8043,115.3861,246.1858,245.6829,264.302,264.744,115.389,115.3823,127.2204,126.045
2024-07-05,103.2889,103.0531,115.7564,115.3384,246.0918,245.5891,264.1384,264.5801,115.3075,115.3008,127.1399,125.9653
2024-07-08,103.1521,102.9167,115.5619,115.1446,245.8321,245.3298,263.7217,264.1626,115.0955,115.0889,126.9202,125.7476
2024-07-09,103.2047,102.9691,115.6266,115.209,245.976,245.4736,264.019,264.4604,115.2175,115.2108,127.0631,125.8891
2024-07-10,103.2192,102.9836,115.6361,115.2186,246.0308,245.5282,264.0897,264.5313,115.2394,115.2327,127.0882,125.914
2024-07-11,103.2378,103.0022,115.6602,115.2425,246.0949,245.5923,264.1792,264.621,115.2696,115.2629,127.1264,125.9519
2024-07-12,103.2721,103.0363,115.7015,115.2837,246.1958,245.6931,264.3373,264.7794,115.3301,115.3234,127.1311,125.9565
2024-07-15,103.2943,103.0585,115.7057,115.2879,246.3094,245.8067,264.5319,264.9746,115.3883,115.3815,127.1982,126.023
2024-07-16,103.3155,103.0797,115.7359,115.318,246.3798,245.877,264.6356,265.0786,115.4248,115.4181,127.2064,126.0311
2024-07-17,103.3194,103.0836,115.7452,115.3272,246.4094,245.9066,264.7073,265.1505,115.4471,115.4404,127.2301,126.0546
2024-07-18,103.3179,103.0821,115.7491,115.3312,246.4263,245.9235,264.6471,265.0902,115.4113,115.4046,127.1879,126.0128
2024-07-19,103.3317,103.0959,115.7672,115.3491,246.4792,245.9763,264.7026,265.1458,115.4265,115.4198,127.2108,126.0355
2024-07-22,103.4365,103.2004,115.8954,115.4769,246.7879,246.285,265.1858,265.6307,115.6121,115.6053,127.4086,126.2314
2024-07-23,103.526,103.2897,115.9972,115.5783,247.0186,246.5157,265.5073,265.9535,115.7447,115.738,127.5625,126.3839
2024-07-24,103.5592,103.3228,116.0385,115.6195,247.117,246.6141,265.6251,266.0717,115.7875,115.7808,127.6169,126.4378
2024-07-25,103.5926,103.3561,116.0451,115.6261,247.2158,246.7129,265.7559,266.203,115.836,115.8293,127.6694,126.4898
2024-07-26,103.6104,103.3739,116.0708,115.6517,247.278,246.7751,265.8307,266.2781,115.8598,115.853,127.6993,126.5194
2024-07-29,103.6351,103.3985,116.1032,115.684,247.3966,246.8937,265.986,266.434,115.9007,115.8939,127.7582,126.5778
2024-07-30,103.6698,103.4332,116.1462,115.7268,247.4985,246.9957,266.1328,266.5814,115.9563,115.9495,127.8197,126.6388
2024-07-31,103.7385,103.5017,116.2271,115.8074,247.6799,247.1773,266.3754,266.825,116.0542,116.0475,127.9346,126.7526
2024-08-01,103.79,103.5531,116.2739,115.854,247.8216,247.3187,266.6512,267.1013,116.1665,116.1597,128.0618,126.8786
2024-08-02,103.832,103.595,116.3258,115.9058,247.9408,247.4377,266.8709,267.3214,116.2541,116.2473,128.1637,126.9796
2024-08-05,103.8612,103.6241,116.3591,115.9389,248.0703,247.5669,267.0792,267.5301,116.3182,116.3115,128.2519,127.0669
2024-08-06,103.8122,103.5752,116.3115,115.8915,247.9749,247.4717,266.9651,267.4157,116.2588,116.252,128.1967,127.0123
2024-08-07,103.8368,103.5997,116.3445,115.9244,248.053,247.5497,267.1887,267.6397,116.3481,116.3413,128.2995,127.1141
2024-08-08,103.792,103.5551,116.3026,115.8826,247.9678,247.4646,266.9464,267.397,116.2322,116.2254,128.1753,126.991
2024-08-09,103.6946,103.4579,116.1864,115.7669,247.7584,247.2555,266.4702,266.9198,116.0133,116.0065,127.9427,126.7606
2024-08-12,103.4892,103.2529,115.9438,115.5251,247.3346,246.8323,265.7991,266.2474,115.6903,115.6835,127.606,126.427
2024-08-13,103.5315,103.2951,115.9988,115.58,247.4544,246.9519,266.0109,266.4596,115.7743,115.7676,127.7071,126.5272
2024-08-14,103.6341,103.3975,116.1157,115.6964,247.7162,247.2135,266.4306,266.8802,115.95,115.9432,127.9038,126.7221
2024-08-15,103.5816,103.3452,116.066,115.6469,247.6127,247.1101,266.1999,266.649,115.8392,115.8325,127.7923,126.6116
2024-08-16,103.5837,103.3472,116.0552,115.6362,247.6376,247.135,266.2506,266.6998,115.8523,115.8456,127.8114,126.6306
2024-08-19,103.5853,103.3488,116.0632,115.6441,247.7015,247.1988,266.3246,266.774,115.8575,115.8507,127.8245,126.6435
2024-08-20,103.5792,103.3427,116.0624,115.6433,247.7071,247.2044,266.3757,266.8252,115.8708,115.864,127.8491,126.6678
2024-08-21,103.5273,103.291,116.0071,115.5882,247.6049,247.1023,266.2758,266.725,115.8176,115.8109,127.798,126.6173
2024-08-22,103.5632,103.3268,116.0389,115.6199,247.7095,247.2068,266.4346,266.8843,115.8784,115.8717,127.874,126.6926
2024-08-23,103.562,103.3256,116.0342,115.6152,247.7267,247.224,266.5056,266.9554,115.9005,115.8938,127.8999,126.7182
2024-08-26,103.5718,103.3353,116.0489,115.6299,247.8097,247.307,266.644,267.0941,115.934,115.9272,127.9153,126.7335
2024-08-27,103.4974,103.2611,115.9706,115.5518,247.6543,247.1516,266.3904,266.8399,115.8132,115.8065,127.7832,126.6026
2024-08-28,103.4941,103.2578,115.9725,115.5537,247.6664,247.1637,266.4679,266.9175,115.8382,115.8314,127.8143,126.6334
2024-08-29,103.4968,103.2606,115.9824,115.5635,247.6929,247.1901,266.5094,266.9592,115.8473,115.8406,127.8319,126.6509
2024-08-30,103.5,103.2637,115.9865,115.5677,247.7202,247.2175,266.4474,266.8969,115.8108,115.8041,127.7908,126.6101
2024-09-02,103.6094,103.3729,116.1255,115.7062,248.0388,247.5354,266.8521,267.3024,115.9614,115.9546,127.9497,126.7676
2024-09-03,103.69,103.4533,116.2199,115.8002,248.2493,247.7455,267.0464,267.497,116.0377,116.0309,128.0416,126.8586
2024-09-04,103.7374,103.5006,116.281,115.8611,248.3814,247.8774,267.2976,267.7487,116.139,116.1322,128.1609,126.9768
2024-09-05,103.7593,103.5224,116.3123,115.8923,248.4531,247.9489,267.4817,267.9332,116.2108,116.204,128.2324,127.0477
2024-09-06,103.7937,103.5568,116.3528,115.9326,248.5544,248.0501,267.5502,268.0019,116.2318,116.225,128.2624,127.0774
2024-09-09,103.8148,103.5778,116.3975,115.9772,248.664,248.1594,267.7792,268.2313,116.3051,116.2983,128.365,127.179
2024-09-10,103.8508,103.6137,116.441,116.0205,248.7689,248.2642,267.9844,268.437,116.3862,116.3794,128.4511,127.2643
2024-09-11,103.919,103.6817,116.5183,116.0976,248.95,248.445,268.2241,268.6772,116.4824,116.4756,128.5605,127.3727
2024-09-12,103.9299,103.6926,116.5395,116.1187,248.9957,248.4906,268.3053,268.7586,116.509,116.5022,128.5909,127.4028
2024-09-13,103.9431,103.7058,116.5296,116.1088,249.0468,248.5417,268.4495,268.9031,116.5632,116.5565,128.6505,127.4619
2024-09-18,103.9726,103.7353,116.576,116.155,249.2157,248.7103,268.7332,269.1876,116.6423,116.6355,128.6835,127.4945
2024-09-19,103.9396,103.7023,116.5366,116.1158,249.1574,248.6521,268.6491,269.1032,116.5962,116.5894,128.6419,127.4534
2024-09-20,103.9091,103.6719,116.5095,116.0888,249.105,248.5998,268.6433,269.0973,116.5845,116.5777,128.5652,127.3774
2024-09-23,103.9017,103.6645,116.5132,116.0925,249.147,248.6417,268.7064,269.1607,116.585,116.5782,128.5822,127.3942
2024-09-24,103.8705,103.6334,116.4781,116.0575,249.0929,248.5876,268.4912,268.9446,116.4812,116.4744,128.4728,127.2858
2024-09-25,103.9273,103.6901,116.5252,116.1045,249.2472,248.7418,268.8661,269.321,116.637,116.6302,128.5993,127.4112
2024-09-26,103.9247,103.6874,116.5269,116.1061,249.2606,248.7553,268.7604,269.2148,116.5814,116.5746,128.5377,127.3501
2024-09-27,103.6526,103.416,116.226,115.8063,248.637,248.1318,267.5559,268.0048,116.0426,116.0359,127.9535,126.7713
2024-09-30,103.4135,103.1774,115.979,115.5602,248.1305,247.6255,266.8218,267.2673,115.6925,115.6858,127.5946,126.4157
2024-10-08,103.2159,102.9803,115.8278,115.4096,247.8205,247.316,266.4954,266.9404,115.4767,115.47,127.4202,126.2429
2024-10-09,103.117,102.8816,115.725,115.3071,247.6058,247.1018,266.5311,266.9762,115.4833,115.4766,127.4326,126.2553
2024-10-10,103.2582,103.0225,115.8862,115.4677,247.9601,247.4554,267.1066,267.5527,115.7265,115.7198,127.6986,126.5188
2024-10-11,103.373,103.137,116.0173,115.5984,248.2519,247.7466,267.3952,267.8418,115.8439,115.8372,127.8338,126.6528
2024-10-14,103.437,103.2008,116.06,115.6409,248.4627,247.957,267.5576,268.0046,115.8879,115.8812,127.8872,126.7057
2024-10-15,103.4582,103.222,116.0149,115.596,248.5327,248.0269,267.652,268.0992,115.9202,115.9135,127.9206,126.7388
2024-10-16,103.4637,103.2275,116.0264,115.6074,248.5655,248.0597,267.7374,268.1848,115.9486,115.9418,127.9579,126.7757
2024-10-17,103.5048,103.2685,116.0668,115.6476,248.6826,248.1768,267.9131,268.3609,116.0166,116.0098,128.0271,126.8442
2024-10-18,103.5253,103.289,116.0843,115.6651,248.751,248.245,267.9334,268.3812,116.0164,116.0096,128.0195,126.8367
2024-10-21,103.4769,103.2407,116.0454,115.6264,248.6955,248.1896,267.912,268.3598,115.9797,115.973,127.8902,126.7086
2024-10-22,103.4198,103.1837,115.9898,115.5709,248.5798,248.074,267.6505,268.0974,115.856,115.8493,127.7646,126.5842
2024-10-23,103.3105,103.0747,115.8643,115.446,248.3406,247.8348,267.331,267.7768,115.7069,115.7002,127.5984,126.4195
2024-10-24,103.3037,103.0679,115.8571,115.4387,248.3441,247.8383,267.3073,267.7529,115.6874,115.6807,127.5858,126.407
2024-10-25,103.2736,103.0378,115.8149,115.3967,248.2925,247.7867,267.2022,267.6475,115.6323,115.6255,127.5323,126.354
2024-10-28,103.2497,103.014,115.7924,115.3742,248.2948,247.789,267.1367,267.5817,115.5763,115.5696,127.4065,126.2294
2024-10-29,103.2424,103.0068,115.7893,115.3712,248.2974,247.7915,267.1404,267.5855,115.5689,115.5621,127.3996,126.2226
2024-10-30,103.237,103.0013,115.7869,115.3688,248.3042,247.7984,267.1777,267.6229,115.5761,115.5694,127.4147,126.2375
2024-10-31,103.2424,103.0067,115.8004,115.3822,248.3366,247.8308,267.2696,267.7152,115.6073,115.6006,127.4545,126.277
2024-11-01,103.3077,103.0719,115.8692,115.4508,248.5115,248.0053,267.5146,267.9606,115.7054,115.6986,127.5662,126.3876
2024-11-04,103.3489,103.113,115.9313,115.5127,248.6683,248.1618,267.7206,268.167,115.7682,115.7615,127.6508,126.4714
2024-11-05,103.3625,103.1266,115.9534,115.5347,248.7204,248.2139,267.8297,268.2762,115.8068,115.8001,127.7022,126.5224
2024-11-06,103.3858,103.1498,115.9868,115.5679,248.7954,248.2887,267.9544,268.4012,115.8523,115.8455,127.7612,126.5808
2024-11-07,103.4555,103.2194,116.0707,115.6515,248.9807,248.4737,268.1209,268.5679,115.9159,115.9092,127.8388,126.6576
2024-11-08,103.4926,103.2563,116.1094,115.6901,249.0883,248.5811,268.2881,268.7355,115.98,115.9732,127.9181,126.7362
2024-11-11,103.525,103.2886,116.1662,115.7468,249.2244,248.7169,268.4552,268.9029,116.0258,116.019,127.9789,126.7965
2024-11-12,103.582,103.3455,116.2383,115.8186,249.3794,248.8717,268.7082,269.1564,116.1273,116.1205,128.0969,126.9134
2024-11-13,103.5898,103.3533,116.2536,115.8338,249.4176,248.9099,268.7548,269.2031,116.1386,116.1318,128.1026,126.9191
2024-11-14,103.6028,103.3663,116.2684,115.8485,249.4683,248.9605,268.7782,269.2265,116.1397,116.133,128.1039,126.9203
2024-11-15,103.616,103.3795,116.2873,115.8674,249.5193,249.0114,268.8413,269.2897,116.1582,116.1515,128.131,126.9471
2024-11-18,103.5835,103.347,116.2523,115.8325,249.501,248.9931,268.7252,269.1734,116.0803,116.0735,128.0165,126.8337
2024-11-19,103.6052,103.3687,116.2851,115.8652,249.5722,249.0642,268.8291,269.2776,116.1166,116.1098,128.0119,126.8292
2024-11-20,103.6089,103.3724,116.2954,115.8754,249.6006,249.0926,268.8827,269.3313,116.131,116.1242,128.0333,126.8504
2024-11-21,103.6382,103.4016,116.3333,115.9132,249.6898,249.1817,269.0486,269.4978,116.1944,116.1876,128.0447,126.8617
2024-11-22,103.6417,103.4051,116.3273,115.9073,249.7177,249.2096,269.1156,269.565,116.2146,116.2078,128.0743,126.891
2024-11-25,103.6741,103.4374,116.3536,115.9334,249.8536,249.3452,269.321,269.7711,116.2772,116.2704,128.1678,126.9837
2024-11-26,103.708,103.4713,116.3992,115.9788,249.9539,249.4455,269.4713,269.922,116.3338,116.3271,128.2269,127.0422
2024-11-27,103.7328,103.496,116.4281,116.0077,250.0325,249.524,269.5521,270.0031,116.3601,116.3533,128.216,127.0314
2024-11-28,103.7593,103.5224,116.4653,116.0447,250.115,249.6065,269.7347,270.1865,116.4308,116.424,128.2992,127.1138
2024-11-29,103.8522,103.6151,116.5706,116.1497,250.3553,249.8467,270.0152,270.4682,116.5443,116.5375,128.4229,127.2364
2024-12-02,104.028,103.7905,116.7845,116.3628,250.8325,250.323,270.7617,271.2159,116.8425,116.8357,128.7623,127.5727
2024-12-03,104.0407,103.8032,116.7503,116.3288,250.8824,250.3727,270.8381,271.2925,116.8668,116.86,128.7984,127.6085
2024-12-04,104.0886,103.851,116.8106,116.3888,251.016,250.5061,271.2153,271.6703,117.0221,117.0153,128.9778,127.7862
2024-12-05,104.1086,103.8709,116.8398,116.4178,251.0831,250.5731,271.3353,271.7906,117.0654,117.0586,129.0344,127.8422
2024-12-06,104.1205,103.8828,116.861,116.4391,251.1311,250.6211,271.4367,271.8922,117.1006,117.0937,129.0816,127.889
2024-12-09,104.1407,103.903,116.9071,116.4849,251.2379,250.7277,271.649,272.1048,117.1659,117.1591,129.1651,127.9717
2024-12-10,104.3268,104.0886,117.1186,116.6957,251.7001,251.1893,272.4991,272.9566,117.5274,117.5206,129.5691,128.372
2024-12-11,104.3357,104.0976,117.1356,116.7127,251.741,251.2302,272.577,273.0346,117.5523,117.5455,129.5978,128.4004
2024-12-12,104.4152,104.1768,117.2292,116.8059,251.9496,251.4384,272.8828,273.3411,117.6766,117.6698,129.7418,128.5431
2024-12-13,104.6231,104.3842,117.4621,117.0379,252.4638,251.952,273.6045,274.0642,117.9821,117.9752,130.085,128.8831
2024-12-16,104.7624,104.5232,117.6041,117.1795,252.8538,252.3415,274.2078,274.6688,118.2179,118.211,130.3654,129.161
2024-12-17,104.7284,104.4893,117.5753,117.1508,252.7924,252.2802,274.0222,274.4828,118.128,118.1211,130.2738,129.0702
2024-12-18,104.7194,104.4803,117.5697,117.1451,252.7905,252.2783,273.9494,274.4098,118.0872,118.0803,130.2324,129.0292
2024-12-19,104.7384,104.4993,117.5996,117.175,252.8553,252.3431,273.9501,274.4105,118.0784,118.0715,130.2299,129.0267
2024-12-20,104.903,104.6635,117.7878,117.3624,253.2663,252.7537,274.4845,274.9461,118.3023,118.2954,130.4839,129.2784
2024-12-23,104.9516,104.712,117.8547,117.4292,253.4404,252.9277,274.7215,275.1836,118.3784,118.3715,130.5941,129.3875
2024-12-24,104.9324,104.6928,117.8401,117.4145,253.4143,252.9016,274.4567,274.9182,118.254,118.2471,130.427,129.222
2024-12-25,104.8741,104.6347,117.7799,117.3546,253.2951,252.7825,274.2195,274.6804,118.1416,118.1347,130.2541,129.0507
2024-12-26,104.8329,104.5936,117.7422,117.317,253.2166,252.704,274.1984,274.6592,118.1233,118.1164,130.2439,129.0406
2024-12-27,104.8854,104.6459,117.8087,117.3833,253.361,252.8483,274.5678,275.0297,118.2753,118.2684,130.4197,129.2147
2024-12-30,104.8564,104.617,117.8013,117.3759,253.3505,252.8378,274.4526,274.9142,118.198,118.1911,130.35,129.1457
2024-12-31,104.8612,104.6219,117.8142,117.3888,253.3816,252.8689,274.5662,275.0281,118.2385,118.2316,130.4002,129.1954
2025-01-02,104.9475,104.7079,117.9261,117.5003,253.6261,253.1129,275.1629,275.6258,118.4801,118.4732,130.6836,129.4762
2025-01-03,105.0366,104.7968,118.0335,117.6073,253.858,253.3444,275.6394,276.1031,118.6784,118.6715,130.9037,129.6943
2025-01-06,105.0397,104.8,118.0587,117.6323,253.9241,253.4103,275.7327,276.1966,118.6919,118.685,130.9453,129.7355
2025-01-07,104.9841,104.7444,118.0061,117.58,253.811,253.2974,275.6266,276.0903,118.6367,118.6298,130.8941,129.6848
2025-01-08,104.9419,104.7023,117.8977,117.4719,253.7299,253.2165,275.5907,276.0544,118.6121,118.6052,130.8538,129.6448
2025-01-09,104.8483,104.6089,117.8002,117.3748,253.5264,253.0133,275.3583,275.8215,118.5019,118.495,130.7277,129.5198
2025-01-10,104.7779,104.5387,117.7287,117.3035,253.3781,252.8652,275.2848,275.7478,118.4609,118.454,130.6887,129.4813
2025-01-13,104.6968,104.4578,117.6617,117.2368,253.2435,252.7307,275.0252,275.4877,118.3208,118.314,130.5584,129.3521
2025-01-14,104.7165,104.4775,117.6913,117.2663,253.3099,252.797,275.1393,275.602,118.3615,118.3546,130.6016,129.395
2025-01-15,104.7572,104.518,117.6707,117.2457,253.4263,252.9133,275.3619,275.8252,118.4494,118.4425,130.7028,129.4952
2025-01-16,104.7002,104.4611,117.6128,117.1881,253.3099,252.797,275.2411,275.704,118.3878,118.3809,130.6043,129.3977
2025-01-17,104.6767,104.4378,117.5923,117.1677,253.2737,252.7607,275.1765,275.6393,118.3507,118.3438,130.5616,129.3553
2025-01-20,104.6259,104.3871,117.5505,117.126,253.211,252.6981,275.087,275.5495,118.2848,118.2779,130.4888,129.2832
2025-01-21,104.6294,104.3906,117.5588,117.1343,253.239,252.726,275.1373,275.6,118.2977,118.2908,130.5111,129.3053
2025-01-22,104.6592,104.4203,117.5989,117.1743,253.3293,252.8164,275.2543,275.7173,118.3396,118.3328,130.5638,129.3575
2025-01-23,104.6087,104.3699,117.5481,117.1236,253.2286,252.7157,275.0483,275.5107,118.2411,118.2342,130.45,129.2448
2025-01-24,104.5383,104.2996,117.4719,117.0477,253.0801,252.5672,274.8949,275.3568,118.1653,118.1585,130.3768,129.1722
2025-01-27,104.6382,104.3993,117.5523,117.1279,253.3767,252.8639,275.2818,275.7449,118.3068,118.2999,130.54,129.3339
2025-02-05,104.6435,104.4046,117.5957,117.171,253.5645,253.0513,275.573,276.0366,118.3527,118.3458,130.6534,129.4462
2025-02-06,104.6883,104.4493,117.6297,117.2049,253.6909,253.1774,275.8086,276.2727,118.4461,118.4392,130.7581,129.55
2025-02-07,104.7075,104.4685,117.6596,117.2347,253.7563,253.2427,275.8669,276.331,118.4624,118.4555,130.7819,129.5736
2025-02-10,104.6174,104.3785,117.5832,117.1586,253.5988,253.0854,275.643,276.1067,118.3383,118.3314,130.6644,129.4572
2025-02-11,104.5844,104.3457,117.5524,117.1279,253.5393,253.0261,275.6151,276.0787,118.3172,118.3103,130.6478,129.4407
2025-02-12,104.5867,104.348,117.5628,117.1383,253.5642,253.0509,275.6109,276.0746,118.3064,118.2995,130.6434,129.4364
2025-02-13,104.5431,104.3044,117.5217,117.0973,253.479,252.9659,275.5272,275.9907,118.2611,118.2542,130.6021,129.3955
2025-02-14,104.4428,104.2044,117.419,116.995,253.2586,252.7457,275.2481,275.711,118.1309,118.124,130.4656,129.2602
2025-02-17,104.3568,104.1186,117.3357,116.912,253.1109,252.5982,275.0163,275.4787,118.0033,117.9964,130.351,129.1467
2025-02-18,104.235,103.997,117.2096,116.7863,252.839,252.3266,274.6794,275.1411,117.848,117.8412,130.1874,128.9846
2025-02-19,104.2474,104.0094,117.2299,116.8066,252.8879,252.3755,274.6711,275.1327,117.8355,117.8286,130.1773,128.9746
2025-02-20,104.1504,103.9126,117.1295,116.7065,252.6752,252.163,274.3905,274.8515,117.7047,117.6978,130.0423,128.8408
2025-02-21,104.01,103.7726,116.9553,116.533,252.3589,251.8471,273.9399,274.3999,117.5,117.4932,129.8247,128.6253
2025-02-24,103.8635,103.6264,116.7672,116.3456,252.0664,251.5548,273.3517,273.8103,117.2178,117.211,129.5328,128.3361
2025-02-25,103.8133,103.5763,116.7144,116.2929,251.9656,251.454,273.3103,273.7689,117.1909,117.1841,129.5071,128.3105
2025-02-26,103.8163,103.5793,116.7234,116.3019,251.9921,251.4805,273.3698,273.8285,117.2079,117.201,129.5191,128.3224
2025-02-27,103.7362,103.4994,116.6353,116.2141,251.8197,251.3082,273.084,273.542,117.0748,117.068,129.3733,128.178
2025-02-28,103.726,103.4892,116.6261,116.205,251.8146,251.3031,273.1875,273.6457,117.1109,117.104,129.4148,128.2191
2025-03-03,103.8015,103.5645,116.701,116.2796,252.0529,251.5409,273.5105,273.9693,117.2243,117.2175,129.4717,128.2755
2025-03-04,103.8205,103.5835,116.7278,116.3063,252.1177,251.6056,273.5427,274.0016,117.2294,117.2225,129.4859,128.2895
2025-03-05,103.8084,103.5714,116.721,116.2995,252.1078,251.5957,273.5456,274.0044,117.2217,117.2149,129.4863,128.29
2025-03-06,103.7318,103.495,116.6398,116.2186,251.9435,251.4317,273.3203,273.7786,117.1151,117.1083,129.3793,128.184
2025-03-07,103.5358,103.2995,116.4273,116.0069,251.4934,250.9823,272.6063,273.0629,116.7964,116.7896,129.0406,127.8484
2025-03-10,103.4738,103.2376,116.3713,115.9511,251.4024,250.8914,272.4344,272.8906,116.6952,116.6884,128.8821,127.6913
2025-03-11,103.3247,103.0888,116.2076,115.788,251.0643,250.5538,271.7317,272.1857,116.3813,116.3746,128.546,127.3584
2025-03-12,103.375,103.139,116.2635,115.8437,251.204,250.6933,272.0111,272.466,116.4937,116.4869,128.6676,127.4788
2025-03-13,103.4284,103.1923,116.3274,115.9073,251.3509,250.84,272.1595,272.6148,116.5492,116.5424,128.7323,127.5429
2025-03-14,103.4236,103.1875,116.3278,115.9078,251.3586,250.8477,272.2738,272.7295,116.5899,116.5831,128.7795,127.5897
2025-03-17,103.2863,103.0505,116.163,115.7436,251.0871,250.5765,271.713,272.1668,116.32,116.3132,128.4758,127.2888
2025-03-18,103.2837,103.0479,116.157,115.7376,251.1001,250.5895,271.7164,272.1703,116.3126,116.3058,128.4737,127.2867
2025-03-19,103.2843,103.0485,116.1576,115.7381,251.1206,250.61,271.7195,272.1734,116.3051,116.2983,128.4706,127.2836
2025-03-20,103.3759,103.1399,116.2637,115.8438,251.3592,250.8485,272.0757,272.5308,116.4507,116.444,128.622,127.4336
2025-03-21,103.3715,103.1355,116.2644,115.8445,251.3678,250.857,272.0603,272.5154,116.4352,116.4284,128.6128,127.4245
2025-03-24,103.366,103.1301,116.2096,115.7899,251.4121,250.9013,272.0557,272.5107,116.4066,116.3999,128.5877,127.3997
2025-03-25,103.4236,103.1875,116.2763,115.8564,251.569,251.0583,272.368,272.8243,116.5332,116.5265,128.6186,127.4302
2025-03-26,103.4458,103.2096,116.2755,115.8556,251.6413,251.1306,272.5325,272.9896,116.5957,116.589,128.6906,127.5016
2025-03-27,103.4758,103.2395,116.3107,115.8907,251.7321,251.2213,272.6329,273.0904,116.6304,116.6237,128.7275,127.5382
2025-03-28,103.5011,103.2648,116.3425,115.9224,251.8117,251.301,272.6844,273.1423,116.644,116.6372,128.7456,127.5561
2025-03-31,103.4995,103.2632,116.3559,115.9357,251.8647,251.3541,272.8254,273.2839,116.6787,116.6719,128.8084,127.6183
2025-04-01,103.5007,103.2644,116.36,115.9398,251.8866,251.3759,272.9218,273.3805,116.7116,116.7048,128.8443,127.6539
2025-04-02,103.5527,103.3163,116.4254,116.005,252.0306,251.5196,273.1962,273.6553,116.8214,116.8146,128.9693,127.7777
2025-04-03,103.7917,103.5548,116.6967,116.2753,252.6237,252.1115,274.3053,274.7664,117.292,117.2852,129.4855,128.2891
2025-04-07,104.0417,103.8042,117.0074,116.5849,253.3003,252.7868,275.2543,275.7172,117.6671,117.6603,129.9276,128.7272
2025-04-08,103.9443,103.707,116.9065,116.4844,253.0853,252.5722,274.7353,275.1972,117.4339,117.4271,129.6804,128.4823
2025-04-09,103.9644,103.727,116.92,116.4978,253.1525,252.6393,274.842,275.3041,117.4712,117.4644,129.7248,128.5262
2025-04-10,103.982,103.7446,116.9429,116.5206,253.2137,252.7004,274.9132,275.3754,117.4932,117.4864,129.756,128.5571
2025-04-11,104.0383,103.8008,117.0126,116.5901,253.368,252.8544,275.0772,275.5398,117.5554,117.5485,129.8332,128.6336
2025-04-14,104.0051,103.7677,116.9931,116.5706,253.3452,252.8316,274.9869,275.4493,117.4899,117.4831,129.7765,128.5774
2025-04-15,103.9951,103.7577,116.9082,116.486,253.3399,252.8264,275.021,275.4834,117.4958,117.489,129.7819,128.5828
2025-04-16,104.0083,103.7709,116.9289,116.5067,253.3908,252.8772,275.2149,275.6778,117.5709,117.564,129.8679,128.668
2025-04-17,103.9941,103.7567,116.9162,116.494,253.3755,252.8619,275.228,275.691,117.5678,117.561,129.817,128.6176
2025-04-18,103.9738,103.7365,116.9003,116.4782,253.3457,252.8322,275.2436,275.7065,117.5658,117.5589,129.8236,128.6241
2025-04-21,103.9339,103.6966,116.8642,116.4422,253.3066,252.7931,275.192,275.6548,117.5172,117.5104,129.7788,128.5798
2025-04-22,103.9404,103.7032,116.8767,116.4547,253.3413,252.8278,275.3138,275.777,117.5611,117.5543,129.8345,128.6349
2025-04-23,103.8936,103.6564,116.8316,116.4097,253.2477,252.7341,275.1822,275.645,117.4955,117.4887,129.768,128.5691
2025-04-24,103.8724,103.6353,116.8084,116.3866,253.2158,252.7023,275.1492,275.6119,117.4725,117.4656,129.751,128.5522
2025-04-25,103.8655,103.6284,116.8028,116.381,253.2181,252.7046,275.1471,275.6098,117.4628,117.456,129.7435,128.5448
2025-04-28,103.8671,103.63,116.811,116.3892,253.2787,252.7651,275.3174,275.7806,117.5102,117.5033,129.7981,128.5989
2025-04-29,103.9087,103.6715,116.8593,116.4373,253.3974,252.8839,275.5191,275.9829,117.5886,117.5817,129.879,128.679
2025-04-30,103.9548,103.7175,116.9167,116.4945,253.5271,253.0135,275.6821,276.1464,117.6503,117.6435,129.9512,128.7506
2025-05-06,103.948,103.7107,116.9531,116.5308,253.6237,253.1099,275.8437,276.3083,117.6676,117.6607,130.0177,128.8165
2025-05-07,103.967,103.7297,116.9792,116.5568,253.6883,253.1744,275.8401,276.3047,117.6573,117.6505,130.0161,128.8148
2025-05-08,104.0415,103.804,117.0692,116.6465,253.8864,253.3721,276.0535,276.5185,117.7407,117.7338,130.1159,128.9137
2025-05-09,104.0816,103.844,117.1182,116.6952,254.0016,253.4872,276.2139,276.6792,117.8012,117.7943,130.1907,128.9878
2025-05-12,104.0256,103.7881,117.0789,116.6561,253.923,253.4087,275.9128,276.3775,117.645,117.6382,130.0316,128.8302
2025-05-13,104.0316,103.7941,117.0296,116.607,253.9563,253.4419,276.0218,276.4867,117.6833,117.6765,130.0679,128.8661
2025-05-14,104.011,103.7736,117.0137,116.5912,253.9254,253.411,275.9622,276.427,117.6488,117.642,130.0353,128.8339
2025-05-15,103.9803,103.743,116.9879,116.5655,253.8703,253.356,275.8386,276.3032,117.5868,117.58,129.9751,128.7743
2025-05-16,103.9302,103.6929,116.9404,116.5182,253.7681,253.254,275.7178,276.1821,117.526,117.5191,129.9137,128.7135
2025-05-19,103.9411,103.7038,116.9606,116.5383,253.8505,253.3362,275.8907,276.3554,117.5744,117.5676,129.9098,128.7095
2025-05-20,103.9546,103.7173,116.9338,116.5115,253.9015,253.3872,275.9601,276.4249,117.5956,117.5888,129.9373,128.7368
2025-05-21,103.9436,103.7063,116.8617,116.4397,253.8937,253.3794,275.9438,276.4086,117.5799,117.5731,129.892,128.6919
2025-05-22,103.9587,103.7214,116.8679,116.4459,253.9487,253.4344,275.9768,276.4417,117.5855,117.5787,129.9043,128.7041
2025-05-23,103.9538,103.7165,116.8414,116.4195,253.9553,253.441,275.9483,276.4131,117.5645,117.5577,129.8902,128.6902
2025-05-26,103.9639,103.7266,116.8613,116.4393,254.0356,253.5213,276.0715,276.5367,117.5916,117.5848,129.8681,128.6683
2025-05-27,103.9504,103.7131,116.8507,116.4287,254.0216,253.5073,276.0225,276.4875,117.5618,117.555,129.8027,128.6034
2025-05-28,103.9247,103.6874,116.821,116.3991,253.9783,253.4639,275.9342,276.3988,117.515,117.5082,129.7547,128.5558
2025-05-29,103.8592,103.6221,116.7476,116.326,253.8392,253.3247,275.6848,276.1484,117.3987,117.3919,129.6158,128.4183
2025-05-30,103.8973,103.6601,116.7941,116.3723,253.9494,253.4351,275.8712,276.3356,117.4705,117.4637,129.7006,128.5023
2025-06-03,103.8825,103.6454,116.7971,116.3753,253.9882,253.4738,275.9159,276.3803,117.4551,117.4482,129.703,128.5046
2025-06-04,103.8808,103.6436,116.7984,116.3766,254.0026,253.4881,275.9585,276.423,117.4648,117.4579,129.723,128.5245
2025-06-05,103.9055,103.6683,116.8314,116.4095,254.0808,253.5662,276.0687,276.5335,117.5036,117.4967,129.7742,128.5752
2025-06-06,103.9475,103.7102,116.8851,116.463,254.2009,253.686,276.2608,276.7259,117.5776,117.5708,129.8614,128.6616
2025-06-09,103.967,103.7297,116.9181,116.4959,254.3039,253.7888,276.4166,276.882,117.6187,117.6119,129.8499,128.6502
2025-06-10,103.9666,103.7293,116.9166,116.4944,254.3215,253.8064,276.4483,276.9138,117.6238,117.6169,129.8648,128.6649
2025-06-11,103.9818,103.7445,116.9366,116.5144,254.3769,253.8617,276.5368,277.0024,117.6532,117.6463,129.8986,128.6984
2025-06-12,103.9828,103.7454,116.9423,116.5201,254.3976,253.8824,276.5703,277.036,117.659,117.6521,129.9143,128.7141
2025-06-13,103.981,103.7436,116.9403,116.5181,254.4119,253.8966,276.5776,277.0434,117.6535,117.6467,129.9165,128.7162
2025-06-16,103.989,103.7516,116.9233,116.5011,254.4867,253.9714,276.6643,277.1303,117.6649,117.6581,129.9463,128.7457
2025-06-17,104.024,103.7866,116.9617,116.5394,254.5899,254.0745,276.7892,277.2556,117.7101,117.7032,130.0018,128.8007
2025-06-18,104.0387,103.8012,116.9785,116.556,254.6439,254.1284,276.8742,277.3408,117.738,117.7312,129.9669,128.7661
2025-06-19,104.057,103.8194,117.0026,116.5801,254.7065,254.191,276.9484,277.4152,117.7613,117.7545,129.9936,128.7926
2025-06-20,104.0736,103.836,117.0209,116.5983,254.7653,254.2498,277.0139,277.4809,117.7809,117.774,130.0213,128.8201
2025-06-23,104.0742,103.8366,117.0263,116.6038,254.822,254.3064,277.07,277.5372,117.7792,117.7724,130.0366,128.8352
2025-06-24,104.0489,103.8114,117.002,116.5795,254.7794,254.2638,276.986,277.4529,117.7345,117.7276,129.9562,128.7556
2025-06-25,104.0305,103.793,116.9854,116.563,254.7533,254.2377,276.9233,277.3899,117.6989,117.692,129.8137,128.6143
2025-06-26,104.0165,103.779,116.9752,116.5528,254.7378,254.2222,276.8814,277.3478,117.6722,117.6654,129.7939,128.5947
2025-06-27,104.0389,103.8014,117.0041,116.5816,254.8103,254.2947,276.9383,277.405,117.6881,117.6813,129.8175,128.6181
2025-06-30,104.0263,103.7888,117.0056,116.5831,254.8351,254.3194,276.9206,277.3871,117.6547,117.6479,129.7838,128.5847
2025-07-01,104.0355,103.798,117.0203,116.5977,254.8757,254.36,276.9793,277.446,117.6713,117.6645,129.8083,128.6089
2025-07-02,104.0774,103.8398,117.0739,116.6512,254.9955,254.4796,277.1377,277.6047,117.7307,117.7239,129.8805,128.6805
2025-07-03,104.1023,103.8647,117.1043,116.6815,255.0742,254.5581,277.2265,277.6936,117.7602,117.7534,129.9146,128.7143
2025-07-04,104.1174,103.8797,117.1239,116.701,255.129,254.6128,277.3063,277.7735,117.7859,117.779,129.9518,128.7511
2025-07-07,104.1236,103.8859,117.1457,116.7227,255.1988,254.6825,277.3872,277.8546,117.7948,117.788,129.9866,128.7856
2025-07-08,104.0928,103.8552,117.1093,116.6864,255.1426,254.6264,277.3158,277.7831,117.7556,117.7488,129.9528,128.7522
2025-07-09,104.072,103.8344,117.091,116.6682,255.1104,254.5942,277.2953,277.7625,117.7382,117.7314,129.9421,128.7416
2025-07-10,104.0391,103.8016,117.054,116.6313,255.0489,254.5328,277.222,277.6891,117.6982,117.6914,129.9021,128.702
2025-07-11,103.9944,103.757,117.01,116.5875,254.959,254.443,277.1258,277.5927,117.6484,117.6415,129.8536,128.6539
2025-07-14,103.9545,103.7171,116.9332,116.5109,254.9168,254.4009,277.0569,277.5236,117.5931,117.5863,129.8045,128.6052
2025-07-15,103.9916,103.7542,116.9132,116.491,255.025,254.509,277.2146,277.6817,117.6522,117.6454,129.8749,128.675
2025-07-16,104.0081,103.7707,116.9359,116.5137,255.0833,254.5672,277.2848,277.7521,117.6738,117.667,129.8161,128.6168
2025-07-17,104.0175,103.78,116.9456,116.5233,255.124,254.608,277.3318,277.7992,117.6854,117.6786,129.8374,128.6379
2025-07-18,104.0177,103.7802,116.9471,116.5248,255.1428,254.6267,277.3043,277.7716,117.6651,117.6582,129.8194,128.62
2025-07-21,103.9769,103.7395,116.9057,116.4835,255.0985,254.5824,277.1897,277.6566,117.5902,117.5834,129.7468,128.548
2025-07-22,103.9504,103.713,116.8804,116.4584,255.0525,254.5364,277.118,277.5847,117.5509,117.544,129.7098,128.5114
2025-07-23,103.8608,103.6237,116.7822,116.3605,254.8537,254.3376,276.8058,277.2717,117.4084,117.4015,129.5618,128.3648
2025-07-24,103.7671,103.5302,116.657,116.2357,254.6449,254.1288,276.4589,276.9237,117.2509,117.2441,129.3978,128.2023
2025-07-25,103.7161,103.4793,116.6021,116.1811,254.5396,254.0235,276.3975,276.8621,117.216,117.2092,129.3564,128.1613
2025-07-28,103.7677,103.5308,116.6687,116.2475,254.719,254.2029,276.6446,277.11,117.2964,117.2896,129.4525,128.2565
2025-07-29,103.6997,103.463,116.5949,116.1739,254.5726,254.0564,276.3641,276.8285,117.1675,117.1607,129.3168,128.122
2025-07-30,103.7142,103.4775,116.6086,116.1875,254.6258,254.1097,276.4096,276.8741,117.1784,117.1716,129.3256,128.1308
2025-07-31,103.7927,103.5558,116.6999,116.2785,254.834,254.318,276.6602,277.1256,117.2774,117.2706,129.4412,128.2452
2025-08-01,103.8007,103.5638,116.7073,116.2858,254.8716,254.3556,276.7044,277.1698,117.2878,117.281,129.4618,128.2657
2025-08-04,103.8093,103.5723,116.7192,116.2977,254.9468,254.4306,276.8212,277.2869,117.3119,117.3051,129.5092,128.3126
2025-08-05,103.8038,103.5668,116.7178,116.2963,254.9515,254.4353,276.8245,277.2901,117.3048,117.298,129.5092,128.3127
2025-08-06,103.8182,103.5812,116.7408,116.3193,255.0046,254.4883,276.876,277.3417,117.3183,117.3115,129.531,128.3342
2025-08-07,103.8431,103.6061,116.7751,116.3534,255.0833,254.5669,276.9446,277.4105,117.3392,117.3324,129.5577,128.3607
2025-08-08,103.8527,103.6156,116.7906,116.3688,255.1247,254.6082,276.973,277.439,117.3428,117.336,129.5637,128.3666
2025-08-11,103.8155,103.5785,116.7434,116.3219,255.0886,254.5722,276.8239,277.2896,117.2527,117.2459,129.4804,128.2841
2025-08-12,103.7599,103.523,116.676,116.2547,254.9716,254.4553,276.5923,277.0575,117.145,117.1382,129.3677,128.1725
2025-08-13,103.7553,103.5185,116.6782,116.2569,254.9787,254.4623,276.5578,277.0229,117.1217,117.1149,129.3505,128.1554
2025-08-14,103.7429,103.5061,116.6699,116.2486,254.9666,254.4503,276.5214,276.9865,117.0976,117.0908,129.3289,128.134
2025-08-15,103.7169,103.4802,116.6465,116.2253,254.9215,254.4053,276.4278,276.8926,117.049,117.0422,129.2799,128.0855
2025-08-18,103.5354,103.299,116.4477,116.0272,254.5344,254.0186,275.8876,276.3513,116.7922,116.7854,128.9899,127.7981
2025-08-19,103.4996,103.2634,116.4051,115.9848,254.4655,253.9498,275.8616,276.3253,116.7725,116.7657,128.9732,127.7816
2025-08-20,103.4751,103.2389,116.3818,115.9616,254.4239,253.9082,275.7808,276.2443,116.7294,116.7226,128.9338,127.7425
2025-08-21,103.4601,103.2239,116.3653,115.9451,254.4054,253.8897,275.7523,276.2158,116.7087,116.7019,128.9171,127.726
2025-08-22,103.4608,103.2246,116.3642,115.944,254.425,253.9094,275.7692,276.2326,116.7074,116.7006,128.9231,127.7319
2025-08-25,103.4791,103.2428,116.3748,115.9546,254.523,254.0073,275.9076,276.3714,116.7411,116.7344,128.966,127.7745
2025-08-26,103.5119,103.2756,116.407,115.9867,254.6206,254.1048,276.0071,276.4711,116.7752,116.7684,129.0095,127.8175
2025-08-27,103.5118,103.2755,116.409,115.9886,254.6383,254.1224,276.0427,276.5069,116.782,116.7752,129.0206,127.8285
2025-08-28,103.4855,103.2492,116.3729,115.9527,254.5922,254.0764,275.9011,276.3648,116.7128,116.706,128.9467,127.7554
2025-08-29,103.482,103.2457,116.3708,115.9506,254.6015,254.0857,275.8827,276.3463,116.6964,116.6896,128.9361,127.7448
2025-09-01,103.4966,103.2603,116.3975,115.9772,254.6907,254.1747,275.987,276.4508,116.7156,116.7088,128.9587,127.7672
2025-09-02,103.5144,103.278,116.4193,115.9989,254.7519,254.2358,276.0665,276.5305,116.7411,116.7343,128.9874,127.7957
2025-09-03,103.5588,103.3224,116.4669,116.0464,254.878,254.3617,276.2453,276.7096,116.8091,116.8023,129.0682,127.8757
2025-09-04,103.6009,103.3644,116.5197,116.0989,254.9984,254.4819,276.4159,276.8806,116.8735,116.8667,129.1479,127.9547
2025-09-05,103.5424,103.3061,116.4514,116.0309,254.8739,254.3576,276.2049,276.6692,116.7749,116.7681,129.0493,127.857
2025-09-08,103.4692,103.2329,116.3891,115.9688,254.7491,254.233,276.0055,276.4694,116.6641,116.6574,128.9503,127.7589
2025-09-09,103.4271,103.191,116.3497,115.9295,254.6648,254.1487,275.9323,276.3961,116.6244,116.6176,128.9148,127.7237
2025-09-10,103.3535,103.1175,116.2722,115.8523,254.5033,253.9875,275.6269,276.09,116.4853,116.4785,128.7567,127.5671
2025-09-11,103.3373,103.1014,116.2566,115.8368,254.4818,253.9661,275.6427,276.1058,116.4836,116.4768,128.7476,127.5581
2025-09-12,103.35,103.1141,116.276,115.8561,254.5307,254.0148,275.7309,276.1943,116.5128,116.5061,128.7815,127.5917
2025-09-15,103.3794,103.1434,116.3178,115.8978,254.6557,254.1397,275.8912,276.3549,116.5559,116.5492,128.6762,127.4873
2025-09-16,103.3904,103.1544,116.3367,115.9167,254.7003,254.1843,275.965,276.429,116.579,116.5722,128.7054,127.5163
2025-09-17,103.4334,103.1973,116.3867,115.9665,254.8228,254.3066,276.1783,276.6431,116.6618,116.655,128.7907,127.6008
2025-09-18,103.4255,103.1894,116.3783,115.9581,254.8212,254.305,276.1764,276.6412,116.6525,116.6458,128.7856,127.5958
2025-09-19,103.3897,103.1537,116.341,115.9209,254.7519,254.2357,276.0528,276.5171,116.5912,116.5844,128.7264,127.5371
2025-09-22,103.3766,103.1406,116.3023,115.8824,254.7733,254.2572,276.1109,276.5754,116.5907,116.5839,128.7382,127.5487
2025-09-23,103.3212,103.0853,116.2396,115.8199,254.6562,254.1401,275.9192,276.3829,116.5003,116.4935,128.6453,127.4568
2025-09-24,103.2296,102.9939,116.1365,115.7171,254.4511,253.9351,275.688,276.1508,116.393,116.3862,128.5274,127.34
2025-09-25,103.1604,102.9249,116.0268,115.6078,254.3004,253.7845,275.4876,275.9496,116.2989,116.2921,128.431,127.2444
2025-09-26,103.1697,102.9342,116.0303,115.6113,254.3408,253.8249,275.5774,276.0397,116.3288,116.3221,128.4641,127.2772
2025-09-29,103.1617,102.9262,116.0307,115.6118,254.3748,253.8589,275.6314,276.0939,116.3266,116.3199,128.4741,127.2871
2025-09-30,103.192,102.9564,116.0709,115.6518,254.4662,253.9503,275.865,276.3285,116.4181,116.4113,128.5822,127.3942
2025-10-09,103.2293,102.9936,116.1764,115.7569,254.7175,254.2011,276.1771,276.6412,116.4753,116.4686,128.7096,127.5204
2025-10-10,103.2308,102.9951,116.1822,115.7626,254.7389,254.2224,276.2077,276.6718,116.48,116.4732,128.7159,127.5267
2025-10-13,103.2854,103.0496,116.2598,115.84,254.9255,254.4086,276.3645,276.8289,116.5215,116.5147,128.7631,127.5734
2025-10-14,103.2717,103.036,116.2181,115.7984,254.91,254.3932,276.3325,276.7969,116.4995,116.4927,128.7421,127.5527
2025-10-15,103.2662,103.0304,116.1659,115.7464,254.9143,254.3975,276.3342,276.7985,116.4917,116.4849,128.7321,127.5427
2025-10-16,103.2673,103.0316,116.1712,115.7517,254.9348,254.418,276.3539,276.8183,116.4917,116.4849,128.7382,127.5488
2025-10-17,103.3081,103.0723,116.2088,115.7892,255.0522,254.5353,276.4997,276.9644,116.5455,116.5387,128.7945,127.6046
2025-10-20,103.2828,103.047,116.1883,115.7688,255.0437,254.5267,276.4458,276.9104,116.4972,116.4904,128.664,127.4753
2025-10-21,103.2844,103.0486,116.1959,115.7763,255.0654,254.5484,276.4873,276.9519,116.5065,116.4997,128.6754,127.4866
2025-10-22,103.3024,103.0665,116.2216,115.8019,255.1272,254.6101,276.556,277.0209,116.5274,116.5206,128.7068,127.5176
2025-10-23,103.3105,103.0746,116.2238,115.8041,255.1648,254.6478,276.5746,277.0396,116.527,116.5202,128.6949,127.5058
2025-10-24,103.2995,103.0637,116.2089,115.7893,255.1559,254.6389,276.5303,276.9951,116.4997,116.4929,128.6726,127.4838
2025-10-27,103.3103,103.0744,116.2039,115.7843,255.2357,254.7186,276.6431,277.1083,116.5227,116.5159,128.6873,127.4984
2025-10-28,103.4179,103.1818,116.3254,115.9053,255.516,254.9989,277.0204,277.487,116.6753,116.6685,128.85,127.6595
2025-10-29,103.4643,103.2281,116.38,115.9597,255.647,255.1299,277.2001,277.6673,116.7435,116.7368,128.9163,127.7253
2025-10-30,103.5134,103.2771,116.4361,116.0156,255.7845,255.2674,277.3773,277.8452,116.8108,116.804,128.995,127.8032
2025-10-31,103.5627,103.3263,116.4927,116.072,255.9227,255.4056,277.6237,278.0926,116.9075,116.9007,129.1081,127.9153
2025-11-03,103.5672,103.3308,116.5113,116.0906,255.9872,255.47,277.7317,278.2008,116.9285,116.9217,129.1433,127.9502
2025-11-04,103.5628,103.3264,116.5093,116.0886,255.9943,255.477,277.7503,278.2194,116.9281,116.9213,129.1497,127.9565
2025-11-05,103.5772,103.3408,116.5283,116.1075,256.0473,255.5299,277.8355,278.3048,116.9561,116.9493,129.1423,127.9492
2025-11-06,103.5477,103.3113,116.5007,116.08,255.9929,255.4756,277.7583,278.2274,116.9149,116.9081,129.1064,127.9136
2025-11-07,103.5183,103.282,116.471,116.0504,255.9388,255.4216,277.6949,278.1639,116.8796,116.8728,129.077,127.8844
2025-11-10,103.5054,103.2692,116.4684,116.0478,255.9607,255.4435,277.7057,278.1747,116.8593,116.8525,129.0654,127.8729
2025-11-11,103.525,103.2887,116.4963,116.0756,256.0264,255.5091,277.7841,278.2532,116.8843,116.8775,129.0951,127.9023
2025-11-12,103.5414,103.305,116.522,116.1013,256.0841,255.5667,277.8427,278.312,116.9009,116.8941,129.1198,127.9268
2025-11-13,103.5462,103.3099,116.5265,116.1057,256.1139,255.5964,277.8528,278.3221,116.8969,116.8901,129.1134,127.9205
2025-11-14,103.5457,103.3093,116.5286,116.1079,256.1302,255.6127,277.893,278.3624,116.9056,116.8988,129.1209,127.928
2025-11-17,103.5592,103.3228,116.5257,116.1049,256.2167,255.6991,278.0077,278.4774,116.9296,116.9228,129.1206,127.9277
2025-11-18,103.5687,103.3323,116.5427,116.1219,256.2578,255.7401,278.0771,278.5471,116.9509,116.9441,129.128,127.935
2025-11-19,103.5659,103.3294,116.5448,116.1239,256.2687,255.751,278.0914,278.5614,116.9487,116.9419,129.0797,127.8871
2025-11-20,103.5748,103.3384,116.5589,116.138,256.3084,255.7907,278.1503,278.6205,116.9655,116.9587,129.104,127.9112
2025-11-21,103.5679,103.3315,116.5225,116.1018,256.3094,255.7916,278.1914,278.6617,116.9747,116.9679,129.1201,127.9272
2025-11-24,103.5628,103.3264,116.5149,116.0941,256.3503,255.8325,278.2623,278.7329,116.9801,116.9733,129.1408,127.9476
2025-11-25,103.545,103.3086,116.4992,116.0786,256.3245,255.8067,278.2354,278.7059,116.9605,116.9537,129.1193,127.9264
2025-11-26,103.4759,103.2397,116.4215,116.0011,256.1734,255.6557,277.9806,278.45,116.8438,116.837,128.9964,127.8046
2025-11-27,103.4367,103.2005,116.3773,115.9571,256.0952,255.5775,277.8259,278.2947,116.7698,116.763,128.8705,127.6799
2025-11-28,103.4465,103.2104,116.3843,115.964,256.1371,255.6194,277.8223,278.2911,116.76,116.7532,128.8681,127.6775
2025-12-01,103.453,103.2168,116.3961,115.9758,256.2062,255.6883,277.9321,278.4012,116.7819,116.7751,128.9009,127.71
2025-12-02,103.4408,103.2047,116.3896,115.9693,256.1942,255.6764,277.8951,278.364,116.758,116.7512,128.8745,127.6838
2025-12-03,103.4193,103.1832,116.3715,115.9513,256.1592,255.6415,277.8418,278.3106,116.7271,116.7203,128.8494,127.659
2025-12-04,103.3375,103.1016,116.2868,115.8669,255.9768,255.4593,277.5105,277.9787,116.5783,116.5715,128.6957,127.5067
2025-12-05,103.3302,103.0943,116.2819,115.862,255.9765,255.4591,277.5507,278.019,116.5871,116.5804,128.7138,127.5246
2025-12-08,103.3195,103.0836,116.288,115.8681,256.0036,255.4861,277.5723,278.0406,116.5716,116.5648,128.7145,127.5253
2025-12-09,103.3392,103.1033,116.3127,115.8927,256.0696,255.552,277.6918,278.1604,116.6141,116.6073,128.762,127.5724
2025-12-10,103.3527,103.1168,116.3299,115.9098,256.1205,255.6028,277.7685,278.2372,116.6384,116.6316,128.7921,127.6022
2025-12-11,103.3917,103.1557,116.3783,115.9581,256.2338,255.716,277.9026,278.3716,116.6871,116.6803,128.8424,127.652
2025-12-12,103.3837,103.1476,116.3723,115.9521,256.2318,255.714,277.878,278.347,116.6684,116.6616,128.8309,127.6406
2025-12-15,103.3351,103.0992,116.3133,115.8933,256.166,255.6483,277.7549,278.2236,116.5915,116.5847,128.7587,127.569
2025-12-16,103.3271,103.0912,116.3107,115.8907,256.1643,255.6465,277.7276,278.1962,116.5717,116.5649,128.7356,127.5462
2025-12-17,103.3524,103.1164,116.3441,115.924,256.2439,255.726,277.8371,278.306,116.6099,116.6031,128.7809,127.5911
2025-12-18,103.3774,103.1414,116.3755,115.9553,256.323,255.8051,277.9026,278.3717,116.6295,116.6227,128.8048,127.6148
2025-12-19,103.409,103.1729,116.4143,115.9939,256.4181,255.9,277.9623,278.4315,116.6466,116.6398,128.8292,127.639
2025-12-22,103.4042,103.1682,116.4253,116.0049,256.4596,255.9415,277.9621,278.4313,116.6218,116.615,128.8212,127.631
2025-12-23,103.4235,103.1874,116.4537,116.0331,256.5246,256.0065,278.0439,278.5132,116.6483,116.6415,128.8584,127.6679
2025-12-24,103.4408,103.2047,116.4611,116.0406,256.5847,256.0665,278.141,278.6107,116.6813,116.6745,128.8943,127.7034
2025-12-25,103.4469,103.2108,116.4736,116.053,256.6174,256.0991,278.1674,278.6371,116.6842,116.6774,128.8218,127.6316
2025-12-26,103.4509,103.2147,116.4849,116.0643,256.6447,256.1263,278.2129,278.6827,116.6953,116.6885,128.8401,127.6497
2025-12-29,103.4019,103.1658,116.4473,116.0268,256.5778,256.0595,278.0553,278.5246,116.6037,116.5969,128.7521,127.5626
2025-12-30,103.3799,103.1439,116.4271,116.0067,256.5416,256.0233,277.9101,278.3789,116.5339,116.5271,128.6823,127.4934
2025-12-31,103.364,103.1281,116.4171,115.9968,256.5204,256.0022,277.8772,278.3459,116.5117,116.5049,128.6632,127.4744
2026-01-05,103.3693,103.1333,116.4566,116.0361,256.6219,256.1035,277.9313,278.4,116.4936,116.4868,128.6811,127.4922
2026-01-06,103.3092,103.0733,116.3834,115.9632,256.4921,255.9739,277.6894,278.1577,116.3829,116.3761,128.5684,127.3806
2026-01-07,103.2676,103.0319,116.3348,115.9147,256.4079,255.8898,277.5749,278.043,116.3262,116.3195,128.5119,127.3246
2026-01-08,103.2902,103.0544,116.3287,115.9087,256.4809,255.9627,277.6764,278.1447,116.361,116.3543,128.5308,127.3433
2026-01-09,103.3047,103.0688,116.3436,115.9234,256.5341,256.0159,277.8214,278.29,116.4143,116.4075,128.5973,127.4091
2026-01-12,103.3318,103.0959,116.3903,115.97,256.6538,256.1354,278.0096,278.4786,116.4693,116.4626,128.6778,127.489
2026-01-13,103.3539,103.1179,116.4213,116.0009,256.7256,256.2071,278.1326,278.6018,116.5132,116.5064,128.7335,127.5441
2026-01-14,103.3782,103.1422,116.4501,116.0296,256.8029,256.2844,278.2586,278.7281,116.5584,116.5516,128.7877,127.5978
2026-01-15,103.4175,103.1814,116.4702,116.0496,256.9169,256.3982,278.4333,278.9032,116.6242,116.6174,128.8648,127.6742
2026-01-16,103.4514,103.2153,116.4945,116.0738,257.0179,256.4991,278.5662,279.0363,116.6723,116.6655,128.9251,127.7339
2026-01-19,103.4685,103.2323,116.5188,116.098,257.1128,256.594,278.7094,279.1798,116.7084,116.7016,128.9203,127.7292
2026-01-20,103.4958,103.2595,116.5451,116.1242,257.1973,256.6785,278.8534,279.3242,116.7612,116.7544,128.9767,127.7851
2026-01-21,103.5186,103.2823,116.5745,116.1535,257.2711,256.7522,278.9831,279.4542,116.8079,116.8011,129.0317,127.8396
2026-01-22,103.5239,103.2875,116.5829,116.1619,257.3016,256.7827,279.0001,279.4713,116.8069,116.8001,129.0362,127.844
2026-01-23,103.543,103.3066,116.6101,116.189,257.3662,256.8473,279.0801,279.5515,116.8326,116.8258,129.0573,127.8649
2026-01-26,103.556,103.3196,116.606,116.185,257.451,256.9321,279.1795,279.6512,116.8502,116.8434,129.0887,127.896
2026-01-27,103.5512,103.3148,116.6086,116.1876,257.4569,256.938,279.1463,279.6179,116.828,116.8212,129.0671,127.8746
2026-01-28,103.5551,103.3187,116.6201,116.199,257.4841,256.9652,279.1953,279.6671,116.8406,116.8338,129.0853,127.8926
2026-01-29,103.5684,103.3319,116.6395,116.2183,257.5342,257.0153,279.291,279.763,116.8729,116.8662,129.1262,127.9331
2026-01-30,103.5679,103.3315,116.6413,116.2202,257.5507,257.0318,279.3,279.7721,116.8686,116.8618,129.1271,127.9341
2026-02-02,103.5674,103.331,116.6547,116.2335,257.6022,257.0832,279.3587,279.8309,116.869,116.8622,129.1459,127.9527
2026-02-03,103.5644,103.328,116.6594,116.2381,257.6125,257.0934,279.3214,279.7936,116.8451,116.8383,129.1278,127.9348
2026-02-04,103.5662,103.3298,116.6694,116.2481,257.6346,257.1155,279.3283,279.8004,116.8398,116.833,129.129,127.936
2026-02-05,103.5794,103.3429,116.6865,116.2652,257.6845,257.1653,279.3703,279.8425,116.8495,116.8427,129.1439,127.9507
2026-02-06,103.612,103.3755,116.7257,116.3042,257.7825,257.2631,279.5072,279.9796,116.8992,116.8924,129.2005,128.0068
2026-02-09,103.6393,103.4027,116.7742,116.3525,257.9024,257.3828,279.6597,280.1325,116.9393,116.9325,129.2598,128.0656
2026-02-10,103.6544,103.4178,116.7977,116.3759,257.9571,257.4374,279.7375,280.2104,116.964,116.9572,129.2957,128.1012
2026-02-11,103.6768,103.4402,116.8283,116.4064,258.0298,257.51,279.8184,280.2915,116.9901,116.9833,129.3319,128.137
2026-02-12,103.6887,103.452,116.8472,116.4252,258.0767,257.5567,279.9161,280.3893,117.0233,117.0164,129.3732,128.1779
2026-02-13,103.6928,103.4561,116.8586,116.4366,258.1043,257.5843,279.9449,280.4182,117.0274,117.0205,129.386,128.1906
2026-02-24,103.6877,103.451,116.9128,116.4906,258.2849,257.7646,280.1546,280.6284,117.0265,117.0197,129.3858,128.1904
2026-02-25,103.6578,103.4212,116.8803,116.4583,258.229,257.7088,280.0998,280.5734,116.9952,116.9884,129.3568,128.1617
2026-02-26,103.6058,103.3692,116.8247,116.4028,258.1186,257.5985,279.9195,280.3926,116.9108,116.904,129.2596,128.0653
2026-02-27,103.6028,103.3663,116.8195,116.3977,258.1288,257.6087,279.9182,280.3912,116.9021,116.8953,129.2561,128.0619
2026-03-02,103.6401,103.4035,116.8278,116.406,258.2733,257.753,280.0867,280.5601,116.9489,116.9421,129.3029,128.1083
2026-03-03,103.6598,103.4232,116.8496,116.4277,258.3394,257.819,280.1477,280.6213,116.9665,116.9597,129.3187,128.124
2026-03-04,103.6822,103.4455,116.8794,116.4574,258.4121,257.8916,280.2387,280.7125,116.9968,116.99,129.3608,128.1656
2026-03-05,103.6977,103.461,116.9005,116.4784,258.4678,257.9472,280.3134,280.7873,117.0202,117.0134,129.3856,128.1902
2026-03-06,103.6987,103.4619,116.9038,116.4817,258.4878,257.9671,280.3452,280.8192,117.0256,117.0188,129.4004,128.2048
2026-03-09,103.6501,103.4135,116.8684,116.4464,258.4209,257.9003,280.2015,280.6752,116.9406,116.9338,129.3271,128.1323
2026-03-10,103.6385,103.4019,116.8299,116.408,258.4099,257.8894,280.1836,280.6572,116.9249,116.9181,129.3045,128.1099
2026-03-11,103.6359,103.3993,116.8312,116.4093,258.4211,257.9005,280.1975,280.6711,116.9226,116.9158,129.2561,128.0619
2026-03-12,103.6422,103.4056,116.844,116.4221,258.4542,257.9336,280.2492,280.7229,116.9363,116.9295,129.2681,128.0738
2026-03-13,103.6591,103.4224,116.8657,116.4437,258.5133,257.9927,280.3198,280.7938,116.9581,116.9513,129.2973,128.1027
2026-03-16,103.6332,103.3966,116.8366,116.4147,258.5023,257.9816,280.2459,280.7197,116.9026,116.8958,129.2465,128.0523
2026-03-17,103.6428,103.4062,116.8494,116.4275,258.5434,258.0228,280.3223,280.7963,116.9267,116.9199,129.277,128.0826
2026-03-18,103.6826,103.4459,116.8886,116.4666,258.6589,258.1382,280.474,280.9484,116.9826,116.9758,129.3451,128.15
2026-03-19,103.7149,103.4781,116.9235,116.5013,258.7561,258.2353,280.5801,281.0548,117.0193,117.0125,129.3842,128.1888
2026-03-20,103.7202,103.4834,116.9286,116.5064,258.7867,258.2659,280.6115,281.0864,117.0245,117.0177,129.3887,128.1932
2026-03-23,103.6941,103.4574,116.8915,116.4695,258.7749,258.254,280.5983,281.0731,116.9947,116.9879,129.3609,128.1658
2026-03-24,103.6926,103.4559,116.8704,116.4484,258.7887,258.2678,280.6355,281.1104,117.0023,116.9955,129.3702,128.1749
2026-03-25,103.6995,103.4627,116.8508,116.4289,258.823,258.3022,280.6863,281.1614,117.0156,117.0088,129.2606,128.0664
2026-03-26,103.7145,103.4778,116.8709,116.4489,258.8776,258.3568,280.7682,281.2436,117.0421,117.0352,129.294,128.0995
2026-03-27,103.7338,103.497,116.8866,116.4645,258.9424,258.4216,280.8612,281.337,117.0732,117.0664,129.327,128.1321
2026-03-30,103.7786,103.5417,116.9535,116.5312,259.105,258.5843,281.0471,281.5237,117.1274,117.1206,129.4011,128.2056
2026-03-31,103.7953,103.5583,116.9782,116.5558,259.1635,258.6429,281.124,281.601,117.1518,117.145,129.434,128.2381
2026-04-01,103.7785,103.5416,116.9583,116.536,259.1396,258.619,281.0992,281.5762,117.1333,117.1265,129.4181,128.2224
2026-04-02,103.7753,103.5384,116.9619,116.5396,259.1491,258.6285,281.0914,281.5683,117.1219,117.1151,129.4105,128.2149
2026-04-03,103.8059,103.5689,117.0006,116.5781,259.2421,258.7213,281.2132,281.6904,117.1651,117.1583,129.4639,128.2678
2026-04-07,103.8261,103.589,117.0526,116.63,259.3616,258.8406,281.3875,281.865,117.2062,117.1993,129.5366,128.3398
2026-04-08,103.824,103.587,117.0533,116.6306,259.3739,258.8529,281.4286,281.9061,117.2153,117.2085,129.5521,128.3552
2026-04-09,103.8204,103.5834,117.0439,116.6212,259.3825,258.8614,281.4606,281.9382,117.2208,117.2139,129.562,128.3649
2026-04-10,103.8204,103.5834,117.0475,116.6248,259.4,258.8789,281.4983,281.976,117.2286,117.2217,129.5768,128.3796
2026-04-13,103.8257,103.5886,117.0703,116.6476,259.4653,258.9441,281.5965,282.0744,117.2457,117.2389,129.6032,128.4058
2026-04-14,103.8423,103.6053,117.0921,116.6693,259.5238,259.0026,281.6999,282.178,117.2812,117.2743,129.6436,128.4458
2026-04-15,103.8636,103.6265,117.0851,116.6623,259.5937,259.0724,281.8162,282.2945,117.322,117.3152,129.6921,128.4939
2026-04-16,103.895,103.6578,117.1249,116.702,259.6886,259.1672,281.9538,282.4324,117.3719,117.3651,129.7481,128.5494
2026-04-17,103.9253,103.688,117.1332,116.7102,259.7809,259.2594,282.1305,282.6095,117.4382,117.4314,129.8293,128.6298
2026-04-20,103.9477,103.7104,117.1736,116.7504,259.8886,259.3669,282.2782,282.7575,117.4762,117.4694,129.8815,128.6815
2026-04-21,103.9587,103.7214,117.1914,116.7683,259.9331,259.4114,282.3542,282.8337,117.5002,117.4934,129.908,128.7078
2026-04-22,103.984,103.7466,117.2225,116.7992,260.013,259.4913,282.4703,282.9501,117.541,117.5342,129.9045,128.7043
2026-04-23,103.9799,103.7425,117.2228,116.7995,260.0203,259.4985,282.4371,282.9167,117.519,117.5122,129.8822,128.6822
2026-04-24,103.9763,103.7389,117.2144,116.7912,260.0287,259.5069,282.4209,282.9005,117.5041,117.4973,129.8745,128.6745
2026-04-27,103.9332,103.696,117.1653,116.7422,259.9746,259.4529,282.2474,282.7265,117.4071,117.4003,129.772,128.573
2026-04-28,103.9443,103.707,117.1823,116.7591,260.0195,259.4977,282.2882,282.7674,117.4162,117.4094,129.7763,128.5773
2026-04-29,103.9742,103.7369,117.2118,116.7885,260.1106,259.5888,282.4033,282.8829,117.4566,117.4498,129.815,128.6156
2026-04-30,103.9639,103.7266,117.2024,116.7791,260.1026,259.5808,282.425,282.9047,117.4578,117.451,129.8188,128.6194
2026-05-06,103.9152,103.678,117.1884,116.7653,260.0867,259.565,282.3999,282.8795,117.3993,117.3924,129.792,128.5928
2026-05-07,103.9196,103.6823,117.1992,116.776,260.1149,259.5931,282.4656,282.9453,117.4189,117.4121,129.8216,128.6222
2026-05-08,103.9368,103.6996,117.2244,116.8011,260.1749,259.653,282.5587,283.0386,117.45,117.4432,129.8616,128.6618
2026-05-11,103.9477,103.7104,117.2502,116.8268,260.254,259.7319,282.6477,283.1277,117.4634,117.4566,129.8937,128.6936
2026-05-12,103.9731,103.7357,117.2853,116.8618,260.3342,259.812,282.7606,283.2409,117.5029,117.496,129.943,128.7424
2026-05-13,103.9988,103.7614,117.2896,116.8661,260.4153,259.8929,282.8628,283.3433,117.5378,117.531,129.9828,128.7819
2026-05-14,104.0089,103.7715,117.307,116.8834,260.4577,259.9353,282.9172,283.3978,117.5527,117.5459,130.0002,128.7991
2026-05-15,104.0168,103.7793,117.3209,116.8973,260.4946,259.9721,282.9689,283.4496,117.5664,117.5596,129.9496,128.749
2026-05-18,104.0308,103.7933,117.3503,116.9265,260.5814,260.0588,283.0817,283.5627,117.5899,117.583,129.9785,128.7776
2026-05-19,104.0662,103.8286,117.3634,116.9396,260.6862,260.1635,283.2729,283.7544,117.6623,117.6554,130.0556,128.854
2026-05-20,104.0904,103.8528,117.3549,116.9311,260.7635,260.2407,283.3882,283.8701,117.7027,117.6959,130.1038,128.9018
2026-05-21,104.091,103.8534,117.2938,116.8702,260.7823,260.2594,283.3936,283.8755,117.697,117.6902,130.103,128.901
2026-05-22,104.0722,103.8346,117.2748,116.8513,260.753,260.2301,283.3501,283.8318,117.6708,117.664,130.0819,128.88
2026-05-25,104.0803,103.8427,117.2759,116.8524,260.8249,260.302,283.4325,283.9145,117.6817,117.6748,130.1027,128.9007
2026-05-26,104.1064,103.8687,117.2997,116.8762,260.9065,260.3836,283.5383,284.0206,117.7182,117.7113,130.147,128.9446
